0,600 E Alabama Ave,Albertville,AL,35950
1,402 E McCord Ave,Albertville,AL,35950
2,901 W McKinney Ave,Albertville,AL,35950
3,145 West End Drive,Albertville,AL,35950
4,257 Country Club Rd,Albertville,AL,35951
5,1100 Horton Rd,Albertville,AL,35950
6,510 McDonald Av,Albertville,AL,35950
7,6077 Main St,Grant,AL,35747
8,1990 Asbury Rd,Albertville,AL,35951
9,140 Claysville School Rd,Guntersville,AL,35976
10,Highway 75,Douglas,AL,35964
11,225 Eagle Drive,Douglas,AL,35964
12,2233 Shoal Creek Rd,Arab,AL,35016
13,6077 Main St,Grant,AL,35747
14,1050 Scant City Road,Guntersville,AL,35976
15,140 Claysville School Rd,Guntersville,AL,35976
16,12312 US Highway 431 S,Guntersville,AL,35976
17,200 Bethlehem Rd,Douglas,AL,35964
18,994 Scant City Road,Guntersville,AL,35976
19,6077 Main St,Grant,AL,35747
20,Highway 75,Douglas,AL,35964
21,1966 Asbury Road,Albertville,AL,35951
22,12380 US Highway 431,Guntersville,AL,35976
23,6077 Main St,Grant,AL,35747
24,5454 Learning Lane,Hoover,AL,35244
25,300 Village Street,Hoover,AL,35242
26,1000 Buccaneer Drive,Hoover,AL,35244
27,4500 Jaguar Dr,Hoover,AL,35242
28,3770 South Shades Crest Rd,Hoover,AL,35244
29,6055 Flemming Parkway,Hoover,AL,35244
30,4700 Jaguar Drive,Hoover,AL,35242
31,4990 Ross Bridge Parkway,Hoover,AL,35226
32,569 Park Avenue,Hoover,AL,35226
33,3200 Old Columbiana Rd,Hoover,AL,35226
34,1580 Patton Chapel Road,Hoover,AL,35226
35,1575 Patton Chapel Road,Hoover,AL,35226
36,2876 Old Rocky Ridge Rd,Hoover,AL,35243
37,2250 Sumpter St,Hoover,AL,35226
38,1950 Old Montgomery Highway,Hoover,AL,35244
39,1730 Lake Cyrus Club Drive,Hoover,AL,35244
40,1085 Buccaneer Drive,Hoover,AL,35244
41,853 Willow Oak Drive,Hoover,AL,35244
42,7855 Old Madison Pike,Madison,AL,35758
43,1304 Hughes Rd,Madison,AL,35758
44,650 Hughes Rd,Madison,AL,35758
45,17 College St,Madison,AL,35758
46,140 Coefer Boulevard,Madison,AL,35758
47,11775 County Line Rd,Madison,AL,35758
48,50 Nance Rd,Madison,AL,35758
49,281 Dock Murphy Dr,Madison,AL,35758
50,667 Balch Road,Madison,AL,35758
51,847 Mill Road,Madison,AL,35758
52,11306 County Line Road,Madison,AL,35756
53,4976 Wall Triana Highway,Madison,AL,35758
54,217 Celtic Drive,Madison,AL,35758
55,205 E South Street,Talladega,AL,35160
56,705 E South Street,Talladega,AL,35160
57,1221 Cochran Ave,Talladega,AL,35161
58,1105 Fort Lashley Ave,Talladega,AL,35161
59,1001 Monroe St,Huntsville,AL,35801
60,950 Ashville Road,Leeds,AL,35094
61,1771 Whitmire Street,Leeds,AL,35094
62,1500 Greenwave Drive,Leeds,AL,35094
63,991 Park Drive,Leeds,AL,35094
64,140 Newt Parker Dr,Boaz,AL,35957
65,907 Brown St,Boaz,AL,35957
66,505 Mount Vernon Rd,Boaz,AL,35957
67,11 Newt Parker Drive,Boaz,AL,35957
68,362 Collier St,Boaz,AL,35957
69,5275 Trussville Clay Road,Trussville,AL,35173
70,7600 Gadsden Highway,Trussville,AL,35173
71,6450 Husky Parkway,Trussville,AL,35173
72,5400 Hidden Way Lane,Trussville,AL,35173
73,301 Parkway Drive,Trussville,AL,35173
74,359 State St,Alexander City,AL,35010
75,225 Heard Blvd,Alexander City,AL,35010
76,1240 Scott Rd,Alexander City,AL,35010
77,851 Laurel St,Alexander City,AL,35010
78,140 Allison Drive,Alexander City,AL,35010
79,701 Third St,Andalusia,AL,36420
80,408 4th Avenue,Andalusia,AL,36420
81,1501 West Bypass,Andalusia,AL,36474
82,1301 Woodstock Ave,Anniston,AL,36207
83,100 Feary Dr,Anniston,AL,36207
84,2200 W 17th St,Anniston,AL,36201
85,4804 McClellan Blvd,Anniston,AL,36206
86,4800 McClellan Blvd,Anniston,AL,36206
87,1325 Cobb Ave,Anniston,AL,36201
88,241 8th Ave NE,Arab,AL,35016
89,121 Mimosa St NE,Arab,AL,35016
90,911 Old Cullman Rd,Arab,AL,35016
91,511 Arabian Dr NE,Arab,AL,35016
92,1916 Us Hwy 72 W,Athens,AL,35611
93,515 N Madison St,Athens,AL,35611
94,655 Hwy 31 North,Athens,AL,35611
95,100 Hwy 31 North,Athens,AL,35611
96,1701 W Hobbs St,Athens,AL,35611
97,601 S Clinton Street,Athens,AL,35611
98,320 Brookhill Dr,Athens,AL,35611
99,405 South Street East,Athens,AL,35611
100,455 US Highway 31 North,Athens,AL,35611
101,926 Selma Highway,Childersburg,AL,35044
102,2828 Al Highway 143,Elmore,AL,36025
103,8966 US Highway 231,Wetumpka,AL,36092
104,100 Warrior Ln,Bessemer,AL,35023
105,5375 Ingram Rd,Deatsville,AL,36022
106,12201 Edna Brake Lucas Dr,Montgomery,AL,36117
107,2690 Marion Spillway Road,Elmore,AL,36025
108,5305 Ingram Rd,Deatsville,AL,36022
109,201 Case Avenue SE,Attalla,AL,35954
110,316 Jones Street,Attalla,AL,35954
111,300 Cullman Avenue,Attalla,AL,35954
112,401 Baldwin Road,Saraland,AL,36571
113,229 McKeough Ave,Saraland,AL,36571
114,1115 Industrial Parkway,Saraland,AL,36571
115,4000 Lil Spartan Drive,Saraland,AL,36571
116,80 Grant Street,Chickasaw,AL,36611
117,50 12th Ave,Chickasaw,AL,36611
118,50 Chieftain Way,Chickasaw,AL,36611
119,50 12th Ave,Chickasaw,AL,36611
120,201 N Craft Highway,Chickasaw,AL,36671
121,1 Gator Circle,Satsuma,AL,36572
122,251 Baker Rd,Satsuma,AL,36572
123,1509 Kent Dairy Rd,Alabaster,AL,35007
124,1921 Warrior Parkway,Alabaster,AL,35007
125,100 Warrior Drive,Alabaster,AL,35007
126,2800 Smokey Rd,Alabaster,AL,35007
127,8568 Highway 17,Maylene,AL,35114
128,2200 Highway 33,Pelham,AL,35124
129,251 Applegate Parkway,Pelham,AL,35124
130,2016 Pelham Park Boulevard,Pelham,AL,35124
131,2500 Panther Cir,Pelham,AL,35124
132,500 Avenue of Learning,Pike Road,AL,36064
133,4710 Pike Road,Pike Road,AL,36064
134,696 Georgia Washington Rd,Pike Road,AL,36064
135,696 Georgia Washington Road,Pike Road,AL,36064
136,3725 AIRPORT BLVD,MOBILE,AL,36608
137,3725 AIRPORT BLVD,MOBILE,AL,36608
138,108 North Street,Livingston,AL,35470
139,134 University Drive,Livingston,AL,35470
140,1500 Daniel Payne Drive,Birmingham,AL,35214
141,2900 S Park Dr SW,Birmingham,AL,35211
142,1600 E 3rd St,Gulf Shores,AL,36542
143,450 E 15th Ave,Gulf Shores,AL,36542
144,600 East 15th Ave,Gulf Shores,AL,36547
145,2897 Eastern Blvd,Montgomery,AL,36116
146,2897 Eastern Blvd,Montgomery,AL,36116
147,230 49th Street North,Birmingham,AL,35212
148,7901 1st Avenue North,Birmingham,AL,35206
149,1 55th Place South,Birmingham,AL,35212
150,2080 W Fairview Ave,Montgomery,AL,36108
151,1101 Washington Street,Marion,AL,36756
152,1000 Vista Point Blvd,Prattville,AL,36067
153,1701 E Samford Avenue,Auburn,AL,36830
154,405 S Dean Rd,Auburn,AL,36830
155,715 Sanders St,Auburn,AL,36830
156,335 S Dean Rd,Auburn,AL,36830
157,655 N Donahue Dr,Auburn,AL,36832
158,807 Wrights Mill Rd,Auburn,AL,36830
159,721 E University Dr,Auburn,AL,36830
160,737 Ogletree Rd,Auburn,AL,36830
161,1555 N Donahue Dr,Auburn,AL,36830
162,770 S Yarbrough Farms Boulevard,Auburn,AL,36830
163,1320 N College St,Auburn,AL,36830
164,332 E Samford Avenue,Auburn,AL,36830
165,1800 Richland Road,Auburn,AL,36832
166,1565 W Farmville Road,Auburn,AL,36830
167,75 Bagby Dr,Birmingham,AL,35209
168,114 2nd Avenue North,Bessemer,AL,35020
169,2446 County Road 77,Billingsley,AL,36006
170,2360 Highway 31 North,Deatsville,AL,36022
171,134 Patrick St,Prattville,AL,36067
172,1315 Upper Kingston Rd,Prattville,AL,36067
173,1089 N Chestnut,Prattville,AL,36067
174,1020 Honeysuckle Dr,Prattville,AL,36067
175,216 Wetumpka St,Prattville,AL,36067
176,2040 Highway 31 N,Deatsville,AL,36022
177,420 Harvest Loop,Prattville,AL,36066
178,816 Cardinal Ln,Prattville,AL,36067
179,1301 Upper Kingston Rd,Prattville,AL,36067
180,2708 Dutch Bend St,Autaugaville,AL,36003
181,298 Jay Street,Prattville,AL,36066
182,338 1st St,Prattville,AL,36067
183,210 County Road 20 East,Marbury,AL,36051
184,154 West 4th St,Prattville,AL,36067
185,One Jody Davis Cir,Daphne,AL,36526
186,21630 Highway 59 South,Robertsdale,AL,36567
187,1000 Main St,Daphne,AL,36526
188,13355main Street,Elberta,AL,36530
189,23440 US Highway 90,Robertsdale,AL,36567
190,Two Pirate Drive,Fairhope,AL,36532
191,200 N Oak St,Foley,AL,36535
192,23589 County Road 47,Perdido,AL,36562
193,19757 County Road 64,Robertsdale,AL,36567
194,15800 4th Ave,Silverhill,AL,36576
195,30900 State Highway 225,Spanish Fort,AL,36527
196,35480 Harriot Avestap,Stapleton,AL,36578
197,400 E Broadway,Summerdale,AL,36580
198,6330 Bon Secour Hwy,Bon Secour,AL,36511
199,18800 Greeno Rd,Fairhope,AL,36532
200,24545 State Highway 59,Robertsdale,AL,36576
201,10183 US Highway 31,Spanish Fort,AL,36527
202,25820 Highway 98,Elberta,AL,36530
203,1 Jaguar Loop,Foley,AL,36535
204,9761 County Road 32,Fairhope,AL,36532
205,505 Dr Martin Luther King Blvd,Bay Minette,AL,36507
206,19200 Carolina Street,Robertsdale,AL,36567
207,800 Blackburn Ave,Bay Minette,AL,36507
208,2307 Main St,Daphne,AL,36526
209,2 N Bishop Rd,Fairhope,AL,36532
210,408 N Section Street,Fairhope,AL,36532
211,450 N Cedar Street,Foley,AL,36535
212,600 9th Ave,Foley,AL,36535
213,4999 South Magnolia St,Loxley,AL,36551
214,43980 Pine Grove Rd,Bay Minette,AL,36507
215,1 Cub Drive,Robertsdale,AL,36567
216,9300 Champions Way,Daphne,AL,36526
217,10251 White House Fork Rd,Bay Minette,AL,36507
218,1 Pride Pl,Foley,AL,36535
219,One Tiger Dr,Bay Minette,AL,36507
220,1311 W 13th Street,Bay Minette,AL,36507
221,33899 Jimmy Faulkner Dr,Spanish Fort,AL,36527
222,26651 County Road 13,Daphne,AL,36526
223,One Plaza De Toros,Spanish Fort,AL,36527
224,19150 Wilters Street,Robertsdale,AL,36567
225,605 Hwy 98,Daphne,AL,36526
226,13355A Main Street,Elberta,AL,36530
227,11364 County Road 64,Daphne,AL,36526
228,12750 Bedrock Blvd,Loxley,AL,36551
229,33243 State Highway 59,Loxley,AL,36551
230,165 S Midway Street,Clayton,AL,36016
231,168 Western Bypass,Clayton,AL,36016
232,18 Beaty Drive,Louisville,AL,36048
233,5012 Roselyn Road Southeast,Bessemer,AL,35022
234,2801 Arlington Ave,Bessemer,AL,35020
235,100 High School Drive,Bessemer,AL,35020
236,4950 Premiere Parkway,Bessemer,AL,35022
237,125 Owen Ave,Bessemer,AL,35020
238,710 Glenn Rd,Bessemer,AL,35022
239,1701 6th Ave N,Bessemer,AL,35020
240,4940 Premiere Parkway,Bessemer,AL,35022
241,1200 23rd Street North,Bessemer,AL,35020
242,220 Birmingham Rd,Centreville,AL,35042
243,1621 Montgomery Hwy,Centreville,AL,35042
244,160 4th Street,Brent,AL,35034
245,7259 Highway 36,Randolph,AL,36792
246,828 Cahaba River Dr,West Blocton,AL,35184
247,4734 Truman Aldrich Parkway,West Blocton,AL,35184
248,17191 Highway 5,West Blocton,AL,35184
249,4721 Truman Aldrich Pkwy,West Blocton,AL,35184
250,19456 Eastern Valley Rd,Woodstock,AL,35188
251,2015 Park Place N,Birmingham,AL,35203
252,4000 8th Ct S,Birmingham,AL,35222
253,7601 Division Ave,Birmingham,AL,35206
254,4811 Court J,Birmingham,AL,35208
255,4915 Ave Q,Birmingham,AL,35208
256,725 Mountain Dr,Birmingham,AL,35206
257,1000 10th Ave S,Birmingham,AL,35205
258,6871 6th Court S,Birmingham,AL,35212
259,1220 67th Street West,Birmingham,AL,35228
260,714 12th Street SW,Birmingham,AL,35211
261,3300 F L Shuttlesworth Dr,Birmingham,AL,35207
262,517 Huffman Rd,Birmingham,AL,35215
263,900 Springville Rd,Birmingham,AL,35215
264,4120 Inglenook Street,Birmingham,AL,35217
265,2425 Ave SEnsley,Birmingham,AL,35218
266,3136 Norwood Blvd,Birmingham,AL,35234
267,1300 Avenue F Ensley,Birmingham,AL,35218
268,400 Abraham Woods Jr Blvd,Birmingham,AL,35204
269,1425 2nd Ave W,Birmingham,AL,35208
270,1757 Montclair Rd,Birmingham,AL,35210
271,1800 13th Ave S,Birmingham,AL,35205
272,8400 1st Ave S,Birmingham,AL,35206
273,1124 Five Mile Rd,Birmingham,AL,35215
274,412 12th Ct N,Birmingham,AL,35204
275,115 Fourth Avenue South,Birmingham,AL,35205
276,2000 31st Street SW,Birmingham,AL,35221
277,2800 Wilson Rd SW,Birmingham,AL,35221
278,116 11th Ct W,Birmingham,AL,35204
279,5620 First Ave N,Birmingham,AL,35212
280,701 Erie Street,Birmingham,AL,35224
281,901 9th Avenue North,Birmingham,AL,35204
282,4500 14th Ave N,Birmingham,AL,35212
283,2015 Park Place N,Birmingham,AL,35203
284,565 Sheridan Rd Pratt City,Birmingham,AL,35214
285,200 Dalton Drive,Birmingham,AL,35215
286,3900 24th St N,Birmingham,AL,35207
287,1115 11th Street South,Birmingham,AL,35205
288,1010 18th Ave NW,Birmingham,AL,35215
289,2015 Park Place,Birmingham,AL,35203
290,2015 Park Place N,Birmingham,AL,35203
291,501 81st Street South,Birmingham,AL,35206
292,2316 7th Avenue North,Birmingham,AL,35203
293,1212 Cheyenne Boulevard,Birmingham,AL,35215
294,1840 Pearson Avenue SW,Birmingham,AL,35211
295,900 16th Street West,Birmingham,AL,35208
296,505 43rd Street North,Birmingham,AL,35222
297,3600 Sydney Drive,Birmingham,AL,35211
298,2101 Jefferson Avenue SW,Birmingham,AL,35211
299,3900 24th Street North,Birmingham,AL,35207
300,4111 State Highway 160,Hayden,AL,35079
301,350 County Highway 12,Oneonta,AL,35121
302,260 Page St,Blountsville,AL,35031
303,71 High School St,Cleveland,AL,35049
304,160 Bracken Ln,Hayden,AL,35079
305,125 Atwood Road,Hayden,AL,35079
306,81 College St,Blountsville,AL,35031
307,77 School Rd,Locust Fork,AL,35097
308,18770 State Highway 75,Remlap,AL,35133
309,4040 Susan Moore Rd,Blountsville,AL,35031
310,45 Community Rd,Oneonta,AL,35121
311,189 Horton Ln,Cleveland,AL,35049
312,61500 US Highway 231,Cleveland,AL,35049
313,155 School Rd,Locust Fork,AL,35097
314,115 Stadium Dr,Cleveland,AL,35049
315,3996 Susan Moore Rd,Blountsville,AL,35031
316,310 Second Avenue,Hayden,AL,35079
317,901 Douglas Ave,Brewton,AL,36426
318,1384 Old Castleberry Road,Brewton,AL,36426
319,1835 Douglas Ave,Brewton,AL,36426
320,911 Sardis Road,Union Springs,AL,36089
321,700 Bernard Street,Union Springs,AL,36089
322,211 Conecuh Avenue West,Union Springs,AL,36089
323,304 Blackmon Ave E,Union Springs,AL,36089
324,100 Tiger Dr,Greenville,AL,36037
325,300 Overlook Rd,Greenville,AL,36037
326,221 North Garland Road,McKenzie,AL,36456
327,100 Butler Circle,Greenville,AL,36037
328,100 Tiger Drive,Greenville,AL,36037
329,102 Butler Cir,Greenville,AL,36037
330,866 Highway 31 South,Georgiana,AL,36033
331,353 Stadium Dr,Alexandria,AL,36250
332,100 Cherokee Trl,Ohatchee,AL,36271
333,31 Watson,Anniston,AL,36206
334,4401 Saks Rd,Anniston,AL,36206
335,444 School Dr,Weaver,AL,36277
336,917 Clairmont Dr,Weaver,AL,36277
337,525 Cooper Cir,Anniston,AL,36201
338,250 White Plains Rd,Anniston,AL,36207
339,32 Watson Street,Anniston,AL,36206
340,1200 Church St SE,Jacksonville,AL,36265
341,365 J Street,Ohatchee,AL,36271
342,265 Mark Green Road,Jacksonville,AL,36265
343,5600 Alabama Hwy 9,Anniston,AL,36207
344,4141 Pleasant Valley Rd,Jacksonville,AL,36265
345,135 Pinson Rd,Anniston,AL,36201
346,2525 AlexandriaWellington Rd,Alexandria,AL,36250
347,5800 Al Highway 9,Anniston,AL,36207
348,80 Railroad Dr,Alexandria,AL,36250
349,32 Watson Street,Anniston,AL,36206
350,300 Ave A SE,Lafayette,AL,36862
351,502 Blvd,Valley,AL,36854
352,3011 Phillips Rd,Lanett,AL,36863
353,214 1st Ave SE,Lafayette,AL,36862
354,3301 23rd Dr,Valley,AL,36854
355,300 Ave A SE,Lafayette,AL,36862
356,501 Highway 29,Valley,AL,36854
357,292 Johnson St,Valley,AL,36854
358,Area Vocational Center Dr,Lafayette,AL,36862
359,318 AVC Drive,LaFayette,AL,36862
360,3655 Old Highway 9,Cedar Bluff,AL,35959
361,199 Armory Road,Centre,AL,35960
362,1920 East Main Street,Centre,AL,35960
363,910 Warrior Dr,Centre,AL,35960
364,760 Trojan Way,Gaylesville,AL,35973
365,1950 Sand Rock Avenue,Sand Rock,AL,35983
366,2430 County Road 29,Spring Garden,AL,36275
367,600 Bay Springs Rd,Centre,AL,35960
368,11338 County Road 15,Maplesville,AL,36750
369,25195 US Highway 31,Jemison,AL,35085
370,1256 AL Highway 139,Maplesville,AL,36750
371,54 Opportunity Dr,Thorsby,AL,35171
372,1000 Cloverleaf Dr,Clanton,AL,35045
373,835 Temple Road,Clanton,AL,35045
374,202 County Road 510,Verbena,AL,36091
375,25095 US Hwy 31,Jemison,AL,35085
376,2829 4th Ave N,Clanton,AL,35045
377,825 Temple Road,Clanton,AL,35045
378,1214 7th St S,Clanton,AL,35045
379,1495 County Road 44,Jemison,AL,35085
380,15 1st Ave N,Clanton,AL,35045
381,1491 County Road 44,Jemison,AL,35085
382,10935 Highway 17,Gilbertown,AL,36908
383,277 Tom Orr Drive,Butler,AL,36904
384,10941 Highway 17,Gilbertown,AL,36908
385,201 Tom Orr Drive,Butler,AL,36904
386,151 S Church,Grove Hill,AL,36451
387,450 West Cobb Street,Grove Hill,AL,36451
388,235 College Ave,Jackson,AL,36545
389,133 Mayton Dr,Jackson,AL,36545
390,401 Carter Drive,Grove Hill,AL,36451
391,2950 Highway 43,Jackson,AL,36545
392,321 Stanley Dr,Jackson,AL,36545
393,223 3rd Street Sw,Ashland,AL,36251
394,18 West Main,Lineville,AL,36266
395,1 Bob Riley Drive,Lineville,AL,36266
396,1 Bob Riley Drive,Lineville,AL,36266
397,8177 Highway 9,Ashland,AL,36251
398,584 Evans Bridge Rd,Heflin,AL,36264
399,520 Evans Bridge Rd,Heflin,AL,36264
400,222 School St,Fruithurst,AL,36262
401,9855 Highway 9,Heflin,AL,36264
402,21045 Main St,Ranburne,AL,36273
403,11200 Highway 46,Heflin,AL,36264
404,661 Duke Drive,Heflin,AL,36264
405,181 Young Dr,Ranburne,AL,36273
406,11200 Highway 46,Heflin,AL,36264
407,201 College Street,Kinston,AL,36453
408,29256 Highway 87,Jack,AL,36346
409,210 South Tyler Street,New Brockton,AL,36351
410,504 North John Street,New Brockton,AL,36351
411,210 South Tyler Street,New Brockton,AL,36351
412,1305 North Pike,Cherokee,AL,35616
413,850 High School Dr,Cherokee,AL,35616
414,2200 High School St,Leighton,AL,35646
415,6825 Woodmont Dr,Tuscumbia,AL,35674
416,2130 Hatton School Rd,Leighton,AL,35646
417,8100 Old Highway 20,Leighton,AL,35646
418,900 New Bethel Road,Tuscumbia,AL,35674
419,1551 Sunset Dr,Tuscumbia,AL,35674
420,2347 Cleveland Avenue,Castleberry,AL,36432
421,821 West Front Street,Evergreen,AL,36401
422,7575 Highway 83,Evergreen,AL,36401
423,428 Reynolds Avenue,Evergreen,AL,36401
424,2340 Conaly Street,Repton,AL,36475
425,1989 Jaguar Rd,Evergreen,AL,36401
426,111 Perryman Street,Evergreen,AL,36401
427,1989 Jaguar Drive,Evergreen,AL,36401
428,1979 Jaguar Dr,Evergreen,AL,36401
429,97 Coosa County Road 75,Rockford,AL,35136
430,95 Coosa County Rd 75,Rockford,AL,35136
431,29324 Straughn School Road,Andalusia,AL,36421
432,27463 County Road 30,Opp,AL,36467
433,22114 Begonia St,Florala,AL,36442
434,12548 Falco Road,Andalusia,AL,36420
435,29448 Straughn School Road,Andalusia,AL,36421
436,1641 Mohegan St,Lockhart,AL,36455
437,29324 Straughn School Road,Andalusia,AL,36421
438,28551 Barrow Road,Red Level,AL,36474
439,8879 N Main St,Brantley,AL,36009
440,1434 Montgomery Hwy,Highland Home,AL,36041
441,194 First Ave,Luverne,AL,36049
442,183 Votec Dr,Luverne,AL,36049
443,900 Hoehn Drive NE,Cullman,AL,35055
444,800 2nd Ave NE,Cullman,AL,35055
445,510 13th St NE,Cullman,AL,35055
446,608 4th Ave SE,Cullman,AL,35055
447,303 Rosemont Ave SW,Cullman,AL,35055
448,301 First Street NE,Cullman,AL,35055
449,301 1st Street NE,Cullman,AL,35055
450,12431 Al Highway 69 N,Baileyton,AL,35019
451,9010 County Road 109,Bremen,AL,35033
452,8999 County Road 109,Bremen,AL,35033
453,841 Welcome Rd,Cullman,AL,35058
454,210 Good Hope School Rd,Cullman,AL,35057
455,801 Commercial St,Hanceville,AL,35077
456,160 New Hope Road,Holly Pond,AL,35083
457,165 High School Road,Vinemont,AL,35179
458,8545 County Road 747,Cullman,AL,35055
459,4314 County Road 1141,Cullman,AL,35057
460,700 Wesley Ave N,Cullman,AL,35058
461,841 Welcome Rd,Cullman,AL,35058
462,204 Good Hope School Rd,Cullman,AL,35057
463,216 Good Hope School RD,Cullman,AL,35057
464,799 Commercial Street SE,Hanceville,AL,35077
465,805 Commercial St SE,Hanceville,AL,35077
466,120 New Hope Road,Holly Pond,AL,35083
467,105 High School Road,Vinemont,AL,35179
468,170 High School Rd,Vinemont,AL,35179
469,4300 County Road 1141,Cullman,AL,35057
470,4545 County Road 1141,Vinemont,AL,35179
471,17640 U S Hwy 31 N,Cullman,AL,35058
472,661 County Road 447,Cullman,AL,35057
473,17600 US Highway 31 N,Cullman,AL,35058
474,192 County Road 940,Cullman,AL,35057
475,4910 County Road 940,Logan,AL,35098
476,4541 County Road 1141,Vinemont,AL,35179
477,2567 Co Rd 60,Skipperville,AL,36374
478,264 Creel Richardson Drive,Ariton,AL,36311
479,11470 County Road 59,Midland City,AL,36350
480,2565 Co Rd 60,Skipperville,AL,36374
481,48 Second Street,Midland City,AL,36350
482,523 South College St,Newton,AL,36352
483,309 Randolph Street,Pinckard,AL,36371
484,3971 S HWY 231,Ozark,AL,36360
485,3971 S Hwy 231,Ozark,AL,36360
486,626 N Daleville Ave,Daleville,AL,36322
487,626 N Daleville Ave,Daleville,AL,36322
488,626 N Daleville Ave,Dalevile,AL,36322
489,5585 Water Ave,Selma,AL,36703
490,335 5th Ave,Plantersville,AL,36758
491,70 Academy St,Plantersville,AL,36758
492,1166 Dallas Road 115,Orrville,AL,36767
493,3486 Dallas Road 3,Orrville,AL,36767
494,7975 US Highway 80 E,Selma,AL,36701
495,3104 Old Montgomery Hwy,Selma,AL,36701
496,2500 Tipton St,Selma,AL,36701
497,2765 Dallas County Road 81,Valley Grande,AL,36701
498,2863 County Road 81,Valley Grande,AL,36703
499,1306 Roosevelt Ave,Selma,AL,36701
500,Building 108 Craig Ind Park,Selma,AL,36701
501,802 S Valley Ave,Collinsville,AL,35961
502,15755 AL Hwy 68,Crossville,AL,35962
503,153 Church St,Fyffe,AL,35971
504,13011 Highway 227,Geraldine,AL,35974
505,85 Woodview Rd,Henagar,AL,35978
506,1064 Crabapple Ln,Ider,AL,35981
507,76 Chavies Rd,Rainsville,AL,35986
508,3371 County Road 81,Ft Payne,AL,35967
509,133 2nd Street N,Sylvania,AL,35988
510,235 1st Ave,Valley Head,AL,35989
511,155 20th Street NE,Fort Payne,AL,35967
512,409 E Main St,Rainsville,AL,35986
513,409 Main St E,Rainsville,AL,35986
514,5405 Co Road 28,Crossville,AL,35962
515,63 Justice Street,Crossville,AL,35962
516,2715 Danville Rd SW,Decatur,AL,35603
517,3004 Modaus Road,Decatur,AL,35601
518,2320 Clara Ave SW,Decatur,AL,35601
519,910 Somerville Road,Decatur,AL,35601
520,1802 26th Ave SE,Decatur,AL,35601
521,801 Wilson St NW,Decatur,AL,35601
522,211 Gordon Dr SE,Decatur,AL,35601
523,1011 Prospect Drive SE,Decatur,AL,35601
524,1218 16th Ave SE,Decatur,AL,35601
525,708 Memorial Dr Sw,Decatur,AL,35601
526,1950 Park St SE,Decatur,AL,35601
527,417 Monroe Dr NW,Decatur,AL,35601
528,1400 19th Ave SW,Decatur,AL,35601
529,726 Tammy St SW,Decatur,AL,35603
530,406 2nd Ave SE,Decatur,AL,35601
531,1922 McAuliffe Dr SW,Decatur,AL,35603
532,3205 Cedarhurst Dr SW,Decatur,AL,35603
533,910 Somerville Road SE,Decatur,AL,35601
534,1625 Danville Road SW,Decatur,AL,35601
535,1625 Danville Road SW,Decatur,AL,35601
536,1229 Westmead Street SW,Decatur,AL,35601
537,701 Hwy 80 W,Demopolis,AL,36732
538,300 E Pettus St,Demopolis,AL,36732
539,715 E Jackson St,Demopolis,AL,36732
540,1720 Mauvilla Drive,Demopolis,AL,36732
541,303 Rollins Avenue,Dothan,AL,36301
542,600 Girard Ave,Dothan,AL,36303
543,522 Girard Ave,Dothan,AL,36303
544,201 Daniel Cir,Dothan,AL,36301
545,1501 W Selma St,Dothan,AL,36301
546,1901 Stringer St,Dothan,AL,36303
547,323 W Selma Street,Dothan,AL,36301
548,3165 Reeves St,Dothan,AL,36303
549,1475 Prevatt Rd,Dothan,AL,36301
550,1400 S Brannon Stand Rd,Dothan,AL,36305
551,4130 Westgate Parkway,Dothan,AL,36303
552,1025 S Beverlye Rd,Dothan,AL,36301
553,3209 Reeves St,Dothan,AL,36303
554,1124 Kelly Springs Rd,Dothan,AL,36303
555,1236 South Oates Street,Dothan,AL,36031
556,1665 Honeysuckle Road,Dothan,AL,36301
557,323 W Selma Street,Dothan,AL,36301
558,1001 Webb Road,Dothan,AL,36303
559,145 Tiger Dr,Elba,AL,36323
560,371 Tiger Dr,Elba,AL,36323
561,371 Tiger Dr,Elba,AL,36323
562,1000 Micanopy St,Wetumpka,AL,36092
563,155 N College St,Eclectic,AL,36024
564,10425 Holtville Rd,Deatsville,AL,36022
565,4300 Main St,Millbrook,AL,36054
566,510 Micanopy St,Wetumpka,AL,36092
567,1251 Coosa River Pkwy,Wetumpka,AL,36092
568,5260 Airport Road,Millbrook,AL,36054
569,800 KellyFitzpatrick Dr,Wetumpka,AL,36092
570,170 South Ann St,Eclectic,AL,36024
571,655 Bulldog Ln,Deatsville,AL,36022
572,4228 Chapman Rd,Millbrook,AL,36054
573,35 Harden St,Eclectic,AL,36024
574,287 Whatley Rd,Deatsville,AL,36022
575,495 Scholars Drive,Wetumpka,AL,36093
576,384 Blackmon Farm Lane,Coosada,AL,36020
577,707 Micanopy Street,Weumpka,AL,36092
578,184 Rodney Lane,Wetumpka,AL,36093
579,4641 Boll Weevil Circle,Enterprise,AL,36330
580,1271 Dauphin Street,Enterprise,AL,36330
581,1801 Boll Weevil Circle,Enterprise,AL,36330
582,400 East Watts Avenue,Enterprise,AL,36330
583,201 Pineview,Enterprise,AL,36330
584,207 Plaza Dr,Enterprise,AL,36330
585,209 Regency Dr,Enterprise,AL,36330
586,216 Morgan Ln,Enterprise,AL,36330
587,6500 Boll Weevil Circle,Enterprise,AL,36330
588,605 West College Street,Enterprise,AL,36330
589,1215 S Presley St,Atmore,AL,36502
590,1565 Highway 21,Atmore,AL,36502
591,21200 Highway 31,Flomaton,AL,36441
592,637 Huxford Road,Atmore,AL,36502
593,3975 Old Highway 31,Brewton,AL,36426
594,801 Andrew Jackson Street,East Brewton,AL,36426
595,21280 Highway 31,Flomaton,AL,36441
596,2824 Pea Ridge Rd,Brewton,AL,36426
597,1634 Poplar St,Flomaton,AL,36441
598,701 Williamson St,East Brewton,AL,36426
599,703 Williamson St,East Brewton,AL,36426
600,1102 W Craig St,Atmore,AL,36502
601,501 Beck Street,Atmore,AL,36502
602,8025 Us Highway 431,Boaz,AL,35956
603,10180 Duck Springs Rd,Attalla,AL,35954
604,4550 US Highway 411,Gadsden,AL,35901
605,207 N College St,Glencoe,AL,35905
606,803 Lonesome Bend Rd,Glencoe,AL,35905
607,5375 Main Street,Hokes Bluff,AL,35903
608,3121 Appalachian Hwy,Hokes Bluff,AL,35930
609,840 Gallant Rd,Attalla,AL,35954
610,301 Lumley Rd,Rainbow City,AL,35906
611,3156 Tabor Rd,Gadsden,AL,35904
612,1420 Church St,Sardis City,AL,35956
613,2361 School Drive,Southside,AL,35907
614,4515 Elm St,Walnut Grove,AL,35990
615,6795 Highway 132,Altoona,AL,35952
616,5080 Leeth Gap Rd,Boaz,AL,35956
617,401 Broad Street,Gadsden,AL,35901
618,106 Burke Ave SE,Attalla,AL,35954
619,105 Burke Ave SE,Attalla,AL,35954
620,809 Lonesome Bend Rd,Glencoe,AL,35905
621,454 Lumbley Rd,Rainbow City,AL,35906
622,2551 Highway 77,Southside,AL,35907
623,1865 Appalachia Rd,Hokes Bluff,AL,35903
624,1415 Sardis Drive,Sardis City,AL,35956
625,4550 US Highway 411,Gadsden,AL,35901
626,530 Lake Dr,Eufaula,AL,36027
627,101 St Francis Rd,Eufaula,AL,36027
628,520 Pump Station Rd,Eufaula,AL,36027
629,422 Sanford Ave,Eufaula,AL,36027
630,530 Lake Drive,Eufaula,AL,36027
631,831 West Washington Street,Eufaula,AL,36027
632,715 Valley Rd,Fairfield,AL,35064
633,610 Valley Rd,Fairfield,AL,35064
634,1301 Highland Dr,Fairfield,AL,35064
635,301 61st St,Fairfield,AL,35064
636,6405 Ave D,Fairfield,AL,35064
637,610 Valley Rd,Fairfield,AL,35064
638,18242 Highway 18 E,Berry,AL,35546
639,418 3Rd Ave NE,Fayette,AL,35555
640,7360 County Road 49,Fayette,AL,35555
641,341 School Avenue,Berry,AL,35546
642,509 2nd St NE,Fayette,AL,35555
643,202 Tiger Drive,Fayette,AL,35555
644,1201 Bradshaw Dr,Florence,AL,35630
645,1203 Bradshaw Drive,Florence,AL,35630
646,101 Stovall Dr,Florence,AL,35633
647,2233 McBurney Dr,Florence,AL,35630
648,400 Baldwin Street,Florence,AL,35630
649,648 North Cherry,Florence,AL,35630
650,610 W College St,Florence,AL,35630
651,1601 Appleby Blvd,Florence,AL,35630
652,611 N Pine St,Florence,AL,35632
653,201 45th St NE,Fort Payne,AL,35967
654,1700 Williams Ave NE,Fort Payne,AL,35967
655,4111 Williams Ave NE,Fort Payne,AL,35967
656,4910 Martin Ave NE,Fort Payne,AL,35967
657,201 45th St NE,Fort Payne,AL,35967
658,14220 Highway 187,Russellville,AL,35653
659,1815 Highway 89,Phil Campbell,AL,35581
660,65 School St,Phil Campbell,AL,35581
661,800 8th St,Red Bay,AL,35582
662,145 Highway 80,Russellville,AL,35654
663,8250 County Road 23,Vina,AL,35593
664,85 Jail Springs Road,Russellville,AL,35653
665,148 Camp Street,Phil Campbell,AL,35581
666,255 Highway 80,Russellville,AL,35654
667,800 8th Street,Red Bay,AL,35582
668,1109 E Broad St,Gadsden,AL,35903
669,1109 Hoke St,Gadsden,AL,35903
670,612 Tracy St,Gadsden,AL,35901
671,1231 Alcott Rd,Gadsden,AL,35901
672,2210 W Meighan Blvd,Gadsden,AL,35904
673,1501 Noccalula Rd,Gadsden,AL,35901
674,600 Cleveland Ave,Gadsden,AL,35901
675,3200 Walnut St,Gadsden,AL,35904
676,435 E Chestnut,Gadsden,AL,35903
677,601 Black Creek Rd,Gadsden,AL,35904
678,220 Locust Street,Gadsden,AL,35901
679,201 College St,Gadsden,AL,35901
680,919 Raley St,Gadsden,AL,35903
681,236 Goldenrod Ave,Gadsden,AL,35901
682,1917 Black Creek Parkway,Gadsden,AL,35904
683,505 Panther Dr,Geneva,AL,36340
684,800 W Meadow Ave,Geneva,AL,36340
685,501 Panther Dr,Geneva,AL,36340
686,301 Lily St,Hartford,AL,36344
687,209 N Broad St,Samson,AL,36477
688,Esto Hwy,Slocomb,AL,36375
689,823 North State Hwy 87,Samson,AL,36477
690,209 N Broad St,Samson,AL,36477
691,819 S 6th Ave,Hartford,AL,36344
692,301 West Lily St,Hartford,AL,36344
693,108 S Hemby Street,Slocomb,AL,36375
694,591 South County Road 9,Slocomb,AL,36375
695,1308 West Maple Avenue,Geneva,AL,36340
696,14221 Highway 11 South,Eutaw,AL,35462
697,836 County Road 131,Eutaw,AL,35462
698,212 Eutaw Ave,Eutaw,AL,35462
699,623 Mespotamia Street,Eutaw,AL,35462
700,14223 U S Highway 11 South,Eutaw,AL,35462
701,901 Sunset Drive,Guntersville,AL,35976
702,3300 Highway 79 South,Guntersville,AL,35976
703,1800 Lusk Street,Guntersville,AL,35976
704,14227 Highway 431 South,Guntersville,AL,35976
705,50 Wildcat Way,Moundville,AL,35474
706,537 Alabama Ave,Moundville,AL,35474
707,19875 AL Hwy 69 N,Greensboro,AL,36744
708,620 Carver Street,Greensboro,AL,36744
709,1801 South Street,Greensboro,AL,36744
710,1221 Baptist Hill Road,Greensboro,AL,36744
711,120 Wildcat Way,Moundville,AL,35474
712,2001 20th St,Haleyville,AL,35565
713,2007 20th St,Haleyville,AL,35565
714,2000 20th St,Haleyville,AL,35565
715,2014 20th Avenue,Haleyville,AL,35565
716,2333 Barkley Bridge Rd,Hartselle,AL,35640
717,800 Crestline Dr SW,Hartselle,AL,35640
718,1100 Bethel Road NE,Hartselle,AL,35640
719,904 Sparkman Street,Hartselle,AL,35640
720,1000 Bethel Road NE,Hartselle,AL,35640
721,130 Petain Street SW,Hartselle,AL,35640
722,411 Graball Cutoff,Abbeville,AL,36310
723,100 Elm St,Abbeville,AL,36310
724,305 Mitchell St,Headland,AL,36345
725,8 Sporman St,Headland,AL,36345
726,1 Martin Luther King Dr,Headland,AL,36345
727,300a North Trawick Street,Abbeville,AL,36310
728,901 College Ave,Homewood,AL,35209
729,213 Hall Ave,Homewood,AL,35209
730,1901 S Lakeshore Dr,Homewood,AL,35209
731,395 Mecca Avenue,Homewood,AL,35209
732,3001 Independence Drive,Homewood,AL,35209
733,607 Church St,Ashford,AL,36312
734,663 Houston St,Cottonwood,AL,36320
735,200 W Church St,Columbia,AL,36319
736,373 Malvern Road,Dothan,AL,36301
737,178 DePot St,Webb,AL,36376
738,1172 S State Highway 123,Newton,AL,36352
739,315 N Foster St,Dothan,AL,36303
740,662 West Main,Dothan,AL,36301
741,100 Barfield St,Ashford,AL,36312
742,5631 County Road 203,Rehobeth,AL,36301
743,5631 County Road 203,Rehobeth,AL,36301
744,1172 S State Highway 123,Newton,AL,36352
745,1172 S State Highway 123,Newton,AL,36352
746,663 Houston St,Cottonwood,AL,36320
747,607 Church St,Ashford,AL,36312
748,5525 County Road 203,Dothan,AL,36301
749,261 Old 431 Hwy,Hampton Cove,AL,35763
750,1321 Woodmont Avenue,Huntsville,AL,35801
751,4800 Sparkman Drive NE,Huntsville,AL,35810
752,7900 Whittier Road SW,Huntsville,AL,35802
753,2006 Reuben Dr,Huntsville,AL,35811
754,3112 Meridian St N,Huntsville,AL,35811
755,3221 Mastin Lake Rd,Huntsville,AL,35801
756,2900 Green Cove Rd SW,Huntsville,AL,35803
757,1001 Haysland Road,Huntsville,AL,35802
758,2500 Barney Terrace NW,Huntsville,AL,35810
759,2304 Billie Watkins St SW,Huntsville,AL,35801
760,817 Adams St SE,Huntsville,AL,35801
761,4908 Garth Rd SE,Huntsville,AL,35802
762,3501 Kenwood Dr NW,Huntsville,AL,35810
763,2500 Meridian Street,Huntsville,AL,35811
764,4010 Binderton Pl,Huntsville,AL,35805
765,1107 Monte Sano Blvd SE,Huntsville,AL,35801
766,2600 Garvin Rd NW,Huntsville,AL,35810
767,821 Mountain Gap Road SE,Huntsville,AL,35803
768,3505 Cerro Vista Street SW,Huntsville,AL,35805
769,2901 Hilltop Terrace NW,Huntsville,AL,35810
770,5308 Mastin Lake Rd NW,Huntsville,AL,35810
771,1307 Cannstatt Drive SE,Huntsville,AL,35803
772,6810 Whitesburg Drive SE,Huntsville,AL,35802
773,2500 Meridian Street NW,Huntsville,AL,35811
774,2800 Drake Ave SW,Huntsville,AL,35805
775,2006 Reuben Dr NE,Huntsville,AL,35811
776,4801 Bob Wallace Ave SW,Huntsville,AL,35805
777,821 Mountain Gap Road SE,Huntsville,AL,35803
778,107 Sanders Rd,Huntsville,AL,35802
779,300 Explorer Boulevard,Huntsville,AL,35806
780,4040 Memorial Pkwy S W,Huntsville,AL,35502
781,13555 Chaney Thompson Rd,Huntsville,AL,35803
782,13555 Chaney Thompson Rd,Huntsville,AL,35803
783,155 Barren Fork Blvd SW,Huntsville,AL,35824
784,261 Old 431 Highway,Hampton Cove,AL,35763
785,155 Barren Fork Blvd SW,Huntsville,AL,35824
786,10 Chalkstone Street,Huntsville,AL,35805
787,1210 Taylor Road,Big Cove,AL,35763
788,5000 Pulaski Pike,Huntsville,AL,35810
789,5000 Pulaski Pike,Huntsville,AL,35810
790,2755 Wilson Drive,Huntsville,AL,35816
791,4800 Sparkman Drive NE,Huntsville,AL,35810
792,4801 Bob Wallace Avenue,Huntsville,AL,35805
793,3221 Mastin Lake Road,Huntsville,AL,35810
794,1302 Woodmont Avenue,Huntsville,AL,35801
795,1014 Jacobs Ave,Bridgeport,AL,35740
796,620 Jacobs Avenue,Bridgeport,AL,35740
797,6645 AL Highway 73,Bryant,AL,35958
798,180 Main St,Dutton,AL,35744
799,788 County Road 326,Flat Rock,AL,35966
800,6369 County Road 33,Hollywood,AL,35752
801,29333 AL Highway 71,Higdon,AL,35979
802,162 County Road 355,Pisgah,AL,35765
803,141 AL Highway 71,Section,AL,35771
804,897 County Road 25,Scottsboro,AL,35768
805,290 County Road 63,Woodville,AL,35776
806,594 County Road 42,Hollywood,AL,35752
807,29727 US Hwy 72 Suite B,Hollywood,AL,35752
808,60 Metcalf St,Pisgah,AL,35765
809,930 Old Mt Carmel Rd,Stevenson,AL,35772
810,701 Kentucky Ave,Stevenson,AL,35772
811,196 County Road 49,Section,AL,35771
812,45549 Al Highway 277,Stevenson,AL,35772
813,1200 James Hopkins Rd SW,Jacksonville,AL,36265
814,1000 George Douthit Dr SW,Jacksonville,AL,36265
815,201 Panther Trail,Jasper,AL,35501
816,800 10th Ave,Jasper,AL,35501
817,1001 Viking Dr,Jasper,AL,35501
818,1501 Viking Drive,Jasper,AL,35501
819,1501 Viking Drive,Jasper,AL,35501
820,50 Long St,Birmingham,AL,35217
821,6623 Roe Chandler Rd,Pinson,AL,35126
822,6700 TrussvilleClay Rd,Trussville,AL,35173
823,6251 Eastern Valley Rd,McCalla,AL,35111
824,4600 Hazelwood Road,Adamsville,AL,35005
825,8581 Tate Mill Rd,Dora,AL,35062
826,400 Hillcrest Rd,Adamsville,AL,35005
827,840 Hazels Way,Gardendale,AL,35071
828,3400 Brown Cir,Brighton,AL,35020
829,4275 Brookville School Rd,Graysville,AL,35073
830,4801 Indian Trail,Birmingham,AL,35215
831,940 Chalkville School Rd,Birmingham,AL,35215
832,6745 Old Springville Rd,Clay,AL,35048
833,1886 Learning Lane,Bessemer,AL,35023
834,4301 Warrior Jasper Road,Dora,AL,35062
835,2021 UW Clemon Parkway,Adamsville,AL,35005
836,532 23rd Ave NW,Center Point,AL,35215
837,1000 Eagle Drive,Center Point,AL,35215
838,950 Central Ave,Fultondale,AL,35068
839,2023 Wildcat Parkway,Birmingham,AL,35127
840,860 Bauers Ln,Gardendale,AL,35071
841,800 Main St,Gardendale,AL,35071
842,2020 McCalla School Road,Bessemer,AL,35022
843,1950 Intermediate School Road,Hueytown,AL,35023
844,4881 15th Street Road,Hueytown,AL,35023
845,225 16th St S,Irondale,AL,35210
846,600 Kimberly Cut Off Rd,Morris,AL,35116
847,5605 10th St S,Lipscomb,AL,35020
848,4800 McAdory School Rd,McCalla,AL,35111
849,3006 Cora Avenue,Birmingham,AL,35224
850,1920 Blue Devil Road,Kimberly,AL,35091
851,1301 Brookside Rd,Mount Olive,AL,35117
852,1921 Primary School Drive,Hueytown,AL,35023
853,9494 Oak Grove Pkwy,Bessemer,AL,35023
854,4200 School Dr,Pinson,AL,35126
855,6895 Highway 75,Pinson,AL,35126
856,701 Sunrise Blvd,Hueytown,AL,35023
857,601 Park Rd,Pleasant Grove,AL,35127
858,100 Spartan Drive,Pleasant Grove,AL,35127
859,2636 Snow Rogers Rd,Gardendale,AL,35071
860,6100 Old Leeds Rd,Irondale,AL,35210
861,1921 Warrior Parkway,Warrior,AL,35180
862,4880 Freewill Dr,Quinton,AL,35130
863,9000 Tiger Cub Trail,Bessemer,AL,35023
864,5110 Grantswood Road,Birmingham,AL,35210
865,8300 Kermit Johnson Rd,Pinson,AL,35126
866,4526 Rudd School Rd,Pinson,AL,35126
867,8601 Old Highway 31,Morris,AL,35116
868,2285 Minor Pkwy,Adamsville,AL,35005
869,8350 WarriorKimberly Rd,Kimberly,AL,35091
870,6200 Old Leeds Road,Irondale,AL,35210
871,5450 Yellow Jacket Boulevard,McCalla,AL,35111
872,10005 Corner School Road,Warrior,AL,35180
873,532 23rd Avenue NW,Center Point,AL,35215
874,805 7th Ave,Pleasant Grove,AL,35127
875,2020 Bryant Park Drive,Birmingham,AL,35215
876,2100 18th Street South,Birmingham,AL,35209
877,500 Elm St,Sulligent,AL,35586
878,9700 Hwy 18 W,Vernon,AL,35592
879,43880 Hwy 17 South,Vernon,AL,35592
880,8990 Highway 18,Vernon,AL,35592
881,300 Sls Road,Millport,AL,35576
882,1301 S 8th Ave,Lanett,AL,36363
883,1301 South 8th Avenue,Lanett,AL,36863
884,200 S 8th Ave,Lanett,AL,36863
885,7275 Highway 72,Killen,AL,35645
886,4300 Highway 72,Killen,AL,35645
887,3000 County Road 200,Florence,AL,35633
888,201 Cedar Street,Rogersville,AL,35652
889,101 School St,Lexington,AL,35648
890,300 Rogers Ln,Florence,AL,35634
891,4725 Highway 157,Florence,AL,35633
892,311 Schoolhouse Ln,Waterloo,AL,35677
893,7601 Highway 17,Florence,AL,35634
894,100 School Ln,Killen,AL,35645
895,3000 County Road 200,Florrence,AL,35633
896,201 Cedar Street,Rogersville,AL,35652
897,101 School Street,Lexington,AL,35648
898,300 Rogers Lane,Florence,AL,35630
899,7601 Highway 17,Florence,AL,35634
900,371 School Street,Moulton,AL,35674
901,99 County Road 370,Trinity,AL,35673
902,6536 County Road 236,Town Creek,AL,35672
903,6909 Al Highway 101,Town Creek,AL,35672
904,334 Hazelwood St,Town Creek,AL,35672
905,102 College St,Moulton,AL,35650
906,412 Main St,Moulton,AL,35650
907,660 College St,Moulton,AL,35650
908,8455 County Road 23,Mt Hope,AL,35651
909,7323 Alabama Highway 36,Danville,AL,35619
910,179 College St,Moulton,AL,35605
911,263 County Road 370,Trinity,AL,35673
912,55 County Road 370,Trinity,AL,35673
913,55 County Road 370,Trinity,AL,35673
914,300 Lee Road 431,Opelika,AL,36804
915,4747 Lee Road 270,Valley,AL,36854
916,685 Lee Road 61,Loachapoka,AL,36865
917,80 Brown Road,Smiths Station,AL,36877
918,171 MILL CREEK DRIVE,Smiths Station,AL,36877
919,7343 Al Highway 51,Opelika,AL,36804
920,4848 Lee Road 270,Valley,AL,36854
921,685 Lee Road 61,Loachapoka,AL,36865
922,1500 Lee Road 11,Opelika,AL,36804
923,150 Stringer Weeks Road,Smiths Station,AL,36877
924,4228 PANTHER PARKWAY,Smiths Station,AL,36877
925,1100 MULLIN ROAD,Smiths Station,AL,36877
926,125 Lee Road 254,Salem,AL,36874
927,1150 MULLIN ROAD,Smiths Station,AL,36877
928,5630 Lee Road 145,Salem,AL,36874
929,30285 Ardmore Ave,Ardmore,AL,35739
930,7730 Highway 72 W,Athens,AL,35611
931,15641 E Limestone Rd,Athens,AL,35613
932,21360 Hwy 251,Athens,AL,35613
933,26595 Salem Minor Hill Road,Lester,AL,35647
934,20835 Elkton Rd,Athens,AL,35614
935,12060 Sommers Rd,Tanner,AL,35671
936,10945 School House Rd,Lester,AL,35647
937,505 E Sanderfer Rd,Athens,AL,35611
938,15983 Sanderson Rd,Harvest,AL,35749
939,25630 Evans Ave,Elkmont,AL,35620
940,27905 Cedar Hill Rd,Ardmore,AL,35739
941,16787 Hardy Road,Athens,AL,35611
942,12067 Dowd Street,Tanner,AL,35671
943,16049 Sanderson Road,Harvest,AL,35749
944,25630 Evans Street,Elkmont,AL,35620
945,21465 AL Hwy 99,Athens,AL,35614
946,718 Martin Luther King Dr,Linden,AL,36748
947,201 S Shiloh Street,Linden,AL,36748
948,321 N Main Street,Linden,AL,36748
949,8213 County Road 33,Letohatchee,AL,36047
950,141 Main St,Hayneville,AL,36040
951,145 Main St,Hayneville,AL,36040
952,570 Freedom  Rd,Hayneville,AL,36040
953,147 Main St,Hayneville,AL,36040
954,147 Main St,Hayneville,AL,36040
955,200 Gilmer Hills Rd,Fort Deposit,AL,36032
956,101 Lafayette St,Hayneville,AL,36040
957,301  Old School Drive,Fort Deposit,AL,36032
958,500 E Main St,Notasulga,AL,36866
959,1809 Franklin Rd,Tuskegee Institute,AL,36088
960,101 E Price St,Tuskegee,AL,36083
961,4450 Cross Keys Rd,Shorter,AL,36075
962,3803 M L K Highway,Tuskegee,AL,36083
963,303 Union Springs Highway,Tuskegee,AL,36083
964,1902 Taylor Street,Tuskegee Inst,AL,36083
965,14250 Highway 231431 N,Hazel Green,AL,35750
966,174 Brock Rd,Gurley,AL,35748
967,1216 Jeff Rd,Huntsville,AL,35806
968,5300 Main Dr,New Hope,AL,35760
969,8845 Wall Triana Highway,Harvest,AL,35749
970,14380 Highway 231431 N,Hazel Green,AL,35750
971,173 Wood St,Gurley,AL,35748
972,11548 Pulaski Pike,Toney,AL,35773
973,1030 Jeff Rd,Huntsville,AL,35806
974,5216 Main Dr,New Hope,AL,35760
975,155 College St,New Market,AL,35761
976,161 Wilson Mann Road,Owens Cross Roads,AL,35763
977,2616 Jeff Rd,Harvest,AL,35749
978,1961 Joe Quick Rd,New Market,AL,35761
979,1275 Jordan Rd,Huntsville,AL,35811
980,1275 Jordan Rd Bldg A,Huntsville,AL,35811
981,12975 Highway 231431 N,Hazel Green,AL,35750
982,2697 Carters Gin Rd,Toney,AL,35773
983,1997 Old Railroad Bed Rd,Harvest,AL,35749
984,335 Homer Nance Road,Huntsville,AL,35811
985,4123 Winchester Rd,New Market,AL,35761
986,990 Ryland Pike,Huntsville,AL,35811
987,8861 Moores Mill Rd,Meridianville,AL,35759
988,165 Pine Grove Road,Madison,AL,35757
989,2680 Jeff Road,Harvest,AL,35749
990,2615 Winchester Road,Huntsville,AL,35811
991,4185 Winchester Road,New Market,AL,35761
992,399 Homer Nance Road,Huntsville,AL,35811
993,1210 Walker Lane,New Market,AL,35761
994,1275 Jordan Rd  Building A,Huntsville,AL,35811
995,Coates St,Thomaston,AL,36783
996,212 Panther Drive,Dixons Mills,AL,36736
997,440 Main Street,Sweet Water,AL,36782
998,10180 State Highway 129,Brilliant,AL,35548
999,8115 US Highway 43,Guin,AL,35563
1000,7980 U S Highway 43,Guin,AL,35563
1001,185 School St,Hackleburg,AL,35564
1002,400 Military St S,Hamilton,AL,35570
1003,211 Aggie Ave,Hamilton,AL,35570
1004,142 School Avenue,Bear Creek,AL,35543
1005,160 School  Ave,Bear Creek,AL,35543
1006,784 10th Ave SW,Hamilton,AL,35570
1007,185 School Street,Hackleburg,AL,35564
1008,416 Parkwood St,Midfield,AL,35228
1009,1600 High School Rd,Midfield,AL,35228
1010,1221 8th St,Midfield,AL,35228
1011,1600 High School Dr,Midfield,AL,35228
1012,10330 Howells Ferry Rd,Semmes,AL,36575
1013,14180 S Wintzell Ave,Bayou La Batre,AL,36509
1014,150 Provident Ln,Mobile,AL,36608
1015,3800 Pleasant Valley,Mobile,AL,36608
1016,3125 Dauphin Island Pkwy,Mobile,AL,36605
1017,8901 Airport Blvd,Mobile,AL,36608
1018,5450 Lott Road,Eight Mile,AL,36613
1019,1961 Andrews St,Mobile,AL,36617
1020,20500 Patillo Road,Mount Vernon,AL,36560
1021,8200 Lebaron Ave,Citronelle,AL,36522
1022,751 Wilkinson St,Mobile,AL,36603
1023,6900 Nan Gray Davis Rd,Theodore,AL,36582
1024,1501 Bienville Blvd,Dauphin Island,AL,36528
1025,3900 Pleasant Valley Rd,Mobile,AL,36609
1026,4645 Bit And Spur Rd,Mobile,AL,36608
1027,8650 Four Mile Rd,Irvington,AL,36544
1028,2615 Longleaf Dr,Mobile,AL,36693
1029,500 Saint Anthony St,Mobile,AL,36603
1030,5110 St Stephens Rd,Eight Mile,AL,36613
1031,3956 Cottage Hill Rd,Mobile,AL,36609
1032,4501 Moffett Rd,Mobile,AL,36618
1033,9960 School House Rd,Grand Bay,AL,36541
1034,2400 Hammock Rd,Mobile,AL,36605
1035,4550 Highpoint Blvd,Eight Mile,AL,36613
1036,5750 Summit Ave,Mobile,AL,36608
1037,5960 Arlberg Street,Mobile,AL,36608
1038,1410 Monroe St,Mobile,AL,36604
1039,4275 Snow Rd,Semmes,AL,36575
1040,6875 Burroughs Ln,Theodore,AL,36582
1041,1901 N Maryvale St,Mobile,AL,36605
1042,12800 Cunningham Rd,Grand Bay,AL,36541
1043,800 Whitley St,Mobile,AL,36610
1044,2700 Greenbrier Dr South,Mobile,AL,36605
1045,100 S Carlen St,Mobile,AL,36606
1046,3160 Heather St,Mobile,AL,36607
1047,6400 Howells Ferry Rd,Mobile,AL,36618
1048,2051 Military Rd,Mobile,AL,36605
1049,3255 Old Shell Rd,Mobile,AL,36607
1050,2416 W Main St,Prichard,AL,36610
1051,1800 Phillips Ln,Mobile,AL,36618
1052,4566 Ed George Road,Semmes,AL,36575
1053,3980B Burma Rd,Mobile,AL,36693
1054,13700 Tanner Williams Rd,Wilmer,AL,36587
1055,5750 Katherine Hankins Dr,Theodore,AL,36582
1056,700 Donald St,Mobile,AL,36617
1057,2800 Berkley Avenue,Mobile,AL,36617
1058,913 N Wilson Ave,Prichard,AL,36610
1059,6001 Three Notch Rd,Mobile,AL,36619
1060,3071 Ralston Rd,Mobile,AL,36606
1061,528 Capt Leon C Roberts,Prichard,AL,36610
1062,1567 E Dublin St,Mobile,AL,36605
1063,7456 WilmerGeorgetown Rd,Wilmer,AL,36587
1064,14001 Hurricane Blvd,Irvington,AL,36544
1065,6175 Girby Rd,Mobile,AL,36693
1066,350 N Lawrence St,Mobile,AL,36603
1067,535 Easterling St,Prichard,AL,36610
1068,957 Dr Martin L King Jr Ave,Mobile,AL,36603
1069,2161 Butler St,Mobile,AL,36617
1070,33 West Elm St,Prichard,AL,36610
1071,8950 Padgett Switch Rd,Irvington,AL,36544
1072,10005 West Lake Rd,Mobile,AL,36695
1073,2205 Mcfarland Rd,Mobile,AL,36695
1074,601 Snow Road North,Mobile,AL,36608
1075,16250 Highway 45 South,Citronelle,AL,36522
1076,17740 Celeste Rd,Citronelle,AL,36522
1077,8361 Lott Road,Wilmer,AL,36587
1078,1108 Antwerp St,Mobile,AL,36605
1079,17001 Hurricane Blvd,Irvington,AL,36544
1080,10100 Blackwell Nursery Rd S,Semmes,AL,36575
1081,2757 Dauphin Island Parkway,Mobile,AL,36605
1082,10 Westminster Way,Mobile,AL,36608
1083,5800 Southland Drive,Mobile,AL,36693
1084,625 Stanton Rd,Mobile,AL,36617
1085,6301 Biloxi Ave,Mobile,AL,36608
1086,8251 Three Notch Rd,Mobile,AL,36619
1087,7001 White Oak Drive,Irvington,AL,36544
1088,3058 Dauphin Square Connector,Mobile,AL,36607
1089,1870 Pleasant Ave,Mobile,AL,36617
1090,6201 Swedetown Rd,Theodore,AL,36582
1091,3980 Burma Road,Mobile,AL,36693
1092,8666 McDonald Rd,Irvington,AL,36544
1093,1000 South Ann St,Mobile,AL,36605
1094,2263 St Stephens Rd,Mobile,AL,36617
1095,1975 Leroy Stevens Rd,Mobile,AL,36695
1096,8350 Grand Bay Wilmer Rd,Grand Bay,AL,36541
1097,1950 Salco Road West,Axis,AL,36505
1098,10451 West Lake Road,Mobile,AL,36695
1099,2051 Military Road,Mobile,AL,36605
1100,476 Eliza Jordan Road N,Mobile,AL,36608
1101,2815 Government Street,Mobile,AL,36606
1102,19325 Rowe Street,Citronelle,AL,36522
1103,504 Government Street,Mobile,AL,36602
1104,212 Tiger Dr,Monroeville,AL,36460
1105,3010 Hwy 136 W,Excel,AL,36439
1106,17688 Highway 21 N,Beatrice,AL,36425
1107,15933 Hwy 21 S,Uriah,AL,36480
1108,3366 County Rd 49,Lower Peachtree,AL,36751
1109,201 York Street,Monroeville,AL,36460
1110,1323 Veterans Drive,Monroeville,AL,36460
1111,230 Tiger Dr,Monroeville,AL,36460
1112,297 S Mount Pleasant Ave,Monroeville,AL,36460
1113,4400 Bell Road,Montgomery,AL,36116
1114,2525 Churchill Dr,Montgomery,AL,36111
1115,3350 S Court St,Montgomery,AL,36105
1116,116 Federal Dr,Montgomery,AL,36107
1117,3100 Mobile Dr,Montgomery,AL,36108
1118,1780 Mitchell Young Rd,Montgomery,AL,36108
1119,307 E Vandiver Blvd,Montgomery,AL,36110
1120,3510 Woodley Rd,Montgomery,AL,36116
1121,440 Dalraida Rd,Montgomery,AL,36109
1122,3425 Carter Hill Rd,Montgomery,AL,36111
1123,3605 Rosa Parks Dr,Montgomery,AL,36105
1124,200 Eastern Blvd,Montgomery,AL,36117
1125,1200 Hugh Street,Montgomery,AL,36108
1126,3510 Harrison Rd,Montgomery,AL,36109
1127,3444 Lebron Rd,Montgomery,AL,36111
1128,1700 W 5th St,Montgomery,AL,36106
1129,2001 W Fairview Ave,Montgomery,AL,36108
1130,209 Perry Hill Rd,Montgomery,AL,36109
1131,2024 Highland Avenue,Montgomery,AL,36107
1132,2801 Willena Ave,Montgomery,AL,36107
1133,3420 Carter Hill Rd,Montgomery,AL,36111
1134,4550 Narrow Lane Rd,Montgomery,AL,36116
1135,4015 McInnis Road,Montgomery,AL,36116
1136,2849 Pelzer Ave,Montgomery,AL,36109
1137,215 Federal Rd,Hope Hull,AL,36043
1138,225 Ann St,Montgomery,AL,36107
1139,1756 S Court St,Montgomery,AL,36104
1140,5225 Patricia Ln,Montgomery,AL,36108
1141,4407 Vaughn Rd,Montgomery,AL,36106
1142,4655 Gateway Dr,Montgomery,AL,36108
1143,801 Hill St,Montgomery,AL,36108
1144,5333 Mobile Hwy,Montgomery,AL,36108
1145,4455 Brewbaker Drive,Montgomery,AL,36116
1146,3440  McGehee Rd,Montgomery,AL,36111
1147,1000 Edgar D Nixon Ave,Montgomery,AL,36104
1148,4405 Brewbaker Dr,Montgomery,AL,36116
1149,555 McLemore Drive,Montgomery,AL,36117
1150,1501 Parkview Dr,Montgomery,AL,36117
1151,4017 McInnis Road,Montgomery,AL,36116
1152,4425 Brewbaker Dr,Montgomery,AL,36116
1153,6425 Wares Ferry Rd,Montgomery,AL,36117
1154,310 N Madison Terrace,Montgomery,AL,36107
1155,4445 Brewbaker Dr,Montgomery,AL,36116
1156,410 S McDonough St,Montgomery,AL,36104
1157,4055 Fitzpatrick Blvd,Montgomery,AL,36116
1158,1650 Ray Thorington Road,Montgomery,AL,36117
1159,8900 Park Crossing,Montgomery,AL,36117
1160,1610 Ray Thorington Road,Montgomery,AL,36117
1161,4015 McInnis Rd,Montgomery,AL,36116
1162,8000 Park Crossing,Montgomery,AL,36117
1163,2901 East South Blvd,Montgomery,AL,36116
1164,8688 Danville Rd,Danville,AL,35619
1165,72 Clark Dr,Falkville,AL,35622
1166,571 Old Hwy 24,Trinity,AL,35673
1167,5933 Highway 36 W,Danville,AL,35619
1168,100 Cotaco School Rd,Somerville,AL,35670
1169,9235 Danville Rd,Danville,AL,35619
1170,20 School Rd,Eva,AL,35621
1171,43 Clark Dr,Falkville,AL,35622
1172,48 School Rd,Laceys Spring,AL,35754
1173,2650 N Bethel Rd,Decatur,AL,35603
1174,2221 Union Hill Rd,Somerville,AL,35670
1175,261 S Greenway Dr,Trinity,AL,35673
1176,59 Eva Rd,Somerville,AL,35670
1177,438 Cave Springs Road,Priceville,AL,35603
1178,72 Plainview St,Hartselle,AL,35640
1179,59 Eva Rd,Somerville,AL,35670
1180,261 South Greenway Drive,Trinity,AL,35673
1181,311 Highway 67 South,Decatur,AL,35603
1182,3701 S Brookwood Rd,Mountain Brook,AL,35223
1183,4400 Fair Oaks Dr,Mountain Brook,AL,35213
1184,3785 Jackson Blvd,Mountain Brook,AL,35213
1185,3650 Bethune Dr,Mountain Brook,AL,35223
1186,205 Overbrook Dr,Mountain Brook,AL,35213
1187,3020 Cambridge Rd,Mountain Brook,AL,35223
1188,100 Trojan Dr,Muscle Shoals,AL,35661
1189,714 Elmhurst St,Muscle Shoals,AL,35661
1190,1900 E Avalon Ave,Muscle Shoals,AL,35661
1191,200 Webster Ave,Muscle Shoals,AL,35661
1192,321 Jim Holland Drive,Muscle Shoals,AL,35661
1193,1400 Avalon Ave,Muscle Shoals,AL,35661
1194,3201 Alabama Ave,Muscle Shoals,AL,35661
1195,27605 State Hwy 75,Oneonta,AL,35121
1196,27605 State Hwy 75,Oneonta,AL,35121
1197,27605 State Highway 75,Oneonta,AL,35121
1198,2801 Waverly Pkwy,Opelika,AL,36801
1199,601 N 5th St,Opelika,AL,36801
1200,307 Carver Ave,Opelika,AL,36801
1201,700 Jeter Ave,Opelika,AL,36801
1202,1700 Bulldog Pkwy,Opelika,AL,36801
1203,1206 Denson Dr,Opelika,AL,36801
1204,8 Morris Ave,Opelika,AL,36801
1205,2712 Marvyn Pkwy,Opelika,AL,36804
1206,214 Jeter Avenue,Opelika,AL,36801
1207,1100 Fox Run Parkway,Opelika,AL,36801
1208,502 N Maloy St,Opp,AL,36467
1209,303 E Stewart Ave,Opp,AL,36467
1210,27098 Bobcat Drive,Opp,AL,36467
1211,1 Yellow Jacket Drive,Oxford,AL,36203
1212,1401 Caffey Dr,Oxford,AL,36203
1213,1750 Highway 78 W,Oxford,AL,36203
1214,1 Yellow Jacket Drive,Oxford,AL,36203
1215,1111 Watson Rd,Hobson City,AL,36203
1216,170 School Road,Anniston,AL,36207
1217,530 Taylors Chapel Road,Anniston,AL,36201
1218,141 Eagle Way,Ozark,AL,36360
1219,994 Andrews Ave,Ozark,AL,36360
1220,349 Sherrill Ln,Ozark,AL,36360
1221,860 Faust Ave,Ozark,AL,36360
1222,401 Martin Street,Ozark,AL,36360
1223,227 Faust Ave,Ozark,AL,36360
1224,412 Wolf Creek Rd N,Pell City,AL,35125
1225,3609 Martin St S,Cropwell,AL,35054
1226,309 Williamson Drive,Pell City,AL,35125
1227,810 Martin St N,Pell City,AL,35125
1228,1300 Cogswell Ave,Pell City,AL,35125
1229,250 Otis Perry Dr,Pell City,AL,35128
1230,2000 Hardwick Road,Pell City,AL,35128
1231,813 16th Street South,Pell City,AL,35128
1232,470 West Avenue,Uniontown,AL,36786
1233,101 Hubbard Drive,Marion,AL,36756
1234,2400 Dobbs Dr,Phenix City,AL,36870
1235,709 Meadowlane Dr,Phenix City,AL,36869
1236,2401 S Railroad St,Phenix City,AL,36867
1237,1806 8th Pl So,Phenix City,AL,36869
1238,521 Fontaine Rd,Phenix City,AL,36869
1239,706 Idle Hour Dr,Phenix City,AL,36867
1240,1012 Ingersoll Dr,Phenix City,AL,36867
1241,24 Explorer Drive,Phenix City,AL,36867
1242,2307 South Railroad Street,Phenix City,AL,36867
1243,2800 Dobbs Drive,Phenix City,AL,36870
1244,18 Explorer Road,Phenix City,AL,36867
1245,1700 17th Avenue,Phenix City,AL,36867
1246,800 Columbus Rd NW,Aliceville,AL,35442
1247,417 3rd St Se,Aliceville,AL,35442
1248,205 4th Ave SE,Reform,AL,35481
1249,535 4th St NW,Gordo,AL,35466
1250,630 4th St NW,Gordo,AL,35466
1251,815 7th Ave Sw,Reform,AL,35481
1252,377 Ladow Center Cir,Carrollton,AL,35447
1253,750 Tom Bible Mem Hwy,Piedmont,AL,36272
1254,504 Hood St West,Piedmont,AL,36272
1255,401 N Main St,Piedmont,AL,36272
1256,9769 N U S Hwy 29,Banks,AL,36005
1257,552 S Main Street,Brundidge,AL,36010
1258,23 County Road 2238,Goshen,AL,36035
1259,286 Eagle Circle,Goshen,AL,36035
1260,186 Hillcrest Court,Brundidge,AL,36010
1261,285 Gibbs St,Troy,AL,36081
1262,101 West Love Street,Troy,AL,36081
1263,465 Woodland Ave,Wedowee,AL,36278
1264,415 County Road 75,Roanoke,AL,36274
1265,105 Bailey St,Wadley,AL,36276
1266,896 Woodland Ave W,Wedowee,AL,36278
1267,24574 Highway 48,Woodland,AL,36280
1268,960 Main St S,Wedowee,AL,36278
1269,940 Woodland Ave West,Wedowee,AL,36278
1270,24654 Hwy 48,Woodland,AL,36280
1271,100 Tiger Circle,Roanoke,AL,36274
1272,251 Gilham Rd,Roanoke,AL,36274
1273,430 Park Ave,Roanoke,AL,36274
1274,960 Main StSouth,Wedowee,AL,36278
1275,4914 US Highway 80 W,Opelika,AL,36804
1276,9 Woodland Dr,Phenix City,AL,36869
1277,456 State Highway 165,Fort Mitchell,AL,36856
1278,77 Longview Street,Seale,AL,36875
1279,91 Poorhouse Rd,Seale,AL,36875
1280,80 Warrior Way,Seale,AL,36875
1281,57 Warrior Way,Seale,AL,36875
1282,454 State Highway 165,Ft Mitchell,AL,36856
1283,133 Chucky Mullins Memorial Dr,Russellville,AL,35653
1284,765 Summit St,Russellville,AL,35653
1285,1865 Waterloo Rd,Russellville,AL,35653
1286,1340 Clay Ave,Russellville,AL,35653
1287,1865 Waterloo Road,Russellville,AL,35653
1288,905 S Market St,Scottsboro,AL,35768
1289,25053 John T Reid Pkwy,Scottsboro,AL,35768
1290,1601 Heroes Drive,Scottsboro,AL,35768
1291,102 Legion Dr,Scottsboro,AL,35768
1292,202 Ida Moody Rd,Scottsboro,AL,35769
1293,2224 Selma Ave,Selma,AL,36701
1294,501 Plant St,Selma,AL,36701
1295,625 Lapsley St,Selma,AL,36701
1296,405 Lawrence St,Selma,AL,36703
1297,400 Washington St,Selma,AL,36701
1298,709 Highland Ave,Selma,AL,36701
1299,1816 Orrville Rd,Selma,AL,36701
1300,1529 N Franklin St,Selma,AL,36701
1301,2180 Broad St,Selma,AL,36701
1302,1701 Summerfield Rd,Selma,AL,36701
1303,2194 Broad Street,Selma,AL,36701
1304,1803 30th St,Sheffield,AL,35660
1305,2800 19th Ave,Sheffield,AL,35660
1306,900 Annapolis Avenue,Sheffield,AL,35660
1307,2200 31st St,Sheffield,AL,35660
1308,2321 Highway 39,Chelsea,AL,35043
1309,5650 Cahaba Valley Rd,Birmingham,AL,35242
1310,5486 Caldwell Mill Rd,Birmingham,AL,35242
1311,855 10th St,Calera,AL,35040
1312,100 Calera Eagle Drive,Calera,AL,35040
1313,10510 Highway 11,Chelsea,AL,35043
1314,222 Joinertown Road,Columbiana,AL,35051
1315,101 Washington St,Columbiana,AL,35051
1316,187 Third St,Helena,AL,35080
1317,171 Jeter Cir,Montevallo,AL,35115
1318,980 Oak St,Montevallo,AL,35115
1319,235 Samford St,Montevallo,AL,35115
1320,19099 Highway 145,Shelby,AL,35143
1321,40800 Highway 25,Vincent,AL,35178
1322,42505 Highway 25,Vincent,AL,35178
1323,71 School St,Wilsonville,AL,35186
1324,5476 Caldwell Mill Rd,Birmingham,AL,35242
1325,701 Highway 70,Columbiana,AL,35051
1326,701 Hwy 70,Columbiana,AL,35007
1327,3500 Hwy 52,Helena,AL,35080
1328,201 Washington St,Columbiana,AL,35051
1329,5251 Valleydale Rd,Birmingham,AL,35242
1330,2280 Highwy 35,Pelham,AL,35124
1331,5640 Cahaba Valley Rd,Birmingham,AL,35242
1332,9000 Chelsea Park Trail,Chelsea,AL,35043
1333,9178 Highway 22,Montevallo,AL,35115
1334,1 Jefferson Place,Birmingham,AL,35242
1335,1299 Hillsboro Parkway,Helena,AL,35080
1336,1000 Hornet Parkway,Chelsea,AL,35043
1337,1310 Hillsboro Parkway,Helena,AL,35080
1338,8454 Highway 31 South,Calera,AL,35040
1339,2280 Highway 35,Pelham,AL,35124
1340,2280 Highway 35,Pelham,AL,35124
1341,75 Wilson Street,Springville,AL,35146
1342,420 Alabama Street,Odenville,AL,35120
1343,33221 Highway 231,Ashville,AL,35953
1344,6691 U S Highway 11,Springville,AL,35146
1345,100 First Avenue,Odenville,AL,35120
1346,45 County Road 33,Ashville,AL,35953
1347,33215 US Highway 231,Ashville,AL,35953
1348,16700 Us Highway 411,Odenville,AL,35120
1349,696 High School Drive,Moody,AL,35004
1350,1060 Main St,Ragland,AL,35131
1351,8295 U S Hwy 11,Springville,AL,35146
1352,105 McHugh St,Steele,AL,35987
1353,600 High School Drive,Moody,AL,35004
1354,466 10th Street,Ashville,AL,35953
1355,714 High School Dr,Moody,AL,35004
1356,33225 Highway 231,Ashville,AL,35953
1357,1006 H L Blocker Cir,Moody,AL,35004
1358,300 Burgess Drive,Odenville,AL,35120
1359,200 Mustang Drive,Margaret,AL,35112
1360,410 Roy Drive,Ashville,AL,36265
1361,1351 North Washington Street,Livingston,AL,35470
1362,111 Mlk Parkway,Livingston,AL,35470
1363,716 Country Club Road,Livingston,AL,35470
1364,13878 U S Highway 11,York,AL,36925
1365,615 Coaling Rd,Sylacauga,AL,35150
1366,701 N Broadway,Sylacauga,AL,35150
1367,1099 Oldfield Rd,Sylacauga,AL,35150
1368,1550 Talladega Highway,Sylacauga,AL,35150
1369,106 Brecon Access Rd,Talladega,AL,35160
1370,200 E Damon Ave,Talladega,AL,35160
1371,1177 McMillan Street East,Talladega,AL,35160
1372,414 Elm St,Talladega,AL,35160
1373,110 Piccadilly Cir,Talladega,AL,35160
1374,1310 Ashland Hwy,Talladega,AL,35160
1375,803 Seminole Ave,Sylacauga,AL,35150
1376,22585 Al Highway 21,Alpine,AL,35014
1377,3002 Limbaugh Blvd,Childersburg,AL,35044
1378,801 Seminole Ave,Sylacauga,AL,35150
1379,78975 Al Hwy 77,Lincoln,AL,35096
1380,235 Pinecrest Drive,Childersburg,AL,35044
1381,1325 Fay S Perry Dr,Childersburg,AL,35044
1382,78989 AL Hwy 77,Lincoln,AL,35096
1383,5104 Howell Cove Rd,Talladega,AL,35160
1384,170 W W Averitte Dr,Sylacauga,AL,35151
1385,300 Cedars Road,Munford,AL,36268
1386,22435 AL Highway 21,Alpine,AL,35014
1387,365 Cedars Road,Munford,AL,36268
1388,22405 AL Highway 21,Alpine,AL,35014
1389,800 4th St SE,Childersburg,AL,35044
1390,79001 Al Hwy 77,Lincoln,AL,35096
1391,2760 Stemley Bridge Rd,Talladega,AL,35160
1392,360 Cedars Road,Munford,AL,36268
1393,10684 Highway 22 E,New Site,AL,36256
1394,670 E Columbus St,Dadeville,AL,36853
1395,227 Weldon St,Dadeville,AL,36853
1396,4090 AL Highway 120,Notasulga,AL,36866
1397,251 MLK Street,Camp Hill,AL,36850
1398,3950 AL Hwy 120,Notasulga,AL,36866
1399,901 E B Payne Sr Dr,Tallassee,AL,36078
1400,502 Barnett Blvd,Tallassee,AL,36078
1401,850 Friendship Rd,Tallassee,AL,36078
1402,1269 Portland St,Tarrant,AL,35217
1403,91 Black Creek Road,Tarrant,AL,35217
1404,1 Wildcat Drive,Tarrant,AL,35217
1405,300 Quincy Ingram St,Thomasville,AL,36784
1406,777 Gates Dr,Thomasville,AL,36784
1407,781 Gates Dr,Thomasville,AL,36784
1408,211 Lake Ave,Troy,AL,36081
1409,150 George Wallace Dr,Troy,AL,36081
1410,800 Elm St,Troy,AL,36081
1411,503 Gibbs St,Troy,AL,36081
1412,285 Gibbs Street,Troy,AL,36081
1413,2000 Rock Quarry Dr,Tuscaloosa,AL,35406
1414,2700 University Blvd E,Tuscaloosa,AL,35404
1415,3740 Arcadia Drive,Tuscaloosa,AL,35404
1416,1510 Dinah Washington Ave,Tuscaloosa,AL,35401
1417,6314 Mary Harmon Bryant Drive,Cottondale,AL,35453
1418,5001 25th Street,Tuscaloosa,AL,35401
1419,408 Skyland Boulevard East,Tuscaloosa,AL,35405
1420,2000 First Avenue,Tuscaloosa,AL,35401
1421,1715 Martin L King Jr Blvd,Tuscaloosa,AL,35401
1422,6001 E Hargrove Rd E,Tuscaloosa,AL,35405
1423,2430 Martin L King Jr Blvd,Tuscaloosa,AL,35401
1424,2800 Martin Luther King Jr Boulevard,Tuscaloosa,AL,35401
1425,905 15th Street,Tuscaloosa,AL,35401
1426,2701 Northridge Rd,Tuscaloosa,AL,35406
1427,3811 Northridge Road,Tuscaloosa,AL,35406
1428,6315 Mary Harmon Bryant Drive,Cottondale,AL,35453
1429,2901 Northridge Rd,Tuscaloosa,AL,35406
1430,2601 Southview Drive,Tuscaloosa,AL,35405
1431,315 Mcfarland Blvd E,Tuscaloosa,AL,35404
1432,315 Mcfarland Blvd E,Tuscaloosa,AL,35404
1433,3834 21st Street,Tuscaloosa,AL,35401
1434,300 Patriot Pkwy,Tuscaloosa,AL,35405
1435,5941 12th Ave East,Tuscaloosa,AL,35405
1436,1001 Crescent Ridge Road,Tuscaloosa,AL,35404
1437,16049 Highway 216,Brookwood,AL,35444
1438,12250 George Richmond Parkway,Brookwood,AL,35444
1439,11968 Buhl School Rd,Buhl,AL,35446
1440,2301 Cottondale Ln,Cottondale,AL,35453
1441,2400 34th Ave,Northport,AL,35476
1442,10300 Old Greensboro Rd,Tuscaloosa,AL,35405
1443,3800 66th Ave,Northport,AL,35473
1444,401 Hillcrest School Rd,Tuscaloosa,AL,35405
1445,301 44th Ct NE,Tuscaloosa,AL,35404
1446,1225 Rice Mine Road,Northport,AL,35476
1447,11370 Monticello Dr,Duncanville,AL,35456
1448,14701 Gainsville Rd,Fosters,AL,35463
1449,19230 Northside Parkway,Northport,AL,35475
1450,1400 3rd St,Northport,AL,35476
1451,12500 Wildcat Dr,Northport,AL,35475
1452,18202 Hwy 11 N,Vance,AL,35490
1453,1150 Vestavia Circle,Northport,AL,35473
1454,13051 Northside Rd,Northport,AL,35475
1455,11629 Westwood School  Rd,Coker,AL,35452
1456,350 Bobby Miller Pkwy,Tuscaloosa,AL,35405
1457,2701 Echols Ave,Northport,AL,35476
1458,17021 Brookwood Parkway,Vance,AL,35490
1459,11601 Huntington Pl,Northport,AL,35475
1460,2300 26th Avenue,Northport,AL,35476
1461,13695 Frankie Thomas Trace,Northport,AL,35475
1462,11205 Eagle Parkway,Duncanville,AL,35456
1463,21610 Youngblood Parkway,McCalla,AL,35111
1464,19130 Northside Parkway,Northport,AL,35475
1465,1500 Bulldog Blvd,Cottondale,AL,35453
1466,15815 Romulus Rd,Buhl,AL,35446
1467,15817 Romulus Rd,Buhl,AL,35446
1468,11950 Upper Hull Road,Moundville,AL,35474
1469,13688 Frankie Thomas Trace,Northport,AL,35475
1470,200 N Commons East,Tuscumbia,AL,35674
1471,598 N High St,Tuscumbia,AL,35674
1472,829 Frankfort Rd,Tuscumbia,AL,35674
1473,601 Joe Wheeler Hwy,Tuscumbia,AL,35674
1474,200 N Commons East,Tuscumbia,AL,35674
1475,200 North Commons East,Tuscumbia,AL,35674
1476,2826 Columbiana Road,Vestavia,AL,35216
1477,2109 Tyson Dr,Vestavia Hills,AL,35216
1478,1965 Merryvale Rd,Vestavia Hills,AL,35216
1479,2235 Lime Rock Rd,Vestavia Hills,AL,35216
1480,17051 Liberty Pkwy,Vestavia Hills,AL,35242
1481,4401 Dolly Ridge Road,Vestavia Hills,AL,35243
1482,17035 Liberty Pkwy,Vestavia,AL,35242
1483,2680 Gresham Drive,Vestavia Hills,AL,35243
1484,2020 Pizitz Drive,Vestavia Hills,AL,35216
1485,283 Bulldog Blvd,Carbon Hill,AL,35549
1486,217 Bulldog Boulevard,Carbon Hill,AL,35549
1487,1601 Highland Avenue,Jasper,AL,35501
1488,1100 Viking Drive,Jasper,AL,35501
1489,110 School Rd,Cordova,AL,35550
1490,35 North St,Cordova,AL,35550
1491,183 School Road,Cordova,AL,35550
1492,85 Yellow Jacket Dr,Jasper,AL,35503
1493,155 Yellow Jacket Dr,Jasper,AL,35503
1494,330 Glenn C Gant Cir,Dora,AL,35062
1495,1110 Prospect Rd,Nauvoo,AL,35578
1496,142 School St,Oakman,AL,35579
1497,10699 Main St,Oakman,AL,35579
1498,95 Engle St,Parrish,AL,35580
1499,275 1st St N,Sumiton,AL,35148
1500,155 Valley School Rd,Jasper,AL,35504
1501,115 Yellow Jacket Dr,Jasper,AL,35503
1502,71 1st Street North,Sumiton,AL,35148
1503,142 School Street,Oakman,AL,35579
1504,16478 St Stephens Avenue,Chatom,AL,36518
1505,8945 Old Hwy 43,McIntosh,AL,36553
1506,592 Ray Coaker Rd,Chatom,AL,36518
1507,Highway 56,Chatom,AL,36518
1508,13077 County Rd 1,Fruitdale,AL,36539
1509,26301 Highway 43,Leroy,AL,36548
1510,7010 Highway 43,McIntosh,AL,36553
1511,1 Wildcat Drive,Millry,AL,36558
1512,500 Leroy Randolph Rd,Pine Hill,AL,36769
1513,3000 County Road 29,Alberta,AL,36720
1514,30 Claiborne St,Camden,AL,36726
1515,30 Claiborne Street,Camden,AL,36726
1516,1310 T L Threadgill Rd,Camden,AL,36726
1517,303 Broad St,Camden,AL,36726
1518,481 Apple Ave,Winfield,AL,35594
1519,232 Pirate Cove,Winfield,AL,35594
1520,601 County Highway 14,Winfield,AL,35594
1521,1122 County Road 24,Double Springs,AL,35553
1522,151 School Drive,Addison,AL,35540
1523,1222 Co Rd 24,Double Springs,AL,35553
1524,123 Old School Rd,Double Springs,AL,35553
1525,531 E Main St,Lynn,AL,35575
1526,6615 Co Rd 41,Arley,AL,35541
1527,16411 County Road 41,Addison,AL,35540
1528,1218 County Rd 24,Double Springs,AL,35553
1529,531 E Main St,Lynn,AL,35575
1530,6613 County Rd 41,Arley,AL,35541
1531,4900 S Wilson Blvd,Orange Beach,AL,36561
1532,23908 Canal Road,Orange Beach,AL,36561
1533,2410 7th Ave North,Bessemer,AL,35020
1534,751A Academy Drive,Bessemer,AL,35022
1535,4568 Halls Mill Road,Mobile,AL,36693
1536,280 Headland Ave,Dothan,AL,36303
1537,630 1st Avenue S,Birmingham,AL,35205
1538,3100 Cottage Hill Road,Mobile,AL,36606
1539,4614 Highway 280 1068,Birmingham,AL,35242
1540,3601 Stillman Blvd,Tuscaloosa,AL,35401
1541,101 Village Rd,Atmautluak,AK,99559
1542,1007 Ron Edwards Memorial Dr,Bethel,AK,99559
1543,1006 Ron Edwards Memorial Dr,Bethel,AK,99559
1544,102 Village Rd,Chefornak,AK,99561
1545,105 Village Rd,Kipnuk,AK,99614
1546,106 Village Rd,Kongiganak,AK,99559
1547,108 Village Rd,Kwigillingok,AK,99622
1548,101 Sunny Side Rd,Toksook Bay,AK,99637
1549,114 Village Rd,Nunapitchuk,AK,99641
1550,116 Village Rd,Platinum,AK,99651
1551,1010 4th Ave,Bethel,AK,99559
1552,903 Chief Eddie Hoffman Highway,Bethel,AK,99559
1553,120 Village Rd,Tununak,AK,99681
1554,100 Akula Heights,Kasigluk,AK,99609
1555,103 Village Rd,Eek,AK,99578
1556,119 Village Rd,Tuntutuliak,AK,99680
1557,109 Village Rd,Mekoryuk,AK,99630
1558,110 Village Rd,Napakiak,AK,99634
1559,1005 Raven's Way,Bethel,AK,99559
1560,107 Village Rd,Kwethluk,AK,99621
1561,111 Village Rd,Napaskiak,AK,99634
1562,112 Village Rd,Newtok,AK,99559
1563,117 Village Rd,Quinhagak,AK,99655
1564,113 Village Rd,Nightmute,AK,99690
1565,115 Village Rd,Oscarville,AK,99559
1566,121 Village Rd,Goodnews Bay,AK,99589
1567,104 Village Rd,Kasigluk,AK,99609
1568,Lower Kuskokwim School Dist,Bethel,AK,99559
1569,112 Village Rd,Mertarvik,AK,99559
1570,9 School Rd,Alakanuk,AK,99554
1571,267 School Road,Emmonak,AK,99581
1572,89 School Rd,Marshall,AK,99585
1573,General Delivery,Hooper Bay,AK,99604
1574,100 High School Rd,Mountain Village,AK,99632
1575,90 School Rd,Russian Mission,AK,99657
1576,5090 School Rd,Pilot Station,AK,99650
1577,20129 School Rd,Kotlik,AK,99620
1578,103 Askinuk Road,Scammon Bay,AK,99662
1579,32 School Rd,Nunam Iqua,AK,99666
1580,83 School Road,Hooper Bay,AK,99604
1581,Akiachak #51100,Akiachak,AK,99551
1582,Tuluksak # 115,Tuluksak,AK,99679
1583,Akiak # 5227,Akiak,AK,99552
1584,985 KSD Way,Chevak,AK,99563
1585,1330 Seward Ave,Sitka,AK,99835
1586,202 Volcano Dr,Akutan,AK,99553
1587,300 Valley Rd,False Pass,AK,99583
1588,100 Slocum Dr,King Cove,AK,99612
1589,123 Red Cove Rd,Sand Point,AK,99661
1590,206 Atxax Way,Atka,AK,99547
1591,General Delivery,Nikolski,AK,99638
1592,169 Main St,Gambell,AK,99742
1593,09 Main St,Koyuk,AK,99753
1594,200 Main St,Savoonga,AK,99769
1595,Seaview Ln,Shishmaref,AK,99772
1596,Main St,Teller,AK,99778
1597,Main St,Unalakleet,AK,99684
1598,490 Main St,Wales,AK,99783
1599,55 Main St,White Mountain,AK,99784
1600,29 Main St,Elim,AK,99739
1601,40 Main St,Golovin,AK,99762
1602,Main Street,Brevig Mission,AK,99785
1603,40 Main St,Shaktoolik,AK,99771
1604,100 Baker St,St. Michael,AK,99659
1605,Main St,Stebbins,AK,99671
1606,Main St,Diomede,AK,99762
1607,#2 School Rd North,Naknek,AK,99633
1608,#2 School Rd North,Naknek,AK,99633
1609,#2 School Rd North,Naknek,AK,99633
1610,249 Jon Summar Way,Tok,AK,99780
1611,MP 1361 AK Hwy,Dot Lake,AK,99737
1612,168 3rd Avenue,Eagle,AK,99738
1613,6 mile Main Village Rd,Mentasta Lake,AK,99780
1614,Mile 7 Village Rd,Northway,AK,99764
1615,249 Jon Summar Way,Tok,AK,99780
1616,100 Main St,Tanacross,AK,99776
1617,100 Main St,Tetlin,AK,99779
1618,100 Fisherman Ave,Cordova,AK,99574
1619,201 Adams Ave,Cordova,AK,99574
1620,100 Fisherman Ave,Cordova,AK,99574
1621,1976 Aurora Dr,Glennallen,AK,99588
1622,Mile 5 Edgerton Hwy,Copper Center,AK,99573
1623,1976 Aurora Dr,Glennallen,AK,99588
1624,1976 Aurora Dr,Glennallen,AK,99588
1625,Mile 4 Nabesna Rd,Slana,AK,99586
1626,100 Panther Way,Craig,AK,99921
1627,100 School Road Upper,Craig,AK,99921
1628,100 School Road Lower,Craig,AK,99921
1629,100 School Road Upper,Craig,AK,99921
1630,Milepost 1392 Alaska Hwy,Delta Junction,AK,99737
1631,2659 Nistler Rd,Delta Junction,AK,99737
1632,1680 N Clearwater Ave,Delta Junction,AK,99737
1633,1655 N Clearwater Ave,Delta Junction,AK,99737
1634,1655 N Clearwater Ave,Delta Junction,AK,99737
1635,565 Seward St,Dillingham,AK,99576
1636,565 Seward St,Dillingham,AK,99576
1637,299 Antoski Ave,Galena,AK,99741
1638,359 Challenger,Galena,AK,99741
1639,2157 Van Horn Rd,Fairbanks,AK,99701
1640,299 Antoski Ave,Galena,AK,99741
1641,2940 Baranof,Ketchikan,AK,99901
1642,2610 4th Ave,Ketchikan,AK,99901
1643,3131 Baranof Ave,Ketchikan,AK,99901
1644,217 Schoenbar,Ketchikan,AK,99901
1645,400 Old Homestead Rd,Ketchikan,AK,99901
1646,410 Schoenbar Rd,Ketchikan,AK,99901
1647,2610 4th Avenue,Ketchikan,AK,99901
1648,410 Schoenbar Rd,Ketchikan,AK,99901
1649,981 North Point Higgins Rd NTG,Ketchikan,AK,99901
1650,1510 Alder Dr,Anchorage,AK,99508
1651,5085 10th St,JBER,AK,99506
1652,1101 Golden Bear Dr,Anchorage,AK,99504
1653,2991 Baxter Rd,Anchorage,AK,99504
1654,10500 Bayshore Dr,Anchorage,AK,99515
1655,17010 Birchtree St,Eagle River,AK,99567
1656,7206 Rovenna St,Anchorage,AK,99518
1657,1405 E St,Anchorage,AK,99501
1658,150 South Bragaw St,Anchorage,AK,99508
1659,1751 Patterson Rd,Anchorage,AK,99504
1660,3101 W 88th Ave,Anchorage,AK,99502
1661,1205 E St,Anchorage,AK,99501
1662,19932 Old Glenn Hwy,Chugiak,AK,99567
1663,16525 S Birchwood Loop Rd,Chugiak,AK,99567
1664,3101 Sunflower St,Anchorage,AK,99508
1665,7500 E 6th Ave,Anchorage,AK,99504
1666,148 East Ninth Ave,Anchorage,AK,99501
1667,2909 W 88th Ave,Anchorage,AK,99502
1668,19900 Old Eagle River Rd,Eagle River,AK,99577
1669,4025 E Northern Lights Blvd,Anchorage,AK,99508
1670,1327 Nelchina St,Anchorage,AK,99501
1671,680 Hightower,Girdwood,AK,99587
1672,7001 Cranberry St,Anchorage,AK,99502
1673,12000 Lorraine St,Anchorage,AK,99516
1674,1219 N St,Anchorage,AK,99501
1675,3331 Lake Otis Pkwy,Anchorage,AK,99508
1676,1666 Cache Dr,Anchorage,AK,99507
1677,3500 W Northern Lights Blvd,Anchorage,AK,99517
1678,4005 Mcphee Ave,Anchorage,AK,99508
1679,525 Cherry St,Anchorage,AK,99504
1680,605 W Fireweed Ln,Anchorage,AK,99503
1681,2424 East Dowling Rd,Anchorage,AK,99507
1682,4807 Northwood Dr,Anchorage,AK,99517
1683,1905 Twining Dr,Anchorage,AK,99504
1684,11100 Rockridge Dr,Anchorage,AK,99516
1685,11911 Johns Rd,Anchorage,AK,99515
1686,5112 Arctic Warrior Dr,JBER,AK,99506
1687,6200 Ashwood St,Anchorage,AK,99507
1688,888 Edwards St,Anchorage,AK,99504
1689,13650 Lake Otis Pkwy,Anchorage,AK,99516
1690,19201 Driftwood Bay Dr,Eagle River,AK,99577
1691,1400 E Northern Lights Blvd,Anchorage,AK,99508
1692,2500 Minnesota Dr,Anchorage,AK,99503
1693,4300 E 20th Ave,Anchorage,AK,99508
1694,7500 Jewel Lake Rd,Anchorage,AK,99502
1695,410 East 56th,Anchorage,AK,99518
1696,4515 Campbell Airstrip Rd,Anchorage,AK,99507
1697,3933 Patterson Rd,Anchorage,AK,99504
1698,2508 Blueberry Ln,Anchorage,AK,99503
1699,7500 Tyone Circle,Anchorage,AK,99504
1700,701 E 72nd Ave,Anchorage,AK,99518
1701,336 Hoonah Ave,JBER,AK,99505
1702,2905 Lake Otis rkwy,Anchorage,AK,99508
1703,1700 Hillcrest Dr,Anchorage,AK,99517
1704,2220 Nichols St,Anchorage,AK,99508
1705,1200 San Antonio St,Anchorage,AK,99508
1706,1004 W Tudor Rd,Anchorage,AK,99503
1707,5101 E 4th Ave,Anchorage,AK,99508
1708,4000 E 68th Ave,Anchorage,AK,99507
1709,4900 Raspberry Rd,Anchorage,AK,99502
1710,3601 W 40th Ave,Anchorage,AK,99517
1711,2801 Richmond Ave,Anchorage,AK,99508
1712,1705 W 32nd Ave,Anchorage,AK,99517
1713,4400 Business Park Blvd # B22,Anchorage,AK,99503
1714,22901 Lake Hill Dr,Chugiak,AK,99567
1715,5530 E Northern Lights Blvd,Anchorage,AK,99504
1716,5151 Abbott Rd,Anchorage,AK,99507
1717,454 Dyea St,JBER,AK,99505
1718,2650 E Northern Lights Blvd,Anchorage,AK,99508
1719,2600 Providence Dr,Anchorage,AK,99508
1720,13400 Elmore Rd,Anchorage,AK,99516
1721,8701 Yosemite Dr,Eagle River,AK,99577
1722,4802 Bryn Mawr Ct,Anchorage,AK,99508
1723,10901 Mausel St Ste 101,Eagle River,AK,99577
1724,525 Bluff Dr,Anchorage,AK,99501
1725,9601 Lee St,Eagle River,AK,99577
1726,11900 Puma St,Anchorage,AK,99515
1727,400 W Northern Lights Blvd #9,Anchorage,AK,99503
1728,5577 Abbott Rd,Anchorage,AK,99507
1729,9500 Wren Ln,Eagle River,AK,99577
1730,15001 Mountain Air Dr,Anchorage,AK,99516
1731,10121 Lake Otis Pkwy,Anchorage,AK,99507
1732,5530 E Northern Lights Ste 1,Anchorage,AK,99504
1733,9911 Lake Otis Pwky,Anchorage,AK,99507
1734,2700 W 100th,Anchorage,AK,99515
1735,13801 Harry McDonald Rd,Eagle River,AK,99577
1736,11700 Gregory Rd,Anchorage,AK,99516
1737,7440 Creekside Center Dr,Anchorage,AK,99504
1738,650 W International Airport Rd,Anchorage,AK,99507
1739,4025 E Northern Lights Blvd,Anchorage,AK,99508
1740,616 W 10th Ave,Anchorage,AK,99501
1741,7801 E 32nd Ave,Anchorage,AK,99504
1742,2650 E Northern Lights Blvd,Eagle River,AK,99508
1743,18001 Baranoff St,Eagle River,AK,99577
1744,15800 Goldenview Dr,Anchorage,AK,99516
1745,1415 Glacier Ave - Marie Drake,Juneau,AK,99801
1746,11860 Glacier Hwy,Juneau,AK,99801
1747,3800 Mendenhall Loop Rd,Juneau,AK,99801
1748,1507 3rd St,Juneau,AK,99824
1749,3400 Tongass Blvd,Juneau,AK,99801
1750,1255 Glacier Ave,Juneau,AK,99801
1751,1639 Glacier Ave,Juneau,AK,99801
1752,1600 Renninger St,Juneau,AK,99801
1753,2901 Riverside Dr,Juneau,AK,99801
1754,1639 Glacier Ave Rm 115,Juneau,AK,99801
1755,3252 Hospital Dr,Juneau,AK,99801
1756,9001 Mendenhall Loop Rd,Juneau,AK,99801
1757,3101 Dimond Park Loop,Juneau,AK,99801
1758,1415 Glacier Ave - Marie Drake,Juneau,AK,99801
1759,1415 Glacier Ave - Marie Drake,Juneau,AK,99801
1760,3101 Dimond Park Loop,Juneau,AK,99801
1761,509 Lincoln,Sitka,AK,99835
1762,305 Baranof St,Sitka,AK,99835
1763,601 Halibut Point Rd,Sitka,AK,99835
1764,305 Baranof St,Sitka,AK,99835
1765,1000 Lake St,Sitka,AK,99835
1766,307 Kashevaroff,Sitka,AK,99835
1767,604 Haines Hwy,Haines,AK,99827
1768,604 Haines Hwy,Haines,AK,99827
1769,604 Haines Hwy,Haines,AK,99827
1770,366 Garteeni Hwy,Hoonah,AK,99829
1771,100 Totem Pole Ln,Hydaburg,AK,99922
1772,100 Totem Pole Ln,Hydaburg,AK,99922
1773,175 Library Place,Kake,AK,99830
1774,705 Frontage Road Ste C,Kenai,AK,99611
1775,4122 Ben Walters Ln,Homer,AK,99603
1776,73286 School Ave,Anchor Point,AK,99556
1777,46400 D St,Tyonek,AK,99682
1778,19030 Bean Creek Rd,Cooper Landing,AK,99572
1779,1340 East End Rd,Homer,AK,99603
1780,63550 Alexandrovsky St,Nanwalek,AK,99603
1781,600 E Fairview Ave,Homer,AK,99603
1782,64782 Nearhouse Ln,Hope,AK,99605
1783,33752 Depot Rd,Moose Pass,AK,99631
1784,65524 Nikolaevsk,Nikolaevsk,AK,99556
1785,15735 Sterling Hwy,Ninilchik,AK,99639
1786,63693 Graham Rd,Port Graham,AK,99603
1787,606 Sea Lion Dr,Seward,AK,99664
1788,162 E Park Ave,Soldotna,AK,99669
1789,35096 Sterling Hwy,Sterling,AK,99672
1790,365 Winifred Ave,Seldovia,AK,99663
1791,58231 Sterling Hwy,Kasilof,AK,99610
1792,705 Frontage Rd Ste A,Kenai,AK,99611
1793,995 Soundview Ave,Homer,AK,99603
1794,995 Soundview Ave Ste 1,Homer,AK,99603
1795,143 E. Park Avenue,Soldotna,AK,99669
1796,486 W Redoubt Ave,Soldotna,AK,99669
1797,304 Sea Lion Ave,Seward,AK,99664
1798,158 E Park Ave,Soldotna,AK,99669
1799,549 N Forest Dr,Kenai,AK,99611
1800,52188 East End Rd,Homer,AK,99603
1801,405 Marathon Rd,Kenai,AK,99611
1802,31746 Basargin Rd,Homer,AK,99603
1803,9583 Kenai Spur Hwy,Kenai,AK,99611
1804,201 Tinker Ln,Kenai,AK,99611
1805,1049 E Poppy Lane,Soldotna,AK,99669
1806,2100 Swetmann,Seward,AK,99664
1807,46188 Sterling Hwy,Soldotna,AK,99669
1808,425 W Marydale Ave,Soldotna,AK,99669
1809,500 Sterling Hwy,Homer,AK,99603
1810,315 Swires Rd,Kenai,AK,99611
1811,45600 Holt Lamplight Rd,Kenai,AK,99611
1812,33002 Voznesenka Loop,Voznesenka,AK,99603
1813,52275 Education Dr,Nikiski,AK,99635
1814,44032 Milton Rd #B11,Kachemak,AK,99603
1815,46188 Sterling Hwy,Soldotna,AK,99669
1816,715 Bayview Blvd,Klawock,AK,99925
1817,715 Bayview Blvd,Klawock,AK,99925
1818,961 Mallard,Kodiak,AK,99615
1819,Main St,Akhiok,AK,99615
1820,36158 Chiniak Hwy,Chiniak,AK,99615
1821,200 Benny Benson Dr,Kodiak,AK,99615
1822,917 Rezanof East,Kodiak,AK,99615
1823,1017 Rezanof East,Kodiak,AK,99615
1824,128 Powell Ave,Kodiak,AK,99615
1825,Main St,Old Harbor,AK,99643
1826,Avenue G Bldg 550,Kodiak,AK,99615
1827,Main St,Port Lions,AK,99550
1828,Main St,Ouzinkie,AK,99644
1829,Main St,Karluk,AK,99608
1830,722 Mill Bay Rd,Kodiak,AK,99615
1831,School Rd,Chignik Lagoon,AK,99565
1832,School Rd,Chignik Lake,AK,99548
1833,School Rd,Igiugig,AK,99613
1834,School Rd,Kokhanok,AK,99606
1835,School Rd,Iliamna,AK,99606
1836,100 School Rd,Nondalton,AK,99640
1837,School Road,Perryville,AK,99648
1838,School Rd,Port Alsworth,AK,99653
1839,School Rd,Port Heiden,AK,99549
1840,School Rd,Levelock,AK,99625
1841,Jensen Dr,King Salmon,AK,99613
1842,6400 Hollywood Blvd,Wasilla,AK,99687
1843,600 E Railroad Ave #6,Wasilla,AK,99654
1844,65975 S Wolverine Cir,Sutton,AK,99674
1845,455 E Carpenter Cir,Wasilla,AK,99654
1846,1170 W Bogard Rd,Palmer,AK,99645
1847,561 N Gulkana St,Palmer,AK,99645
1848,42728 S Parks Hwy,Talkeetna,AK,99676
1849,507 N Gulkana,Palmer,AK,99645
1850,701 E Bogard Rd,Wasilla,AK,99654
1851,801 East Arctic,Palmer,AK,99645
1852,7275 W Midnight Sun Cir,Wasilla,AK,99654
1853,581 S Outer Springer Lp,Palmer,AK,99645
1854,2001 W Fairview Loop,Wasilla,AK,99654
1855,1741 Pittman Rd,Wasilla,AK,99687
1856,1150 North France Rd,Palmer,AK,99645
1857,2722 E Seldon Rd,Wasilla,AK,99654
1858,2788 N Seward Meridian Pkwy,Wasilla,AK,99654
1859,12801 W Hawk Ln,Houston,AK,99694
1860,7362 W Parks Hwy #725,Wasilla,AK,99654
1861,141 E Seldon Rd Ste C,Wasilla,AK,99654
1862,3750 E Paradise Ln,Wasilla,AK,99654
1863,800 N Seward Meridian,Wasilla,AK,99645
1864,1159 S Chugach,Palmer,AK,99645
1865,650 Bogard Rd,Wasilla,AK,99654
1866,2550 Lucille St,Wasilla,AK,99654
1867,1959 N Stringfield Rd,Palmer,AK,99645
1868,5981 Eek St,Wasilla,AK,99654
1869,12501 W Hawk Lane,Big Lake,AK,99652
1870,9550 E Bogard Rd,Palmer,AK,99645
1871,9250 E Bogard Rd,Palmer,AK,99645
1872,1775 W Parks Hwy,Wasilla,AK,99654
1873,31706 W Parks Hwy,Willow,AK,99688
1874,6742 E Petersville Rd,Trapper Creek,AK,99683
1875,13930 E Timberwolf Lp,Talkeetna,AK,99676
1876,4006 S Butte Rd,Palmer,AK,99645
1877,11672 N Wright Way,Sutton,AK,99674
1878,27297 W Beryozova Dr,Palmer,AK,99652
1879,Mile 4.5 South Big Lake Rd,Big Lake,AK,99652
1880,2472 N Seward Meridian Pkwy,Wasilla,AK,99654
1881,6350 W Hollywood,Wasilla,AK,99654
1882,2360 N Tait Dr,Wasilla,AK,99654
1883,2315 N Seward Meridian Pky,Wasilla,AK,99654
1884,4961 E Nelson Rd,Wasilla,AK,99654
1885,1675 N Nadina St.,Palmer,AK,99645
1886,8295 East College Drive,Palmer,AK,99645
1887,10015 W Redington School Rd,Wasilla,AK,99623
1888,7068 S Knik Knack Mud Shack Road,Wasilla,AK,99623
1889,758 N Shoreline Dr.,Wasilla,AK,99687
1890,758 N Shoreline Dr.,Wasilla,AK,99687
1891,1 School Dr,Anvik,AK,99558
1892,90 School St,Grayling,AK,99590
1893,102 Main St,Holy Cross,AK,99602
1894,90 Takotna Ave,McGrath,AK,99627
1895,9190 Main St,Nikolai,AK,99691
1896,101 Pine St,Shageluk,AK,99665
1897,1 River Rd,Takotna,AK,99675
1898,12812 Old Glen Hwy,Eagle River,AK,99577
1899,89 4th Ave,Metlakatla,AK,99926
1900,89 Milton St,Metlakatla,AK,99926
1901,89 8th Ave,Metlakatla,AK,99926
1902,406 E 2nd St,Nenana,AK,99760
1903,406 E 2nd St,Nenana,AK,99760
1904,1057 E 5th Avenue,Nome,AK,99762
1905,Mile 3.5 Nome-Teller Hwy,Nome,AK,99762
1906,Mile 3.5 Nome-Teller Hwy,Nome,AK,99762
1907,Mile 3.5 Nome-Teller Hwy,Nome,AK,99762
1908,601 F St,Fairbanks,AK,99701
1909,554 Loftus Rd,Fairbanks,AK,99709
1910,1502 Wilbur St,Fairbanks,AK,99701
1911,4167 Neely Rd,Fort Wainwright,AK,99703
1912,1501 Hampstead Ave,Fairbanks,AK,99701
1913,3002 International St,Fairbanks,AK,99701
1914,692 Raven's Way,Eielson AFB,AK,99702
1915,768 Kodiak St,Eielson AFB,AK,99702
1916,2301 Bradway Rd,North Pole,AK,99705
1917,1000 Barnette St,Fairbanks,AK,99701
1918,675 Raven's Way,Eielson AFB,AK,99702
1919,1042 Lathrop St,Fairbanks,AK,99701
1920,1630 Gillam Way,Fairbanks,AK,99701
1921,24 Margaret St,Fairbanks,AK,99701
1922,901 Airport Way,Fairbanks,AK,99701
1923,397 Hamilton Ave,Fairbanks,AK,99701
1924,601 NPHS Blvd,North Pole,AK,99705
1925,1450 Cowles,Fairbanks,AK,99701
1926,8530 Richardson Hwy,Fairbanks,AK,99701
1927,600 Trainor Gate Rd,Fairbanks,AK,99701
1928,400 Two Rivers Rd,Fairbanks,AK,99701
1929,5000 Palo Verde Dr,Fairbanks,AK,99709
1930,3800 Geist Rd,Fairbanks,AK,99709
1931,1401 Bainbridge Blvd,Fairbanks,AK,99701
1932,397 Hamilton Avenue,Fairbanks,AK,99701
1933,601 Loftus Rd,Fairbanks,AK,99709
1934,700 Auburn Dr,Fairbanks,AK,99709
1935,635 Elementary Dr,Fairbanks,AK,99701
1936,397 Hamilton Avenue,Fairbanks,AK,99701
1937,785 Lakloey Dr,Fairbanks,AK,99705
1938,3750 Geist Rd,Fairbanks,AK,99709
1939,250 Snowman Ln,North Pole,AK,99705
1940,300 East 8th Ave,North Pole,AK,99705
1941,4975 Decathlon Ave,Fairbanks,AK,99709
1942,2404 S Barnette St,Fairbanks,AK,99701
1943,2880 Hurst Road,North Pole,AK,99705
1944,1790 Tanana Loop Bunnell Bld. Ste. 402,Fairbanks,AK,99775
1945,6501 Transit St,Utqiagvik,AK,99723
1946,114 Illinois St,Anaktuvuk Pass,AK,99721
1947,4001 Kippi St,Atqasuk,AK,99791
1948,2070 Ahkovak St,Utqiagvik,AK,99723
1949,1684 Okpik St,Utqiagvik,AK,99723
1950,2001 Barter Ave,Kaktovik,AK,99747
1951,3310 3rd Ave,Nuiqsut,AK,99789
1952,1837 Tikigaq Ave,Point Hope,AK,99766
1953,1029 Qasigialik St,Point Lay,AK,99759
1954,567 Main St,Wainwright,AK,99782
1955,5246 Karluk St,Utqiagvik,AK,99723
1956,109 Ambler Dr,Ambler,AK,99786
1957,9900 University Dr,Buckland,AK,99727
1958,36 Main St,Deering,AK,99736
1959,190 Casanoff St,Kiana,AK,99749
1960,101 Mushers Way,Kobuk,AK,99751
1961,744 Third Ave,Kotzebue,AK,99752
1962,#6 Oceanside Expressway,Kivalina,AK,99750
1963,#2 Airport Rd,Noatak,AK,99761
1964,165 Fireweed Dr,Noorvik,AK,99763
1965,#6 West River Rd,Shungnak,AK,99773
1966,2600 Musk Ox Pkwy,Selawik,AK,99770
1967,744 Third Ave,Kotzebue,AK,99752
1968,744 Third Ave,Kotzebue,AK,99752
1969,14 Chum Way,Pelican,AK,99832
1970,303 Dolphin St,Petersburg,AK,99833
1971,109 Charles W St,Petersburg,AK,99833
1972,500 N First St,Petersburg,AK,99833
1973,930 Tolstoi,St. Paul,AK,99660
1974,#1 Elementary,St George,AK,99591
1975,1 Dixon Circle,Saint Mary's,AK,99658
1976,1563 Main St,Skagway,AK,99840
1977,102 NW Fairbanks Ave,Coffman Cove,AK,99918
1978,117 Kasaan St,Kasaan,AK,99950
1979,Block 9 Tract A,Port Alexander,AK,99836
1980,1010 Sandy Beach Rd,Thorne Bay,AK,99919
1981,Tract 4A of ASLS 96-31,Hollis,AK,99921
1982,100 Heather Street Unit 2,Thorne Bay,AK,99950
1983,126 Bayview Rd,Whale Pass,AK,99950
1984,100 Heather St,Naukati,AK,99950
1985,127 Lake St,Aleknagik,AK,99555
1986,29 Sagayak Ave,Clarks Point,AK,99569
1987,5052 Nushagak Way,Koliganek,AK,99576
1988,130 Heights Rd,Manokotak,AK,99628
1989,29 Old Airport Way,New Stuyahok,AK,99636
1990,50 Togiak School Lane,Togiak,AK,99678
1991,#5 Ekwok School Rd,Ekwok,AK,99580
1992,#5 Twin Hills School Rd,Twin Hills,AK,99576
1993,89 Front St,Tanana,AK,99777
1994,503 East Broadway,Unalaska,AK,99685
1995,55 E Broadway,Unalaska,AK,99685
1996,500 Big Dog Salmon Way,Angoon,AK,99820
1997,12 Gustavus Rd,Gustavus,AK,99826
1998,500 Big Dog Salmon Way,Angoon,AK,99820
1999,Mile 22 Haines Hwy,Klukwan,AK,99827
2000,200 Boundary Ave,Aniak,AK,99557
2001,202 Blueberry Hill,Chuathbaluk,AK,99557
2002,203 Mountville Dr,Crooked Creek,AK,99575
2003,208 Beach Front Rd,Lower Kalskag,AK,99626
2004,206 River Bend Rd,Sleetmute,AK,99668
2005,205 Elbow Rd,Stony River,AK,99557
2006,207 Kusko River Rd,Kalskag,AK,99607
2007,201 High School Rd,Aniak,AK,99557
2008,209 Airport Rd,Kalskag,AK,99607
2009,3120 First St,Anderson,AK,99744
2010,29 Main St,Cantwell,AK,99729
2011,400 Suntrana St,Healy,AK,99743
2012,1 Suntrana St,Healy,AK,99743
2013,305 Mountain St,Arctic Village,AK,99722
2014,#1 Marten Hill Dr,Chalkyitsik,AK,99788
2015,161 MilePost Steese Hwy,Circle,AK,99733
2016,129 Main St,Fort Yukon,AK,99740
2017,360 Chandalar Dr,Venetie,AK,99781
2018,310 River Rd,Beaver,AK,99724
2019,357 Robe River Dr,Valdez,AK,99686
2020,319 Robe River Dr,Valdez,AK,99686
2021,1009 West Klutina,Valdez,AK,99686
2022,Main St,Tatitlek,AK,99677
2023,Portage St,Whittier,AK,99693
2024,9312 Vanguard Dr,Anchorage,AK,99507
2025,Main St,Chenega Bay,AK,99574
2026,350 Bennett St,Wrangell,AK,99929
2027,310 Reid St,Wrangell,AK,99929
2028,312 Church St,Wrangell,AK,99929
2029,429 Forest Hwy,Yakutat,AK,99689
2030,429 Forest Hwy,Yakutat,AK,99689
2031,3rd Street Complex,Allakaket,AK,99720
2032,Moose Loop 4,Hughes,AK,99745
2033,Huslia School Blvd,Huslia,AK,99746
2034,Main St,Kaltag,AK,99748
2035,100 Main St,Koyukuk,AK,99754
2036,Laker One St,Minto,AK,99758
2037,123 Front St,Nulato,AK,99765
2038,1st & Hilltop,Ruby,AK,99768
2039,4762 Old Airport Way,Fairbanks,AK,99709
2040,13 Wiehl Way,Rampart,AK,99767
2041,89 Front St,Tanana,AK,99777
2042,33606 N 60TH ST,SCOTTSDALE,AZ,85266
2043,27880 N. 64th Street,Scottsdale,AZ,85266
2044,33401 N 56TH ST,CAVE CREEK,AZ,85331
2045,5802 E. Dove Valley Rd.,Scottsdale,AZ,85266
2046,5555 East Pinnacle Vista Drive,Phoenix,AZ,85085
2047,4322 E  Desert Willow Parkway,Cave Creek,AZ,85331
2048,5250 E. Montgomery Rd.,Cave Creek,AZ,85331
2049,5405 E. Pinnacle Vista Drive,Phoenix,AZ,85085
2050,33016 N 60TH ST,SCOTTSDALE,AZ,85266
2051,1036 N ROAD 1 W,CHINO VALLEY,AZ,86323
2052,1076 N ROAD 1 W,CHINO VALLEY,AZ,86323
2053,760 E CENTER ST,CHINO VALLEY,AZ,86323
2054,1088 MAHAN LN,CHINO VALLEY,AZ,86323
2055,1615 MAIN ST,CLARKDALE,AZ,86324
2056,1615 MAIN ST,CLARKDALE,AZ,86324
2057,38128 Saguaro & Main,Salome,AZ,85348
2058,900 CARMELITA DR,SIERRA VISTA,AZ,85635
2059,510 N G AVE,DOUGLAS,AZ,85607
2060,919 E 3RD ST,DOUGLAS,AZ,85607
2061,1415 F AVE,DOUGLAS,AZ,85607
2062,900 CARMELITA DR,SIERRA VISTA,AZ,85635
2063,2257 E CEDAR AVE,FLAGSTAFF,AZ,86004
2064,3401 N FORT VALLEY RD,FLAGSTAFF,AZ,86001
2065,850 N LOCUST ST,FLAGSTAFF,AZ,86001
2066,255 N. Cottonwood St.,Colorado City,AZ,86021
2067,255 N. Cottownwood St.,Colorado City,AZ,86021
2068,255 N. Cottownwood St.,Colorado City,AZ,86021
2069,185 E. University Ave.,Colorado City,AZ,86021
2070,90 CRN 3139,Vernon,AZ,85940
2071,1 Mile North of Hwy 41,Pinon,AZ,86510
2072,1 Mile North of Hwy 41,Pinon,AZ,86510
2073,1 Mile North of Hwy 41,Pinon,AZ,86510
2074,1 Mile North of Pinon Navajo R,Pinon,AZ,86510
2075,3375 BUCKSKIN CANYON RD,HEBER,AZ,85928
2076,3375 Buckskin Road,Heber,AZ,85928
2077,3450 Mustang Ave.,Heber,AZ,85928
2078,2181 W. Country Club Dr.,Heber-Overgaard,AZ,85933
2079,201 E MAIN ST,SAFFORD,AZ,85546
2080,33625 N NORTH VALLEY PKWY,PHOENIX,AZ,85085
2081,221 W 6TH AVE,MESA,AZ,85210
2082,1520 W ROSE GARDEN LN,PHOENIX,AZ,85027
2083,2930 W BETHANY HOME RD,PHOENIX,AZ,85017
2084,1535 W DUNLAP AVE,PHOENIX,AZ,85021
2085,44 E 5TH ST,MESA,AZ,85201
2086,108 N 40TH ST,PHOENIX,AZ,85034
2087,1216 E APACHE BLVD,TEMPE,AZ,85281
2088,4827 N COUNTRY CLUB DR,SCOTTSDALE,AZ,85256
2089,4848 S 2ND ST,PHOENIX,AZ,85040
2090,32 S CENTER ST,MESA,AZ,85210
2091,Germann Road & Haws Road,Queen Creek,AZ,85142
2092,32 S CENTER ST,MESA,AZ,85210
2093,4535 N 28TH ST,PHOENIX,AZ,85016
2094,7310 N 27TH AVE,PHOENIX,AZ,85051
2095,1410 N 3RD ST,PHOENIX,AZ,85004
2096,649 N 6TH AVE,PHOENIX,AZ,85003
2097,1427 E. Bell Rd. STE 102-103,Phoenix,AZ,85022
2098,2222 W NORTHERN AVE STE A110,PHOENIX,AZ,85021
2099,22120 E Queen Creek Rd,Queen Creek,AZ,85142
2100,320 E WARNER RD,GILBERT,AZ,85296
2101,22951 S. Power Rd.,Gilbert,AZ,85297
2102,18864 E Germann Rd,Queen Creek,AZ,85142
2103,1650 W SOUTHERN AVE,PHOENIX,AZ,85041
2104,1700 W WARNER RD,CHANDLER,AZ,85224
2105,9215 N 14TH ST,PHOENIX,AZ,85020
2106,2536 N 3RD ST,PHOENIX,AZ,85004
2107,1251 E SOUTHERN AVE,TEMPE,AZ,85282
2108,400 N ANDERSEN BLVD,CHANDLER,AZ,85224
2109,2834 E SOUTHERN AVE,MESA,AZ,85204
2110,815 N GILBERT RD,MESA,AZ,85203
2111,3400 N BURBANK ST,KINGMAN,AZ,86409
2112,3419 HARRISON ST,KINGMAN,AZ,86409
2113,3269 HARRISON ST,KINGMAN,AZ,86409
2114,3420 N BURBANK ST,KINGMAN,AZ,86409
2115,1501 E VALENCIA RD,BULLHEAD CITY,AZ,86426
2116,1300 North Centennial Blvd,Taylor,AZ,85939
2117,2555 E 1ST ST # 111,TUCSON,AZ,85716
2118,231 W GIACONDA WAY STE 113,TUCSON,AZ,85704
2119,1929 N STONE AVE,TUCSON,AZ,85705
2120,1915 E 36TH ST,TUCSON,AZ,85713
2121,1695 E FORT LOWELL RD,TUCSON,AZ,85719
2122,2250 E LAGUNA RD,MOHAVE VALLEY,AZ,86440
2123,2251 HIGHWAY 95,BULLHEAD CITY,AZ,86442
2124,5221 HIGHWAY 95 STE 5,FORT MOHAVE,AZ,86426
2125,1840 E BENSON HWY,TUCSON,AZ,85714
2126,409 W MCMURRAY BLVD,CASA GRANDE,AZ,85122
2127,1122 N G AVE,DOUGLAS,AZ,85607
2128,1233 N. Main Street,San Luis,AZ,85349
2129,115 N. Columbia Avenue,Somerton,AZ,85350
2130,4116 Avenida Cochise Suites F,Sierra Vista,AZ,85635
2131,203 BISBEE RD STE A,BISBEE,AZ,85603
2132,165 KACHINA DR,SEDONA,AZ,86336
2133,3600 SUNSET DR,CHINO VALLEY,AZ,86323
2134,6116 E. Highway 69,Prescott Valley,AZ,86314
2135,125 S RUSH ST,PRESCOTT,AZ,86303
2136,2330 W 28TH ST,YUMA,AZ,85364
2137,3810 W 16TH ST,YUMA,AZ,85364
2138,311 W CATTLE DRIVE TRL,FLAGSTAFF,AZ,86005
2139,3300 W. Sparrow Ave.,Flagstaff,AZ,86004
2140,306 W CEDAR AVE,FLAGSTAFF,AZ,86001
2141,1300 E CEDAR ST,GLOBE,AZ,85501
2142,17606 N 7TH AVE,PHOENIX,AZ,85023
2143,201 E DURANGO ST,PHOENIX,AZ,85004
2144,3943 E THOMAS RD,PHOENIX,AZ,85018
2145,2909 W. Bell Road,Phoenix,AZ,85053
2146,7910 N. 43rd Avenue,Glendale,AZ,85301
2147,1290 N. Scottsdale Road STE 13,Tempe,AZ,85281
2148,9516 W. Peoria Ave. STE 19-22,Peoria,AZ,85345
2149,5100 W Calle Tetakusim,Tucson,AZ,85757
2150,1660 W VALENCIA RD,TUCSON,AZ,85746
2151,3624 West Bell Road Suite 4-6,Glendale,AZ,85308
2152,3775 E UNION HILLS DR,PHOENIX,AZ,85050
2153,5201 N 7TH ST,PHOENIX,AZ,85014
2154,432 E Southern,PHOENIX,AZ,85040
2155,1105 E BROADWAY RD,TEMPE,AZ,85282
2156,1105 E BROADWAY RD,TEMPE,AZ,85282
2157,1855 S Country Club Dr,Mesa,AZ,85210
2158,3738 N 16TH ST,PHOENIX,AZ,85016
2159,1700 E ELLIOT RD STE 9,TEMPE,AZ,85284
2160,3155 S SAN TAN VILLAGE PKWY,GILBERT,AZ,85295
2161,23908 S HAWES RD,QUEEN CREEK,AZ,85142
2162,34696 N VILLAGE LN,San Tan Valley,AZ,85142
2163,4507 S MOUNTAIN RD,MESA,AZ,85212
2164,4380 N. Hunt Hwy,Florence,AZ,85312
2165,463 W. Combs Rd,San Tan Valley,AZ,85141
2166,APN 304-64-878,Queen Creek,AZ,85142
2167,1070 S HIGLEY RD,GILBERT,AZ,85296
2168,1750 E RIGGS RD,GILBERT,AZ,85298
2169,14582 N. Sarival Ave,Surprise,AZ,85379
2170,6913 E Rembrandt Ave,Mesa,AZ,85212
2171,7729 E. Pecos Road,Mesa,AZ,85212
2172,5901 E THOMAS RD,MESA,AZ,85215
2173,3039 Leadership Way,Sierra Vista,AZ,85650
2174,16811 E EL PUEBLO BLVD,FOUNTAIN HLS,AZ,85268
2175,12051 E FORT LOWELL RD,TUCSON,AZ,85749
2176,4105 E SHEA BLVD,PHOENIX,AZ,85028
2177,7624 W INDIAN SCHOOL RD,PHOENIX,AZ,85033
2178,525 E MCDOWELL RD,PHOENIX,AZ,85004
2179,1301 E FORT LOWELL RD,TUCSON,AZ,85719
2180,1301 E FORT LOWELL RD,TUCSON,AZ,85719
2181,2030 E CHERRY ST,COTTONWOOD,AZ,86326
2182,132 W GENERAL CROOK TRL,CAMP VERDE,AZ,86322
2183,1333 W CAMELBACK RD,PHOENIX,AZ,85013
2184,2098 S 3RD AVE,YUMA,AZ,85364
2185,1150 N COUNTRY CLUB RD,TUCSON,AZ,85716
2186,1220 S 4TH AVE,YUMA,AZ,85364
2187,1150 N COUNTRY CLUB RD,TUCSON,AZ,85716
2188,3825 E 2ND ST,TUCSON,AZ,85716
2189,5801 W GREENBRIAR DR,GLENDALE,AZ,85308
2190,852 W 250 N,PIMA,AZ,85543
2191,715 W. Mariposa St.,Phoenix,AZ,85013
2192,207 N MESA DR,MESA,AZ,85201
2193,1333 E 10TH ST,TUCSON,AZ,85719
2194,2200 N ARIZONA AVE STE 17,CHANDLER,AZ,85225
2195,4386 W BETHANY HOME RD,GLENDALE,AZ,85301
2196,2059 N GRAND AVE,NOGALES,AZ,85621
2197,667 N 7TH AVE,TUCSON,AZ,85705
2198,446 E BROADWAY RD,MESA,AZ,85204
2199,5310 N 12TH ST # 100,PHOENIX,AZ,85014
2200,East Highway 160/98,Shonto,AZ,86054
2201,1460 E Horne,Mesa,AZ,85204
2202,20370 W. Roosevelt St,Buckeye,AZ,85326
2203,104 E PRINCE RD,TUCSON,AZ,85705
2204,2384 N. Steves Blvd.,Flagstaff,AZ,86004
2205,583 South Lake Powell Boulevar,Page,AZ,86040
2206,2384 N. Steves Blvd.,Flagstaff,AZ,86004
2207,1025 E LIBERTY LN,PHOENIX,AZ,85048
2208,4120 E ACOMA DR,PHOENIX,AZ,85032
2209,9412 E BROWN RD,MESA,AZ,85207
2210,20365 East Ocotillo Road,Queen Creek,AZ,85142
2211,2207 N DOBSON RD,CHANDLER,AZ,85224
2212,1903 E ROESER RD,PHOENIX,AZ,85040
2213,35812 N 7TH ST,PHOENIX,AZ,85086
2214,4027 N 45TH AVE,PHOENIX,AZ,85031
2215,3715 N WASHINGTON AVE,DOUGLAS,AZ,85607
2216,8140 E. Golf Links Rd,TUCSON,AZ,85712
2217,13644 North Sandario Road,Marana,AZ,85653
2218,7900 S JESSE OWENS PKWY,PHOENIX,AZ,85042
2219,222 South McQueen Road,Chandler,AZ,85225
2220,1846 E BELLA VISTA RD,San Tan Valley,AZ,85143
2221,190 South 2nd West,Snowflake,AZ,85937
2222,500 W OLD LINDEN RD,SHOW LOW,AZ,85901
2223,1200 W WHITE MOUNTAIN BLVD,LAKESIDE,AZ,85929
2224,550 North Butler St,Eagar,AZ,85925
2225,3450 MUSTANG AVE,Heber,AZ,85928
2226,1320 E THORNTON RD,SHOW LOW,AZ,85901
2227,360 Redskin Drive,St Johns,AZ,85936
2228,455 N 8TH AVE,HOLBROOK,AZ,86025
2229,4629 2nd North,Joseph City,AZ,86032
2230,600 E CHERRY ST,WINSLOW,AZ,86047
2231,200 Falcon Way,Whiteriver,AZ,85941
2232,301 S MCLANE RD,PAYSON,AZ,85937
2233,1001 W DEUCE OF CLUBS,SHOW LOW,AZ,85901
2234,2251 NAVAJO BLVD,HOLBROOK,AZ,86025
2235,940 E. Maricopa Street,Springerville,AZ,85938
2236,1611 S MAIN ST,SNOWFLAKE,AZ,85937
2237,201 N MUD SPRINGS RD,PAYSON,AZ,85541
2238,1400 E THIRD ST,WINSLOW,AZ,86047
2239,65 South 3rd West,St. Johns,AZ,85936
2240,175 W IRVINGTON RD,TUCSON,AZ,85714
2241,10720 E 22ND ST,TUCSON,AZ,85748
2242,2300 N TANQUE VERDE LOOP RD,TUCSON,AZ,85749
2243,9209 E WRIGHTSTOWN RD,TUCSON,AZ,85715
2244,3686 W ORANGE GROVE RD STE 192,TUCSON,AZ,85741
2245,1466 W CAMINO ANTIGUA,SAHUARITA,AZ,85629
2246,1455 WILLOW CREEK RD,PRESCOTT,AZ,86301
2247,8300 E DANA DR,Prescott Valley,AZ,86314
2248,9030 E FLORENTINE RD,Prescott Valley,AZ,86314
2249,2100 WILLOW CREEK RD,PRESCOTT,AZ,86301
2250,5522 SIDE RD,PRESCOTT,AZ,86301
2251,360 S PATAGONIA ST,BENSON,AZ,85602
2252,360 S PATAGONIA ST,BENSON,AZ,85602
2253,360 S PATAGONIA ST,BENSON,AZ,85602
2254,197 E 7TH ST,BENSON,AZ,85602
2255,360 S PATAGONIA ST,BENSON,AZ,85602
2256,145 LEUPP RD,FLAGSTAFF,AZ,86004
2257,12990 E SHEA BLVD,SCOTTSDALE,AZ,85259
2258,131 E SOUTHERN AVE,MESA,AZ,85210
2259,3816 N 27TH AVE,PHOENIX,AZ,85017
2260,2321 E BELL RD,PHOENIX,AZ,85022
2261,3120 N 32ND ST,PHOENIX,AZ,85018
2262,3816 N 27TH AVE,PHOENIX,AZ,85017
2263,2033 E SOUTHERN AVE,PHOENIX,AZ,85040
2264,2325 W SUNSET RD,TUCSON,AZ,85741
2265,2325 W SUNSET RD,TUCSON,AZ,85741
2266,16233 S 48TH ST,PHOENIX,AZ,85048
2267,217 E OLYMPIC DR,PHOENIX,AZ,85042
2268,4707 E ROBERT E LEE ST,PHOENIX,AZ,85032
2269,3535 W DUNLAP AVE,PHOENIX,AZ,85051
2270,5815 S MCCLINTOCK DR,TEMPE,AZ,85283
2271,1709 N GREENFIELD RD,MESA,AZ,85205
2272,1709 N GREENFIELD RD,MESA,AZ,85205
2273,1045 S SAN MARCOS DR,Apache Junction,AZ,85120
2274,11039 W OLIVE AVE,PEORIA,AZ,85345
2275,1700 N. 7th Ave.,Phoenix,AZ,85007
2276,2504 S 91ST AVE,TOLLESON,AZ,85353
2277,15533 W PARADISE LN,SURPRISE,AZ,85374
2278,12775 N 175TH AVE,SURPRISE,AZ,85388
2279,12805 N 175TH DR,SURPRISE,AZ,85388
2280,7500 N 40th Street,Phoenix,AZ,85042
2281,1460 S HORNE,MESA,AZ,85204
2282,1460 S HORNE,MESA,AZ,85204
2283,982 FULL HOUSE LN,SHOW LOW,AZ,85901
2284,982 FULL HOUSE LN,SHOW LOW,AZ,85901
2285,1945 S 1ST ST E,SNOWFLAKE,AZ,85937
2286,2598 STARLITE LN,Lake Havasu City,AZ,86403
2287,2598 STARLITE LN,Lake Havasu City,AZ,86403
2288,2470 N TUCSON BLVD,TUCSON,AZ,85716
2289,2470 N TUCSON BLVD,TUCSON,AZ,85716
2290,9239 E WRIGHTSTOWN RD,TUCSON,AZ,85715
2291,5260 N ROYAL PALM DR,TUCSON,AZ,85705
2292,850 W VALENCIA RD,TUCSON,AZ,85706
2293,850 W VALENCIA RD,TUCSON,AZ,85706
2294,8495 E BROADWAY BLVD,TUCSON,AZ,85710
2295,500 N 3RD AVE,PATAGONIA,AZ,85624
2296,2875 E FRONTAGE RD,AMADO,AZ,85645
2297,6711 E 2ND ST,Prescott Valley,AZ,86314
2298,2150 Southern Avenue STE 713,Tempe,AZ,85282
2299,3777 W 16TH ST,YUMA,AZ,85364
2300,1833 N SCOTTSDALE RD,TEMPE,AZ,85281
2301,8194 W. Deer Valley Rd STE B10,Peoria,AZ,85382
2302,208000 N. John Wayne Parkway S,MARICOPA,AZ,85139
2303,1730 S. 4th Avenue,yuma,AZ,85364
2304,6201 N 35th Ave,Phoenix,AZ,85017
2305,510 S HIGHLAND AVE,TUCSON,AZ,85719
2306,433 N HALL,MESA,AZ,85203
2307,18424 N 51ST AVE,GLENDALE,AZ,85308
2308,2400 S 247TH AVE,BUCKEYE,AZ,85326
2309,625 MARINA BLVD,BULLHEAD CITY,AZ,86442
2310,365 West Cannon Avenue,Colorado City,AZ,86021
2311,350 E 18TH ST,YUMA,AZ,85364
2312,1044 N. 10th Avenue,San Luis,AZ,85349
2313,1402 N SAN ANTONIO AVE,DOUGLAS,AZ,85607
2314,7544 W INDIAN SCHOOL RD STE A2,PHOENIX,AZ,85033
2315,3001 W. Indian School,Phoenix,AZ,85017
2316,16500 Pierce Ferry Road,Dolan Springs,AZ,86441
2317,1969 DETROIT AVE,KINGMAN,AZ,86401
2318,3175 E GORDON DR,KINGMAN,AZ,86409
2319,2601 DETROIT AVE,KINGMAN,AZ,86401
2320,4182 N BANK ST,KINGMAN,AZ,86409
2321,350 EASTERN ST,KINGMAN,AZ,86401
2322,2689 E JAGERSON AVE,KINGMAN,AZ,86409
2323,3404 N SANTA MARIA RD,GOLDEN VALLEY,AZ,86413
2324,3550 PROSPECTOR ST,KINGMAN,AZ,86401
2325,3700 PROSPECTOR ST,KINGMAN,AZ,86401
2326,400 GRANDVIEW AVE,KINGMAN,AZ,86401
2327,3033 MacDonald Ave,KINGMAN,AZ,86401
2328,3033 MacDonald Ave,Kingman,AZ,86401
2329,3033 MacDonald Ave,KINGMAN,AZ,86401
2330,10720 W Indian School Rd.,Phoenix,AZ,85037
2331,15688 W ACOMA DR,SURPRISE,AZ,85379
2332,3515 W UNION HILLS DR STE 119,GLENDALE,AZ,85308
2333,9640 N METRO PKWY W UNIT 147,PHOENIX,AZ,85051
2334,4744 W GROVERS AVE,GLENDALE,AZ,85308
2335,16578 W GREENWAY RD STE 204 BL,SURPRISE,AZ,85388
2336,6213 S. Miller Ave.,Buckeye,AZ,85326
2337,4744 W GROVERS AVE,GLENDALE,AZ,85308
2338,1035 E. Van Buren Street,Avondale,AZ,85323
2339,6325 BAJA CIR,Prescott Valley,AZ,86314
2340,2970 CENTERPOINTE EAST DR,PRESCOTT,AZ,86301
2341,4635 E. Ragus Rd.,Miami,AZ,85539
2342,824 Thorne Ave,Winkelman,AZ,85292
2343,100 W PANTHER DR,SUPERIOR,AZ,85173
2344,27010 E HIGHWAY 70,PERIDOT,AZ,85542
2345,437 S HIGH ST,GLOBE,AZ,85501
2346,1500 Panther Dr Bldg 3 Room,SUPERIOR,AZ,85173
2347,701 N. Highway 177,Kearny,AZ,85137
2348,80440 E ARAVAIPA RD,WINKELMAN,AZ,85192
2349,98 N HIGH SCHOOL AVE,SUPERIOR,AZ,85173
2350,3701 E RIVER RD,TUCSON,AZ,85718
2351,2701 S CAMPBELL AVE,TUCSON,AZ,85713
2352,8556 E LOOS DR,Prescott Valley,AZ,86314
2353,7555 E LONG LOOK DR,Prescott Valley,AZ,86314
2354,1712 E GUADALUPE RD STE 101,TEMPE,AZ,85283
2355,1712 E GUADALUPE RD STE 101,TEMPE,AZ,85283
2356,326 W FORT LOWELL RD,TUCSON,AZ,85705
2357,12450 W MARYLAND AVE,Litchfield Park,AZ,85340
2358,16011 N DYSART RD,SURPRISE,AZ,85374
2359,10215 N 43RD AVE,PHOENIX,AZ,85051
2360,4941 W UNION HILLS DR,GLENDALE,AZ,85308
2361,6753 W PINNACLE PEAK RD,GLENDALE,AZ,85310
2362,2471 N. Arizona Ave.,Chandler,AZ,85225
2363,8250 E 22ND ST # 128,TUCSON,AZ,85710
2364,5850 W Northview Ave,Glendale,AZ,85301
2365,798 E PRICKLY PEAR DR,GLOBE,AZ,85501
2366,7301 E BASELINE RD,MESA,AZ,85209
2367,1801 E FIR ST,COTTONWOOD,AZ,86326
2368,1326 N MONTEZUMA CASTLE HWY,CAMP VERDE,AZ,86322
2369,995 UPPER RED ROCK LOOP RD,SEDONA,AZ,86336
2370,3405 E STATE ROUTE 89A BLDG B,COTTONWOOD,AZ,86326
2371,830 S MAIN ST STE 2E,COTTONWOOD,AZ,86326
2372,830 S MAIN ST STE 2E,COTTONWOOD,AZ,86326
2373,4215 ARTS VILLAGE DR,SEDONA,AZ,86336
2374,1844 S ALVERNON WAY,TUCSON,AZ,85711
2375,1854 S ALVERNON WAY,TUCSON,AZ,85711
2376,240 N BISBEE AVE,WILLCOX,AZ,85643
2377,4088 W JEFFERSON RD,ELFRIDA,AZ,85610
2378,70 E PATTON ST,SAINT DAVID,AZ,85630
2379,2226 W. Business I-10,San Simon,AZ,85632
2380,1211 N Yellow Jacket Way,Tombstone,AZ,85638
2381,360 S PATAGONIA ST,BENSON,AZ,85602
2382,315 W. 5th Street,Bowie,AZ,85605
2383,1500 E 15TH ST,DOUGLAS,AZ,85607
2384,6506 E MILLS MAERKER RD,WILLCOX,AZ,85643
2385,325 School Terrace Road,Bisbee,AZ,85603
2386,5225 E BUENA SCHOOL BLVD,SIERRA VISTA,AZ,85635
2387,901 COLOMBO AVE,SIERRA VISTA,AZ,85635
2388,200 NAUGLE AVE,PATAGONIA,AZ,85624
2389,1 BOULDER ST,GRAND CANYON,AZ,86023
2390,434 S. Lake Powell Blvd,Page,AZ,86040
2391,221 E. Horrt St.,Fredonia,AZ,86022
2392,440 S 7TH ST,WILLIAMS,AZ,86046
2393,2801 N IZABEL ST,FLAGSTAFF,AZ,86004
2394,400 W ELM AVE,FLAGSTAFF,AZ,86001
2395,2800 S LONE TREE RD,FLAGSTAFF,AZ,86005
2396,19 Poplar St,Page,AZ,86040
2397,19 Poplar St,Page,AZ,86040
2398,636 S 7TH ST,WILLIAMS,AZ,86046
2399,3950 E BUTLER AVE,FLAGSTAFF,AZ,86004
2400,3401 N FORT VALLEY RD,FLAGSTAFF,AZ,86001
2401,222 East 200 North,Fredonia,AZ,86022
2402,1789 W COOLIDGE AVE,COOLIDGE,AZ,85128
2403,900 W. Main St.,Eloy,AZ,85231
2404,45012 W HONEYCUTT AVE,MARICOPA,AZ,85139
2405,350 S. Main St,Florence,AZ,85232
2406,450 W. Arizona Blvd.,Coolidge,AZ,85228
2407,1362 N CASA GRANDE AVE,CASA GRANDE,AZ,85122
2408,1362 N CASA GRANDE AVE,CASA GRANDE,AZ,85122
2409,1255 W SILVERDALE RD,QUEEN CREEK,AZ,85142
2410,32375 N GANTZEL RD,QUEEN CREEK,AZ,85143
2411,1556 N ARIZOLA RD,CASA GRANDE,AZ,85122
2412,16200 N MURPHY RD,MARICOPA,AZ,85138
2413,615 N STADIUM AVE,THATCHER,AZ,85552
2414,1400 W 11TH ST,SAFFORD,AZ,85546
2415,38 E 200 SOUTH,PIMA,AZ,85543
2416,15502 W. Highway 70,Fort Thomas,AZ,85536
2417,601 N 3RD AVE,Thatcher,AZ,85552
2418,108 Stadium St.,Duncan,AZ,85534
2419,3200 West Discovery Park Blvd.,Safford,AZ,85546
2420,297 E US HIGHWAY 70,BYLAS,AZ,85530
2421,473 STADIUM DR,MORENCI,AZ,85540
2422,2016 North First Street A & B,Flagstaff,AZ,86004
2423,2929 E MCKELLIPS RD,MESA,AZ,85213
2424,510 N CENTRAL AVE,AVONDALE,AZ,85323
2425,8885 W PEORIA AVE,PEORIA,AZ,85345
2426,1143 S LINDSAY RD,MESA,AZ,85204
2427,3835 W THOMAS RD,PHOENIX,AZ,85019
2428,440 N GRANDE AVE,TUCSON,AZ,85745
2429,945 W APACHE TRL,Apache Junction,AZ,85120
2430,1315 N GREENFIELD RD,GILBERT,AZ,85234
2431,2050 N WILMOT RD,TUCSON,AZ,85712
2432,8140 E GOLF LINKS RD,TUCSON,AZ,85730
2433,5660 S 12TH AVE,TUCSON,AZ,85706
2434,1727 N ARIZONA AVE STE 5,CHANDLER,AZ,85225
2435,2222 W NORTHERN AVE STE A110,PHOENIX,AZ,85021
2436,3327 W PEORIA AVE,PHOENIX,AZ,85029
2437,4961 W BELL RD STE B9,GLENDALE,AZ,85308
2438,2222 W NORTHERN AVE STE A110,PHOENIX,AZ,85021
2439,6210 S 28TH ST,PHOENIX,AZ,85042
2440,1346 N STONE AVE,TUCSON,AZ,85705
2441,924 N Alvernon Way,Tucson,AZ,85711
2442,1557 W PRINCE RD,TUCSON,AZ,85705
2443,3448 N 1ST AVE,TUCSON,AZ,85719
2444,4735 N 19TH AVE,PHOENIX,AZ,85015
2445,2700 W BROADWAY BLVD,TUCSON,AZ,85745
2446,1625 W VALENCIA RD STE 109,TUCSON,AZ,85746
2447,2700 W BROADWAY BLVD,TUCSON,AZ,85745
2448,450 N PANTANO RD,TUCSON,AZ,85710
2449,18052 N BLACK CANYON HWY,PHOENIX,AZ,85053
2450,3535 W DUNLAP AVE,PHOENIX,AZ,85051
2451,18052 N BLACK CANYON HWY,PHOENIX,AZ,85053
2452,3777 W 22ND LN,YUMA,AZ,85364
2453,3777 W 22ND LN,YUMA,AZ,85364
2454,251 W IRVINGTON RD,TUCSON,AZ,85714
2455,1515 S VAL VISTA DR,GILBERT,AZ,85296
2456,2616 E GREENWAY RD,PHOENIX,AZ,85032
2457,728 E MCDOWELL RD,PHOENIX,AZ,85006
2458,217 E OLYMPIC DR,PHOENIX,AZ,85042
2459,4290 S MILLER RD STE 102,BUCKEYE,AZ,85326
2460,3660 W GLENDALE AVE,PHOENIX,AZ,85051
2461,7634 W CAMELBACK RD,GLENDALE,AZ,85303
2462,7318 W LYNWOOD ST,PHOENIX,AZ,85035
2463,7318 W LYNWOOD ST,PHOENIX,AZ,85035
2464,459 N GILBERT RD STE D165,GILBERT,AZ,85234
2465,717 W RAY RD,GILBERT,AZ,85233
2466,10115 E UNIVERSITY DR,MESA,AZ,85207
2467,633 E RAY RD STE 132,GILBERT,AZ,85296
2468,3400 E LOCKETT RD,FLAGSTAFF,AZ,86004
2469,851 North Stapley Drive bld  6,Mesa,AZ,85203
2470,6050 N INVERGORDON RD,Paradise Valley,AZ,85253
2471,5818 N 7TH ST,PHOENIX,AZ,85014
2472,4141 N 67TH AVE,PHOENIX,AZ,85033
2473,8632 W NORTHERN AVE,GLENDALE,AZ,85305
2474,3652 E BLACKWATER SCHOOL RD,COOLIDGE,AZ,85128
2475,3652 E BLACKWATER SCHOOL RD,COOLIDGE,AZ,85128
2476,7107 N BLACK CANYON HWY,PHOENIX,AZ,85021
2477,7140 W HAPPY VALLEY RD,PEORIA,AZ,85383
2478,48 E PENNINGTON ST,TUCSON,AZ,85701
2479,300 E. University Blvd.,Tucson,AZ,85705
2480,47 E PENNINGTON ST,TUCSON,AZ,85701
2481,3727 N 1ST AVE,TUCSON,AZ,85719
2482,625 MARINA BLVD,BULLHEAD CITY,AZ,86442
2483,945 THUMB BUTTE,BULLHEAD CITY,AZ,86429
2484,1547 E LIPAN BLVD,FORT MOHAVE,AZ,86426
2485,41900 N 42ND AVE,ANTHEM,AZ,85086
2486,2002 E BASELINE RD,PHOENIX,AZ,85042
2487,Indian Rte. 6 MP 10.5,San Carlos,AZ,85550
2488,1589 E PLANTATION RD,MOHAVE VALLEY,AZ,86440
2489,2400 W DUNLAP AVE STE 150,PHOENIX,AZ,85021
2490,7420 E MAIN ST,MESA,AZ,85207
2491,12050 N BULLARD AVE,SURPRISE,AZ,85379
2492,9701 E SOUTHERN AVE,MESA,AZ,85209
2493,335 E GERMANN RD STE 140,GILBERT,AZ,85297
2494,6313 W SOUTHERN AVE,LAVEEN,AZ,85339
2495,99 E VIRGINIA AVE STE 200,PHOENIX,AZ,85004
2496,5323 N 99TH AVE STE 210,GLENDALE,AZ,85305
2497,6738 W MCDOWELL RD,PHOENIX,AZ,85035
2498,1240 S RECYCLER RD,CORNVILLE,AZ,86325
2499,1951 N ALMA SCHOOL RD,CHANDLER,AZ,85224
2500,14850 N 156TH AVE,SURPRISE,AZ,85379
2501,9701 E SOUTHERN AVE,MESA,AZ,85209
2502,9500 E LORNA LN,Prescott Valley,AZ,86314
2503,5050 North 19th Ave.,Phoenix,AZ,85015
2504,1122 S 67TH AVE,PHOENIX,AZ,85043
2505,1350 N ARCADIA AVE,TUCSON,AZ,85712
2506,530 E RILEY DR,AVONDALE,AZ,85323
2507,14802 W WIGWAM BLVD,GOODYEAR,AZ,85395
2508,15778 W YUMA RD,GOODYEAR,AZ,85338
2509,20050 W INDIAN SCHOOL RD,BUCKEYE,AZ,85396
2510,6024 N PERRYVILLE RD,WADDELL,AZ,85355
2511,530 E RILEY DR,AVONDALE,AZ,85323
2512,2500 E VAN BUREN ST # G1181,PHOENIX,AZ,85008
2513,7654 N 19TH AVE,PHOENIX,AZ,85021
2514,1607 NAVAJO BLVD,HOLBROOK,AZ,86025
2515,1200 W SPEEDWAY BLVD,TUCSON,AZ,85745
2516,8055 N 24TH AVE STE 103,PHOENIX,AZ,85021
2517,1200 W SPEEDWAY BLVD,TUCSON,AZ,85745
2518,1047 S 4TH AVE FL 2,YUMA,AZ,85364
2519,1000 E BUTLER AVE STE 115,FLAGSTAFF,AZ,86001
2520,1200 W SPEEDWAY BLVD,TUCSON,AZ,85745
2521,1946 W MORTEN AVE,PHOENIX,AZ,85021
2522,1200 W SPEEDWAY BLVD,TUCSON,AZ,85745
2523,1234 E NORTHERN AVE,PHOENIX,AZ,85020
2524,2430 S 75TH AVE,PHOENIX,AZ,85043
2525,2005 N 91ST PL,CHANDLER,AZ,85224
2526,7654 N 19TH AVE,PHOENIX,AZ,85021
2527,7654 N 19TH AVE,PHOENIX,AZ,85021
2528,7654 N 19TH AVE,PHOENIX,AZ,85021
2529,7654 N 19TH AVE,PHOENIX,AZ,85021
2530,1200 W SPEEDWAY BLVD,TUCSON,AZ,85745
2531,2051 W NORTHERN AVE STE 200,PHOENIX,AZ,85021
2532,50023 N 514th Ave,Aguila,AZ,85320
2533,50023 N 514th Ave,Aguila,AZ,85320
2534,111 N WELL RD,AJO,AZ,85321
2535,111 N WELL RD,AJO,AZ,85321
2536,4530 W CAMPBELL AVE,PHOENIX,AZ,85031
2537,6530 N 44TH AVE,GLENDALE,AZ,85301
2538,6331 W. 39th Ave.,Phoenix,AZ,85019
2539,5631 N 35TH AVE,PHOENIX,AZ,85017
2540,3022 W CAMPBELL AVE,PHOENIX,AZ,85017
2541,5330 N 23RD AVE,PHOENIX,AZ,85015
2542,3801 W MISSOURI AVE,PHOENIX,AZ,85019
2543,4711 N 23RD AVE,PHOENIX,AZ,85015
2544,5725 N 27th Ave,Phoenix,AZ,85017
2545,3232 W CAMPBELL AVE,PHOENIX,AZ,85017
2546,5810 N 49TH AVE,GLENDALE,AZ,85301
2547,3851 W MISSOURI AVE,PHOENIX,AZ,85019
2548,3802 W Maryland Ave,Phoenix,AZ,85019
2549,3736 W Osborn Rd,Phoenix,AZ,85019
2550,6615 N 39TH AVE,PHOENIX,AZ,85019
2551,4730 W CAMPBELL AVE,PHOENIX,AZ,85031
2552,4510 N 37TH AVE,PHOENIX,AZ,85019
2553,4432 W MARYLAND AVE,GLENDALE,AZ,85301
2554,10400 N 128TH ST,SCOTTSDALE,AZ,85259
2555,5821 W BEVERLY LN,GLENDALE,AZ,85306
2556,Warrior Drive,Tuba City,AZ,86045
2557,North Highway 163,Kayenta,AZ,86033
2558,1 mile N. Pinon Route 41,Pinon,AZ,86510
2559,Hwy. 191 & Navajo Route 7,Chinle,AZ,86503
2560,Ganado High School Hwy. 264,Ganado,AZ,86505
2561,Mile Post 448 Highway 160,Teec Nos Pos,AZ,86514
2562,Navajo Route 12,FORT DEFIANCE,AZ,86504
2563,I-40 & US 191,Sanders,AZ,86512
2564,North Route 13 MP 22 Red Vall,Red Valley,AZ,86544
2565,N. Hwy 163 .6 mi East of Kaye,Kayenta,AZ,86033
2566,AZ-264,Keams Canyon,AZ,86034
2567,160 Warrior Dr,Tuba City,AZ,86045
2568,E. Hwy. 160 Rte. 98,Shonto,AZ,86054
2569,5757 E PIMA ST,TUCSON,AZ,85712
2570,825 E FORT LOWELL RD,TUCSON,AZ,85719
2571,3310 N 10TH AVE,PHOENIX,AZ,85013
2572,6051 W SWEETWATER AVE,GLENDALE,AZ,85304
2573,6330 W GREENWAY RD,GLENDALE,AZ,85306
2574,21200 N 83RD AVE,PEORIA,AZ,85382
2575,17901 W LUNDBERG ST,SURPRISE,AZ,85388
2576,15778 W YUMA RD,GOODYEAR,AZ,85338
2577,13033 S ESTRELLA PKWY,GOODYEAR,AZ,85338
2578,38201 W INDIAN SCHOOL RD,TONOPAH,AZ,85354
2579,8990 W ORANGEWOOD AVE,GLENDALE,AZ,85305
2580,2217 W GLENDALE AVE,PHOENIX,AZ,85021
2581,1750 W THUNDERBIRD RD,PHOENIX,AZ,85023
2582,35 W DUNLAP AVE,PHOENIX,AZ,85021
2583,3625 W CACTUS RD,PHOENIX,AZ,85029
2584,6602 N 75TH AVE,GLENDALE,AZ,85303
2585,3930 W GREENWAY RD,PHOENIX,AZ,85053
2586,6216 W GLENDALE AVE,GLENDALE,AZ,85301
2587,8828 N 31ST AVE,PHOENIX,AZ,85051
2588,8045 N 47TH AVE,GLENDALE,AZ,85302
2589,40404 N GAVILAN PEAK PKWY,ANTHEM,AZ,85086
2590,2820 W ROSE GARDEN LN,PHOENIX,AZ,85027
2591,18424 N 51ST AVE,GLENDALE,AZ,85308
2592,22800 N 67TH AVE,GLENDALE,AZ,85310
2593,25250 N. 35th Ave.,Glendale,AZ,85310
2594,1090 S VULTURE MINE RD,WICKENBURG,AZ,85390
2595,6997 N GLEN HARBOR BLVD,GLENDALE,AZ,85307
2596,5601 E GREENWAY RD,SCOTTSDALE,AZ,85254
2597,2902 E SHEA BLVD,PHOENIX,AZ,85028
2598,9621 W SPECKLED GECKO DR,PEORIA,AZ,85383
2599,3950 E BELL RD,PHOENIX,AZ,85032
2600,3535 E MAYO BLVD,PHOENIX,AZ,85050
2601,15550 N PARKVIEW PL,SURPRISE,AZ,85374
2602,20050 W INDIAN SCHOOL RD,BUCKEYE,AZ,85396
2603,1700 E UNION HLS DR,PHOENIX,AZ,85024
2604,7565 W. Peoria Ave.,Peoria,AZ,85381
2605,3000 S APACHE RD,BUCKEYE,AZ,85326
2606,38201 W INDIAN SCHOOL RD,TONOPAH,AZ,85354
2607,9617 N METRO PKWY W STE 2214,PHOENIX,AZ,85051
2608,10909 N PERRYVILLE RD,SURPRISE,AZ,85388
2609,14388 N 79TH AVE,PEORIA,AZ,85381
2610,11200 N 83RD AVE,PEORIA,AZ,85345
2611,11425 N DYSART RD,EL MIRAGE,AZ,85335
2612,14802 W WIGWAM BLVD,GOODYEAR,AZ,85395
2613,530 E RILEY DR,AVONDALE,AZ,85323
2614,902 E EASON AVE,BUCKEYE,AZ,85326
2615,10850 W GARDEN LAKES PKWY,AVONDALE,AZ,85392
2616,11650 W WHYMAN AVE,AVONDALE,AZ,85323
2617,9801 W VAN BUREN ST,TOLLESON,AZ,85353
2618,9419 W VAN BUREN ST,TOLLESON,AZ,85353
2619,9126 W CAMELBACK RD,GLENDALE,AZ,85305
2620,5405 N 99TH AVE,GLENDALE,AZ,85305
2621,500 N VERRADO WAY,BUCKEYE,AZ,85326
2622,1617 W WILLIAMS DR,PHOENIX,AZ,85027
2623,13201 W GRAND AVE,SURPRISE,AZ,85374
2624,6024 N PERRYVILLE RD,WADDELL,AZ,85355
2625,2931 W Bell Rd,Phoenix,AZ,85053
2626,6000 W Olive Ave,Glendale,AZ,85302
2627,5727 W Happy Valley Rd,Glendale,AZ,85310
2628,6515 W INDIAN SCHOOL RD,PHOENIX,AZ,85033
2629,3000 N Dysart Rd,Avondale,AZ,85392
2630,11620 W Encanto Blvd,Avondale,AZ,85392
2631,12775 N 175TH AVE,SURPRISE,AZ,85388
2632,777 N LOGAN AVE,GILA BEND,AZ,85337
2633,39808 N GAVILAN PEAK PKWY,ANTHEM,AZ,85086
2634,18401 N 32ND ST,PHOENIX,AZ,85032
2635,1216 E APACHE BLVD,TEMPE,AZ,85281
2636,8325 S CENTRAL AVE,PHOENIX,AZ,85042
2637,5040 S CAMPBELL AVE,TUCSON,AZ,85706
2638,2224 W SOUTHERN AVE STE 2,TEMPE,AZ,85282
2639,2224 W SOUTHERN AVE STE 1,TEMPE,AZ,85282
2640,2055 N GRAND AVE,NOGALES,AZ,85621
2641,2510 N TREKELL RD,CASA GRANDE,AZ,85122
2642,County Rd 2311  #101,Alpine,AZ,85920
2643,1169 COLOMBO AVE,SIERRA VISTA,AZ,85635
2644,2401 S WILMOT RD,TUCSON,AZ,85711
2645,8981 E TANQUE VERDE RD STE 281,TUCSON,AZ,85749
2646,7620 W LOWER BUCKEYE RD STE 10,PHOENIX,AZ,85043
2647,5651 W TALAVI BLVD STE 170,GLENDALE,AZ,85306
2648,16454 N 28TH AVE,PHOENIX,AZ,85053
2649,2906 N BOULDER CANYON,MESA,AZ,85207
2650,2345 N HORNE,MESA,AZ,85203
2651,4850 W. Eastmark Parkway,Mesa,AZ,85212
2652,1000 E WILCOX DR,SIERRA VISTA,AZ,85635
2653,1460 S HORNE,MESA,AZ,85204
2654,1648 S 16TH ST,PHOENIX,AZ,85034
2655,1648 S 16TH ST,PHOENIX,AZ,85034
2656,1938 E APACHE BLVD,TEMPE,AZ,85281
2657,790 E RODEO RD,WILLIAMS,AZ,86046
2658,6805 N 125TH AVE,GLENDALE,AZ,85307
2659,515 E CONTINENTAL DR,TEMPE,AZ,85281
2660,2820 W KELTON LN,PHOENIX,AZ,85053
2661,2820 W KELTON LN,PHOENIX,AZ,85053
2662,3102 N 56TH ST,PHOENIX,AZ,85018
2663,13615 N 35TH AVE STE 11,PHOENIX,AZ,85029
2664,315 E PRINCE RD,TUCSON,AZ,85705
2665,3401 E WILDS RD,TUCSON,AZ,85739
2666,2040 W OMAR DR,TUCSON,AZ,85704
2667,515 W KELSO ST,TUCSON,AZ,85705
2668,3500 N CHERRY AVE,TUCSON,AZ,85719
2669,2837 N LOS ALTOS AVE,TUCSON,AZ,85705
2670,125 E PRINCE RD,TUCSON,AZ,85705
2671,1000 W CHAPALA DR,TUCSON,AZ,85704
2672,1750 W ROLLER COASTER RD,TUCSON,AZ,85704
2673,266 E PASTIME RD,TUCSON,AZ,85705
2674,826 W CHAPALA DR,TUCSON,AZ,85704
2675,125 W YAVAPAI RD,TUCSON,AZ,85705
2676,25 W CALLE CONCORDIA,ORO VALLEY,AZ,85704
2677,2330 W GLOVER RD,ORO VALLEY,AZ,85742
2678,1661 W SAGE ST,TUCSON,AZ,85704
2679,1351 E LIMBERLOST DR,TUCSON,AZ,85719
2680,11620 N COPPER SPRING TRL,TUCSON,AZ,85737
2681,5600 N LA CANADA DR,TUCSON,AZ,85704
2682,12620 N WOODBURNE AVE,ORO VALLEY,AZ,85755
2683,2475 W NARANJA DR,ORO VALLEY,AZ,85742
2684,2040 W OMAR DR,TUCSON,AZ,85704
2685,450 E WETMORE RD,TUCSON,AZ,85705
2686,825 W DESERT FAIRWAYS DR,ORO VALLEY,AZ,85755
2687,9168 South Ave 36 East,Wellton,AZ,85356
2688,9168 S. Ave 36E,Wellton,AZ,85356
2689,17760 N REGENT DR,MARICOPA,AZ,85138
2690,580 W MELODY AVE,GILBERT,AZ,85233
2691,4567 W ROBERTS RD,QUEEN CREEK,AZ,85142
2692,4567 W ROBERTS RD,QUEEN CREEK,AZ,85142
2693,16537/16576 N. 92nd Street,Scottsdale,AZ,85260
2694,10220 N 25TH AVE,PHOENIX,AZ,85021
2695,10488 N. Skelton Canyon Rd.,Apache Junction,AZ,85608
2696,142 N DATE,MESA,AZ,85201
2697,455 N 1ST AVE,HOLBROOK,AZ,86025
2698,One Mission Lane Hwy 191,Rock Point,AZ,86545
2699,Indian Route 19 Mile Marker 1,Topawa,AZ,85634
2700,25 W CALLE CONCORDIA,TUCSON,AZ,85704
2701,4101 E VALENCIA RD,TUCSON,AZ,85706
2702,2001 W STARR PASS BLVD,TUCSON,AZ,85713
2703,2202 W ANKLAM RD,TUCSON,AZ,85709
2704,400 N 2ND AVE,TUCSON,AZ,85705
2705,7762 E SCIENCE PARK DR,TUCSON,AZ,85747
2706,111 N WELL RD,AJO,AZ,85321
2707,125 W YAVAPAI RD,TUCSON,AZ,85705
2708,421 N ARCADIA AVE,TUCSON,AZ,85711
2709,4300 E SUNRISE DR,TUCSON,AZ,85718
2710,545 N CAMINO SECO,TUCSON,AZ,85710
2711,3901 W LINDA VISTA BLVD,TUCSON,AZ,85742
2712,12775 E MARY ANN CLEVELAND WAY,VAIL,AZ,85641
2713,1302 S AVENIDA VEGA,TUCSON,AZ,85710
2714,3500 S 12TH AVE,TUCSON,AZ,85713
2715,4201 N MELPOMENE WAY,TUCSON,AZ,85749
2716,421 N ARCADIA AVE,TUCSON,AZ,85711
2717,3725 N FLOWING WELLS RD,TUCSON,AZ,85705
2718,2855 W MASTER PIECES DR,TUCSON,AZ,85741
2719,1725 E BILBY RD,TUCSON,AZ,85706
2720,10701 E MARY ANN CLEVELAND WAY,TUCSON,AZ,85747
2721,3645 E PIMA ST,TUCSON,AZ,85716
2722,3951 S PANTANO RD,TUCSON,AZ,85730
2723,350 W SAHUARITA RD,SAHUARITA,AZ,85629
2724,2475 W NARANJA DR,ORO VALLEY,AZ,85742
2725,12000 W EMIGH RD,TUCSON,AZ,85743
2726,555 S TUCSON BLVD,TUCSON,AZ,85716
2727,5000 N BOWES RD,TUCSON,AZ,85749
2728,8181 E IRVINGTON RD BLDG E-5,TUCSON,AZ,85709
2729,7600 N SHANNON RD BLDG D103,TUCSON,AZ,85709
2730,5901 S CALLE SANTA CRUZ,TUCSON,AZ,85709
2731,440 S PARK AVE,TUCSON,AZ,85719
2732,4201 N MELPOMENE WAY,TUCSON,AZ,85749
2733,3901 W LINDA VISTA BLVD,TUCSON,AZ,85742
2734,5850 N SEANIFER DR,TUCSON,AZ,85741
2735,10701 E MARY ANN CLEVELAND WAY,TUCSON,AZ,85747
2736,590 CAMINO LITO GALINDO,RIO RICO,AZ,85741
2737,8727 E 22ND ST,TUCSON,AZ,85710
2738,10701 E MARY ANN CLEVELAND WAY,TUCSON,AZ,85747
2739,3951 S PANTANO RD,TUCSON,AZ,85730
2740,3725 N FLOWING WELLS RD,TUCSON,AZ,85705
2741,6855 S MARK RD,TUCSON,AZ,85757
2742,15510 S Sahuarita Park Rd,Sahuarita,AZ,85629
2743,711 S MCNAB PKWY,SAN MANUEL,AZ,85631
2744,102 N PLUMER AVE,TUCSON,AZ,85719
2745,12960 S HOUGHTON RD,TUCSON,AZ,85747
2746,5093 S LIBERTY AVE,TUCSON,AZ,85706
2747,451 N. Arroyo Blvd.,Nogales,AZ,85621
2748,6420 E BROADWAY BLVD STE A100,TUCSON,AZ,85710
2749,15510 S. Sahuarita Rd.,Sahuarita,AZ,85629
2750,310 W PLUM ST,NOGALES,AZ,85621
2751,450 E WETMORE RD,TUCSON,AZ,85705
2752,3300 S Park Ave,Tucson,AZ,85713
2753,10800 E VALENCIA RD,TUCSON,AZ,85747
2754,13650 N MCDUFF RD,MARANA,AZ,85653
2755,1255 N STONE AVE,TUCSON,AZ,85709
2756,3300 S PARK AVE,TUCSON,AZ,85713
2757,9301 S. Swan Rd.,Tucson,AZ,85756
2758,5093 S Liberty Ave,Tucson,AZ,85706
2759,6738 W MCDOWELL RD,PHOENIX,AZ,85035
2760,3916 E PARADISE LN,PHOENIX,AZ,85032
2761,5050 N. 19th Ave.,Phoenix,AZ,85015
2762,4525 E. Baseline Road,Gilbert,AZ,85234
2763,9965 W CALLE LEJOS,PEORIA,AZ,85383
2764,23276 N 83RD AVE STE 1,PEORIA,AZ,85383
2765,2450 W SOUTH MOUNTAIN AVE,PHOENIX,AZ,85041
2766,735 E FILLMORE ST,PHOENIX,AZ,85006
2767,1401 E JEFFERSON ST,PHOENIX,AZ,85034
2768,1290 W VAH KI INN RD,COOLIDGE,AZ,85128
2769,1346 N STONE AVE,TUCSON,AZ,85705
2770,1290B W VAH KI INN RD,COOLIDGE,AZ,85128
2771,14850 N 156TH AVE,SURPRISE,AZ,85379
2772,6000 E 14TH ST,TUCSON,AZ,85711
2773,650 E CENTER ST,CHINO VALLEY,AZ,86323
2774,46999 N 5th Street,Ash Fork,AZ,86320
2775,210 Hill Top,Bagdad,AZ,86321
2776,6000 E LONG LOOK DR,Prescott Valley,AZ,86314
2777,500 N Main,Seligman,AZ,86337
2778,12606 E MAIN ST,MAYER,AZ,86333
2779,1050 RUTH ST,PRESCOTT,AZ,86301
2780,220 RUGER RD STE 2,PRESCOTT,AZ,86301
2781,6955 PANTHER PATH,PRESCOTT VLY,AZ,86314
2782,2275 Old Home Manor Dr,Chino Valley,AZ,86323
2783,1989 Wineglass Drive,Prescott,AZ,86301
2784,3800 N GLASSFORD HILL RD,PRESCOTT VLY,AZ,86314
2785,7450 E Stella Rd,Tucson,AZ,85730
2786,3959 E ELLIOT RD,GILBERT,AZ,85234
2787,3232 S POWER RD,GILBERT,AZ,85234
2788,4837 E MCDOWELL RD,PHOENIX,AZ,85008
2789,2975 W LINDA LN,CHANDLER,AZ,85224
2790,950 N. Elisio C. Felix Jr. Way,Avondale,AZ,85323
2791,434 W LERDO RD,TUCSON,AZ,85756
2792,621 W CLAY AVE,FLAGSTAFF,AZ,86001
2793,1843 W 16TH AVE,Apache Junction,AZ,85120
2794,2020 N ARIZONA AVE STE G62,CHANDLER,AZ,85225
2795,5625 S 51ST AVE,LAVEEN,AZ,85339
2796,2929 E MCKELLIPS RD,MESA,AZ,85213
2797,5610 S. Central Avenue,Phoenix,AZ,85040
2798,3015 S POWER RD,MESA,AZ,85212
2799,801 W SOUTHERN AVE,Apache Junction,AZ,85120
2800,1755 N IDAHO RD,Apache Junction,AZ,85119
2801,550 South Ironwood,Apache Junction,AZ,85220
2802,2525 S IRONWOOD DR,Apache Junction,AZ,85120
2803,3701 E BROADWAY AVE,Apache Junction,AZ,85119
2804,10965 E PERALTA RD,Apache Junction,AZ,85118
2805,2805 S IRONWOOD DR,Apache Junction,AZ,85120
2806,2020 N. Arizona Ave. STE 62,Chandler,AZ,85225
2807,2675 W BASELINE RD,PHOENIX,AZ,85041
2808,4182 N BANK ST,KINGMAN,AZ,86409
2809,1600 S KOFA AVE,PARKER,AZ,85344
2810,2675 PALO VERDE BLVD S,Lake Havasu City,AZ,86403
2811,2251 HIGHWAY 95,BULLHEAD CITY,AZ,86442
2812,2250 E LAGUNA RD,MOHAVE VALLEY,AZ,86440
2813,1971 E JAGERSON AVE,KINGMAN,AZ,86409
2814,1109 S GERONIMO AVE,PARKER,AZ,85344
2815,400 GRANDVIEW AVE,KINGMAN,AZ,86401
2816,1540 PALO VERDE BLVD S,Lake Havasu City,AZ,86403
2817,3400 HIGHWAY 95,BULLHEAD CITY,AZ,86442
2818,1977 ACOMA BLVD W,LK HAVASU CTY,AZ,86403
2819,625 MARINA BLVD,BULLHEAD CITY,AZ,86442
2820,5761 E. Brown Rd.,Mesa,AZ,85205
2821,732 W ROGER RD,TUCSON,AZ,85705
2822,7102 W VALLEY CREST PL,TUCSON,AZ,85757
2823,6629 W CLARENDON AVE,PHOENIX,AZ,85033
2824,862 E ELLIOT RD,GILBERT,AZ,85234
2825,6500 S APACHE RD,BUCKEYE,AZ,85326
2826,17532 W HARRISON ST,GOODYEAR,AZ,85338
2827,1495 S VERRADO WAY,BUCKEYE,AZ,85326
2828,2400 N SIENNA HILLS PKWY,BUCKEYE,AZ,85396
2829,Casa Blanca and Preschool Road,Bapchule,AZ,85221
2830,950 North Eliseo C. Felix Jr.,Avondale,AZ,85323
2831,1120 S. Gilbert Rd.,Gilbert,AZ,85296
2832,3939 E WARNER RD,GILBERT,AZ,85296
2833,2323 W PARKSIDE LN,PHOENIX,AZ,85027
2834,16635 N 51ST AVE,GLENDALE,AZ,85306
2835,5741 E IRONWOOD ST BLDG 623,TUCSON,AZ,85708
2836,1843 W 16TH AVE,Apache Junction,AZ,85120
2837,351 W. Prince Rd.,TUCSON,AZ,85705
2838,24850 N NAPLES ST,PAULDEN,AZ,86334
2839,480 N GRAND AVE,NOGALES,AZ,85621
2840,6710 West Calle Lejos,Peoria,AZ,85383
2841,3025 N WINSTEL BLVD,TUCSON,AZ,85716
2842,11155 N ORACLE RD,ORO VALLEY,AZ,85737
2843,43775 North Black Canyon Highw,Phoenix,AZ,85087
2844,551 1ST ST,PRESCOTT,AZ,86301
2845,3161 N 33RD AVE,PHOENIX,AZ,85017
2846,17667 N 91ST AVE,PEORIA,AZ,85382
2847,1376 E COTTONWOOD LN,CASA GRANDE,AZ,85122
2848,1376 E COTTONWOOD LN,CASA GRANDE,AZ,85122
2849,18700 N PORTER RD,MARICOPA,AZ,85138
2850,2500 S POWER RD STE 215,MESA,AZ,85209
2851,2500 S POWER RD STE 215,MESA,AZ,85209
2852,3400 Dysart Rd,Avondale,AZ,85007
2853,9902 W YEARLING RD,PEORIA,AZ,85383
2854,4825 S ARIZONA AVE,CHANDLER,AZ,85248
2855,1700 N GEMINI DR,FLAGSTAFF,AZ,86001
2856,2001 N BULLARD AVE,GOODYEAR,AZ,85395
2857,3102 N 56TH ST,PHOENIX,AZ,85018
2858,1951 N ALMA SCHOOL RD,CHANDLER,AZ,85224
2859,7500 E CIVIC CIR,Prescott Valley,AZ,86314
2860,1152 SCHOOL HOUSE LN,SHOW LOW,AZ,85901
2861,1690 W IRVINGTON RD,TUCSON,AZ,85746
2862,9410 S 355TH AVE,ARLINGTON,AZ,85322
2863,16648 N 94th St,Scottsdale,AZ,85255
2864,3500 W CORTARO FARMS RD,TUCSON,AZ,85742
2865,13231 N 22nd Street,PHOENIX,AZ,85022
2866,124 N VIRGINIA ST,PRESCOTT,AZ,86301
2867,4815 W HUNT HWY,QUEEN CREEK,AZ,85142
2868,4039 E RAYMOND ST STE 3,PHOENIX,AZ,85040
2869,12320 W VAN BUREN ST,AVONDALE,AZ,85323
2870,2450 W SOUTH MOUNTAIN AVE,PHOENIX,AZ,85041
2871,14841 N BLACK CANYON HWY,PHOENIX,AZ,85023
2872,2001 N BULLARD AVE,GOODYEAR,AZ,85395
2873,3155 MARICOPA AVE,Lake Havasu City,AZ,86406
2874,4039 E RAYMOND ST STE 3,PHOENIX,AZ,85040
2875,3201 S GILBERT RD BLDG B,CHANDLER,AZ,85286
2876,6950 E WILLIAMS FIELD RD,MESA,AZ,85212
2877,735 E FILLMORE ST,PHOENIX,AZ,85006
2878,7350 E. Innovation Way South,Mesa,AZ,85212
2879,14100 N 32ND ST,PHOENIX,AZ,85032
2880,7777 S 15TH TER,PHOENIX,AZ,85042
2881,1535 E BASELINE RD,PHOENIX,AZ,85042
2882,266 E WESTBROOKE RD,San Tan Valley,AZ,85140
2883,23276 N 83RD AVE,PEORIA,AZ,85383
2884,4120 S VAL VISTA DR,GILBERT,AZ,85297
2885,13644 N. Sandario Rd.,Marana,AZ,85653
2886,6460 E HIGHWAY 181,PEARCE,AZ,85625
2887,7900 S 43RD AVE,LAVEEN,AZ,85339
2888,1300 S BELVEDERE AVE,TUCSON,AZ,85711
2889,14100 N 32ND ST,PHOENIX,AZ,85032
2890,4825 W CAMELBACK RD,PHOENIX,AZ,85031
2891,2801 E SOUTHERN AVE,PHOENIX,AZ,85040
2892,2411 W COLTER ST,PHOENIX,AZ,85015
2893,2411 W COLTER ST,PHOENIX,AZ,85015
2894,5740 E RIVER RD,TUCSON,AZ,85750
2895,10460 N 56TH ST,SCOTTSDALE,AZ,85253
2896,4301 W FILLMORE ST,PHOENIX,AZ,85043
2897,201 E INDIANOLA AVE,PHOENIX,AZ,85012
2898,449 E SOUTHERN AVE,PHOENIX,AZ,85040
2899,6950 E WILLIAMS FIELD RD,MESA,AZ,85212
2900,877 N SARIVAL AVE,GOODYEAR,AZ,85338
2901,1301 E ALMERIA RD,PHOENIX,AZ,85006
2902,3102 N 56TH ST,PHOENIX,AZ,85018
2903,812 S 6TH AVE,PHOENIX,AZ,85003
2904,4520 W MCDOWELL RD,PHOENIX,AZ,85035
2905,1720 N 45th Ave.,PHOENIX,AZ,85035
2906,2133 W PEORIA AVE,PHOENIX,AZ,85029
2907,2133 W PEORIA AVE,PHOENIX,AZ,85029
2908,4525 E. Baseline Road,Gilbert,AZ,85234
2909,735 E FILLMORE ST,PHOENIX,AZ,85006
2910,3335 W FLOWER ST,PHOENIX,AZ,85017
2911,5757 W MCDOWELL RD,PHOENIX,AZ,85035
2912,7785 W PEORIA AVE,PEORIA,AZ,85345
2913,4610 W GLENDALE AVE,GLENDALE,AZ,85301
2914,10649 W Buckeye Rd,Phoenix,AZ,85353
2915,1445 W BASELINE RD,PHOENIX,AZ,85041
2916,1274 E. ONeil Dr,Casa Grande,AZ,85122
2917,6535 E OSBORN RD STE 401,SCOTTSDALE,AZ,85251
2918,13226 N 113TH AVE,YOUNGTOWN,AZ,85363
2919,4848 S 2ND ST,PHOENIX,AZ,85040
2920,10210 S 50TH PL,PHOENIX,AZ,85044
2921,5010 S EASTMARK PKWY,MESA,AZ,85212
2922,2747 S RECKER RD,GILBERT,AZ,85295
2923,7205 N PIMA RD,SCOTTSDALE,AZ,85258
2924,4530 E GOLD DUST AVE,PHOENIX,AZ,85028
2925,1901 PRESCOTT LAKES PKWY,PRESCOTT,AZ,86301
2926,19265 N PORTER RD,MARICOPA,AZ,85138
2927,11155 N ORACLE RD,ORO VALLEY,AZ,85737
2928,100 W 37TH ST,TUCSON,AZ,85713
2929,1431 E. Campbell Ave,Phoenix,AZ,85014
2930,46999 N. Fifth Street,Ash Fork,AZ,86320
2931,46999 N. Fifth Street,Ash Fork,AZ,86320
2932,46999 N. Fifth Street,Ash Fork,AZ,86320
2933,19630 E.Germann Road,Queen Creek,AZ,85242
2934,1619 E MAIN ST,MESA,AZ,85203
2935,4125 N 14TH ST,PHOENIX,AZ,85014
2936,4125 N. 14th Street,PHOENIX,AZ,85014
2937,4125 N 14TH ST,PHOENIX,AZ,85014
2938,4125 N 14TH ST,PHOENIX,AZ,85014
2939,11039 W OLIVE AVE,PEORIA,AZ,85345
2940,1300 S BELVEDERE AVE,TUCSON,AZ,85711
2941,1300 S Belvedere Ave,Tucson,AZ,85711
2942,655 E UNIVERSITY DR,MESA,AZ,85203
2943,9317 N 2ND ST,PHOENIX,AZ,85020
2944,8047 N 35TH AVE,PHOENIX,AZ,85051
2945,3950 N 53RD AVE,PHOENIX,AZ,85031
2946,6140 E. Thunderbird Rd.,Scottsdale,AZ,85254
2947,2250 S GILBERT RD,CHANDLER,AZ,85286
2948,2350 S VIRGINIA DR,YUMA,AZ,85364
2949,4100 W 20TH ST,YUMA,AZ,85364
2950,9168 South Avenue 36E,Wellton,AZ,85356
2951,400 S 6TH AVE,YUMA,AZ,85364
2952,3100 S AVENUE A,YUMA,AZ,85364
2953,1250 North 8th Avenue,San Luis,AZ,85349
2954,7150 E 24TH ST,YUMA,AZ,85365
2955,2020 S 8TH AVE,YUMA,AZ,85364
2956,3777 W 22ND LN,YUMA,AZ,85364
2957,899 E PLAZA CIR STE 1,YUMA,AZ,85365
2958,2330 W 28TH ST,YUMA,AZ,85364
2959,1093 West Jefferson Street,Somerton,AZ,85350
2960,16233 S 48TH ST,PHOENIX,AZ,85048
2961,5635 Hwy 95,Fort Mohave,AZ,86426
2962,6515 W INDIAN SCHOOL RD,PHOENIX,AZ,85033
2963,701 N 44TH ST,PHOENIX,AZ,85008
2964,4275 W BASELINE RD,LAVEEN,AZ,85339
2965,41800 N BARNES PKWY,QUEEN CREEK,AZ,85140
2966,5399 N PIMA RD,SCOTTSDALE,AZ,85250
2967,555 South Jackrabbit Trail,Buckeye,AZ,85326
2968,14506 W SWEETWATER AVE,SURPRISE,AZ,85379
2969,3125 S Gilbert Rd,Chandler,AZ,85286
2970,1515 E INDIAN SCHOOL RD,PHOENIX,AZ,85014
2971,204 W. Chandler Heights Rd.,Chandler,AZ,85248
2972,7214 E JENAN DR,SCOTTSDALE,AZ,85260
2973,4848 S CENTRAL AVE,PHOENIX,AZ,85040
2974,6633 W CAMELBACK RD,PHOENIX,AZ,85033
2975,15800 W SHERMAN ST,GOODYEAR,AZ,85338
2976,8840 N 43RD AVE,GLENDALE,AZ,85302
2977,15800 W SHERMAN ST,GOODYEAR,AZ,85338
2978,7720 N SILVERBELL RD,TUCSON,AZ,85743
2979,1410 W TANGERINE RD,ORO VALLEY,AZ,85755
2980,1000 E WILCOX DR,SIERRA VISTA,AZ,85635
2981,7720 N SILVERBELL RD,TUCSON,AZ,85743
2982,3761 S POWER RD,MESA,AZ,85212
2983,10200 E GOLF LINKS RD,TUCSON,AZ,85730
2984,6180 E PIMA ST,TUCSON,AZ,85712
2985,12843 W REDONDO DR,Litchfield Park,AZ,85340
2986,4445 S 12TH ST,PHOENIX,AZ,85040
2987,2612 W GILA BEND HWY,CASA GRANDE,AZ,85193
2988,13091 North 67th Avenue,Glendale,AZ,85306
2989,2400 S 247TH AVE,BUCKEYE,AZ,85326
2990,2226 N 7TH ST,PHOENIX,AZ,85006
2991,7877 W HILLCREST BLVD,PEORIA,AZ,85383
2992,850 N MORLEY AVE,NOGALES,AZ,85621
2993,950 N PEART RD,CASA GRANDE,AZ,85122
2994,950 N PEART RD,CASA GRANDE,AZ,85122
2995,1900 N MCQUEEN RD,CHANDLER,AZ,85225
2996,3900 S 55TH AVE,PHOENIX,AZ,85043
2997,3900 S 55TH AVE,PHOENIX,AZ,85043
2998,40 East Hildago Avenue,Phoenix,AZ,85040
2999,1800 E CHANDLER BLVD,CHANDLER,AZ,85225
3000,4545 N 99TH AVE,PHOENIX,AZ,85037
3001,45 S 3RD AVE,AVONDALE,AZ,85323
3002,220 W LA CANADA BLVD,AVONDALE,AZ,85323
3003,540 E LA PASADA BLVD,GOODYEAR,AZ,85338
3004,325 S WILDFLOWER DR,GOODYEAR,AZ,85338
3005,2131 S 157TH AVE,GOODYEAR,AZ,85338
3006,16750 W GARFIELD ST,GOODYEAR,AZ,85338
3007,15151 W CENTERRA DR S,GOODYEAR,AZ,85338
3008,16875 W CANYON TRAILS BLVD,GOODYEAR,AZ,85338
3009,1406 N CENTRAL AVE,AVONDALE,AZ,85323
3010,5700 S 19TH AVE,PHOENIX,AZ,85041
3011,10707 E. Guadalupe Rd.,Mesa,AZ,85209
3012,25950 N LAKE PLEASANT PKWY,PEORIA,AZ,85383
3013,2701 W BETHANY HOME RD,PHOENIX,AZ,85017
3014,1130 E University Dr STE 230,Tempe,AZ,85281
3015,15600 W HEARN RD,SURPRISE,AZ,85379
3016,11850 N 32ND ST,PHOENIX,AZ,85028
3017,3535 N 63RD AVE,PHOENIX,AZ,85033
3018,1440 S LONGMORE,MESA,AZ,85202
3019,1440 S Longhorn,Mesa,AZ,85202
3020,7033 W. Catus Road,Peoria,AZ,85381
3021,4310 E BROADWAY RD,PHOENIX,AZ,85040
3022,3232 W Thomas Rd,Phoenix,AZ,85017
3023,2222 S PRICE RD,TEMPE,AZ,85282
3024,5136 N 83RD AVE,GLENDALE,AZ,85303
3025,7496 E Tierra Buena Ln,Scottsdale,AZ,85260
3026,8055 E 22nd St,Tucson,AZ,85710
3027,14900 W VAN BUREN ST,GOODYEAR,AZ,85338
3028,13185 W THOMAS RD,GOODYEAR,AZ,85395
3029,1150 W SUPERSTITION BLVD,APACHE JCT,AZ,85120
3030,200 E Mitchell Dr,Phoenix,AZ,85012
3031,16060 W LOWER BUCKEYE RD,GOODYEAR,AZ,85338
3032,16850 N 16TH ST,PHOENIX,AZ,85022
3033,2200 N ARIZONA AVE STE 17,CHANDLER,AZ,85225
3034,7930 E BASELINE RD,MESA,AZ,85209
3035,16635 N 51ST AVE,GLENDALE,AZ,85306
3036,17300 W Cactus Road,Surprise,AZ,85388
3037,4525 N. 98th Avenue,Phoenix,AZ,85037
3038,41735 W. Alan Stephens Pkwy,Maricopa,AZ,85138
3039,465 N BLUEJAY DR,GILBERT,AZ,85234
3040,200 Sultan Way,Bagdad,AZ,86321
3041,100 Sultan Way,Bagdad,AZ,86321
3042,100 Sultan Way,Bagdad,AZ,86321
3043,1055 E HEARN RD,PHOENIX,AZ,85022
3044,1515 North 117th Avenue,Avondale,AZ,85392
3045,7191 E ASHLER HILLS DR,SCOTTSDALE,AZ,85266
3046,1645 W Skyline Drive,San Tan Valley,AZ,85142
3047,3651 E MCKELLIPS RD,MESA,AZ,85215
3048,2747 W Union Hills Drive,Phoenix,AZ,85027
3049,9290 E Golf Links Rd,Tucson,AZ,85730
3050,835 NEWBURN RD,PAGE,AZ,86040
3051,320 S MAIN ST,COTTONWOOD,AZ,86326
3052,12235 W VAN BUREN ST,AVONDALE,AZ,85323
3053,101 S LA CANADA DR,GREEN VALLEY,AZ,85614
3054,7320 E BROADWAY BLVD,TUCSON,AZ,85710
3055,1301 E ALMERIA RD,PHOENIX,AZ,85006
3056,100 CLAWSON AVE FL 3,BISBEE,AZ,85603
3057,305 E Main Street,Mesa,AZ,85201
3058,4309 E Belleview Street,Phoenix,AZ,85008
3059,501 N 36TH ST,PHOENIX,AZ,85008
3060,4505 E PALM LN,PHOENIX,AZ,85008
3061,1350 N 48TH ST,PHOENIX,AZ,85008
3062,5048 E OAK ST,PHOENIX,AZ,85008
3063,4825 E ROOSEVELT ST,PHOENIX,AZ,85008
3064,4810 E BEAVER CREEK RD,RIMROCK,AZ,86335
3065,67488 E Salome Rd,Salome,AZ,85348
3066,675 School Terrace Rd.,Bisbee,AZ,85603
3067,100 OLD DOUGLAS RD,BISBEE,AZ,85603
3068,98 Cole Ave,Bisbee,AZ,85603
3069,519 MELODY LN,BISBEE,AZ,85603
3070,325 SCHOOL TERRACE ROAD,BISBEE,AZ,85603
3071,80 Turkey Creek Rd,Blue,AZ,85922
3072,18008 S FORT GRANT RD,WILLCOX,AZ,85643
3073,44936 Joshua Drive,Bouse,AZ,85325
3074,315 W. 5th Street,Bowie,AZ,85605
3075,315W. 5th Street,Bowie,AZ,85605
3076,23800 W HADLEY ST,BUCKEYE,AZ,85326
3077,211 S 7th St,BUCKEYE,AZ,85326
3078,2700 S 257TH DR,BUCKEYE,AZ,85326
3079,4280 S 246TH AVE,BUCKEYE,AZ,85326
3080,23601 W DURANGO ST,BUCKEYE,AZ,85326
3081,25400 W MARICOPA RD,BUCKEYE,AZ,85326
3082,24155 W Roeser Rd,Buckeye,AZ,85326
3083,25555 W DURANGO ST,BUCKEYE,AZ,85326
3084,3170 S 247th Ave,BUCKEYE,AZ,85326
3085,902 E EASON AVE,BUCKEYE,AZ,85326
3086,13033 S ESTRELLA PKWY,GOODYEAR,AZ,85338
3087,3000 S APACHE RD,BUCKEYE,AZ,85326
3088,751 N 215TH AVE,BUCKEYE,AZ,85326
3089,402 W Narramore,Buckeye,AZ,85236
3090,701 N CARMICHAEL AVE,SIERRA VISTA,AZ,85635
3091,1045 S LENZNER AVE,SIERRA VISTA,AZ,85635
3092,905 EL CAMINO REAL,SIERRA VISTA,AZ,85635
3093,5225 E BUENA SCHOOL BLVD,SIERRA VISTA,AZ,85635
3094,5130 PASEO LAS PALMAS,SIERRA VISTA,AZ,85635
3095,1313 S LENZNER AVE,SIERRA VISTA,AZ,85635
3096,3228 SAINT ANDREWS DR,SIERRA VISTA,AZ,85650
3097,801 N LENZNER AVE,SIERRA VISTA,AZ,85635
3098,701 N CARMICHAEL AVE,SIERRA VISTA,AZ,85635
3099,3555 E FRY BLVD,SIERRA VISTA,AZ,85635
3100,5225 E BUENA SCHOOL BLVD,SIERRA VISTA,AZ,85635
3101,1062 HANCOCK RD,BULLHEAD CITY,AZ,86442
3102,1820 LAKESIDE DR,BULLHEAD CITY,AZ,86442
3103,1066 MARINA BLVD,BULLHEAD CITY,AZ,86442
3104,2550 TESOTA WAY,BULLHEAD CITY,AZ,86442
3105,3101 DESERT SKY BLVD,BULLHEAD CITY,AZ,86442
3106,2645 LANDON DR,BULLHEAD CITY,AZ,86429
3107,200 CAMP LINCOLN RD,CAMP VERDE,AZ,86322
3108,1326 N MONTEZUMA CASTLE HWY,CAMP VERDE,AZ,86322
3109,370 CAMP LINCOLN RD,CAMP VERDE,AZ,86322
3110,462 S MAIN ST,CAMP VERDE,AZ,86322
3111,462 S MAIN ST,CAMP VERDE,AZ,86322
3112,464 S MAIN ST,CAMP VERDE,AZ,86322
3113,34360 So. School Loop Rd.,Black Canyon City,AZ,85324
3114,2825 N 59TH AVE,PHOENIX,AZ,85035
3115,2252 N 55TH AVE,PHOENIX,AZ,85035
3116,6308 W CAMPBELL AVE,PHOENIX,AZ,85033
3117,3733 N 75TH AVE,PHOENIX,AZ,85033
3118,3637 N 55TH AVE,PHOENIX,AZ,85031
3119,3611 N 47TH AVE,PHOENIX,AZ,85031
3120,7070 W HEATHERBRAE DR,PHOENIX,AZ,85033
3121,4417 N 66TH AVE,PHOENIX,AZ,85033
3122,4407 N 55TH AVE,PHOENIX,AZ,85031
3123,3201 N 46TH DR,PHOENIX,AZ,85031
3124,2043 N 64TH DR,PHOENIX,AZ,85035
3125,7125 W ENCANTO BLVD,PHOENIX,AZ,85035
3126,7960 W OSBORN RD,PHOENIX,AZ,85033
3127,6602 W OSBORN RD,PHOENIX,AZ,85033
3128,2533 N 60TH AVE,PHOENIX,AZ,85035
3129,7820 W TURNEY AVE,PHOENIX,AZ,85033
3130,5480 W CAMPBELL AVE,PHOENIX,AZ,85031
3131,6935 W OSBORN RD,PHOENIX,AZ,85033
3132,4315 N MARYVALE PKWY,PHOENIX,AZ,85031
3133,4308 N 51ST AVE STE 102,PHOENIX,AZ,85031
3134,2730 N 79TH AVE,PHOENIX,AZ,85035
3135,2550 N 79TH AVE,PHOENIX,AZ,85035
3136,5220 W. Indian School Rd,Phoenix,AZ,85031
3137,260 W McMurray Blvd,Casa Grande,AZ,85122
3138,1667 N KADOTA AVE,CASA GRANDE,AZ,85122
3139,1000 N AMARILLO ST,CASA GRANDE,AZ,85122
3140,40 N ROOSEVELT AVE,CASA GRANDE,AZ,85122
3141,1501 N CENTER AVE,CASA GRANDE,AZ,85122
3142,129 N ARIZOLA RD,CASA GRANDE,AZ,85122
3143,1180 E KORTSEN RD,CASA GRANDE,AZ,85122
3144,1500 N Colorado St,Casa Grande,AZ,85122
3145,1220 E KORTSEN RD,CASA GRANDE,AZ,85122
3146,2172 N ARIZOLA RD,CASA GRANDE,AZ,85122
3147,2631 N Brown Ave,Casa Grande,AZ,85122
3148,574 E. Lakeside Parkway,Casa Grande,AZ,85122
3149,390 East Lakeside Parkway,Casa Grande,AZ,85122
3150,220 W KORTSEN RD,CASA GRANDE,AZ,85122
3151,2730 N TREKELL RD,CASA GRANDE,AZ,85122
3152,1556 N ARIZOLA RD,CASA GRANDE,AZ,85122
3153,1362 N CASA GRANDE AVE,CASA GRANDE,AZ,85122
3154,1362 N CASA GRANDE AVE,CASA GRANDE,AZ,85122
3155,4300 E SUNRISE DR,TUCSON,AZ,85718
3156,1911 E ORANGE GROVE RD,TUCSON,AZ,85718
3157,5301 E SUNRISE DR,TUCSON,AZ,85718
3158,6085 N KOLB RD,TUCSON,AZ,85750
3159,3000 E MANZANITA AVE,TUCSON,AZ,85718
3160,5725 N SABINO CANYON RD,TUCSON,AZ,85750
3161,5801 N SABINO CANYON RD,TUCSON,AZ,85750
3162,3435 E SUNRISE DR,TUCSON,AZ,85718
3163,Mile Post 408 Highway 264,Jeddito,AZ,86034
3164,Highway 77 Mile Post 31.2,White Cone,AZ,86031
3165,Milepost  31.2 Hwy 77,Indian Wells,AZ,86031
3166,700 N SUPERSTITION BLVD,CHANDLER,AZ,85225
3167,350 N ARIZONA AVE,CHANDLER,AZ,85225
3168,451 W FRYE RD,CHANDLER,AZ,85225
3169,661 E GALVESTON ST,CHANDLER,AZ,85225
3170,700 N HARTFORD ST,CHANDLER,AZ,85225
3171,700 W ORCHID LN,CHANDLER,AZ,85225
3172,401 S MCQUEEN RD,CHANDLER,AZ,85225
3173,500 S ARROWHEAD DR,CHANDLER,AZ,85224
3174,801 E FRYE RD,CHANDLER,AZ,85225
3175,5245 S VAL VISTA DR,GILBERT,AZ,85298
3176,1350 N PENNINGTON DR,CHANDLER,AZ,85224
3177,125 S 132ND ST,CHANDLER,AZ,85225
3178,1325 N SHUMWAY AVE,CHANDLER,AZ,85225
3179,2600 W KNOX RD,CHANDLER,AZ,85224
3180,1255 N DOBSON RD,CHANDLER,AZ,85224
3181,1515 NW JACARANDA PKWY,CHANDLER,AZ,85248
3182,1600 W QUEEN CREEK RD,CHANDLER,AZ,85248
3183,1625 E FRYE RD,CHANDLER,AZ,85225
3184,2300 S GARDNER DR,CHANDLER,AZ,85286
3185,3700 S ARIZONA AVE,CHANDLER,AZ,85248
3186,191 W OAKLAND ST,CHANDLER,AZ,85225
3187,3535 S BASHA RD,CHANDLER,AZ,85248
3188,2424 E MAREN DR,CHANDLER,AZ,85249
3189,5990 S VAL VISTA DR,CHANDLER,AZ,85249
3190,1550 E CHANDLER HEIGHTS RD,CHANDLER,AZ,85249
3191,550 N EMMETT DR,CHANDLER,AZ,85225
3192,2425 S PLEASANT DR,CHANDLER,AZ,85286
3193,6490 S SUN GROVES BLVD,CHANDLER,AZ,85249
3194,7655 S HIGLEY RD,QUEEN CREEK,AZ,85142
3195,6040 S JOSLYN LN,GILBERT,AZ,85298
3196,1550 E CHANDLER HEIGHTS RD,CHANDLER,AZ,85249
3197,4600 S BRIGHT ANGEL WAY,CHANDLER,AZ,85249
3198,1405 W LAKE DR,SUN LAKES,AZ,85248
3199,1919 E QUEEN CREEK RD,GILBERT,AZ,85297
3200,4477 S GILBERT RD,CHANDLER,AZ,85249
3201,6930 S SEVILLE BLVD W,GILBERT,AZ,85298
3202,4750 S SUNLAND DR,CHANDLER,AZ,85248
3203,290 S COOPER RD,CHANDLER,AZ,85225
3204,7520 S ADORA BLVD,GILBERT,AZ,85298
3205,3401 S LAYTON LAKES BLVD,CHANDLER,AZ,85286
3206,1150 W ERIE ST,CHANDLER,AZ,85224
3207,1205 E FRYE RD BLDG B,CHANDLER,AZ,85225
3208,5400 S WHITE DR,CHANDLER,AZ,85249
3209,22700 S POWER RD,QUEEN CREEK,AZ,85142
3210,24901 S POWER RD,QUEEN CREEK,AZ,85142
3211,1290 E OCOTILLO RD,GILBERT,AZ,85298
3212,650 E MORELOS ST,CHANDLER,AZ,85225
3213,1205 E FRYE RD,CHANDLER,AZ,85225
3214,2626 E PECOS RD BLDG JAV,CHANDLER,AZ,85225
3215,Highway 191 & Navajo Route 7,Chinle,AZ,86503
3216,Highway 191,Chinle,AZ,86503
3217,US Hwy 191,Chinle,AZ,86503
3218,Hwy 191 & I.R. 7,Chinle,AZ,86503
3219,US Highway 191,Many Farms,AZ,86538
3220,Navajo Rt 12 and Jct. Hwy 64,Tsaile,AZ,86556
3221,Hwy 191,Chinle,AZ,86503
3222,Highway 191,Chinle,AZ,86503
3223,19 Rte 27,Chinle,AZ,86503
3224,5025 N. Bowie,Cochise,AZ,85606
3225,Highway 61 and Cinder Road,Concho,AZ,85924
3226,26400 S. Tenderfoot Hill Road,Congress,AZ,85332
3227,1991 E WHITEHOUSE CANYON RD,GREEN VALLEY,AZ,85614
3228,1991 E WHITEHOUSE CANYON RD,GREEN VALLEY,AZ,85614
3229,800 W NORTHERN AVE,COOLIDGE,AZ,85128
3230,460 S 7TH ST,COOLIDGE,AZ,85128
3231,351 N ARIZONA BLVD,COOLIDGE,AZ,85128
3232,450 N ARIZONA BLVD,COOLIDGE,AZ,85128
3233,800 N 9TH ST,COOLIDGE,AZ,85128
3234,1667 W CAROLINE ST,COOLIDGE,AZ,85128
3235,450 N ARIZONA BLVD,COOLIDGE,AZ,85128
3236,450 N ARIZONA BLVD,COOLIDGE,AZ,85128
3237,11490 Purple Sage,Cornville,AZ,86325
3238,301 N WILLARD ST,COTTONWOOD,AZ,86326
3239,2939 E DEL RIO DR,COTTONWOOD,AZ,86326
3240,1 N WILLARD ST,COTTONWOOD,AZ,86326
3241,1500 S MONTE TESORO DR,COTTONWOOD,AZ,86326
3242,500 E MINGUS AVE,COTTONWOOD,AZ,86326
3243,4450 W 32ND ST,YUMA,AZ,85364
3244,1590 S AVENUE C,YUMA,AZ,85364
3245,3200 W 16TH ST,YUMA,AZ,85364
3246,4501 W 20TH ST,YUMA,AZ,85364
3247,2803 W 20TH ST,YUMA,AZ,85364
3248,2650 W 20TH ST,YUMA,AZ,85364
3249,2926 S 21ST DR,YUMA,AZ,85364
3250,910 S AVENUE C,YUMA,AZ,85364
3251,4451 W. 28th Street,Yuma,AZ,85364
3252,2926 S 21ST DR,YUMA,AZ,85364
3253,1020 W Avenue C,YUMA,AZ,85364
3254,4250 W 16TH ST,YUMA,AZ,85364
3255,2802 E. McDowell Roaad,Phoenix,AZ,85008
3256,2702 E OSBORN RD,PHOENIX,AZ,85016
3257,2002 E CLARENDON AVE,PHOENIX,AZ,85016
3258,3501 E OSBORN RD,PHOENIX,AZ,85018
3259,2013 N 36TH ST,PHOENIX,AZ,85008
3260,4601 N 34TH ST,PHOENIX,AZ,85018
3261,2140 E VIRGINIA AVE,PHOENIX,AZ,85006
3262,1100 N 35TH ST,PHOENIX,AZ,85008
3263,3609 N 27TH ST,PHOENIX,AZ,85016
3264,2181 E MCDOWELL RD,PHOENIX,AZ,85006
3265,2702 E FLOWER ST,PHOENIX,AZ,85016
3266,188 Towers Mtn. Rd.,Crown King,AZ,86343
3267,146 E 4th Street,Pima,AZ,85543
3268,7081 N CENTRAL HWY,McNeal,AZ,85617
3269,1100 E 15TH ST,DOUGLAS,AZ,85607
3270,1650 N WASHINGTON AVE,DOUGLAS,AZ,85607
3271,1235 E 7TH ST,DOUGLAS,AZ,85607
3272,1500 E 15TH ST,DOUGLAS,AZ,85607
3273,1700 N LOUIS AVE,DOUGLAS,AZ,85607
3274,410 W. Fir Avenue,Pirtleville,AZ,85626
3275,735 E 7TH ST,DOUGLAS,AZ,85607
3276,2200 E 11TH ST,DOUGLAS,AZ,85607
3277,840 E 12TH ST,DOUGLAS,AZ,85607
3278,1104 N. Madison Avenue,Douglas,AZ,85607
3279,1550 E 15TH ST,DOUGLAS,AZ,85607
3280,1 Mc Grath Ave.,Duncan,AZ,85534
3281,108 Stadium Street,Duncan,AZ,85534
3282,94 Cambell St.,Duncan,AZ,85534
3283,12950 W VARNEY RD,EL MIRAGE,AZ,85335
3284,11425 N DYSART RD,EL MIRAGE,AZ,85335
3285,13500 N EL MIRAGE RD,EL MIRAGE,AZ,85335
3286,7300 N DYSART RD,GLENDALE,AZ,85307
3287,12907 W GREENWAY RD,EL MIRAGE,AZ,85335
3288,15150 W MONDELL RD,SURPRISE,AZ,85374
3289,13700 W GREENWAY RD,SURPRISE,AZ,85374
3290,15047 N. Parkview Place,Surprise,AZ,85379
3291,15042 W SWEETWATER AVE,SURPRISE,AZ,85379
3292,11800 W THOMPSON RANCH RD,EL MIRAGE,AZ,85335
3293,17825 W SIERRA MONTANA LOOP,SURPRISE,AZ,85388
3294,15272 W GABRIELA DR,SURPRISE,AZ,85379
3295,11405 N GREER RANCH PKWY,SURPRISE,AZ,85379
3296,18063 W SURPRISE FARMS LOOP S,SURPRISE,AZ,85388
3297,15550 N PARKVIEW PL,SURPRISE,AZ,85374
3298,18302 W BURTON AVE,WADDELL,AZ,85355
3299,17359 W SURPRISE FARMS LOOP N,SURPRISE,AZ,85388
3300,12701 N MAIN ST,EL MIRAGE,AZ,85335
3301,10909 N PERRYVILLE RD,SURPRISE,AZ,85388
3302,14898 W ACOMA DR,SURPRISE,AZ,85379
3303,17032 W SURPRISE FARMS LOOP S,SURPRISE,AZ,85388
3304,17901 W LUNDBERG ST,SURPRISE,AZ,85388
3305,15802 N PARKVIEW PL,SURPRISE,AZ,85374
3306,16066 N PARKVIEW PL,SURPRISE,AZ,85374
3307,23251 N 166TH DR,SURPRISE,AZ,85387
3308,1400 N ELEVEN MILE CORNER RD,CASA GRANDE,AZ,85194
3309,3740 N TOLTEC RD,ELOY,AZ,85131
3310,4070 W JEFFERSON RD,ELFRIDA,AZ,85610
3311,1000 Curiel Street,Eloy,AZ,85231
3312,404 E PHOENIX AVE,ELOY,AZ,85131
3313,1101 N. Sunshine Blvd.,Eloy,AZ,85231
3314,4000 N CUMMINGS ST,FLAGSTAFF,AZ,86004
3315,2801 N IZABEL ST,FLAGSTAFF,AZ,86004
3316,3223 N 4TH ST,FLAGSTAFF,AZ,86004
3317,400 W ELM AVE,FLAGSTAFF,AZ,86001
3318,2300 E 6TH AVE,FLAGSTAFF,AZ,86004
3319,1601 S LONE TREE RD,FLAGSTAFF,AZ,86001
3320,3285 E SPARROW AVE,FLAGSTAFF,AZ,86004
3321,850 N BONITO ST,FLAGSTAFF,AZ,86001
3322,2230 N FORT VALLEY RD,FLAGSTAFF,AZ,86001
3323,506 S BEAVER ST,FLAGSTAFF,AZ,86001
3324,3330 E LOCKETT RD,FLAGSTAFF,AZ,86004
3325,3223 N 4TH ST,FLAGSTAFF,AZ,86004
3326,4000 N CUMMINGS ST,FLAGSTAFF,AZ,86004
3327,4005 E BUTLER AVE,FLAGSTAFF,AZ,86004
3328,7150 SILVER SADDLE RD,FLAGSTAFF,AZ,86004
3329,3500 S GILLENWATER DR,FLAGSTAFF,AZ,86005
3330,3950 E BUTLER AVE,FLAGSTAFF,AZ,86004
3331,3401 N 4TH ST,FLAGSTAFF,AZ,86004
3332,3950 E BUTLER AVE,FLAGSTAFF,AZ,86004
3333,4000 N CUMMINGS ST,FLAGSTAFF,AZ,86004
3334,2380 N OAKMONT DR,FLAGSTAFF,AZ,86004
3335,460 S. Park Street,Florence,AZ,85132
3336,1001 S MAIN ST,FLORENCE,AZ,85132
3337,29697 N DESERT WILLOW BLVD,San Tan Valley,AZ,85143
3338,28682 N MAIN ST,San Tan Valley,AZ,85143
3339,1084 SAN TAN HILLS DR,San Tan Valley,AZ,85143
3340,2700 N. Anthem Way,Florence,AZ,85132
3341,35900 N CHARBRAY DR,San Tan Valley,AZ,85143
3342,10980 E. Desert Mountain Boule,Florence,AZ,85132
3343,1255 W SILVERDALE RD,QUEEN CREEK,AZ,85142
3344,32375 N GANTZEL RD,San Tan Valley,AZ,85143
3345,225 South Orlando Street,Florence,AZ,85132
3346,2500 W SAN TAN HEIGHTS BLVD,San Tan Valley,AZ,85142
3347,225 S. Orlando Street,Florence,AZ,85132
3348,225 S. Orlando Street,Florence,AZ,85132
3349,29895 N DESERT WILLOW BLVD,SAN TAN VLY,AZ,85143
3350,3725 N FLOWING WELLS RD,TUCSON,AZ,85705
3351,4545 N LA CHOLLA BLVD,TUCSON,AZ,85705
3352,4250 N ROMERO RD,TUCSON,AZ,85705
3353,5001 N SHANNON RD,TUCSON,AZ,85705
3354,3302 N FLOWING WELLS RD,TUCSON,AZ,85705
3355,3400 W ORANGE GROVE RD,TUCSON,AZ,85741
3356,6901 N CAMINO DE LA TIERRA,TUCSON,AZ,85741
3357,2200 W WETMORE RD,TUCSON,AZ,85705
3358,4125 W AERIE DR,TUCSON,AZ,85741
3359,4605 N LA CHOLLA BLVD,TUCSON,AZ,85705
3360,1556 W PRINCE RD,TUCSON,AZ,85705
3361,16100 E PALISADES BLVD,FOUNTAIN HILLS,AZ,85268
3362,16000 E PALISADES BLVD,FOUNTAIN HLS,AZ,85268
3363,15414 N MCDOWELL MOUNTAIN RD,FOUNTAIN HLS,AZ,85268
3364,16100 E PALISADES BLVD,FOUNTAIN HILLS,AZ,85268
3365,14825 N FAYETTE DR,FOUNTAIN HLS,AZ,85268
3366,6707 W VAN BUREN ST,PHOENIX,AZ,85043
3367,7250 W LOWER BUCKEYE RD,PHOENIX,AZ,85043
3368,6244 W ROOSEVELT ST,PHOENIX,AZ,85043
3369,8150 W DURANGO ST,PHOENIX,AZ,85043
3370,3850 S 79TH AVE,PHOENIX,AZ,85043
3371,6250 W DURANGO ST,PHOENIX,AZ,85043
3372,6250 W DURANGO ST,PHOENIX,AZ,85043
3373,6250 W DURANGO ST,PHOENIX,AZ,85043
3374,222 North 200 East,Fredonia,AZ,86022
3375,221 E Hortt Street,Fredonia,AZ,86022
3376,293 West Center,Moccasin,AZ,86022
3377,47121 H Ave.,FORT HUACHUCA,AZ,85613
3378,67601 Cushing,FORT HUACHUCA,AZ,85613
3379,45103 Burns Street,FORT HUACHUCA,AZ,85613
3380,15560 West Elementary School R,Fort Thomas,AZ,85536
3381,Highway 70,Fort Thomas,AZ,85536
3382,297 E US HIGHWAY 70,BYLAS,AZ,85530
3383,10 Education Lane,Bylas,AZ,85530
3384,18745 S. Gadsden Street,Gadsden,AZ,85336
3385,1135 N. Main St,San Luis,AZ,85349
3386,22751 S Main St,San Luis,AZ,85349
3387,1055 N. Main Street,San Luis,AZ,85349
3388,1245 N. Main St.,San Luis,AZ,85349
3389,963 N.8th Avenue,San Luis,AZ,85349
3390,985 Sixth Avenue,San Luis,AZ,85349
3391,1130 North 10th Avenue,San Luis,AZ,85349
3392,1508 N. 10th Avenue,San Luis,AZ,85349
3393,1350 E Cesar Chavez Blvd,San Luis,AZ,85349
3394,Hwy 264,Ganado,AZ,86505
3395,Hwy 264,Ganado,AZ,86505
3396,Highway 264,Ganado,AZ,86505
3397,Highway 264,Ganado,AZ,86505
3398,308 N Martin Ave,Gila Bend,AZ,85337
3399,308 N MARTIN AVE,Gila Bend,AZ,85337
3400,4301 E GUADALUPE RD,GILBERT,AZ,85234
3401,175 W ELLIOT RD,GILBERT,AZ,85233
3402,1101 E ELLIOT RD,GILBERT,AZ,85234
3403,2550 E ELLIOT RD,GILBERT,AZ,85234
3404,1211 E GUADALUPE RD,GILBERT,AZ,85234
3405,1000 E MESQUITE ST,GILBERT,AZ,85296
3406,101 S GREENFIELD RD,GILBERT,AZ,85296
3407,550 N HORNE ST,GILBERT,AZ,85233
3408,1101 N RECKER RD,GILBERT,AZ,85234
3409,601 N KEY BISCAYNE DR,GILBERT,AZ,85234
3410,7125 E MONTEREY AVE,MESA,AZ,85209
3411,500 E HOUSTON AVE,GILBERT,AZ,85234
3412,140 S GILBERT RD,GILBERT,AZ,85296
3413,375 S COLUMBUS DR,GILBERT,AZ,85296
3414,1535 N GREENFIELD RD,GILBERT,AZ,85234
3415,130 W MESQUITE ST,GILBERT,AZ,85233
3416,245 S MCQUEEN RD,GILBERT,AZ,85233
3417,500 E HOUSTON AVE,GILBERT,AZ,85234
3418,545 N BURK ST,GILBERT,AZ,85234
3419,1030 N BLUE GROTTO DR,GILBERT,AZ,85234
3420,1820 S HARRIS DR,MESA,AZ,85204
3421,6915 E GUADALUPE RD,MESA,AZ,85212
3422,500 S MCQUEEN RD,GILBERT,AZ,85233
3423,505 W HOUSTON AVE,GILBERT,AZ,85233
3424,423 E SETTLERS POINT DR,GILBERT,AZ,85296
3425,3777 E HOUSTON AVE,GILBERT,AZ,85234
3426,8045 E PORTOBELLO AVE,MESA,AZ,85212
3427,1945 S ASHLAND RANCH RD,GILBERT,AZ,85295
3428,10211 E MADERO AVE,MESA,AZ,85209
3429,9430 E NEVILLE AVE,MESA,AZ,85209
3430,10045 E MADERO AVE,MESA,AZ,85209
3431,3045 S CANYON RIM,MESA,AZ,85212
3432,2034 S LINDSAY RD,GILBERT,AZ,85295
3433,3900 S MOUNTAIN RD,MESA,AZ,85212
3434,230 N COLE CT,GILBERT,AZ,85234
3435,3680 S QUARTZ ST,GILBERT,AZ,85297
3436,1016 N Burk Street,GILBERT,AZ,85234
3437,3870 S QUARTZ ST,GILBERT,AZ,85297
3438,2846 S SPECTRUM WAY,GILBERT,AZ,85295
3439,55 N GREENFIELD RD,GILBERT,AZ,85234
3440,140 S GILBERT RD,GILBERT,AZ,85296
3441,7910 W MARYLAND AVE,GLENDALE,AZ,85303
3442,8530 N 55TH AVE,GLENDALE,AZ,85302
3443,4801 W MARYLAND AVE,GLENDALE,AZ,85301
3444,6534 N 63RD AVE,GLENDALE,AZ,85301
3445,5730 W MYRTLE AVE,GLENDALE,AZ,85301
3446,5535 N 67TH AVE,GLENDALE,AZ,85301
3447,8520 N 47TH AVE,GLENDALE,AZ,85302
3448,6600 W MISSOURI AVE,GLENDALE,AZ,85301
3449,7020 W OCOTILLO RD,GLENDALE,AZ,85303
3450,6905 W MARYLAND AVE,GLENDALE,AZ,85303
3451,7240 W COLTER ST,GLENDALE,AZ,85303
3452,7355 W ORANGEWOOD AVE,GLENDALE,AZ,85303
3453,7775 W ORANGEWOOD AVE,GLENDALE,AZ,85303
3454,7301 N 58TH AVE,GLENDALE,AZ,85301
3455,8045 N 47TH AVE,GLENDALE,AZ,85302
3456,8828 N 31ST AVE,PHOENIX,AZ,85051
3457,6216 W GLENDALE AVE,GLENDALE,AZ,85301
3458,3930 W GREENWAY RD,PHOENIX,AZ,85053
3459,3625 W CACTUS RD,PHOENIX,AZ,85029
3460,35 W DUNLAP AVE,PHOENIX,AZ,85021
3461,1750 W THUNDERBIRD RD,PHOENIX,AZ,85023
3462,2217 W GLENDALE AVE,PHOENIX,AZ,85021
3463,6602 N 75TH AVE,GLENDALE,AZ,85303
3464,4530 W NORTHERN AVE,GLENDALE,AZ,85301
3465,4530 W NORTHERN AVE,GLENDALE,AZ,85301
3466,437 S High Street,Globe,AZ,85501
3467,1600 Mesquite,Globe,AZ,85501
3468,4000 High Desert,Globe,AZ,85501
3469,460 N WILLOW ST,GLOBE,AZ,85501
3470,#1 Boulder Street,Grand Canyon Village,AZ,86023
3471,#1 Boulder Street,Grand Canyon Village,AZ,86023
3472,9501 E NELLIE DR,KINGMAN,AZ,86401
3473,824 N. Thorne Ave,Winkelman,AZ,85292
3474,824 Thorne Ave.,Winkelman,AZ,85292
3475,3391 E VEST AVE,GILBERT,AZ,85295
3476,4333 S DEANZA BLVD,GILBERT,AZ,85297
3477,3443 E CALISTOGA DR,GILBERT,AZ,85297
3478,4068 E PECOS RD,GILBERT,AZ,85295
3479,4351 S RANCH HOUSE PKWY,GILBERT,AZ,85297
3480,2069 South De La Torre Drive,Gilbert,AZ,85295
3481,19680 S 188TH ST,QUEEN CREEK,AZ,85142
3482,3380 E FRYE RD,GILBERT,AZ,85295
3483,2076 S. Higley Road,Gilbert,AZ,85236
3484,3507 S RANCH HOUSE PKWY,GILBERT,AZ,85297
3485,18655 E JACARANDA BLVD,QUEEN CREEK,AZ,85142
3486,1100 S RECKER RD,GILBERT,AZ,85296
3487,18655 E JACARANDA BLVD,QUEEN CREEK,AZ,85142
3488,1100 S RECKER RD,GILBERT,AZ,85296
3489,5205 S SOBOBA ST,GILBERT,AZ,85298
3490,2935 S RECKER RD,GILBERT,AZ,85295
3491,455 N 8TH AVE,HOLBROOK,AZ,86025
3492,412 W BUFFALO ST,HOLBROOK,AZ,86025
3493,600 W BUFFALO ST,HOLBROOK,AZ,86025
3494,453 N 7TH ST,HOLBROOK,AZ,86025
3495,Crossroads of Route 77 and Rou,Indian Wells,AZ,86031
3496,6629 W CLARENDON AVE,PHOENIX,AZ,85033
3497,2613 W CAMPBELL AVE,PHOENIX,AZ,85017
3498,6401 S 16TH ST,PHOENIX,AZ,85042
3499,1938 E APACHE BLVD,TEMPE,AZ,85281
3500,6000 E LONG LOOK DR,Prescott Valley,AZ,86314
3501,12255 E TURQUOISE CIR,Dewey-Humboldt,AZ,86327
3502,3900 N STARLIGHT DR,Prescott Valley,AZ,86314
3503,6625 N. Robert Rd,Prescott Valley,AZ,86314
3504,6901 PANTHER PATH,Prescott Valley,AZ,86314
3505,3300 N LAKE VALLEY RD,Prescott Valley,AZ,86314
3506,2750 S Corral St,Dewey-Humboldt,AZ,86327
3507,8601 E LOOS DR,Prescott Valley,AZ,86314
3508,5250 N STOVER DR,Prescott Valley,AZ,86314
3509,6000 E LONG LOOK DR,Prescott Valley,AZ,86314
3510,6411 N Robert Rd,Prescott Valley,AZ,86314
3511,6411 N ROBERT RD,PRESCOTT VLY,AZ,86314
3512,1300 S. Ave. 64e,Dateland,AZ,85333
3513,Indian Route 19,Topawa,AZ,85634
3514,Indian Route 19 Mile Post 19.,Topawa,AZ,85634
3515,111 W. Main,Sells,AZ,85634
3516,State Route 86,Sells,AZ,85634
3517,111 Main Street,Sells,AZ,85634
3518,111 Main Street,Sells,AZ,85634
3519,Highway 86 Mile Post 115.5,Sells,AZ,85634
3520,3348 W MCDOWELL RD,PHOENIX,AZ,85009
3521,3402 W MCDOWELL RD,PHOENIX,AZ,85009
3522,1700 N 41ST AVE,PHOENIX,AZ,85009
3523,3801 W ROANOKE AVE,PHOENIX,AZ,85009
3524,1001 N 31ST AVE,PHOENIX,AZ,85009
3525,4525 W ENCANTO BLVD,PHOENIX,AZ,85035
3526,3449 N 39TH AVE,PHOENIX,AZ,85019
3527,3025 W MCDOWELL RD,PHOENIX,AZ,85009
3528,3101 W MCDOWELL RD,PHOENIX,AZ,85009
3529,3348 W MCDOWELL RD,PHOENIX,AZ,85009
3530,406 N 41ST AVE,PHOENIX,AZ,85009
3531,2941 N 43RD AVE,PHOENIX,AZ,85031
3532,3348 W MCDOWELL RD,PHOENIX,AZ,85009
3533,37611 N PECAN CRK,San Tan Valley,AZ,85140
3534,39315 N CORTONA DR,San Tan Valley,AZ,85140
3535,38454 N CAROLINA AVE,QUEEN CREEK,AZ,85140
3536,2505 E GERMANN RD,San Tan Valley,AZ,85140
3537,43521 N KENWORTHY RD,San Tan Valley,AZ,85140
3538,40300 N SIMONTON BLVD,QUEEN CREEK,AZ,85140
3539,38300 N GANTZEL RD,San Tan Valley,AZ,85140
3540,301 E COMBS RD,SAN TAN VLY,AZ,85140
3541,38300 N GANTZEL RD,SAN TAN VLY,AZ,85140
3542,38300 N GANTZEL RD,SAN TAN VLY,AZ,85140
3543,8176 WESTOVER ST,JOSEPH CITY,AZ,86032
3544,4629 2nd North,Joseph City,AZ,86032
3545,4629 E. Second North,Joseph City,AZ,86032
3546,Highway 163,Kayenta,AZ,86033
3547,North US Hwy 163 Mustang Blvd,Kayenta,AZ,86033
3548,North U.S. Highway 163,Kayenta,AZ,86033
3549,N. Highway 163,Kayenta,AZ,86033
3550,14200 W. Kirkland/Hillside Rd.,Kirkland,AZ,86332
3551,2720 E LIBERTY LN,PHOENIX,AZ,85048
3552,5500 W GALVESTON ST,CHANDLER,AZ,85226
3553,14841 S 41ST PL,PHOENIX,AZ,85044
3554,11820 S WARNER ELLIOT LOOP,PHOENIX,AZ,85044
3555,1050 E CARVER RD,TEMPE,AZ,85284
3556,1331 E REDFIELD RD,TEMPE,AZ,85283
3557,1050 E CARVER RD,TEMPE,AZ,85284
3558,777 N. Desert Breeze Blvd. Eas,Chandler,AZ,85226
3559,777 N DESERT BREEZE BLVD E BLD,CHANDLER,AZ,85226
3560,14620 S DESERT FOOTHILLS PKWY,PHOENIX,AZ,85048
3561,14620 S. Desert Foothills Blvd,Phoenix,AZ,85048
3562,1201 W COURTNEY LN,TEMPE,AZ,85284
3563,1330 E DAVA DR,TEMPE,AZ,85283
3564,1350 N LAKESHORE DR,CHANDLER,AZ,85226
3565,5000 W WHITTEN ST,CHANDLER,AZ,85226
3566,13612 S 36TH ST,PHOENIX,AZ,85044
3567,360 S TWELVE OAKS BLVD,CHANDLER,AZ,85226
3568,3375 W GALVESTON ST,CHANDLER,AZ,85226
3569,50 E KNOX RD,TEMPE,AZ,85284
3570,17001 S 34TH WAY,PHOENIX,AZ,85048
3571,15221 S RAY RD,PHOENIX,AZ,85048
3572,13808 S 36TH ST,PHOENIX,AZ,85044
3573,1122 E LIBERTY LN,PHOENIX,AZ,85048
3574,2620 E LIBERTY LN,PHOENIX,AZ,85048
3575,4630 E FRYE RD,PHOENIX,AZ,85048
3576,8700 S KYRENE RD,TEMPE,AZ,85284
3577,880 CASHMERE DR,Lake Havasu City,AZ,86404
3578,695 THUNDERBOLT AVE,Lake Havasu City,AZ,86406
3579,2395 SMOKETREE AVE N,Lake Havasu City,AZ,86403
3580,3150 STARLINE DR,Lake Havasu City,AZ,86406
3581,2675 PALO VERDE BLVD S,Lake Havasu City,AZ,86403
3582,1425 PATRICIAN DR,Lake Havasu City,AZ,86404
3583,1250 PAWNEE DR,Lake Havasu City,AZ,86406
3584,100 UNIVERSITY WAY,Lake Havasu City,AZ,86403
3585,3437 JAMAICA BLVD S,Lake Havasu City,AZ,86406
3586,2200 HAVASUPAI BLVD,Lake Havasu City,AZ,86403
3587,4141 W MCNEIL ST,LAVEEN,AZ,85339
3588,3851 W ROESER RD,PHOENIX,AZ,85041
3589,3908 W SOUTH MOUNTAIN RD,LAVEEN,AZ,85339
3590,4725 W SOUTH MOUNTAIN RD,LAVEEN,AZ,85339
3591,6855 W MEADOWS LOOP E,LAVEEN,AZ,85339
3592,7275 W VINEYARD RD,LAVEEN,AZ,85339
3593,6735 S 47TH AVE,LAVEEN,AZ,85339
3594,8800 S 55TH AVE,LAVEEN,AZ,85339
3595,5400 W Carver Rd,Laveen,AZ,85339
3596,5400 W CARVER RD,LAVEEN,AZ,85339
3597,19818 W US HIGHWAY 85,BUCKEYE,AZ,85326
3598,10301 S SAN MIGUEL AVE,GOODYEAR,AZ,85338
3599,19716 W NARRAMORE RD,BUCKEYE,AZ,85326
3600,17777 W WESTAR DR,GOODYEAR,AZ,85338
3601,22150 W SUNDANCE PKWY,BUCKEYE,AZ,85326
3602,18211 W LAS BRISAS DR,GOODYEAR,AZ,85338
3603,19871 W FREMONT RD,BUCKEYE,AZ,85326
3604,20070 W. Blue Horizons Pkwy. N,Buckeye,AZ,85326
3605,255 E. Wigwam Blvd,Litchfield Park,AZ,85340
3606,18701 W THOMAS RD,Litchfield Park,AZ,85340
3607,2801 N 135TH AVE,GOODYEAR,AZ,85395
3608,4095 N. 144th Ave.,Goodyear,AZ,85338
3609,2150 N Rancho Santa Fe Blvd,Avondale,AZ,85323
3610,18825 W. Thomas Rd.,Litchfield Park,AZ,85340
3611,4510 N 127TH AVE,Litchfield Park,AZ,85340
3612,3300 N SANTA FE TRL,AVONDALE,AZ,85392
3613,13335 W MISSOURI AVE,Litchfield Park,AZ,85340
3614,20880 W MAIN ST,BUCKEYE,AZ,85396
3615,5340  N. Wigwam Creek Blvd,Litchfield Park,AZ,85340
3616,20873 W SUNRISE LN,BUCKEYE,AZ,85396
3617,12448 West Bethany Home Road,Litchfield Park,AZ,85340
3618,15430 W. Turney,Litchfield Park,AZ,85395
3619,2150 N. Rancho Santa Fe Blvd.,Avondale,AZ,85323
3620,2801 N 135TH AVE,GOODYEAR,AZ,85395
3621,255 E. Wigwam Blvd,Litchfield Park,AZ,85340
3622,20895 W Hamilton St,Buckeye,AZ,85396
3623,18601 W Campbell Ave,Goodyear,AZ,85395
3624,272 E SAGEBRUSH ST,LITCHFIELD PK,AZ,85340
3625,3436 E RIO VIRGIN RD,BEAVER DAM,AZ,86432
3626,3470 E RIO VIRGIN RD,BEAVER DAM,AZ,86432
3627,1252 S AVONDALE BLVD,AVONDALE,AZ,85323
3628,1600 S 107TH AVE,AVONDALE,AZ,85323
3629,350 S 118TH AVE,AVONDALE,AZ,85323
3630,11050 W WHYMAN AVE,AVONDALE,AZ,85323
3631,10207 W COUNTRY PLACE BLVD,TOLLESON,AZ,85353
3632,11905 W COCOPAH CIR,AVONDALE,AZ,85323
3633,5025 S 103RD AVE,TOLLESON,AZ,85353
3634,1700 S 103RD AVE,TOLLESON,AZ,85353
3635,1600 S 107TH AVE,AVONDALE,AZ,85323
3636,12050 W. Broadway Ave,Avondale,AZ,85326
3637,7150 N 22ND ST,PHOENIX,AZ,85020
3638,225 W OCOTILLO RD,PHOENIX,AZ,85013
3639,5525 N 16TH ST,PHOENIX,AZ,85016
3640,1431 E. Campbell,Phoenix,AZ,85014
3641,7302 N 10TH ST,PHOENIX,AZ,85020
3642,1155 E ROSE LN,PHOENIX,AZ,85014
3643,2002 E CAMPBELL AVE,PHOENIX,AZ,85016
3644,925 E MARYLAND AVE,PHOENIX,AZ,85014
3645,5601 N 16TH ST,PHOENIX,AZ,85016
3646,10 N. Spring Valley Rd.,Parks,AZ,86018
3647,321 S AVENUE B,SAN MANUEL,AZ,85631
3648,914 W 1ST AVE,SAN MANUEL,AZ,85631
3649,111 West Dungan Drive,Mammoth,AZ,85618
3650,711 S MCNAB PKWY,SAN MANUEL,AZ,85631
3651,711 S MCNAB PKWY,SAN MANUEL,AZ,85631
3652,4600 W CORTARO FARMS RD,TUCSON,AZ,85742
3653,11279 W GRIER RD STE 100,MARANA,AZ,85653
3654,11279 W GRIER RD # 105,MARANA,AZ,85653
3655,3400 W MASSINGALE RD,TUCSON,AZ,85741
3656,12000 W EMIGH RD,TUCSON,AZ,85743
3657,8000 N SILVERBELL RD,TUCSON,AZ,85743
3658,11279 W GRIER RD,MARANA,AZ,85653
3659,4101 W HARDY RD,TUCSON,AZ,85742
3660,5051 W OVERTON RD,TUCSON,AZ,85742
3661,5875 N SANDERS RD,TUCSON,AZ,85743
3662,16651 W CALLE CARMELA,MARANA,AZ,85653
3663,3901 W LINDA VISTA BLVD,TUCSON,AZ,85742
3664,3300 W FREER DR,TUCSON,AZ,85742
3665,7995 W TWIN PEAKS RD,TUCSON,AZ,85743
3666,11279 W GRIER RD # 115A,MARANA,AZ,85653
3667,8500 N CONTINENTAL LINKS DR,TUCSON,AZ,85743
3668,13650 N MCDUFF RD STE 128,MARANA,AZ,85653
3669,11745 W GLADDEN FARMS DR,MARANA,AZ,85653
3670,5650 W MOORE RD,MARANA,AZ,85658
3671,7651 N OLDFATHER DR,TUCSON,AZ,85741
3672,18150 N ALTERRA PKWY,MARICOPA,AZ,85139
3673,45012 W HONEYCUTT AVE,MARICOPA,AZ,85139
3674,45725 W HONEYCUTT AVE,MARICOPA,AZ,85139
3675,42202 W RANCHO EL DORADO PKWY,MARICOPA,AZ,85138
3676,19845 N COSTA DEL SOL,MARICOPA,AZ,85138
3677,35565 W HONEYCUTT RD,MARICOPA,AZ,85138
3678,43800 W HONEYCUTT RD,MARICOPA,AZ,85138
3679,18600 N PORTER RD,MARICOPA,AZ,85138
3680,21400 N SANTA ROSA DR,MARICOPA,AZ,85138
3681,21400 N SANTA ROSA DR,MARICOPA,AZ,85138
3682,18600 N PORTER RD,MARICOPA,AZ,85138
3683,44150 W MARICOPA CASA GRANDE H,MARICOPA,AZ,85138
3684,16200 N MURPHY RD,MARICOPA,AZ,85138
3685,16350 W AJO HWY,TUCSON,AZ,85735
3686,9875 S SASABE RD,TUCSON,AZ,85736
3687,12568 E MAIN ST,MAYER,AZ,86333
3688,17300 E MULE DEER DR,MAYER,AZ,86333
3689,12606 E MAIN ST,MAYER,AZ,86333
3690,108 N. Pollack,McNary,AZ,85930
3691,3979 McNeal Street,McNeal,AZ,85617
3692,236 S SIRRINE,MESA,AZ,85210
3693,125 E MCLELLAN RD,MESA,AZ,85201
3694,4132 E ADOBE ST,MESA,AZ,85205
3695,738 S LONGMORE,MESA,AZ,85202
3696,1313 W Medina,Mesa,AZ,85202
3697,525 N WESTWOOD,MESA,AZ,85201
3698,545 N HORNE,MESA,AZ,85203
3699,848 N MESA DR,MESA,AZ,85201
3700,415 N WESTWOOD,MESA,AZ,85201
3701,2325 E ADOBE ST,MESA,AZ,85213
3702,1753 E 8TH AVE,MESA,AZ,85204
3703,1001 N POWER RD,MESA,AZ,85205
3704,1425 N 23RD ST,MESA,AZ,85213
3705,630 N HUNT DR,MESA,AZ,85203
3706,948 S HORNE,MESA,AZ,85204
3707,3220 E PUEBLO AVE,MESA,AZ,85204
3708,7029 E BROWN RD,MESA,AZ,85207
3709,848 N HORNE,MESA,AZ,85203
3710,2555 N STAPLEY DR,MESA,AZ,85203
3711,930 S SIRRINE,MESA,AZ,85210
3712,930 S LAZONA DR,MESA,AZ,85204
3713,345 S HALL,MESA,AZ,85204
3714,920 E BROADWAY RD,MESA,AZ,85204
3715,1435 E MCLELLAN RD,MESA,AZ,85203
3716,1630 E SOUTHERN AVE,MESA,AZ,85204
3717,2700 E BROWN RD,MESA,AZ,85213
3718,7038 E ADOBE ST,MESA,AZ,85207
3719,2433 E ADOBE ST,MESA,AZ,85213
3720,855 W 8TH AVE,MESA,AZ,85210
3721,1020 S EXTENSION RD,MESA,AZ,85210
3722,1860 S LONGMORE,MESA,AZ,85202
3723,828 S VALENCIA,MESA,AZ,85202
3724,638 S 96TH ST,MESA,AZ,85208
3725,9800 E QUARTERLINE RD,MESA,AZ,85207
3726,2260 W ISABELLA AVE,MESA,AZ,85202
3727,202 N SYCAMORE,MESA,AZ,85201
3728,945 W RIO SALADO PKWY,MESA,AZ,85201
3729,1829 N GRAND,MESA,AZ,85201
3730,733 N LONGMORE,MESA,AZ,85201
3731,6650 E RAFTRIVER ST,MESA,AZ,85215
3732,4925 E INGRAM ST,MESA,AZ,85205
3733,737 W Guadalupe Road,Mesa,AZ,85210
3734,325 E MCKELLIPS RD,MESA,AZ,85201
3735,3250 E HERMOSA VISTA DR,MESA,AZ,85213
3736,120 S JEFFERSON AVE,MESA,AZ,85208
3737,1445 E HILTON AVE,MESA,AZ,85204
3738,1507 W SHAWNEE DR,CHANDLER,AZ,85224
3739,3042 E ADOBE ST,MESA,AZ,85213
3740,825 W MEDINA AVE,MESA,AZ,85210
3741,7302 E ADOBE ST,MESA,AZ,85207
3742,1501 W GUADALUPE RD,MESA,AZ,85202
3743,2122 E PUEBLO AVE,MESA,AZ,85204
3744,591 W MESQUITE ST,CHANDLER,AZ,85225
3745,3120 N RED MTN,MESA,AZ,85207
3746,1313 W Medina Ave,Mesa,AZ,85202
3747,3807 E PUEBLO AVE,MESA,AZ,85206
3748,705 S 32ND ST,MESA,AZ,85204
3749,1550 W SUMMIT PL,CHANDLER,AZ,85224
3750,4840 E ADOBE ST,MESA,AZ,85205
3751,1560 W SUMMIT PL,CHANDLER,AZ,85224
3752,5831 E MCLELLAN RD,MESA,AZ,85205
3753,2635 N 32ND ST,MESA,AZ,85213
3754,1407 N ALTA MESA DR,MESA,AZ,85205
3755,849 S SUNNYVALE,MESA,AZ,85206
3756,616 N MOUNTAIN RD,MESA,AZ,85207
3757,7301 E BROWN RD,MESA,AZ,85207
3758,1501 W GUADALUPE RD,MESA,AZ,85202
3759,2626 N 24TH ST,MESA,AZ,85213
3760,1645 N STERLING,MESA,AZ,85207
3761,1350 S LINDSAY RD,MESA,AZ,85204
3762,5619 E GLADE AVE,MESA,AZ,85206
3763,615 S CHESHIRE,MESA,AZ,85208
3764,845 S CRISMON RD,MESA,AZ,85208
3765,855 W 8TH AVE,MESA,AZ,85210
3766,1313 W Medina Ave,MESA,AZ,85202
3767,10222 E SOUTHERN AVE,MESA,AZ,85209
3768,463 S ALMA SCHOOL RD,MESA,AZ,85210
3769,11455 E SUNLAND AVE,MESA,AZ,85208
3770,950 N SUNVALLEY BLVD,MESA,AZ,85207
3771,10100 E ADOBE RD,MESA,AZ,85207
3772,9410 E MCKELLIPS RD,MESA,AZ,85207
3773,122 N COUNTRY CLUB DR,MESA,AZ,85201
3774,855 W 8TH AVE,MESA,AZ,85210
3775,6919 E BROWN RD,MESA,AZ,85207
3776,4949 E SOUTHERN AVE,MESA,AZ,85206
3777,1313 W. Medina Ave,Mesa,AZ,85202
3778,1560 W SUMMIT PL,CHANDLER,AZ,85224
3779,4949 E SOUTHERN AVE,MESA,AZ,85206
3780,855 W 8TH AVE,MESA,AZ,85210
3781,4639 E. Ragus Road,Miami,AZ,85539
3782,4635 E. Ragus Rd.,Miami,AZ,85539
3783,4739 E RAGUS RD,MIAMI,AZ,85539
3784,4635 B Ragus Road,Miami,AZ,85539
3785,4739 E RAGUS RD,MIAMI,AZ,85539
3786,1801 E FIR ST,COTTONWOOD,AZ,86326
3787,1801 E FIR ST,COTTONWOOD,AZ,86326
3788,1801 E FIR ST,COTTONWOOD,AZ,86326
3789,42798 S 99TH AVE,MARICOPA,AZ,85139
3790,6565 S GIRARD AVE,MOHAVE VALLEY,AZ,86440
3791,1760 E JOY LN,FORT MOHAVE,AZ,86426
3792,1797 E LA ENTRADA DR,FORT MOHAVE,AZ,86426
3793,8450 S OLIVE AVE,MOHAVE VALLEY,AZ,86440
3794,5151 S. Avenue 39E,Roll,AZ,85347
3795,Fairbanks Rd #1,Morenci,AZ,85540
3796,1 STADIUM DR,MORENCI,AZ,85540
3797,1056 Fairbanks Road,Morenci,AZ,85540
3798,25950 West Rockaway Hills Driv,Morristown,AZ,85342
3799,130 W CONGRESS ST FL 4,TUCSON,AZ,85701
3800,2020 W DURANGO ST,PHOENIX,AZ,85009
3801,2 N 31ST AVE,PHOENIX,AZ,85009
3802,3201 W SHERMAN ST,PHOENIX,AZ,85009
3803,1911 W. Valenzuela,Naco,AZ,85620
3804,21419 W DOVE VALLEY RD,WITTMANN,AZ,85361
3805,17161 W BAJADA RD,SURPRISE,AZ,85387
3806,32919 N Center St,Wittmann,AZ,85361
3807,32919 N CENTER ST,WITTMANN,AZ,85361
3808,294 W CARLOS AVE,HOLBROOK,AZ,86025
3809,855 N BAUTISTA ST,NOGALES,AZ,85621
3810,652 N TYLER AVE,NOGALES,AZ,85621
3811,1050 W CIMARRON ST,NOGALES,AZ,85621
3812,1905 N APACHE BLVD,NOGALES,AZ,85621
3813,595 W KINO ST,NOGALES,AZ,85621
3814,121 CAMINO DIEZ MANDAMIENTOS,NOGALES,AZ,85621
3815,340 Blvd. del Rey David,Nogales,AZ,85621
3816,901 E CALLE MAYER,NOGALES,AZ,85621
3817,2301 N AL HARRISON RD,NOGALES,AZ,85621
3818,451 N. Arroyo Blvd,Nogales,AZ,85621
3819,451 N Arroyo Blvd,Nogales,AZ,85621
3820,2618 W EL PASEO,ORACLE,AZ,85623
3821,1225 W CLARENDON AVE,PHOENIX,AZ,85013
3822,1426 W OSBORN RD,PHOENIX,AZ,85013
3823,1102 W HIGHLAND AVE,PHOENIX,AZ,85013
3824,1526 W MISSOURI AVE,PHOENIX,AZ,85015
3825,1209 E INDIAN SCHOOL RD,PHOENIX,AZ,85014
3826,715 E MONTECITO AVE,PHOENIX,AZ,85014
3827,1226 W OSBORN RD,PHOENIX,AZ,85013
3828,14109 E. ChickenSprings Rd.,Wikieup,AZ,85360
3829,445 S. Old Hwy 188,Tonto Basin,AZ,85553
3830,101 El Mirage,Page,AZ,86040
3831,434 South Lake Powell,Page,AZ,86040
3832,462 S. Lake Powell Blvd,Page,AZ,86040
3833,1801 North Navajo,Page,AZ,86040
3834,500 South Navajo,Page,AZ,86040
3835,500 S NAVAJO DR,PAGE,AZ,86040
3836,10700 S. Palo Verde Road,Palo Verde,AZ,85343
3837,10385 E HIGHWAY 92,HEREFORD,AZ,85615
3838,5148 S CORONADO SCHOOL DR,SIERRA VISTA,AZ,85650
3839,6849 E Highway 92,Hereford,AZ,85615
3840,17602 N CENTRAL AVE,PHOENIX,AZ,85022
3841,3002 E NISBET RD,PHOENIX,AZ,85032
3842,17650 N 54TH ST,SCOTTSDALE,AZ,85254
3843,3820 E NISBET RD,PHOENIX,AZ,85032
3844,2650 E CONTENTION MINE RD,PHOENIX,AZ,85032
3845,11020 N 28TH ST,PHOENIX,AZ,85028
3846,5902 E SWEETWATER AVE,SCOTTSDALE,AZ,85254
3847,5858 E SWEETWATER AVE,SCOTTSDALE,AZ,85254
3848,3633 E THUNDERBIRD RD,PHOENIX,AZ,85032
3849,2450 E LARKSPUR DR,PHOENIX,AZ,85032
3850,5125 E MARILYN RD,SCOTTSDALE,AZ,85254
3851,9640 N 28TH ST,PHOENIX,AZ,85028
3852,15833 N 29TH ST,PHOENIX,AZ,85032
3853,1700 E UNION HLS DR,PHOENIX,AZ,85024
3854,2902 E SHEA BLVD,PHOENIX,AZ,85028
3855,2728 E SHEA BLVD,PHOENIX,AZ,85028
3856,12990 N 75TH ST,SCOTTSDALE,AZ,85260
3857,15844 N 43RD ST,PHOENIX,AZ,85032
3858,22801 N 22ND ST,PHOENIX,AZ,85024
3859,6724 E HEARN RD,SCOTTSDALE,AZ,85254
3860,1811 E MICHIGAN AVE # 3,PHOENIX,AZ,85022
3861,5601 E GREENWAY RD,SCOTTSDALE,AZ,85254
3862,4960 E ACOMA DR,SCOTTSDALE,AZ,85254
3863,4315 E CASHMAN DR,PHOENIX,AZ,85050
3864,2826 E GROVERS AVE,PHOENIX,AZ,85032
3865,22401 N 40TH ST,PHOENIX,AZ,85050
3866,6010 E ACOMA DR,SCOTTSDALE,AZ,85254
3867,19801 N 13TH ST,PHOENIX,AZ,85024
3868,16428 N 21st St.,PHOENIX,AZ,85022
3869,16406 N 61ST PL,SCOTTSDALE,AZ,85254
3870,3303 E UTOPIA RD,PHOENIX,AZ,85050
3871,1919 E SHARON DR,PHOENIX,AZ,85022
3872,3950 E BELL RD,PHOENIX,AZ,85032
3873,7525 E GRAYHAWK DR,SCOTTSDALE,AZ,85255
3874,2727 E SIESTA LN,PHOENIX,AZ,85050
3875,3535 E MAYO BLVD,PHOENIX,AZ,85050
3876,2323 E MOUNTAIN GATE PASS,PHOENIX,AZ,85024
3877,7690 E WILLIAMS DR,SCOTTSDALE,AZ,85255
3878,1811 E MICHIGAN AVE # 3,PHOENIX,AZ,85022
3879,3997 E LOCKWOOD DR,PHOENIX,AZ,85050
3880,3602 E CHOLLA ST,PHOENIX,AZ,85028
3881,15815 N 29TH ST,PHOENIX,AZ,85032
3882,15002 N 32ND ST,PHOENIX,AZ,85032
3883,3725 E. Love Cactus Drive,Phoenix,AZ,85050
3884,4215 E ANDORA DR,PHOENIX,AZ,85032
3885,3300 E. Sky Crossing Way,Phoenix,AZ,85050
3886,1600 S KOFA AVE,PARKER,AZ,85344
3887,701 S NAVAJO AVE,PARKER,AZ,85344
3888,19121 TAHBO RD,PARKER,AZ,85344
3889,1201 W 16TH ST,PARKER,AZ,85344
3890,1320 W 18TH ST # 1090,PARKER,AZ,85344
3891,1001 S KOFA AVE,PARKER,AZ,85344
3892,Highway 82,Patagonia,AZ,85624
3893,200 Naugle Avenue,Patagonia,AZ,85624
3894,301 S MCLANE RD,PAYSON,AZ,85541
3895,304 S MEADOW ST,PAYSON,AZ,85541
3896,902 W MAIN ST,PAYSON,AZ,85541
3897,500 East Rancho Road,Payson,AZ,85541
3898,514 W WADE LN,PAYSON,AZ,85541
3899,902 W MAIN ST,PAYSON,AZ,85541
3900,403 Diamond Creek Road,Peach Springs,AZ,86434
3901,16500 E Hwy 66,Peach Springs,AZ,86434
3902,403 Diamond Creek Road,Peach Springs,AZ,86434
3903,1487 E SCHOOL RD,PEARCE,AZ,85625
3904,8605 W MARYLAND AVE,GLENDALE,AZ,85305
3905,8525 W OSBORN RD,PHOENIX,AZ,85037
3906,3802 N 91ST AVE,PHOENIX,AZ,85037
3907,9040A W CAMPBELL AVE,PHOENIX,AZ,85037
3908,4940 N 103RD AVE,PHOENIX,AZ,85037
3909,10825 W GARDEN LAKES PKWY,AVONDALE,AZ,85392
3910,10730 W CAMPBELL AVE,PHOENIX,AZ,85037
3911,11675 W ENCANTO BLVD,AVONDALE,AZ,85392
3912,10150 W MISSOURI AVE,GLENDALE,AZ,85307
3913,10237 W ENCANTO BLVD,AVONDALE,AZ,85392
3914,8490 W MISSOURI AVE,GLENDALE,AZ,85305
3915,8455 W VIRGINIA AVE,PHOENIX,AZ,85037
3916,9040 W. Campbell Ave. B,Phoenix,AZ,85037
3917,12995 N MARSHALL RANCH DR,GLENDALE,AZ,85304
3918,9880 N 77TH AVE,PEORIA,AZ,85345
3919,9750 N 87TH AVE,PEORIA,AZ,85345
3920,6330 W GREENWAY RD,GLENDALE,AZ,85306
3921,11441 N 55TH AVE,GLENDALE,AZ,85304
3922,7231 W NORTH LN,PEORIA,AZ,85345
3923,5304 W CROCUS DR,GLENDALE,AZ,85306
3924,11501 N 79TH AVE,PEORIA,AZ,85345
3925,11200 N 83RD AVE,PEORIA,AZ,85345
3926,6315 W PORT AU PRINCE LN,GLENDALE,AZ,85306
3927,7880 W GREENWAY RD,PEORIA,AZ,85381
3928,15585 N 91ST AVE,PEORIA,AZ,85382
3929,11806 N 87TH AVE,PEORIA,AZ,85345
3930,21200 N 83RD AVE,PEORIA,AZ,85382
3931,5312 W MOUNTAIN VIEW RD,GLENDALE,AZ,85302
3932,15808 N 63RD AVE,GLENDALE,AZ,85306
3933,11232 N 65TH AVE,GLENDALE,AZ,85304
3934,7051 W CHOLLA ST,PEORIA,AZ,85345
3935,8540 W BUTLER DR,PEORIA,AZ,85345
3936,12900 N 71ST AVE,PEORIA,AZ,85381
3937,6051 W SWEETWATER AVE,GLENDALE,AZ,85304
3938,12901 N 63RD AVE,GLENDALE,AZ,85304
3939,10401 N 63RD AVE,GLENDALE,AZ,85302
3940,7841 W SWEETWATER AVE,PEORIA,AZ,85381
3941,8361 N 95TH AVE,PEORIA,AZ,85345
3942,8624 W SWEETWATER AVE,PEORIA,AZ,85381
3943,14388 N 79TH AVE,PEORIA,AZ,85381
3944,8633 W JOHN CABOT RD,PEORIA,AZ,85382
3945,5490 W PARADISE LN,GLENDALE,AZ,85306
3946,21258 N 81ST AVE,PEORIA,AZ,85382
3947,8409 N 111TH AVE,PEORIA,AZ,85345
3948,21180 N 87TH AVE,PEORIA,AZ,85382
3949,10851 W WILLIAMS RD,SUN CITY,AZ,85373
3950,6625 W. Cholla,Peoria,AZ,85304
3951,8990 W ORANGEWOOD AVE,GLENDALE,AZ,85305
3952,7565 W PEORIA AVE STE A,PEORIA,AZ,85345
3953,9621 W SPECKLED GECKO DR,PEORIA,AZ,85383
3954,30009 N SUNRISE PT,PEORIA,AZ,85383
3955,31501 N WESTLAND RD,PEORIA,AZ,85383
3956,9970 W BEARDSLEY RD,PEORIA,AZ,85382
3957,10851 W WILLIAMS RD,SUN CITY,AZ,85373
3958,9687 W ADAM AVE,PEORIA,AZ,85382
3959,5490 W PARADISE LN,GLENDALE,AZ,85306
3960,6000 W OLIVE AVE,GLENDALE,AZ,85302
3961,735 E FILLMORE ST,PHOENIX,AZ,85006
3962,1310 S 15TH AVE,PHOENIX,AZ,85007
3963,707 W GRANT ST,PHOENIX,AZ,85007
3964,804 N 18TH ST,PHOENIX,AZ,85006
3965,915 E PALM LN,PHOENIX,AZ,85006
3966,811 N 13TH ST,PHOENIX,AZ,85006
3967,2301 W THOMAS RD,PHOENIX,AZ,85015
3968,1350 S 11TH ST,PHOENIX,AZ,85034
3969,1210 N 5TH AVE,PHOENIX,AZ,85003
3970,1121 S 3RD AVE,PHOENIX,AZ,85003
3971,2000 N 16TH ST,PHOENIX,AZ,85006
3972,330 N 16TH AVE,PHOENIX,AZ,85007
3973,2602 N 23RD AVE,PHOENIX,AZ,85009
3974,2301 N 13TH ST,PHOENIX,AZ,85006
3975,735 E FILLMORE ST,PHOENIX,AZ,85006
3976,910 E WASHINGTON ST,PHOENIX,AZ,85034
3977,1817 N 7TH ST,PHOENIX,AZ,85006
3978,3839 W CAMELBACK RD,PHOENIX,AZ,85019
3979,1900 W THOMAS RD,PHOENIX,AZ,85015
3980,4612 N 28TH ST,PHOENIX,AZ,85016
3981,3333 W ROOSEVELT ST,PHOENIX,AZ,85009
3982,4525 N CENTRAL AVE,PHOENIX,AZ,85012
3983,3415 N 59TH AVE,PHOENIX,AZ,85033
3984,5401 S 7TH ST,PHOENIX,AZ,85040
3985,7402 W CATALINA DR,PHOENIX,AZ,85033
3986,1101 E THOMAS RD,PHOENIX,AZ,85014
3987,3535 N 27TH AVE,PHOENIX,AZ,85017
3988,2920 N 34TH DR,PHOENIX,AZ,85017
3989,3921 W BASELINE RD,LAVEEN,AZ,85339
3990,3000 N 19TH AVE,PHOENIX,AZ,85015
3991,512 E PIERCE ST,PHOENIX,AZ,85004
3992,8225 S 59TH AVE,LAVEEN,AZ,85339
3993,1645 W MCDOWELL RD,PHOENIX,AZ,85007
3994,4445 N CENTRAL AVE,PHOENIX,AZ,85012
3995,3005 E FILLMORE ST,PHOENIX,AZ,85008
3996,3701 W THOMAS RD,PHOENIX,AZ,85019
3997,4502 N CENTRAL AVE,PHOENIX,AZ,85012
3998,4525 N CENTRAL AVE,PHOENIX,AZ,85012
3999,17865 S VAIL RD,PICACHO,AZ,85141
4000,131 S. Main Street,Pima,AZ,85543
4001,131 S. Main,Pima,AZ,85543
4002,192 E. 200 S.,Pima,AZ,85543
4003,170 S. Main Street,Pima,AZ,85543
4004,3868 N PINE CREEK DR,PINE,AZ,85544
4005,3050 Porter Mountain Road,Lakeside,AZ,85929
4006,1200 W WHITE MOUNTAIN BLVD,LAKESIDE,AZ,85929
4007,1200 W WHITE MOUNTAIN BLVD,LAKESIDE,AZ,85929
4008,1200 W WHITE MOUNTAIN BLVD,LAKESIDE,AZ,85929
4009,1200 W WHITE MOUNTAIN BLVD,LAKESIDE,AZ,85929
4010,1396 N. Old Pomerene Road,Pomerene,AZ,85627
4011,551 1ST ST,PRESCOTT,AZ,86301
4012,1800 N WILLIAMSON VALLEY RD,PRESCOTT,AZ,86305
4013,201 PARK AVE,PRESCOTT,AZ,86303
4014,1050 RUTH ST,PRESCOTT,AZ,86301
4015,300 S GRANITE ST,PRESCOTT,AZ,86303
4016,1845 CAMPBELL AVE,PRESCOTT,AZ,86301
4017,300 E GURLEY ST,PRESCOTT,AZ,86301
4018,1749 N WILLIAMSON VALLEY RD,PRESCOTT,AZ,86305
4019,300 E GURLEY ST,PRESCOTT,AZ,86301
4020,I-40 and Hwy. 191 S,Sanders,AZ,86512
4021,Apache 7160,Sanders,AZ,86512
4022,I 40 and US 191,Sanders,AZ,86512
4023,I-40 Hwy 191,Sanders,AZ,86512
4024,49241 Parker/Ehrenberg Hwy.,Ehrenberg,AZ,85334
4025,930 Quail Trail,Quartzsite,AZ,85346
4026,23636 S 204TH ST,QUEEN CREEK,AZ,85142
4027,22301 S HAWES RD,QUEEN CREEK,AZ,85142
4028,20435 S OLD ELLSWORTH RD,QUEEN CREEK,AZ,85142
4029,22149 E OCOTILLO RD,QUEEN CREEK,AZ,85142
4030,20750 S 214TH ST,QUEEN CREEK,AZ,85142
4031,22706 East Village Loop Rd,Queen Creek,AZ,85142
4032,24937 S SOSSAMAN RD,QUEEN CREEK,AZ,85142
4033,20217 E CHANDLER HEIGHTS RD,QUEEN CREEK,AZ,85142
4034,5149 S SIGNAL BUTTE RD,MESA,AZ,85212
4035,22801 E Via Del Jardin,Queen Creek,AZ,85142
4036,9560 E Ray Rd,Mesa,AZ,85212
4037,19684 S. 225th Pl,Queen Creek,AZ,85142
4038,9737 E Toledo Ave,Mesa,AZ,85212
4039,23161 E Grange Pkwy,QUEEN CREEK,AZ,85142
4040,21942 East Riggs Road,Queen Creek,AZ,85142
4041,701 North Highway 177,Kearny,AZ,85137
4042,651 Sen. Chastain Dr.,Kearny,AZ,85137
4043,Highway 160 Mile Marker 448,Teec Nos Pos,AZ,86514
4044,N HWY 160,Teec Nos Pos,AZ,86514
4045,Highway 191 at Route 12,Round Rock,AZ,86547
4046,Hwy 160 Milepost 448,Teec Nos Pos,AZ,86514
4047,Navajo Route N13 2miles South,Teec Nos Pos,AZ,86544
4048,33656 W. Aguirre Lane,Red Rock,AZ,85245
4049,27010 E HIGHWAY 70,PERIDOT,AZ,85542
4050,San Carlos Avenue,San Carlos,AZ,85550
4051,San Carlos Avenue,San Carlos,AZ,85550
4052,27010 E Highway 70,San Carlos,AZ,85550
4053,100 SAN CARLOS AVE,SAN CARLOS,AZ,85550
4054,100 San Carlos Ave,San Carlos,AZ,85550
4055,1414 S 51st Ave,Phoenix,AZ,85043
4056,3650 S 64TH LN,PHOENIX,AZ,85043
4057,3900 S 55TH AVE,PHOENIX,AZ,85043
4058,1414 South 51st Avenue,Phoenix,AZ,85043
4059,2041 E VINEYARD RD,PHOENIX,AZ,85042
4060,7009 S 10TH ST,PHOENIX,AZ,85042
4061,1701 W ROESER RD,PHOENIX,AZ,85041
4062,6825 S 10TH ST,PHOENIX,AZ,85042
4063,909 W VINEYARD RD,PHOENIX,AZ,85041
4064,4615 S 22ND ST,PHOENIX,AZ,85040
4065,2149 E CARVER DR,PHOENIX,AZ,85040
4066,7139 S 10TH ST,PHOENIX,AZ,85042
4067,4001 S 3RD ST,PHOENIX,AZ,85040
4068,4610 S 12TH ST,PHOENIX,AZ,85040
4069,5401 S 7TH AVE,PHOENIX,AZ,85041
4070,8220 S 7TH AVE,PHOENIX,AZ,85041
4071,1718 W VINEYARD RD,PHOENIX,AZ,85041
4072,6209 S 15TH AVE,PHOENIX,AZ,85041
4073,602 E SIESTA DR,PHOENIX,AZ,85042
4074,1111 W DOBBINS RD,PHOENIX,AZ,85041
4075,2101 W ALTA VISTA RD,PHOENIX,AZ,85041
4076,2624 E SOUTH MOUNTAIN AVE,PHOENIX,AZ,85042
4077,6550 S 27TH AVE,PHOENIX,AZ,85041
4078,6000 S 7TH ST,PHOENIX,AZ,85042
4079,150 west 2nd st.,Eagar,AZ,85925
4080,550 North Butler St.,Eagar,AZ,85925
4081,165 S. Brown St.,Eagar,AZ,85925
4082,585 N. Butler St.,Eagar,AZ,85925
4083,38201 W INDIAN SCHOOL RD,TONOPAH,AZ,85354
4084,38201 W INDIAN SCHOOL RD,TONOPAH,AZ,85354
4085,35220 W BUCKEYE RD,TONOPAH,AZ,85354
4086,29677 W INDIANOLA AVE,BUCKEYE,AZ,85396
4087,38201 W INDIAN SCHOOL RD,TONOPAH,AZ,85354
4088,30919 W. White Tanks Vista Dr,Buckeye,AZ,85396
4089,92 Skill Center Rd,Sacaton,AZ,85147
4090,92 Skill Center Rd,Sacaton,AZ,85147
4091,300 W DISCOVERY PARK BLVD,SAFFORD,AZ,85546
4092,2013 S 8TH AVE,SAFFORD,AZ,85546
4093,1400 W 11TH ST,SAFFORD,AZ,85546
4094,698 W 11TH ST,SAFFORD,AZ,85546
4095,1100 S 10TH AVE,SAFFORD,AZ,85546
4096,1041 S 14TH AVE,SAFFORD,AZ,85546
4097,734 W 11TH ST,SAFFORD,AZ,85546
4098,350 W SAHUARITA RD,SAHUARITA,AZ,85629
4099,350 W SAHUARITA RD,SAHUARITA,AZ,85629
4100,350 W SAHUARITA RD,SAHUARITA,AZ,85629
4101,5000 W. Arivaca Road,Amado,AZ,85645
4102,350 W SAHUARITA RD,SAHUARITA,AZ,85629
4103,15490 South Rancho Sahuarita B,Sahuarita,AZ,85629
4104,15510 S. Sahuarita Park Rd,Sahuarita,AZ,85629
4105,16200 S. Starlight View Lane,Sahuarita,AZ,85629
4106,16325 S Rancho Sahuarita Blvd,Sahuarita,AZ,85629
4107,350 W SAHUARITA RD,SAHUARITA,AZ,85629
4108,One School House Road,Sasabe,AZ,85633
4109,2226 W. I-10 Business Loop,San Simon,AZ,85632
4110,7 DUQUESNE RD,NOGALES,AZ,85621
4111,1374 W FRONTAGE RD,RIO RICO,AZ,85648
4112,1374 W FRONTAGE RD,RIO RICO,AZ,85648
4113,1412 W FRONTAGE RD,RIO RICO,AZ,85648
4114,590 N. Camino Galindo,Rio Rico,AZ,85648
4115,490 AVENIDA COATIMUNDI,RIO RICO,AZ,85648
4116,590 CAMINO LITO GALINDO,RIO RICO,AZ,85648
4117,900 N MAIN ST,ELOY,AZ,85131
4118,900 N MAIN ST,ELOY,AZ,85131
4119,13636 N 100TH ST,SCOTTSDALE,AZ,85260
4120,10203 E MCDOWELL MTN RANCH RD,SCOTTSDALE,AZ,85255
4121,12575 E. Via Linda,Scottsdale,AZ,85259
4122,4703 E INDIAN SCHOOL RD,PHOENIX,AZ,85018
4123,6935 E GOLD DUST AVE,SCOTTSDALE,AZ,85253
4124,8801 N 56TH ST,Paradise Valley,AZ,85253
4125,6615 E CHOLLA ST,SCOTTSDALE,AZ,85254
4126,7501 E VIRGINIA AVE,SCOTTSDALE,AZ,85257
4127,8451 E OAK ST,SCOTTSDALE,AZ,85257
4128,5110 E LAFAYETTE BLVD,PHOENIX,AZ,85018
4129,5402 E OSBORN RD,PHOENIX,AZ,85018
4130,6911 E MCDONALD DR,Paradise Valley,AZ,85253
4131,8490 E JACKRABBIT RD,SCOTTSDALE,AZ,85250
4132,4525 N GRANITE REEF RD,SCOTTSDALE,AZ,85251
4133,8330 E OSBORN RD,SCOTTSDALE,AZ,85251
4134,6320 N 82ND ST,SCOTTSDALE,AZ,85250
4135,6250 N 82ND ST,SCOTTSDALE,AZ,85250
4136,4610 E OSBORN RD,PHOENIX,AZ,85018
4137,6720 E CONTINENTAL DR,SCOTTSDALE,AZ,85257
4138,701 N MILLER RD,SCOTTSDALE,AZ,85257
4139,9451 N 84TH ST,SCOTTSDALE,AZ,85258
4140,13636 N 100TH ST,SCOTTSDALE,AZ,85260
4141,12121 N 124TH ST,SCOTTSDALE,AZ,85259
4142,10475 E LAKEVIEW DR,SCOTTSDALE,AZ,85258
4143,11808 N 64TH ST,SCOTTSDALE,AZ,85254
4144,9181 E REDFIELD RD,SCOTTSDALE,AZ,85260
4145,4330 N 62ND ST,SCOTTSDALE,AZ,85251
4146,11256 N 128TH ST,SCOTTSDALE,AZ,85259
4147,10203 E MCDOWELL MOUNTAIN RANC,SCOTTSDALE,AZ,85255
4148,10101 E THOMPSON PEAK PKWY,SCOTTSDALE,AZ,85255
4149,10101 E THOMPSON PEAK PKWY,SCOTTSDALE,AZ,85255
4150,10101 E THOMPSON PEAK PKWY,SCOTTSDALE,AZ,85255
4151,7601 E Oak St.,Scottsdale,AZ,85257
4152,500 N. Main Street,Seligman,AZ,86337
4153,500 N. Main Street,Seligman,AZ,86337
4154,53802 Old U.S. Highway,Sentinel,AZ,85333
4155,1350 N CENTRAL AVE,SHOW LOW,AZ,85901
4156,1201 N. Cougar Lane,SHOW LOW,AZ,85901
4157,761 E MCNEIL,SHOW LOW,AZ,85901
4158,1009 SCHOOL HOUSE LN,SHOW LOW,AZ,85901
4159,761 E MCNEIL,SHOW LOW,AZ,85901
4160,1201 N. Cougar Lane,SHOW LOW,AZ,85901
4161,500W. Old Linden Rd.,Show Low,AZ,85901
4162,500 W OLD LINDEN RD,SHOW LOW,AZ,85901
4163,5805 W ALAMEDA RD,GLENDALE,AZ,85310
4164,35959 N 7TH AVE,DESERT HILLS,AZ,85086
4165,22800 N 67TH AVE,GLENDALE,AZ,85310
4166,18440 N 15TH AVE,PHOENIX,AZ,85023
4167,21100 N 27TH AVE,PHOENIX,AZ,85027
4168,48827 N BLACK CANYON HWY,PHOENIX,AZ,85087
4169,20012 N 35TH AVE,GLENDALE,AZ,85308
4170,2020 W MORNINGSIDE DR,PHOENIX,AZ,85023
4171,18424 N 51ST AVE,GLENDALE,AZ,85308
4172,3910 W GROVERS AVE,GLENDALE,AZ,85308
4173,17624 N 31ST AVE,PHOENIX,AZ,85053
4174,4701 W GROVERS AVE,GLENDALE,AZ,85308
4175,5130 W GROVERS AVE,GLENDALE,AZ,85308
4176,7071 W HILLCREST BLVD,GLENDALE,AZ,85310
4177,6150 W GREENBRIAR DR,GLENDALE,AZ,85308
4178,19602 N 45TH AVE,GLENDALE,AZ,85308
4179,2820 W ROSE GARDEN LN,PHOENIX,AZ,85027
4180,7490 W UNION HILLS DR,GLENDALE,AZ,85308
4181,22833 N 71ST AVE,GLENDALE,AZ,85310
4182,251 W MOHAWK LN,PHOENIX,AZ,85027
4183,4035 W ALAMEDA RD,GLENDALE,AZ,85310
4184,3302 W LOUISE DR,PHOENIX,AZ,85027
4185,19000 N 63RD AVE,GLENDALE,AZ,85308
4186,41020 N FREEDOM WAY,ANTHEM,AZ,85086
4187,21150 N ARROWHEAD LOOP RD,GLENDALE,AZ,85308
4188,7241 W ROSE GARDEN LN,GLENDALE,AZ,85308
4189,25475 N Stetson Hills Loop,Phoenix,AZ,85083
4190,25250 N. 35th Avenue,Glendale,AZ,85310
4191,2701 W MEMORIAL DR,ANTHEM,AZ,85086
4192,40404 N GAVILAN PEAK PKWY,ANTHEM,AZ,85086
4193,40004 N LIBERTY BELL WAY,ANTHEM,AZ,85086
4194,26716 N HIGH DESERT DR,PEORIA,AZ,85383
4195,20402 N 15TH AVE,PHOENIX,AZ,85027
4196,42901 N 45th Ave,Anthem,AZ,85087
4197,2200 W MAYA WAY,PHOENIX,AZ,85085
4198,7000 W HAPPY VALLEY RD,PEORIA,AZ,85383
4199,35707 N 33RD LN,PHOENIX,AZ,85086
4200,19825 N 15TH AVE,PHOENIX,AZ,85027
4201,32150 N NORTH FOOTHILLS DR,PHOENIX,AZ,85085
4202,25700 N 21st Ave,Phoenix,AZ,85027
4203,5757 W Inspiration Mountain Pa,Phoenix,AZ,85083
4204,3150 South Old Skull Valley Ro,Skull Valley,AZ,86338
4205,207 North 500 West,Taylor,AZ,85939
4206,361 West 7th South,Snowflake,AZ,85937
4207,190 South 2nd West,Snowflake,AZ,85937
4208,1380 S MAIN ST,SNOWFLAKE,AZ,85937
4209,29 South 300 East,Snowflake,AZ,85939
4210,62 W 2ND ST S,SNOWFLAKE,AZ,85937
4211,682 W SCHOOL BUS LN,SNOWFLAKE,AZ,85937
4212,2250 South Stevens Ave.,Solomon,AZ,85551
4213,1011 North Somerton Ave.,Somerton,AZ,85350
4214,3525 W County 16 1/2 St,Somerton,AZ,85350
4215,301 N. carlisle Avenue,Somerton,AZ,85350
4216,1002 South Somerton Ave,Somerton,AZ,85350
4217,400 N. Cesar Chavez Ave.,Somerton,AZ,85350
4218,201 N. Bingham Ave. Ste. 6,Somerton,AZ,85350
4219,343 N Carlisle Avenue,Somerton,AZ,85350
4220,1201 Main Street,Somerton,AZ,85350
4221,3667 E. San Luis Ln.,San Luis,AZ,85349
4222,23 UPPER ELGIN RD,ELGIN,AZ,85611
4223,70 W PATTON ST,SAINT DAVID,AZ,85630
4224,70 E PATTON ST,SAINT DAVID,AZ,85630
4225,50 N  Water St,St Johns,AZ,85936
4226,360 Redskin Drive,St Johns,AZ,85936
4227,555 West 7th Street,St Johns,AZ,85936
4228,450 South 13th West,St Johns,AZ,85936
4229,515 S STANFIELD RD,STANFIELD,AZ,85172
4230,5093 S LIBERTY AVE,TUCSON,AZ,85706
4231,265 West Nebraska Street,Tucson,AZ,85706
4232,5455 E. Littletown Rd.,Tucson,AZ,85706
4233,801 E DREXEL RD,TUCSON,AZ,85706
4234,250 W ELVIRA RD,TUCSON,AZ,85756
4235,5495 S LIBERTY AVE,TUCSON,AZ,85706
4236,5445 S ALVERNON WAY,TUCSON,AZ,85706
4237,600 W SANTA ROSA ST,TUCSON,AZ,85706
4238,6910 S SANTA CLARA AVE,TUCSON,AZ,85756
4239,1725 E BILBY RD,TUCSON,AZ,85706
4240,5702 S CAMPBELL AVE,TUCSON,AZ,85706
4241,2353 E BANTAM RD,TUCSON,AZ,85706
4242,5801 S DEL MORAL BLVD,TUCSON,AZ,85706
4243,6200 S HEMISPHERE PL,TUCSON,AZ,85706
4244,2200 E Drexel Rd,Tucson,AZ,85706
4245,4101 E VALENCIA RD,TUCSON,AZ,85706
4246,1900 E Summit St,Tucson,AZ,85706
4247,100 E ELVIRA RD,TUCSON,AZ,85756
4248,5385 E LITTLETOWN RD,TUCSON,AZ,85756
4249,5102 S CHERRY AVE,TUCSON,AZ,85706
4250,2238 E GINTER RD,TUCSON,AZ,85706
4251,3700 E ALVORD RD,TUCSON,AZ,85706
4252,1500 Sunset Dr,Superior,AZ,85273
4253,100 W PANTHER DR,SUPERIOR,AZ,85173
4254,2600 N FENNIMORE AVE,TUCSON,AZ,85749
4255,11150 E TANQUE VERDE RD,TUCSON,AZ,85749
4256,11420 E LIMBERLOST RD,TUCSON,AZ,85749
4257,4201 N MELPOMENE WAY,TUCSON,AZ,85749
4258,5800 S FOREST AVE,TEMPE,AZ,85283
4259,1330 E CARSON DR,TEMPE,AZ,85282
4260,311 E AEPLI DR,TEMPE,AZ,85282
4261,4001 S MCALLISTER AVE,TEMPE,AZ,85282
4262,2002 E CONCORDA DR,TEMPE,AZ,85282
4263,1974 E MEADOW DR,TEMPE,AZ,85282
4264,4525 S COLLEGE AVE,TEMPE,AZ,85282
4265,1975 E CORNELL DR,TEMPE,AZ,85283
4266,1025 S BECK AVE,TEMPE,AZ,85281
4267,1326 W 18TH ST,TEMPE,AZ,85281
4268,1325 E MALIBU DR,TEMPE,AZ,85282
4269,1500 N SCOVEL ST,TEMPE,AZ,85281
4270,4525 E SAINT ANNE AVE,PHOENIX,AZ,85042
4271,1300 E WATSON DR,TEMPE,AZ,85283
4272,1115 W 5TH ST,TEMPE,AZ,85281
4273,2130 E HOWE AVE,TEMPE,AZ,85281
4274,8409 S AVENIDA DEL YAQUI,GUADALUPE,AZ,85283
4275,727 W CORNELL DR,TEMPE,AZ,85283
4276,1600 E WATSON DR,TEMPE,AZ,85283
4277,625 W CORNELL DR,TEMPE,AZ,85283
4278,2228 South Country Club Way,Tempe,AZ,85282
4279,1965 E HERMOSA DR,TEMPE,AZ,85282
4280,2250 S COLLEGE AVE,TEMPE,AZ,85282
4281,2615 S DORSEY LN,TEMPE,AZ,85282
4282,1600 E WATSON DR,TEMPE,AZ,85283
4283,16440 S 32ND ST,PHOENIX,AZ,85048
4284,1001 E KNOX RD,TEMPE,AZ,85284
4285,6000 S LAKESHORE DR,TEMPE,AZ,85283
4286,1830 E DEL RIO DR,TEMPE,AZ,85282
4287,1730 S MILL AVE,TEMPE,AZ,85281
4288,4201 E KNOX RD,PHOENIX,AZ,85044
4289,500 W GUADALUPE RD,TEMPE,AZ,85283
4290,500 W GUADALUPE RD,TEMPE,AZ,85283
4291,3615 Second St.,Thatcher,AZ,85552
4292,1350 4th Avenue,Thatcher,AZ,85552
4293,1300 North 4th Avenue,Thatcher,AZ,85552
4294,601 North 3rd Avenue,Thatcher,AZ,85552
4295,3490 W MAIN ST,THATCHER,AZ,85552
4296,38739 W I 8,GILA BEND,AZ,85337
4297,HC 1 BOX 3056,BAGDAD,AZ,86321
4298,9401 W GARFIELD ST,TOLLESON,AZ,85353
4299,8803 W VAN BUREN ST,TOLLESON,AZ,85353
4300,9450 W ENCANTO BLVD,PHOENIX,AZ,85037
4301,8802 W MCDOWELL RD,PHOENIX,AZ,85037
4302,9261 West Van Buren Street,Tolleson,AZ,85353
4303,9419 W VAN BUREN ST,TOLLESON,AZ,85353
4304,10850 W GARDEN LAKES PKWY,AVONDALE,AZ,85392
4305,11650 W WHYMAN AVE,AVONDALE,AZ,85323
4306,9126 W CAMELBACK RD,GLENDALE,AZ,85305
4307,9801 W VAN BUREN ST,TOLLESON,AZ,85353
4308,11620 W ENCANTO BLVD,AVONDALE,AZ,85392
4309,9419 W VAN BUREN ST,TOLLESON,AZ,85353
4310,9801 W VAN BUREN ST,TOLLESON,AZ,85353
4311,3315 N TOLTEC RD,ELOY,AZ,85131
4312,12115 W BENITO DR,ARIZONA CITY,AZ,85123
4313,3315 N TOLTEC RD,ELOY,AZ,85131
4314,100 SCHOOL DR,HUACHUCA CITY,AZ,85616
4315,1211 N. Yellowjacket Way,Tombstone,AZ,85638
4316,411 N. 9th St.,Tombstone,AZ,85638
4317,5083 Tule Dr.,Topock,AZ,86436
4318,Warrior Drive,Tuba City,AZ,86045
4319,67 East Fir Street,Tuba City,AZ,86045
4320,Maple Street,Tuba City,AZ,86045
4321,67 E Fir Street,Tuba City,AZ,86045
4322,Hwy 89 2 miles East of Gap Tr,Tuba City,AZ,86045
4323,67 East Spruce Dr.,Tuba City,AZ,86045
4324,5350 E 16TH ST,TUCSON,AZ,85711
4325,6000 E 14TH ST,TUCSON,AZ,85711
4326,6606 E LEHIGH DR,TUCSON,AZ,85710
4327,6630 E LIGHTNING DR,TUCSON,AZ,85708
4328,5000 N BOWES RD,TUCSON,AZ,85749
4329,710 W MICHIGAN ST,TUCSON,AZ,85714
4330,7575 E PALMA ST,TUCSON,AZ,85710
4331,2400 N COUNTRY CLUB RD,TUCSON,AZ,85716
4332,1085 S 10TH AVE,TUCSON,AZ,85701
4333,5145 E 5TH ST,TUCSON,AZ,85711
4334,9850 E 29TH ST,TUCSON,AZ,85748
4335,6750 E STELLA RD,TUCSON,AZ,85730
4336,450 S MONTEGO DR,TUCSON,AZ,85710
4337,8001 E STELLA RD,TUCSON,AZ,85730
4338,7470 E CLOUD RD,TUCSON,AZ,85750
4339,678 S GOLLOB RD,TUCSON,AZ,85710
4340,350 S HARRISON RD,TUCSON,AZ,85748
4341,650 N IGO WAY,TUCSON,AZ,85710
4342,1110 E 33RD ST,TUCSON,AZ,85713
4343,150 W AJO WAY,TUCSON,AZ,85713
4344,401 N IRVING AVE,TUCSON,AZ,85711
4345,502 N CARIBE AVE,TUCSON,AZ,85710
4346,23538 E. Ellington Pl.,Tucson,AZ,85713
4347,4850 W JEFFREY RD,TUCSON,AZ,85757
4348,461 S BRYANT AVE,TUCSON,AZ,85711
4349,5741 E IRONWOOD ST,TUCSON,AZ,85708
4350,1573 W AJO WAY,TUCSON,AZ,85713
4351,8300 E SPEEDWAY BLVD,TUCSON,AZ,85710
4352,1300 E 6TH ST,TUCSON,AZ,85719
4353,855 N MELROSE AVE,TUCSON,AZ,85745
4354,9066 E 29TH ST,TUCSON,AZ,85710
4355,1400 E BROADWAY BLVD,TUCSON,AZ,85719
4356,2600 S 8TH AVE,TUCSON,AZ,85713
4357,5000 E ANDREW ST,TUCSON,AZ,85711
4358,1701 S COLUMBUS BLVD,TUCSON,AZ,85711
4359,101 W 25TH ST,TUCSON,AZ,85713
4360,5455 S CARDINAL AVE,TUCSON,AZ,85746
4361,2210 E 33RD ST,TUCSON,AZ,85713
4362,7450 E STELLA RD,TUCSON,AZ,85730
4363,3950 E PARADISE FALLS DR,TUCSON,AZ,85712
4364,2745 E 18TH ST,TUCSON,AZ,85716
4365,501 E 6TH ST,TUCSON,AZ,85705
4366,200 E 13TH ST,TUCSON,AZ,85701
4367,200 E 13TH ST,TUCSON,AZ,85701
4368,700 N WILSON AVE,TUCSON,AZ,85719
4369,3400 S HOUGHTON RD,TUCSON,AZ,85730
4370,700 S SARNOFF DR,TUCSON,AZ,85710
4371,1000 S GREASEWOOD RD,TUCSON,AZ,85745
4372,3233 S PINAL VIS,TUCSON,AZ,85713
4373,725 E FAIR ST,TUCSON,AZ,85714
4374,7550 E PIMA ST,TUCSON,AZ,85715
4375,5005 S BUTTS RD,TUCSON,AZ,85757
4376,425 N SAHUARA AVE,TUCSON,AZ,85711
4377,101 W 44TH ST,TUCSON,AZ,85713
4378,3505 W MILTON RD,TUCSON,AZ,85746
4379,1818 S AVENIDA DEL SOL,TUCSON,AZ,85710
4380,2315 W CANADA ST,TUCSON,AZ,85746
4381,5330 E GLENN ST,TUCSON,AZ,85712
4382,4311 E LINDEN ST,TUCSON,AZ,85712
4383,8950 E WRIGHTSTOWN RD,TUCSON,AZ,85715
4384,3939 N MAGNETITE LN,TUCSON,AZ,85745
4385,4400 W IRVINGTON RD,TUCSON,AZ,85746
4386,1701 E SENECA ST,TUCSON,AZ,85719
4387,6951 S CAMINO DE LA TIERRA,TUCSON,AZ,85746
4388,1701 W EL RIO DR,TUCSON,AZ,85745
4389,1695 N COUNTRY CLUB RD,TUCSON,AZ,85716
4390,3645 E PIMA ST,TUCSON,AZ,85716
4391,4757 E WINSETT ST,TUCSON,AZ,85711
4392,1302 S AVENIDA VEGA,TUCSON,AZ,85710
4393,700 E 22ND ST,TUCSON,AZ,85713
4394,440 S MAIN AVE,TUCSON,AZ,85701
4395,2120 E NACO VIS,TUCSON,AZ,85713
4396,400 N 2ND AVE,TUCSON,AZ,85705
4397,2945 N TUCSON BLVD,TUCSON,AZ,85716
4398,421 N ARCADIA AVE,TUCSON,AZ,85711
4399,8310 E PIMA ST,TUCSON,AZ,85715
4400,2001 W STARR PASS BLVD,TUCSON,AZ,85713
4401,3500 S 12TH AVE,TUCSON,AZ,85713
4402,421 N ARCADIA AVE,TUCSON,AZ,85711
4403,545 N CAMINO SECO,TUCSON,AZ,85710
4404,3951 S PANTANO RD,TUCSON,AZ,85730
4405,3900 N BEAR CANYON RD,TUCSON,AZ,85749
4406,500 W SAINT MARYS RD,TUCSON,AZ,85701
4407,3535 W MESSALA WAY,TUCSON,AZ,85746
4408,5831 E PIMA ST,TUCSON,AZ,85712
4409,11141 East Camino Quince,Tucson,AZ,85748
4410,1795 W DREXEL RD,TUCSON,AZ,85746
4411,501 E 6TH ST,TUCSON,AZ,85705
4412,440 S. Park,Tucson,AZ,85719
4413,102 N PLUMER AVE,TUCSON,AZ,85719
4414,6060 S JOSEPH AVE,TUCSON,AZ,85757
4415,755 N MAGNOLIA AVE,TUCSON,AZ,85711
4416,39 N 6TH AVE,TUCSON,AZ,85701
4417,755 N MAGNOLIA AVE,TUCSON,AZ,85711
4418,3200 S LEAD FLOWER AVE,TUCSON,AZ,85735
4419,2700 S LA CHOLLA BLVD,TUCSON,AZ,85713
4420,3645 E PIMA ST,TUCSON,AZ,85716
4421,4455 S MISSION RD,TUCSON,AZ,85746
4422,2802 W ANKLAM RD,TUCSON,AZ,85745
4423,202 E SPEEDWAY BLVD,TUCSON,AZ,85705
4424,450 East Montego Drive,Tucson,AZ,85710
4425,3300 S Park Ave,Tucson,AZ,85713
4426,3834 S 91ST AVE,TOLLESON,AZ,85353
4427,8950 W ILLINI RD,TOLLESON,AZ,85353
4428,2150 S 87TH AVE,TOLLESON,AZ,85353
4429,3834 S 91st Ave,Tolleson,AZ,85353
4430,13299 E COLOSSAL CAVE RD,VAIL,AZ,85641
4431,9400 E ESMOND LOOP,TUCSON,AZ,85747
4432,12955 E COLOSSAL CAVE RD,VAIL,AZ,85641
4433,9455 E RITA RD,TUCSON,AZ,85747
4434,7762 E SCIENCE PARK DR,TUCSON,AZ,85747
4435,10625 E DREXEL RD,TUCSON,AZ,85747
4436,9950 E REES LOOP,TUCSON,AZ,85747
4437,9850 E RANKIN LOOP,TUCSON,AZ,85747
4438,12775 E MARY ANN CLEVELAND WAY,VAIL,AZ,85641
4439,12775 E MARY ANN CLEVELAND WAY,VAIL,AZ,85641
4440,16705 S HOUGHTON RD,Corona de Tucson,AZ,85641
4441,10701 E MARY ANN CLEVELAND WAY,TUCSON,AZ,85747
4442,10701 S. White Lightning,Vail,AZ,85641
4443,10750 E BILBY RD,TUCSON,AZ,85747
4444,10770 E BILBY RD,TUCSON,AZ,85747
4445,16701 S HOUGHTON RD,Corona de Tucson,AZ,85641
4446,12775 E MARY ANN CLEVELAND WAY,VAIL,AZ,85641
4447,10775 E MARY ANN CLEVELAND WAY,TUCSON,AZ,85747
4448,12960 S HOUGHTON RD,TUCSON,AZ,85747
4449,9400 S ATTERBURY WASH WAY,TUCSON,AZ,85747
4450,17650 S CANYON EDGE TRL,Corona de Tucson,AZ,85641
4451,10800 E Valencia,Tucson,AZ,85747
4452,10775 E MARY ANN CLEVELAND WAY,TUCSON,AZ,85747
4453,12775 E MARY ANN CLEVELAND WAY,VAIL,AZ,85641
4454,10800 E VALENCIA RD,TUCSON,AZ,85747
4455,12491 North Byers,Peach Springs,AZ,86434
4456,4088 W JEFFERSON RD,ELFRIDA,AZ,85610
4457,10444 N 39TH AVE,PHOENIX,AZ,85051
4458,3021 W EVANS DR,PHOENIX,AZ,85053
4459,8710 N 31ST AVE,PHOENIX,AZ,85051
4460,4535 W CHOLLA ST,GLENDALE,AZ,85304
4461,9650 N 39TH AVE,PHOENIX,AZ,85051
4462,3808 W JOAN DE ARC AVE,PHOENIX,AZ,85029
4463,3120 W CHOLLA ST,PHOENIX,AZ,85029
4464,3333 W BANFF LN,PHOENIX,AZ,85053
4465,8621 N 3RD ST,PHOENIX,AZ,85020
4466,14850 N 39TH AVE,PHOENIX,AZ,85053
4467,3040 W YUCCA ST,PHOENIX,AZ,85029
4468,15 W CORAL GABLES DR,PHOENIX,AZ,85023
4469,8430 N 39TH AVE,PHOENIX,AZ,85051
4470,6503 N 21ST AVE,PHOENIX,AZ,85015
4471,13425 N 19TH AVE,PHOENIX,AZ,85029
4472,801 W PEORIA AVE,PHOENIX,AZ,85029
4473,3225 W OCOTILLO RD,PHOENIX,AZ,85017
4474,7337 N 19TH AVE,PHOENIX,AZ,85021
4475,7502 N 39TH AVE,PHOENIX,AZ,85051
4476,2021 W ALICE AVE,PHOENIX,AZ,85021
4477,7702 N 39TH AVE,PHOENIX,AZ,85051
4478,8520 N 19TH AVE,PHOENIX,AZ,85021
4479,12835 N 33RD AVE,PHOENIX,AZ,85029
4480,12202 N 21ST AVE,PHOENIX,AZ,85029
4481,14218 N 47TH AVE,GLENDALE,AZ,85306
4482,245 E MOUNTAIN VIEW RD,PHOENIX,AZ,85020
4483,4626 W MOUNTAIN VIEW RD,GLENDALE,AZ,85302
4484,4001 W LAUREL LN,PHOENIX,AZ,85029
4485,8033 N 27TH AVE,PHOENIX,AZ,85051
4486,14421 N 23RD AVE,PHOENIX,AZ,85023
4487,4602 W SWEETWATER AVE,GLENDALE,AZ,85304
4488,16225 N 7TH AVE,PHOENIX,AZ,85023
4489,8520 N 19TH AVE,PHOENIX,AZ,85021
4490,29126 E SAN JOSE AVE,WELLTON,AZ,85356
4491,71001 Santa Fe Ave,Wenden,AZ,85357
4492,200 Falcon Way,Whiteriver,AZ,85941
4493,1 North 1st Avenue,Whiteriver,AZ,85941
4494,4621 S. 9th Street,Whiteriver,AZ,85941
4495,7301 N POWERLINE RD,WHITERIVER,AZ,85941
4496,2005 Ft. Apache,Whiteriver,AZ,85941
4497,920 South Vulture Mine Rd.,Wickenburg,AZ,85390
4498,1090 S VULTURE MINE RD,WICKENBURG,AZ,85390
4499,195 COCONINO ST,WICKENBURG,AZ,85390
4500,26252 W. Desert Vista Blvd.,Buckeye,AZ,85396
4501,920 S. Vulture Mine Rd.,Wickenburg,AZ,85390
4502,501 W DELOS ST,WILLCOX,AZ,85643
4503,240 N BISBEE AVE,WILLCOX,AZ,85643
4504,360 N BISBEE AVE,WILLCOX,AZ,85643
4505,440 S 7TH ST,WILLIAMS,AZ,86046
4506,601 N 7TH ST,WILLIAMS,AZ,86046
4507,2929 E FILLMORE ST,PHOENIX,AZ,85008
4508,415 N 30TH ST,PHOENIX,AZ,85008
4509,Navajo Rte 12,FORT DEFIANCE,AZ,86504
4510,Navajo Route 7,Fort Defiance,AZ,86504
4511,Navajo Rt. 12,FORT DEFIANCE,AZ,86504
4512,Navajo Route 12,FORT DEFIANCE,AZ,86504
4513,Navajo Route 7,Fort Defiance,AZ,86504
4514,Chee Dodge Drive,Window Rock,AZ,86515
4515,North Chee Dodge Drive,Window Rock,AZ,86515
4516,100 COCHISE DR,WINSLOW,AZ,86047
4517,1100 W MAHONEY ST,WINSLOW,AZ,86047
4518,300 W. Oak St.,Winslow,AZ,86047
4519,600 E CHERRY ST,WINSLOW,AZ,86047
4520,1100 N COLORADO AVE,WINSLOW,AZ,86047
4521,18912 W HAYS RANCH RD,Peeples Valley,AZ,86332
4522,HWY 288 BAKER RANCH RD,YOUNG,AZ,85554
4523,HWY 288 BAKER RANCH RD,YOUNG,AZ,85554
4524,12261 3rd St,Yucca,AZ,86438
4525,811 W 16TH ST,YUMA,AZ,85364
4526,2345 S ARIZONA AVE,YUMA,AZ,85364
4527,1341 W 5TH ST,YUMA,AZ,85364
4528,450 S 4TH AVE,YUMA,AZ,85364
4529,2245 S ARIZONA AVE,YUMA,AZ,85364
4530,2711 S ENGLER AVE,YUMA,AZ,85365
4531,1010 Barranca Road Yuma Provi,Yuma,AZ,85365
4532,400 W 5TH ST,YUMA,AZ,85364
4533,1201 W 12TH ST,YUMA,AZ,85364
4534,901 W PALMCROFT DR,YUMA,AZ,85364
4535,600 S 21ST AVE,YUMA,AZ,85364
4536,2250 S 8TH AVE,YUMA,AZ,85364
4537,550 W 5TH ST,YUMA,AZ,85364
4538,2251 S OTONDO DR,YUMA,AZ,85365
4539,2350 S AVENUE 7 1/2 E,YUMA,AZ,85365
4540,2353 S OTONDO DR,YUMA,AZ,85365
4541,9851 E 28TH ST,YUMA,AZ,85365
4542,9943 S. 28th Street,Yuma,AZ,85367
4543,450 W 6TH ST,YUMA,AZ,85364
4544,5777 E 45th Place,Yuma,AZ,85365
4545,3150 S. Avenue A Building C,YUMA,AZ,85364
4546,3100 S AVENUE A,YUMA,AZ,85364
4547,400 S 6TH AVE,YUMA,AZ,85364
4548,4100 W 20TH ST,YUMA,AZ,85364
4549,7150 E 24TH ST,YUMA,AZ,85365
4550,1250 North Eighth Avenue,San Luis,AZ,85349
4551,3150 S AVENUE A,YUMA,AZ,85364
4552,1093 W Jefferson St,Somerton,AZ,85350
4553,2507 N 74TH ST,SCOTTSDALE,AZ,85257
4554,1601 W MAIN ST,MESA,AZ,85201
4555,350 N ARIZONA AVE,CHANDLER,AZ,85225
4556,1601 W MAIN ST,MESA,AZ,85201
4557,2525 S IRONWOOD DR,Apache Junction,AZ,85120
4558,1101 E ELLIOT RD,GILBERT,AZ,85234
4559,14605 N DEL CAMBRE AVE,FOUNTAIN HILLS,AZ,85268
4560,4068 E PECOS RD,GILBERT,AZ,85295
4561,22149 E OCOTILLO RD,QUEEN CREEK,AZ,85142
4562,1630 E SOUTHERN AVE,MESA,AZ,85204
4563,945 W RIO SALADO PKWY,MESA,AZ,85201
4564,2700 E BROWN RD,MESA,AZ,85213
4565,1501 W GUADALUPE RD,MESA,AZ,85202
4566,7301 E BROWN RD,MESA,AZ,85207
4567,854 S. Crismon Rd,Mesa,AZ,85208
4568,1730 S MILL AVE,TEMPE,AZ,85281
4569,1830 E DEL RIO DR,TEMPE,AZ,85282
4570,6000 S LAKESHORE DR,TEMPE,AZ,85283
4571,1001 E KNOX RD,TEMPE,AZ,85284
4572,4201 E KNOX RD,PHOENIX,AZ,85044
4573,16440 S 32ND ST,PHOENIX,AZ,85048
4574,4703 E INDIAN SCHOOL RD,PHOENIX,AZ,85018
4575,7501 E VIRGINIA AVE,SCOTTSDALE,AZ,85257
4576,6250 N 82ND ST,SCOTTSDALE,AZ,85250
4577,6935 E GOLD DUST AVE,SCOTTSDALE,AZ,85253
4578,12575 E. Via Linda,Scottsdale,AZ,85259
4579,2076 S HIGLEY RD,GILBERT,AZ,85295
4580,1919 E QUEEN CREEK RD,GILBERT,AZ,85297
4581,500 W GUADALUPE RD,TEMPE,AZ,85283
4582,10045 E MADERO AVE,MESA,AZ,85209
4583,4301 E GUADALUPE RD,GILBERT,AZ,85234
4584,500 S MCQUEEN RD,GILBERT,AZ,85233
4585,3870 S QUARTZ ST,GILBERT,AZ,85297
4586,2505 E GERMANN RD,San Tan Valley,AZ,85140
4587,5990 S VAL VISTA DR,CHANDLER,AZ,85249
4588,3700 S ARIZONA AVE,CHANDLER,AZ,85248
4589,6625 S POWER RD,MESA,AZ,85212
4590,1150 W ERIE ST,CHANDLER,AZ,85224
4591,24901 S POWER RD,QUEEN CREEK,AZ,85142
4592,17300 E CALAVERAS AVE,FOUNTAIN HILLS,AZ,85268
4593,855 W 8TH AVE,MESA,AZ,85210
4594,2525 S IRONWOOD DR,APACHE JCT,AZ,85120
4595,5802 E DOVE ROAD,CAVE CREEK,AZ,85331
4596,9560 E RAY RD,MESA,AZ,85212
4597,19705 E GERMANN RD,QUEEN CREEK,AZ,85142
4598,21942 E RIGGS RD,QUEEN CREEK,AZ,85142
4599,1070 S HIGLEY RD,GILBERT,AZ,85296
4600,17608 W OLIVE AVE,WADDELL,AZ,85355
4601,850 W COMBS RD,QUEEN CREEK,AZ,85140
4602,23908 S HAWES RD,QUEEN CREEK,AZ,85142
4603,4380 N HUNT HWY,FLORENCE,AZ,85132
4604,7729 E PECOS RD,MESA,AZ,85212
4605,995 UPPER RED ROCK LOOP RD,SEDONA,AZ,86336
4606,570 POSSE GROUND RD,SEDONA,AZ,86336
4607,995 UPPER RED ROCK LOOP RD,SEDONA,AZ,86336
4608,3434 E BROADWAY BLVD,TUCSON,AZ,85716
4609,1679 W. Empire Blvd,San Tan Valley,AZ,85143
4610,4801 E WASHINGTON ST STE 250,PHOENIX,AZ,85034
4611,4837 E MCDOWELL RD,PHOENIX,AZ,85008
4612,17667 N 91ST AVE,PEORIA,AZ,85382
4613,Proposed Location Near 83rd Av,Glendale,AZ,85305
4614,207 N MESA DR,MESA,AZ,85201
4615,Cross Streets 303 and 17,Phoenix,AZ,85021
4616,1601 W MAIN ST,MESA,AZ,85201
4617,459 N GILBERT RD STE A213,GILBERT,AZ,85234
4618,433 N HALL,MESA,AZ,85203
4619,41004 W LUCERA LN,MARICOPA,AZ,85138
4620,10215 N 43RD AVE,PHOENIX,AZ,85051
4621,8250 E ROSE LN,SCOTTSDALE,AZ,85250
4622,Meridian and Germann,Mesa,AZ,85212
4623,1614 S GRANDVIEW,DEWITT,AR,72042
4624,1209 W 16TH,DEWITT,AR,72042
4625,1718 S GRANDVIEW,DEWITT,AR,72042
4626,327 STEWART ST SW,CAMDEN,AR,71701
4627,220 LADY JACK DRIVE,WARREN,AR,71671
4628,931 NORTH MYRTLE,WARREN,AR,71671
4629,212 SCOBEY DR,WARREN,AR,71671
4630,931 NORTH MYRTLE,WARREN,AR,71671
4631,800 N WALNUT ST,WARREN,AR,71671
4632,500 BOBCAT LANE,CORNING,AR,72422
4633,510 WYNN PARK DRIVE,CORNING,AR,72422
4634,500 BOBCAT LANE,CORNING,AR,72422
4635,502 WEST STATE STREET,CARAWAY,AR,72419
4636,2001 HIGHWAY 18,LAKE CITY,AR,72437
4637,2007 HIGHWAY 18,LAKE CITY,AR,72437
4638,708 RIDGE RD,SHERIDAN,AR,72150
4639,5205 W SAWMILL RD,LITTLE ROCK,AR,72206
4640,21801 ARCH ST,LITTLE ROCK,AR,72206
4641,707 RIDGE RD,SHERIDAN,AR,72150
4642,700 W VINE ST,SHERIDAN,AR,72150
4643,500 N ROCK ST,SHERIDAN,AR,72150
4644,24554 HWY 167 S,HENSLEY,AR,72065
4645,2020 GREYHOUND DR,MARMADUKE,AR,72443
4646,1010 GREYHOUND DR,MARMADUKE,AR,72443
4647,1713 W. COURT ST.,PARAGOULD,AR,72450
4648,612 W MUELLER ST,PARAGOULD,AR,72450
4649,900 W. EMERSON ST.,PARAGOULD,AR,72450
4650,1701 W. COURT ST.,PARAGOULD,AR,72450
4651,5097 HWY. 135 N.,PARAGOULD,AR,72450
4652,5027 HWY 135 NORTH,PARAGOULD,AR,72450
4653,1600 COUNTRY CLUB ROAD,PARAGOULD,AR,72450
4654,2 PIONEER DRIVE,BATESVILLE,AR,72501
4655,1 PIONEER DRIVE,BATESVILLE,AR,72501
4656,850 HILL STREET,BATESVILLE,AR,72501
4657,600 EAGLE MOUNTAIN BLVD.,BATESVILLE,AR,72501
4658,480 N MAIN ST,BATESVILLE,AR,72501
4659,3900 FLORAL RD,FLORAL,AR,72534
4660,741 MAIN ST,PLEASANT PLAINS,AR,72568
4661,5068 NORTH AR 9,BROCKWELL,AR,72517
4662,5555 EAST AR 56,VIOLET HILL,AR,72584
4663,5068 NORTH AR 9,BROCKWELL,AR,72517
4664,406 WILKERSON DRIVE,NEWPORT,AR,72112
4665,1700 COMMERCE DRIVE,NEWPORT,AR,72112
4666,406 WILKERSON DRIVE,NEWPORT,AR,72112
4667,4501 DOLLARWAY RD,PINE BLUFF,AR,71602
4668,1106 WISCONSIN STREET,PINE BLUFF,AR,71602
4669,711 WEST 11TH,PINE BLUFF,AR,71602
4670,801 EAST 34TH AVE,PINE BLUFF,AR,71602
4671,1903 WEST 34TH,PINE BLUFF,AR,71602
4672,4200 S FIR ST,PINE BLUFF,AR,71602
4673,2601 FLUKER ST,PINE BLUFF,AR,71602
4674,400 EAST ARKANSAS ST,STAR CITY,AR,71667
4675,400 EAST ARKANSAS ST,STAR CITY,AR,71667
4676,400 EAST ARKANSAS ST,STAR CITY,AR,71667
4677,600 HWY 181,GOSNELL,AR,72315
4678,600 HWY 181,GOSNELL,AR,72315
4679,6580 US HWY 278,ROSSTON,AR,71858
4680,6580 US HWY 278,ROSSTON,AR,71858
4681,100 OAK AVENUE,BEARDEN,AR,71720
4682,635 N PLUM,BEARDEN,AR,71720
4683,2600 W MARKHAM,LITTLE ROCK,AR,72205
4684,2600 W MARKHAM,LITTLE ROCK,AR,72205
4685,2400 WEST MARKHAM STREET,LITTLE ROCK,AR,72205
4686,300 NORTH GRAND AVE,BELLEVILLE,AR,72824
4687,1 WOLVERINE DRIVE,BELLEVILLE,AR,72824
4688,1109 CUB DR,HAMBURG,AR,71646
4689,1119 S MAIN ST,HAMBURG,AR,71646
4690,314 HWY 160 E,PORTLAND,AR,71663
4691,210 S BARTLETT ST,HAMBURG,AR,71646
4692,119 ALLBRITTON DRIVE,HAMBURG,AR,71646
4693,500 BOMBER BLVD.,MOUNTAIN HOME,AR,72653
4694,618 NORTH COLLEGE,MOUNTAIN HOME,AR,72653
4695,1301 SOUTH COLLEGE,MOUNTAIN HOME,AR,72653
4696,1310 POST OAK ROAD,MOUNTAIN HOME,AR,72653
4697,1310 POST OAK ROAD,MOUNTAIN HOME,AR,72653
4698,500 BOMBER BLVD.,MOUNTAIN HOME,AR,72653
4699,456 EAST NORTH STREET,MAGNOLIA,AR,71753
4700,1310 HOLLENSWORTH,MAGNOLIA,AR,71753
4701,540 EAST NORTH STREET,MAGNOLIA,AR,71753
4702,1400 HIGH SCHOOL DRIVE,MAGNOLIA,AR,71753
4703,655 HIGHWAY 79 SOUTH,MAGNOLIA,AR,71753
4704,1700 WEST STATE HIGHWAY 14,WILSON,AR,72395
4705,1704 WEST STATE HIGHWAY 14,WILSON,AR,72395
4706,1702 WEST STATE HIGHWAY 14,WILSON,AR,72395
4707,419 E OLYMPIA STREET,MANILA,AR,72442
4708,419 E OLYMPIA STREET,MANILA,AR,72442
4709,1620 W. MAIN,TRUMANN,AR,72472
4710,401 N WILLOW,TRUMANN,AR,72472
4711,221 N PINE AVENUE,TRUMANN,AR,72472
4712,221 N PINE AVENUE,TRUMANN,AR,72472
4713,819 N SCHOOL ST,LEPANTO,AR,72354
4714,412 S. MAIN ST.,TYRONZA,AR,72386
4715,200 S SCHOOL ST,LEPANTO,AR,72354
4716,233 TREATING PLANT ROAD,DE QUEEN,AR,71832
4717,140 SCHOOL DRIVE,DE QUEEN,AR,71832
4718,1803 W. COULTER DRIVE,DE QUEEN,AR,71832
4719,235 TREATING PLANT ROAD,DE QUEEN,AR,71832
4720,1803 WEST COULTER DRIVE,DE QUEEN,AR,71832
4721,7950 HWY. 70 WEST,PALESTINE,AR,72372
4722,7950 HWY. 70 WEST,PALESTINE,AR,72372
4723,3696 E MAIN RD,EL DORADO,AR,71730
4724,5210 GRAND AVE,FORT SMITH,AR,72913
4725,ONE COLLEGE CIR,MALVERN,AR,72104
4726,2005 S 12 ST,ROGERS,AR,72758
4727,506 W POPLAR,ROGERS,AR,72756
4728,1800 East Moore Avenue,SEARCY,AR,72143
4729,101 COLLEGE DR,HOT SPRINGS,AR,71913
4730,16936 Interstate 30 North,Benton,AR,72019
4731,900 EDGEWOOD DRIVE,MAUMELLE,AR,72113
4732,9701 WHITE OAK CROSSING,NORTH LITTLE,AR,72113
4733,15306 ALEXANDER ROAD,SCOTT,AR,72142
4734,900 EDGEWOOD DRIVE,MAUMELLE,AR,72113
4735,1515 Pioneer DR,HARRISON,AR,72601
4736,605 W. THIRD ST,IMBODEN,AR,72434
4737,514 MISSOURI ST.,HELENA,AR,72342
4738,215 CHERRY ST.,HELENA,AR,72342
4739,1020 PLAZA ST.,WEST HELENA,AR,72390
4740,1124 MOULTRIE DR.,BLYTHEVILLE,AR,72315
4741,1200 BYRUM RD.,BLYTHEVILLE,AR,72315
4742,208 W. SEVENTH ST.,LEWISVILLE,AR,71845
4743,1209 ALEXANDER LANE,STAMPS,AR,71860
4744,2807 HWY 165,STUTTGART,AR,72160
4745,700 MAIN STREET,RISON,AR,71665
4746,700 MAIN STREET,RISON,AR,71665
4747,521 SCHOOL STREET,BRADLEY,AR,71826
4748,521 SCHOOL STREET,BRADLEY,AR,71826
4749,508 WEST MAIN,EMERSON,AR,71740
4750,212 GRAYSON,EMERSON,AR,71740
4751,506 EAST PINE,TAYLOR,AR,71861
4752,506 EAST PINE,TAYLOR,AR,71861
4753,3549 CORD ROAD,NEWARK,AR,72562
4754,1500 N. HILL STREET,NEWARK,AR,72562
4755,146 S. MAIN STREET,STRAWBERRY,AR,72469
4756,146 S. MAIN STREET,STRAWBERRY,AR,72469
4757,17974 AR 16 HWY,DEER,AR,72628
4758,14790 AR 123 HWY,DEER,AR,72628
4759,143 POLK ROAD 96,MENA,AR,71953
4760,143 POLK ROAD 96,MENA,AR,71953
4761,135 SCHOOL DRIVE,MENA,AR,71953
4762,23 CORPORATE HILL DR,LITTLE ROCK,AR,72205
4763,6711 W. MARKHAM ST,LITTLE ROCK,AR,72205
4764,1 LISA ACADEMY WAY,NORTH LITTLE ROCK,AR,72117
4765,5410 LANDERS RD,SHERWOOD,AR,72117
4766,1 LISA ACADEMY WAY,NORTH LITTLE ROCK,AR,72117
4767,12200 WESTHAVEN DR,LITTLE ROCK,AR,72211
4768,301 HOLCOMB ST,SPRINGDALE,AR,72764
4769,21 CORPORATE HILL DR.,LITTLE ROCK,AR,72205
4770,590 S. HORSEBARN RD.,ROGERS,AR,72758
4771,590 S. HORSEBARN RD,ROGERS,AR,72758
4772,1166 VAN ASCHE DRIVE,FAYETTEVILLE,AR,72704
4773,590 S. HORSEBARN RD,ROGERS,AR,72758
4774,1166 VAN ASCHE DRIVE,FAYETTEVILLE,AR,72704
4775,1700 NEW CASTLE RD,FORRECT CITY,AR,72335
4776,300 SCHOOL STREET,WESTERN GROVE,AR,72685
4777,250 SOUTH HIGHWAY 65,WESTERN GROVE,AR,72685
4778,4754 HWY 125 S,WESTERN GROVE,AR,72685
4779,300 SCHOOL STREET,WESTERN GROVE,AR,72685
4780,3880 NORTH FRONT STREET,FAYETTEVILLE,AR,72703
4781,121 WEST POPLAR STREET,ROGERS,AR,72756
4782,922 EAST EMMA,SPRINGDALE,AR,72764
4783,2600 SE J STREET,BENTONVILLE,AR,72712
4784,1000 FIANNA WAY STE 430,FORT SMITH,AR,72916
4785,17721 E STATE HWY 28,OLA,AR,72853
4786,17727 E STATE HWY 28,OLA,AR,72853
4787,HWY 148 AND NTERSTATE 55,BURDETTE,AR,72321
4788,2350 W OLD FARMINGTON RD,FAYETTEVILLE,AR,72701
4789,508 E FREE,WALNUT RIDGE,AR,72476
4790,508 E FREE,WALNUT RIDGE,AR,72476
4791,1501 WOODY DRIVE,ALEXANDER,AR,72202
4792,1800 PINE GROVE LANE,HARRISBURG,AR,72432
4793,36 JOHNNY CAKE ROAD,MANSFIELD,AR,72944
4794,878 EAST GAINES,DERMOTT,AR,71638
4795,16301 MISSOURI ST,NORTH LITTLE ROCK,AR,72199
4796,750 LAYFAYETTE COUNTY ROAD 16,LEWISVILLE,AR,71845
4797,745 OLD WARREN ROAD,MONTICELLO,AR,71655
4798,717 WEST 7TH STREET,LITTLE ROCK,AR,72201
4799,717 WEST 7TH STREET,LITTLE ROCK,AR,72201
4800,717 WEST 7TH STREET,LITTLE ROCK,AR,72201
4801,112 W 3RD ST,LITTLE ROCK,AR,72201
4802,112 W 3RD ST,LITTLE ROCK,AR,72201
4803,112 W 3RD ST,LITTLE ROCK,AR,72201
4804,400 SHALL AVE,LITTLE ROCK,AR,72202
4805,112 W 3RD ST,LITTLE ROCK,AR,72201
4806,251 N. FIRST STREET,JACKSONVILLE,AR,72076
4807,1030 CANNON DRIVE,LITTLE ROCK,AR,72099
4808,251 N. FIRST STREET,JACKSONVILLE,AR,72076
4809,130 SCHOOL DRIVE,WICKES,AR,71973
4810,6330 HIGHWAY 71 S,COVE,AR,71937
4811,142 SCHOOL STREET,UMPIRE,AR,71971
4812,122 E. ADAIR STREET,VANDERVOORT,AR,71972
4813,6724 INTERSTATE 30,LITTLE ROCK,AR,72209
4814,1621 MARTIN LUTHER KING DR,LITTLE ROCK,AR,72202
4815,400 HARDIN RD SUITE 120,LITTLE ROCK,AR,72202
4816,3400 ROGERS AVE STE 126,LITTLE ROCK,AR,72202
4817,3400 ROGERS AVE STE 126,LITTLE ROCK,AR,72202
4818,400 HARDIN RD SUITE 120,LITTLE ROCK,AR,72202
4819,400 HARDIN RD SUITE 120,LITTLE ROCK,AR,72202
4820,400 HARDIN RD SUITE 120,LITTLE ROCK,AR,72202
4821,1302 MELISSA DR STE 100,ROGERS,AR,72758
4822,800 S DODSON RD,ROGERS,AR,72758
4823,1815 RAHLING RD,ROGERS,AR,72758
4824,1815 RAHLING RD,ROGERS,AR,72758
4825,800 S DODSON RD,ROGERS,AR,72758
4826,1302 MELISSA DR,BENTONVILLE,AR,72712
4827,400 HARDIN RD SUITE 120,ROGERS,AR,72758
4828,6111 W 83RD STREET,LITTLE ROCK,AR,72209
4829,1009 BEAU TERRE DR BUILDING O,BENTONVILLE,AR,72712
4830,622 N 7TH ST,FORT SMITH,AR,72901
4831,500 CLOVERDALE ROAD,JACKSONVILLE,AR,72076
4832,26405 HIGHWAY 107,JACKSONVILLE,AR,72076
4833,1301 W MAIN STREET,JACKSONVILLE,AR,72076
4834,1401 MURRELL TAYLOR DRIVE,JACKSONVILLE,AR,72076
4835,2300 LINDA LANE,JACKSONVILLE,AR,72076
4836,601 HARRIS ROAD 72076,JACKSONVILLE,AR,72076
4837,2400 LINDA LANE,JACKSONVILLE,AR,72076
4838,7400 SCOTT HAMILTON DR SUITE,LITTLE ROCK,AR,72209
4839,7400 SCOTT HAMILTON DR SUITE,LITTLE ROCK,AR,72209
4840,2410 S BATTERY ST,LITTLE ROCK,AR,72215
4841,PINE BLUFF AR 71603,PINE BLUFF,AR,71603
4842,LITTLE ROCK AR 72204,PINE BLUFF,AR,71603
4843,LITTLE ROCK AR 72204,PINE BLUFF,AR,71603
4844,PINE BLUFF AR 71603,PINE BLUFF,AR,71603
4845,PINE BLUFF AR 71601,PINE BLUFF,AR,71603
4846,PINE BLUFF AR 71603,PINE BLUFF,AR,71603
4847,NORTH LITTLE ROCK AR 72118,PINE BLUFF,AR,71603
4848,860 NW VAUGHN ROAD,BENTONVILLE,AR,72713
4849,1600 South College St,MOUNTAIN HOME,AR,72653
4850,1537 University Blvd.,MORRILTON,AR,72210
4851,2500 South Main,Hope,AR,71801
4852,2005 White Drive,Batesville,AR,72501
4853,218 COLLEGE DRIVE,MELBOURNE,AR,72556
4854,7648 Victory Blvd,NEWPORT,AR,72112
4855,912 West 6th Avenue,PINE BLUFF,AR,71601
4856,1100 College Drive,Mena,AR,71953
4857,215 West O Street,RUSSELLVILLE,AR,72801
4858,1410 Highway 304 East,POCAHONTAS,AR,72455
4859,183 College Drive,Dequeen,AR,71832
4860,2000 W BROADWAY ST,WEST MEMPHIS,AR,72301
4861,7318 WINDSONG DR,NORTH LITTLE ROCK,AR,72113
4862,693 WHITE ROAD,SPRINGDALE,AR,72762
4863,1220 WEST COLLUM LANE,ALMA,AR,72921
4864,101 EAST MAIN,ALMA,AR,72921
4865,706 HWY. 64 EAST,ALMA,AR,72921
4866,1600 HWY. 64 EAST,ALMA,AR,72921
4867,300D SOUTH DENVER,ALPENA,AR,72611
4868,300A SOUTH DENVER,ALPENA,AR,72611
4869,401 HIGH SCHOOL ROAD,ARKADELPHIA,AR,71923
4870,140 BADGER LANE,ARKADELPHIA,AR,71923
4871,1609 PINE STREET,ARKADELPHIA,AR,71923
4872,1900 WALNUT ST,ARKADELPHIA,AR,71923
4873,4555 NORTH STATE HIGHWAY 137,BLYTHEVILLE,AR,72315
4874,4555 NORTH STATE HIGHWAY 137,BLYTHEVILLE,AR,72315
4875,171 LOCUST ST.,ASHDOWN,AR,71822
4876,600 SOUTH ELLEN STREET,ASHDOWN,AR,71822
4877,1323 FOSTER DRIVE,ASHDOWN,AR,71822
4878,611 NORTHWEST FOURTH STREET,ATKINS,AR,72823
4879,403 AVENUE THREE NW,ATKINS,AR,72823
4880,611 NORTHWEST FOURTH STREET,ATKINS,AR,72823
4881,10 RED DEVIL DRIVE,AUGUSTA,AR,72006
4882,10 RED DEVIL DRIVE,AUGUSTA,AR,72006
4883,103 WEST PARK,BALD KNOB,AR,72010
4884,901 NORTH HICKORY,BALD KNOB,AR,72010
4885,601 NORTH HICKORY,BALD KNOB,AR,72010
4886,9546 HWY 85 SOUTH,LEXA,AR,72355
4887,9546 HWY 85 SOUTH,LEXA,AR,72355
4888,800 SCHOOL STREET,BAUXITE,AR,72011
4889,500 PINE HAVEN RD,BAUXITE,AR,72011
4890,6725 BENTON STREET,BAUXITE,AR,72011
4891,800 SCHOOL STREET,BAUXITE,AR,72011
4892,700 SCHOOL STREET,BAY,AR,72411
4893,700 SCHOOL STREET,BAY,AR,72411
4894,1201 W CENTER ST,BEEBE,AR,72012
4895,1201 W CENTER ST,BEEBE,AR,72012
4896,1201 W CENTER ST,BEEBE,AR,72012
4897,1201 W CENTER ST,BEEBE,AR,72012
4898,1201 W CENTER ST,BEEBE,AR,72012
4899,ANGIE GRANT ELEMENTARY,BENTON,AR,72019
4900,BENTON HIGH SCHOOL,BENTON,AR,72019
4901,CALDWELL ELEMENTARY,BENTON,AR,72019
4902,JUNIOR HIGH SCHOOL,BENTON,AR,72019
4903,HOWARD PERRIN ELEMENTARY,BENTON,AR,72019
4904,RINGGOLD ELEMENTARY,BENTON,AR,72019
4905,BENTON MIDDLE SCHOOL,BENTON,AR,72019
4906,BENTON HIGH SCHOOL,BENTON,AR,72019
4907,1442 N. DAVIS,PEA RIDGE,AR,72751
4908,1925 WEST PICKENS ROAD,PEA RIDGE,AR,72751
4909,1391 WESTON,PEA RIDGE,AR,72751
4910,1411 WESTON,PEA RIDGE,AR,72751
4911,781 WEST PICKENS,PEA RIDGE,AR,72751
4912,1801 SE J STREET,BENTONVILLE,AR,72712
4913,1501 NE WILDCAT WAY,BENTONVILLE,AR,72712
4914,301 NW 3RD STREET,BENTONVILLE,AR,72712
4915,810 BELLA VISTA ROAD,BENTONVILLE,AR,72712
4916,3400 HIGHWAY 72 WEST,BENTONVILLE,AR,72712
4917,101 NW ELM TREE LANE,BENTONVILLE,AR,72712
4918,1206 NW LEOPARD LANE,BENTONVILLE,AR,72712
4919,500 SE 14TH STREET,BENTONVILLE,AR,72712
4920,1400 SW LIBERTY AVENUE,BENTONVILLE,AR,72712
4921,500 SE 18TH STREET,BENTONVILLE,AR,72712
4922,1550 GAMBLE ROAD,CENTERTON,AR,72719
4923,406 NW 2ND STREET,BENTONVILLE,AR,72712
4924,1102 BELLA VISTA ROAD,BENTONVILLE,AR,72712
4925,1801 NE BRAVE LANE,BENTONVILLE,AR,72712
4926,2 BLOWING SPRINGS ROAD,BELLA VISTA,AR,72714
4927,1800 SW GATOR BOULEVARD,BENTONVILLE,AR,72712
4928,5101 SW BRIGHT ROAD,BENTONVILLE,AR,72712
4929,5303 BRIGHT ROAD,BENTONVILLE,AR,72712
4930,5303 BRIGHT ROAD,BENTONVILLE,AR,72712
4931,5303 BRIGHT ROAD,BENTONVILLE,AR,72712
4932,5303 BRIGHT ROAD,BENTONVILLE,AR,72712
4933,5303 BRIGHT ROAD,BENTONVILLE,AR,72712
4934,5303 BRIGHT ROAD,BENTONVILLE,AR,72712
4935,5303 BRIGHT ROAD,BENTONVILLE,AR,72712
4936,8949 HIGHWAY 7 N,HARRISON,AR,72601
4937,8949 HIGHWAY 7 N,HARRISON,AR,72601
4938,8949 HIGHWAY 7 N,HARRISON,AR,72601
4939,902 W TRIMBLE AVE,BERRYVILLE,AR,72616
4940,902 W TRIMBLE AVE,BERRYVILLE,AR,72616
4941,902 W TRIMBLE AVE,BERRYVILLE,AR,72616
4942,902 W TRIMBLE AVE,BERRYVILLE,AR,72616
4943,11636 HWY. 84,BISMARCK,AR,71929
4944,11292 HWY 84,BISMARCK,AR,71929
4945,3315 FINCH RD,BISMARCK,AR,71929
4946,6003 HWY 29 N,BLEVINS,AR,71825
4947,5954 HWY 29 N,BLEVINS,AR,71825
4948,216 E MOULTRIE,BLYTHEVILLE,AR,72315
4949,1103 BYRUM RD,BLYTHEVILLE,AR,72315
4950,700 W CHICKASAWBA,BLYTHEVILLE,AR,72315
4951,600 N. TENTH STREET,BLYTHEVILLE,AR,72316
4952,700 W. CHIKASAWBA STREET,BLYTHEVILLE,AR,72315
4953,6966 MILUM RD,LEAD HILL,AR,72644
4954,6966 MILUM DRIVE,LEAD HILL,AR,72644
4955,386 W SEVENTH ST,BOONEVILLE,AR,72927
4956,945 N PLUM ST,BOONEVILLE,AR,72927
4957,835 E EIGHTH ST,BOONEVILLE,AR,72927
4958,504 W MAIN STREET,BRADFORD,AR,72020
4959,504 W MAIN STREET,BRADFORD,AR,72020
4960,200 TIGER DRIVE,BRINKLEY,AR,72021
4961,200 TIGER DRIVE,BRINKLEY,AR,72021
4962,220 N. OAK ST.,BROOKLAND,AR,72417
4963,100 W. SCHOOL ST.,BROOKLAND,AR,72417
4964,100 W. SCHOOL ST.,BROOKLAND,AR,72417
4965,100 W SCHOOL,BROOKLAND,AR,72417
4966,100 W SCHOOL,BROOKLAND,AR,72417
4967,801 N REYNOLDS RD,BRYANT,AR,72022
4968,1215 WOODLAND DRIVE,BRYANT,AR,72022
4969,2701 SALEM RD,BENTON,AR,72015
4970,4818 HWY 5 N,BRYANT AR,AR,72022
4971,5415 NORTHLAKE RD,ALEXANDER,AR,72002
4972,12001 COUNTY LINE RD,ALEXANDER,AR,72002
4973,2716 NORTHLAKE RD,ALEXANDER,AR,72002
4974,1105 WOODLAND DRIVE,BRYANT AR,AR,72022
4975,6091 ALCOA,BENTON,AR,72015
4976,500 HILL FARM RD,BRYANT,AR,72022
4977,5200 BRYANT PARKWAY,ALEXANDER,AR,72002
4978,301 HILL FARM RD,BRYANT,AR,72022
4979,1208 NELSON,LEACHVILLE,AR,72438
4980,803 WEST DREW,MONETTE,AR,72447
4981,401 NORTH LINCOLN,CABOT,AR,72023
4982,17 BELLAMY,CABOT,AR,72023
4983,16150 HWY 5,CABOT,AR,72023
4984,1570 WILSON LOOP,CABOT,AR,72023
4985,2555 KERR STATION ROAD,CABOT,AR,72023
4986,38 SPIRIT DRIVE,CABOT,AR,72023
4987,1900 NORTH LINCOLN,CABOT,AR,72023
4988,21 FUNTASTIC DR,CABOT,AR,72023
4989,1701 SOUTH SECOND,CABOT,AR,72023
4990,38 PANTHER TRAIL,CABOT,AR,72023
4991,2600 SOUTH PINE,CABOT,AR,72023
4992,814 WEST LOCUST,CABOT,AR,72023
4993,36 POND STREET,CABOT,AR,72023
4994,850 STAGECOACH,CABOT,AR,72023
4995,3620 MOUNTAIN SPRINGS ROAD,CABOT,AR,72023
4996,18 SPIRIT DRIVE,CABOT,AR,72023
4997,18 SPIRIT DRIVE,CABOT,AR,72023
4998,2268 HWY EIGHT E,NORMAN,AR,71960
4999,2268 HWY EIGHT E,NORMAN,AR,71960
5000,301 COLLEGE STREET,CALICO ROCK,AR,72519
5001,1 PIRATE PLACE,CALICO ROCK,AR,72519
5002,707 EAST 5TH STREET,CARLISLE,AR,72024
5003,145 RABORN ROAD,CARLISLE,AR,72024
5004,1630 HWY 91 WEST,JONESBORO,AR,72404
5005,1800 HWY 91 WEST,JONESBORO,AR,72404
5006,1834 HWY 91 WEST,JONESBORO,AR,72404
5007,711 N. MAIN,CAVE CITY,AR,72521
5008,711 N. MAIN,CAVE CITY,AR,72521
5009,711 N. MAIN,CAVE CITY,AR,72521
5010,9335 ARMER LANE,CEDARVILLE,AR,72932
5011,9500 PIRATES POINT,CEDARVILLE,AR,72932
5012,9614 PIRATES POINT,CEDARVILLE,AR,72932
5013,12018 ST HWY 196,TEXARKANA,AR,71854
5014,12472 ST HWY 196,TEXARKANA,AR,71854
5015,11986 ST HWY 196,TEXARKANA,AR,71854
5016,12074 HIGHWAY 196,TEXARKANA,AR,71854
5017,3259 HWY 157,JUDSONIA,AR,72081
5018,3259 HWY 157,JUDSONIA,AR,72081
5019,125 WEST MAIN,CHARLESTON,AR,72933
5020,125 WEST MAIN,CHARLESTON,AR,72933
5021,1117 EASON RD,CLARENDON,AR,72029
5022,320 N. SEVENTH ST.,CLARENDON,AR,72029
5023,604 WEST 5TH STREET,RECTOR,AR,72461
5024,604 WEST 5TH STREET,RECTOR,AR,72461
5025,1801 CLARK ROAD,CLARKSVILLE,AR,72830
5026,2022 CLARK ROAD,CLARKSVILLE,AR,72830
5027,1703 W CLARK ROAD,CLARKSVILLE,AR,72830
5028,1903 CLARK ROAD,CLARKSVILLE,AR,72830
5029,2023 CLARK ROAD,CLARKSVILLE,AR,72830
5030,1901 CLARK ROAD,CLARKSVILLE,AR,72830
5031,852 YELLOWJACKET LANE,CLINTON,AR,72031
5032,489 YELLOWJACKET LANE,CLINTON,AR,72031
5033,443 YELLOWJACKET LANE,CLINTON,AR,72031
5034,10920 HEBER SPRINGS ROAD NORTH,CONCORD,AR,72523
5035,10920 HEBER SPRINGS ROAD NORTH,CONCORD,AR,72523
5036,1800 FREYALDENHOVEN LN,CONWAY,AR,72034
5037,4255 COLLEGE AVE,CONWAY,AR,72034
5038,1815 PRINCE ST,CONWAY,AR,72034
5039,2745 CARL STUART RD,CONWAY,AR,72034
5040,2300 PRINCE ST,CONWAY,AR,72034
5041,1601 S. DONAGHEY ST,CONWAY,AR,72034
5042,1201 DONAGHEY AVE,CONWAY,AR,72034
5043,1200 BOB COURTWAY DR,CONWAY,AR,72034
5044,800 PADGETT RD,CONWAY,AR,72034
5045,1301 COUNTRY CLUB RD,CONWAY,AR,72034
5046,1600 E SIEBENMORGEN DR,CONWAY,AR,72034
5047,2001 FLORENCE MATTISON DRIVE,CONWAY,AR,72034
5048,2845 CARL STUART RD,CONWAY,AR,72034
5049,2300 PRINCE ST,CONWAY,AR,72034
5050,1400 PADGETT RD,CONWAY,AR,72034
5051,125 CENTER STREET,CONWAY,AR,72034
5052,1805 MILITARY RD,CONWAY,AR,72034
5053,152 LUCILLE,COTTER,AR,72626
5054,198 MABLE,COTTER,AR,72626
5055,12092 W STATE HIGHWAY 22,BRANCH,AR,72928
5056,12092 W. STATE HIGHWAY 22,BRANCH,AR,72928
5057,1100 CAMP ROAD,CROSSETT,AR,71635
5058,301 WEST NINTH AVENUE,CROSSETT,AR,71635
5059,100 COACH ED JOHNSON DRIVE,CROSSETT,AR,71635
5060,2801 SPRING STREET,HOT SPRINGS,AR,71901
5061,2801 SPRING STREET,HOT SPRINGS,AR,71901
5062,201 EAST 11TH ST.,DANVILLE,AR,72833
5063,201 EAST 11TH ST.,DANVILLE,AR,72833
5064,201 EAST 11TH ST.,DANVILLE,AR,72833
5065,201 EAST 11TH ST.,DANVILLE,AR,72833
5066,900 N 4TH,DARDANELLE,AR,72834
5067,1079 NORTH STATE HWY 28,DARDANELLE,AR,72834
5068,2306 NORTH STATE HWY 7,DARDANELLE,AR,72834
5069,1376 N LIBERTY ROAD,DARDANELLE,AR,72834
5070,9083 MT. OLIVE RD,DECATUR,AR,72722
5071,1498 STADIUM AVE.,DECATUR,AR,72722
5072,1498 STADIUM AVE.,DECATUR,AR,72722
5073,525 EAST SPEEDWAY STREET,DERMOTT,AR,71638
5074,525 EAST SPEEDWAY STREET,DERMOTT,AR,71638
5075,600 MAIN STREET,DES ARC,AR,72040
5076,2100 HICKORY STREET,DES ARC,AR,72040
5077,800 OLD HWY 70 WEST,DIERKS,AR,71833
5078,900 OLD HWY 70 WEST,DIERKS,AR,71833
5079,135 COLLEGE STREET,DOVER,AR,72837
5080,101 PIRATES LOOP,DOVER,AR,72837
5081,135 COLLEGE STREET,DOVER,AR,72837
5082,250 UNIVERSITY DRIVE,MONTICELLO,AR,71655
5083,250 UNIVERSITY DRIVE,MONTICELLO,AR,71655
5084,250 UNIVERSITY DRIVE,MONTICELLO,AR,71655
5085,101 COURT ST,DUMAS,AR,71639
5086,315 S COLLEGE STREET,DUMAS,AR,71639
5087,709 DAN GILL DRIVE,DUMAS,AR,71639
5088,709 DAN GILL DRIVE,DUMAS,AR,71639
5089,1425 2ND STREET,EARLE,AR,72331
5090,16432 HWY 64,EARLE,AR,72331
5091,114 W PANTHER DRIVE,BIGELOW,AR,72016
5092,114 W PANTHER DRIVE,BIGELOW,AR,72016
5093,400 W FAULKNER,EL DORADO,AR,71730
5094,2000 WILDCAT DRIVE,EL DORADO,AR,71730
5095,201 EAST 5TH,EL DORADO,AR,71730
5096,1600 N COLLEGE,EL DORADO,AR,71730
5097,601 MLK JR. BLVD,EL DORADO,AR,71730
5098,308 SOUTH COLLEGE,EL DORADO,AR,71730
5099,349 N CENTER,ELKINS,AR,72727
5100,349 N CENTER,ELKINS,AR,72727
5101,349 N CENTER,ELKINS,AR,72727
5102,349 N CENTER,ELKINS,AR,72727
5103,535 PINE BLUFF HWY,ENGLAND,AR,72046
5104,501 PINE BLUFF HWY,ENGLAND,AR,72046
5105,142 GREENWOOD HOLLOW ROAD,EUREKA SPRINGS,AR,72632
5106,156 GREENWOOD HOLLOW ROAD,EUREKA SPRINGS,AR,72632
5107,2 LAKE LUCERNE RD,EUREKA SPRINGS,AR,72632
5108,735 ROBIN STREET,CAMDEN,AR,71701
5109,1750 CASH ROAD,CAMDEN,AR,71701
5110,575 DOOLEY WOMACK,CAMDEN,AR,71701
5111,647 DOOLEY WOMACK,CAMDEN,AR,71701
5112,255 POPE ST,CAMDEN,AR,71701
5113,359 RHEAS MILL ROAD,FARMINGTON,AR,72730
5114,322 N. BROYLES STREET,FARMINGTON,AR,72730
5115,230 S. GRACE LANE,FARMINGTON,AR,72730
5116,278 WEST MAIN ST,FARMINGTON,AR,72730
5117,12327 N HIGHWAY 170,FARMINGTON,AR,72730
5118,8 N DOUBLE SPRINGS RD,FARMINGTON,AR,72730
5119,2900 N SALEM ROAD,FAYETTEVILLE,AR,72704
5120,2900 N SALEM ROAD,FAYETTEVILLE,AR,72704
5121,1500 N SANG,FAYETTEVILLE,AR,72703
5122,3050 OLD MISSOURI ROAD,FAYETTEVILLE,AR,72703
5123,994 W MARTIN LUTHER KING BLVD,FAYETTEVILLE,AR,72701
5124,2175 EAST PEPPERVINE DRIVE,FAYETTEVILLE,AR,72701
5125,1124 W CLEVELAND,FAYETTEVILLE,AR,72701
5126,401 S SANG,FAYETTEVILLE,AR,72701
5127,1529 MISSION BLVD,FAYETTEVILLE,AR,72701
5128,425 N HIGHLAND AVENUE,FAYETTEVILLE,AR,72701
5129,1 E POPLAR,FAYETTEVILLE,AR,72703
5130,3030 EAST MISSION BLVD,FAYETTEVILLE,AR,72703
5131,2365 NORTH RUPPLE ROAD,FAYETTEVILLE,AR,72704
5132,375 NORTH RUPPLE ROAD,FAYETTEVILLE,AR,72704
5133,300 S RAY,FAYETTEVILLE,AR,72701
5134,2350 OLD FARMINGTON RAOD,FAYETTEVILLE,AR,72701
5135,888 S RUPPLE ROAD,FAYETTEVILLE,AR,72704
5136,146 SCHOOL LANE,FLIPPIN,AR,72634
5137,144 SCHOOL LANE.,FLIPPIN,AR,72634
5138,103 ALFORD ST.,FLIPPIN,AR,72634
5139,THREE REDBUG BUS LOOP,FORDYCE,AR,71742
5140,THREE REDBUG BUS LOOP,FORDYCE,AR,71742
5141,311 N 10TH ST,FOREMAN,AR,71836
5142,700 ROCKY COMFORT RD,FOREMAN,AR,71836
5143,467 VICTORIA ST,FORREST CITY,AR,72335
5144,1133 NORTH DIVISION ST,FORREST CITY,AR,72335
5145,400 DAWSON RD,FORREST CITY,AR,72335
5146,1133 NORTH DIVISION ST,FORREST CITY,AR,72335
5147,801 DEADERICK ROAD,FORREST CITY,AR,72335
5148,2601 S Q ST,FORT SMITH,AR,72901
5149,1400 D ST,BARLING,AR,72923
5150,1600 CAVANAUGH RD,FORT SMITH,AR,72908
5151,1501 DODSON AVE,FORT SMITH,AR,72901
5152,2500 SOUTH WALDRON RD,FORT SMITH,AR,72903
5153,2524 SOUTH TULSA ST,FORT SMITH,AR,72901
5154,1025 SCHOOL ST,FORT SMITH,AR,72908
5155,3025 MASSARD RD,FORT SMITH,AR,72903
5156,3517 BROOKEN HILL DR,FORT SMITH,AR,72908
5157,616 N 14TH ST,FORT SMITH,AR,72901
5158,2400 S DALLAS ST,FORT SMITH,AR,72901
5159,1301 N 8TH ST,FORT SMITH,AR,72901
5160,2201 N 50TH ST,FORT SMITH,AR,72904
5161,3415 NEWLON RD,FORT SMITH,AR,72904
5162,2301 N B ST,FORT SMITH,AR,72901
5163,3609 PHOENIX AVE,FORT SMITH,AR,72903
5164,4111 PARK AVE,FORT SMITH,AR,72903
5165,3201 JENNY LIND RD,FORT SMITH,AR,72901
5166,4100 GARY ST,FORT SMITH,AR,72903
5167,4949 SPRADLING AVE,FORT SMITH,AR,72904
5168,4201 N O ST,FORT SMITH,AR,72904
5169,5001 KELLEY HWY,FORT SMITH,AR,72904
5170,3300 HARRIS AVE,FORT SMITH,AR,72904
5171,3201 MASSARD RD,FORT SMITH,AR,72903
5172,815 N 16TH ST,FORT SMITH,AR,72901
5173,6601 EUPER LN,FORT SMITH,AR,72903
5174,3205 JENNY LIND RD,FORT SMITH,AR,72903
5175,370 EAST RED CUT ROAD,FOUKE,AR,71837
5176,370 EAST RED CUT ROAD,FOUKE,AR,71837
5177,370 EAST RED CUT ROAD,FOUKE,AR,71837
5178,4207 PARK AVE,HOT SPRINGS,AR,71901
5179,4207 PARK AVENUE,HOT SPRINGS,AR,71901
5180,4207 PARK AVENUE,HOT SPRINGS,AR,71901
5181,302 W SECOND ST.,GENTRY,AR,72734
5182,1295 PIONEER LANE,GENTRY,AR,72734
5183,1295 PIONEER LANE,GENTRY,AR,72734
5184,1265 PIONEER LN.,GENTRY,AR,72734
5185,14334 HWY. 67,MALVERN,AR,72104
5186,14334 HWY. 67,MALVERN,AR,72104
5187,14334 HWY 67,MALVERN,AR,72104
5188,755 HWY 8 E,AMITY,AR,71921
5189,637 HWY 8 E,AMITY,AR,71921
5190,755 HWY 8 E,AMITY,AR,71921
5191,500 8TH AVE SE,GRAVETTE,AR,72736
5192,601 EL PASO ST SE,GRAVETTE,AR,72736
5193,325 LION DR S,GRAVETTE,AR,72736
5194,607 DALLAS ST SE,GRAVETTE,AR,72736
5195,601 SCHOOL DRIVE,GREEN FOREST,AR,72638
5196,800 TOMMY RATZLAFF AVENUE,GREEN FOREST,AR,72638
5197,401 TULIP COURT,GREEN FOREST,AR,72638
5198,10 SCHOOL DRIVE,GREENBRIER,AR,72058
5199,61 GLENN LANE,GREENBRIER,AR,72058
5200,72 GREEN VALLEY DRIVE,GREENBRIER,AR,72058
5201,7 SCHOOL DRIVE,GREENBRIER,AR,72058
5202,65 GARRETT ROAD,GREENBRIER,AR,72058
5203,9 CHURCH CIRCLE,GREENBRIER,AR,72058
5204,91 ELLIOTT RD,GREENBRIER,AR,72058
5205,200 N SANDY AVE,GREENLAND,AR,72737
5206,30 N SANDY AVE,GREENLAND,AR,72737
5207,55 N SANDY AVE,GREENLAND,AR,72737
5208,300 WESTWOOD AVE,GREENWOOD,AR,72936
5209,501 BULLDOG LOOP,GREENWOOD,AR,72936
5210,300 EAST GARY STREET,GREENWOOD,AR,72936
5211,1211 RAYMOND E WELLS DRIVE,GREENWOOD,AR,72936
5212,700 MOUNT HARMONY RD,GREENWOOD,AR,72936
5213,1 GO-DEVIL ROAD,GURDON,AR,71743
5214,1 GO-DEVIL ROAD,GURDON,AR,71743
5215,492 HIGHWAY 25 NORTH,GUY,AR,72061
5216,492 HIGHWAY 25 NORTH,GUY,AR,72061
5217,102 NORTH OAK STREET,HACKETT,AR,72937
5218,102 NORTH OAK STREET,HACKETT,AR,72937
5219,485 EAST MAIN ST.,HAMPTON,AR,71744
5220,419 EAST MAIN ST.,HAMPTON,AR,71744
5221,401 OUACHITA ROAD 88,CAMDEN,AR,71701
5222,401 OUACHITA ROAD 88,CAMDEN,AR,71701
5223,2621 N HWY 229,BENTON,AR,72015
5224,2621 N HWY 229,BENTON,AR,72015
5225,2621 N HWY 229,BENTON,AR,72015
5226,2621 N HWY 229,BENTON,AR,72015
5227,1005 S. ILLINOIS,HARRISBURG,AR,72432
5228,501 W. SOUTH STREET,HARRISBURG,AR,72432
5229,319 GARFIELD STREET,WEINER,AR,72479
5230,1124 S TAMARIND,HARRISON,AR,72601
5231,925 GOBLIN DRIVE,HARRISON,AR,72601
5232,1120 W HOLT,HARRISON,AR,72601
5233,1125 GOBLIN DR,HARRISON,AR,72601
5234,500 NORTH CHESTNUT,HARRISON,AR,72601
5235,200 EAST CLEVELAND,HAZEN,AR,72064
5236,100 EAST CLEVELAND,HAZEN,AR,72064
5237,1100 W PINE ST,HEBER SPRINGS,AR,72543
5238,1100 W PINE ST,HEBER SPRINGS,AR,72543
5239,1100 W MAIN ST,HEBER SPRINGS,AR,72543
5240,11529 SR 27,HECTOR,AR,72843
5241,11601 SR 27,HECTOR,AR,72843
5242,11601 SR 27,HECTOR,AR,72843
5243,103 SCHOOL ROAD,WEST HELENA,AR,72390
5244,125 HICKORY HILL,HELENA,AR,72342
5245,206 W. SCHOOL DRIVE HERMITAGE,HERMITAGE,AR,71647
5246,312 N. SCHOOL DRIVE HERMITAGE,HERMITAGE,AR,71647
5247,2622 HWY 42,CHERRY VALLEY,AR,72324
5248,21 CR 215,CHERRY VALLEY,AR,72324
5249,169 REBEL DR,HARDY,AR,72542
5250,1 REBEL CIRCLE,HARDY,AR,72542
5251,1921 HWY 62-412,HARDY,AR,72542
5252,601 LAKESHORE DRIVE,HOPE,AR,71801
5253,2000 SOUTH MAIN,HOPE,AR,71801
5254,1700 SOUTH MAIN,HOPE,AR,71801
5255,400 EAST NINTH STREET,HOPE,AR,71801
5256,601 WEST SIXTH STREET,HOPE,AR,71801
5257,513 HENRY YERGER,HOPE,AR,71801
5258,205 ISBELL,HORATIO,AR,71842
5259,1101 METCALF,HORATIO,AR,71842
5260,525 HAMMOND LANE,HOT SPRINGS,AR,71913
5261,120 CHESTNUT,HOT SPRINGS,AR,71913
5262,301 OAKLAWN BOULEVARD,HOT SPRINGS,AR,71913
5263,617 MAIN STREET,HOT SPRINGS,AR,71913
5264,120 CHESTNUT,HOT SPRINGS,AR,71913
5265,120 CHESTNUT,HOT SPRINGS,AR,71913
5266,7900 N HIGHWAY 7,JESSIEVILLE,AR,71949
5267,7900 N HIGHWAY 7,JESSIEVILLE,AR,71949
5268,7900 N HIGHWAY 7,JESSIEVILLE,AR,71949
5269,602 SW HARTIGAN,HOXIE,AR,72433
5270,602 SW HARTIGAN,HOXIE,AR,72433
5271,600 N. REDDING STREET,WEST MEMPHIS,AR,72301
5272,908 VANDERBILT,WEST MEMPHIS,AR,72301
5273,2100 E BARTON,WEST MEMPHIS,AR,72301
5274,1011 W BARTON,WEST MEMPHIS,AR,72301
5275,1280 EAST BARTON,WEST MEMPHIS,AR,72301
5276,331 W BARTON,WEST MEMPHIS,AR,72301
5277,1405 MADISON,WEST MEMPHIS,AR,72301
5278,501 WEST BROADWAY,WEST MEMPHIS,AR,72301
5279,2395 S L HENRY STREET,WEST MEMPHIS,AR,72301
5280,314 N GASKILL,HUNTSVILLE,AR,72740
5281,594 S HARRIS,HUNTSVILLE,AR,72740
5282,133 SCHOOL DR,HUNTSVILLE,AR,72740
5283,437 PARK AVE,HUNTSVILLE,AR,72740
5284,176 4TH ST,HUNTSVILLE,AR,72740
5285,232 4TH ST,HUNTSVILLE,AR,72740
5286,600 SCHOOL ST.,JASPER,AR,72641
5287,600 SCHOOL ST.,JASPER,AR,72641
5288,220 MADISON 2620,KINGSTON,AR,72742
5289,220 MADISON 2620,KINGSTON,AR,72742
5290,370 HWY 215,OARK,AR,72852
5291,370 HWY 215,OARK,AR,72852
5292,1814 WEST NETTLETON AVENUE,JONESBORO,AR,72401
5293,1615 WILKINS AV,JONESBORO,AR,72401
5294,1218 COBB STREET,JONESBORO,AR,72401
5295,1804 HILLCREST DRIVE,JONESBORO,AR,72401
5296,618 W. NETTLETON,JONESBORO,AR,72401
5297,213 E THOMAS GREEN RD,JONESBORO,AR,72401
5298,1001 ROSEMOND AVENUE,JONESBORO,AR,72401
5299,1110 WEST WASHINGTON AVENUE,JONESBORO,AR,72401
5300,1307 FLINT STREET,JONESBORO,AR,72401
5301,618 W. NETTLETON,JONESBORO,AR,72401
5302,1727 S MAIN ST,JONESBORO,AR,72401
5303,200 WEST HOLLY STREET,JUNCTION CITY,AR,71749
5304,500 NORTH ELM STREET,JUNCTION CITY,AR,71749
5305,810 RAIDER DR,SEARCY,AR,72143
5306,701 W DANDRIDGE ST,KENSETT,AR,72082
5307,820 RAIDER DR,SEARCY,AR,72143
5308,916 JUDSON AVE,JUDSONIA,AR,72081
5309,2614 HWY 27N.,KIRBY,AR,71950
5310,2614 HWY 27N.,KIRBY,AR,71950
5311,120 WOLF ST,PEARCY,AR,71964
5312,136 OAKBROOK,PEARCY,AR,71964
5313,240 WOLF ST,PEARCY,AR,71964
5314,281 WOLF ST,PEARCY,AR,71964
5315,280 WOLF ST,PEARCY,AR,71964
5316,104 WOLF ST,PEARCY,AR,71964
5317,1110 SOUTH LAKESHORE DRIVE,LAKE VILLAGE,AR,71653
5318,1110 SOUTH LAKESHORE DRIVE,LAKE VILLAGE,AR,71653
5319,1110 SOUTH LAKESHORE DRIVE,LAKE VILLAGE,AR,71653
5320,1110 SOUTH LAKESHORE DRIVE,LAKE VILLAGE,AR,71653
5321,2923 MALVERN AVENUE,HOT SPRINGS,AR,71901
5322,2841 MALVERN,HOT SPRINGS,AR,71901
5323,2855 MALVERN AVE,HOT SPRINGS,AR,71901
5324,2871 MALVERN AVENUE,HOT SPRINGS,AR,71901
5325,2839 MALVERN AVE,HOT SPRINGS,AR,71901
5326,301 ELBERTA STREET,LAMAR,AR,72846
5327,301 ELBERTA STREET,LAMAR,AR,72846
5328,301 ELBERTA STREET,LAMAR,AR,72846
5329,1000 S. DIVISION ST,LAVACA,AR,72941
5330,311 HOLLY ST,LAVACA,AR,72941
5331,603 S DIVISION ST,LAVACA,AR,72941
5332,613 COUNTY AVE,LINCOLN,AR,72744
5333,201 EAST SCHOOL STREET,LINCOLN,AR,72744
5334,1392 E. PRIDEMORE,LINCOLN,AR,72744
5335,905 M L KING DRIVE,LITTLE ROCK,AR,72201
5336,7701 SCOTT HAMILTON DR,LITTLE ROCK,AR,72209
5337,7915 W MARKHAM STREET,LITTLE ROCK,AR,72205
5338,2100 EAST 6TH STREET,LITTLE ROCK,AR,72202
5339,1500 LITTLE ROCK NINE WAY,LITTLE ROCK,AR,72202
5340,1100 WRIGHT AVE,LITTLE ROCK,AR,72206
5341,616 HARRISON STREET,LITTLE ROCK,AR,72205
5342,1600 N. TYLER,LITTLE ROCK,AR,72207
5343,1115 W 16TH STREET,LITTLE ROCK,AR,72202
5344,2600 N MCKINLEY,LITTLE ROCK,AR,72207
5345,1000 E. ROOSEVELT,LITTLE ROCK,AR,72206
5346,1200 RESERVOIR ROAD,LITTLE ROCK,AR,72207
5347,2501 JOHN BARROW ROAD,LITTLE ROCK,AR,72204
5348,401 N PINE,LITTLE ROCK,AR,72205
5349,10800 MARA LYNN ROAD,LITTLE ROCK,AR,72211
5350,4901 WESTERN HILLS AVE,LITTLE ROCK,AR,72204
5351,7301 EVERGREEN STREET,LITTLE ROCK,AR,72207
5352,3700 W 18TH STREET,LITTLE ROCK,AR,72204
5353,6501 W 32ND STREET,LITTLE ROCK,AR,72204
5354,300 PLEASANT VALLEY DRIVE,LITTLE ROCK,AR,72212
5355,319 NORTH PINE,LITTLE ROCK,AR,72205
5356,3623 BASELINE RD,LITTLE ROCK,AR,72209
5357,9401 MABELVALE CUT-OFF,MABELVALE,AR,72103
5358,16000 OTTER CREEK PARKWAY,LITTLE ROCK,AR,72209
5359,75 WESTMINISTER,LITTLE ROCK,AR,72209
5360,6300 HINKSON RD,LITTLE ROCK,AR,72209
5361,10811 MABELVALE W BOX 187,MABELVALE,AR,72103
5362,2700 MAIN STREET,LITTLE ROCK,AR,72206
5363,11100 CHICOT ROAD,MABELVALE,AR,72103
5364,7000 VALLEY DRIVE,LITTLE ROCK,AR,72209
5365,16601 LA MARCHE DRIVE,LITTLE ROCK,AR,72223
5366,5901 EVERGREEN,LITTLE ROCK,AR,72205
5367,5240 MABELVALE PIKE,LITTLE ROCK,AR,72209
5368,5701 RANCH DRIVE,LITTLE ROCK,AR,72223
5369,5701 RANCH DRIVE,LITTLE ROCK,AR,72223
5370,9715 MABELVALE PIKE,MABELVALE,AR,72103
5371,6700 H Street,Little Rock,AR,72205
5372,700 EAST 17TH,LITTLE ROCK,AR,72206
5373,13420 DAVID O DODD ROAD,LITTLE ROCK,AR,72210
5374,3400 ROMINE ROAD,LITTLE ROCK,AR,72204
5375,9417 GEYER SPRINGS ROAD,LITTLE ROCK,AR,72209
5376,900 W. PALM ST.,LONOKE,AR,72086
5377,405 W. ACADEMY STREET,LONOKE,AR,72086
5378,1100 W. PALM ST.,LONOKE,AR,72086
5379,800 LINCOLN ST.,LONOKE,AR,72086
5380,351 E PRIDDY ST,MAGAZINE,AR,72943
5381,292 E PRIDDY ST,MAGAZINE,AR,72943
5382,22083 HWY 51,MALVERN,AR,72104
5383,472 MAGNET SCHOOL ROAD,MALVERN,AR,72104
5384,614 W MOLINE ST,MALVERN,AR,72104
5385,1807 W MOLINE ST,MALVERN,AR,72104
5386,525 E HIGHLAND AVE,MALVERN,AR,72104
5387,339 E DONNELLY,MALVERN,AR,72104
5388,410 GOLDSMITH AVE,MAMMOTH SPRING AR,AR,72554
5389,410 GOLDSMITH AVE,MAMMOTH SPRING,AR,72554
5390,101 N WALNUT AVE,MANSFIELD,AR,72944
5391,400 GROVE ST,MANSFIELD,AR,72944
5392,2500 HWY 71 SOUTH,MANSFIELD,AR,72944
5393,523 FOREST AVENUE,MARIANNA,AR,72360
5394,214 SOUTH ALABAMA STREET,MARIANNA,AR,72360
5395,133 MILITARY RD,MARION,AR,72364
5396,1 PATRIOT DR,MARION,AR,72364
5397,801 CARTER DR,MARION,AR,72364
5398,100 L H POLK DR,MARION,AR,72364
5399,1402 CRESTMERE ST,WEST MEMPHIS,AR,72301
5400,10 PATRIOT DRIVE,MARION,AR,72364
5401,406 ST. FRANCIS,MARKED TREE,AR,72365
5402,703 NORMANDY,MARKED TREE,AR,72365
5403,800 ELM ST,LESLIE,AR,72645
5404,201 W COLLEGE ST,MARSHALL,AR,72650
5405,950 HWY 65 N.,MARSHALL,AR,72650
5406,1018A HWY 49,MARVELL,AR,72366
5407,1018B HWY 49,MARVELL,AR,72366
5408,18 EAGLE CIRCLE,MAYFLOWER,AR,72106
5409,7 ASHMORE DRIVE,MAYFLOWER,AR,72106
5410,10 LESLEY KING DRIVE,MAYFLOWER,AR,72106
5411,74 CAMPUS DRIVE,MAYNARD,AR,72444
5412,74 CAMPUS DRIVE,MAYNARD,AR,72444
5413,509 NORTH JACKSON STREET,MCCRORY,AR,72101
5414,509 NORTH JACKSON STREET,MCCRORY,AR,72101
5415,409 OAK STREET,MCGEHEE,AR,71654
5416,409 OAK STREET,MCGEHEE,AR,71654
5417,409 OAK STREET,MCGEHEE,AR,71654
5418,200 BEARKAT DRIVE,MELBOURNE,AR,72556
5419,310 BEARKAT DRIVE,MELBOURNE,AR,72556
5420,106 REINE STREET N,MENA,AR,71953
5421,1200 DALLAS AVE,MENA,AR,71953
5422,700 S MORROW,MENA,AR,71953
5423,1000 GEYER DRIVE,MENA,AR,71953
5424,1100 E BOUNDARY AVE,MENA,AR,71953
5425,130 WEST MCCRARY ST,MINERAL SPRINGS,AR,71851
5426,130 WEST MCCRARY ST,MINERAL SPRINGS,AR,71851
5427,390 CLYDE ROSS,MONTICELLO,AR,71655
5428,212 CLYDE ROSS,MONTICELLO,AR,71655
5429,1037 SCOGIN DRIVE,MONTICELLO,AR,71655
5430,280 CLYDE ROSS,MONTICELLO,AR,71655
5431,430 BALL PARK RD,MOUNT IDA,AR,71957
5432,338 WHITTINGTON,MOUNT IDA,AR,71957
5433,17 MT. VERNON RD,ENOLA,AR,72047
5434,38 GARLAND SPRINGS RD,MOUNT VERNON,AR,72111
5435,690 BLAKELY DAM ROAD,MOUNTAIN PINE,AR,71956
5436,726 BLAKELY DAM ROAD,MOUNTAIN PINE,AR,71956
5437,201 ELEMENTARY DR.,MOUNTAIN VIEW,AR,72560
5438,210 HIGH SCHOOL DR.,MOUNTAIN VIEW,AR,72560
5439,13237 HWY 263,FOX,AR,72051
5440,13237 HWY 263,FOX,AR,72051
5441,23747 HWY 263 N.,TIMBO,AR,72680
5442,23747 HWY 263 N.,TIMBO,AR,72680
5443,210 HIGH SCHOOL DR.,MOUNTAIN VIEW,AR,72560
5444,129 HWY. 71 SW,MOUNTAINBURG,AR,72946
5445,129 HIGHWAY 71 SW,MOUNTAINBURG,AR,72946
5446,129 HWY 71 SW,MOUNTAINBURG,AR,72946
5447,1319 N. MAIN ST.,MULBERRY,AR,72947
5448,203 W. FIFTH ST.,MULBERRY,AR,72947
5449,5750 HORNET LN,OZARK,AR,72949
5450,605 3RD AVENUE,MURFREESBORO,AR,71958
5451,605 3RD AVENUE,MURFREESBORO,AR,71958
5452,200 IMMANUEL ST.,NASHVILLE,AR,71852
5453,1301 MT. PLEASANT DR.,NASHVILLE,AR,71852
5454,1000 NORTH EIGHTH ST.,NASHVILLE,AR,71852
5455,1201 NORTH EIGHTH ST.,NASHVILLE,AR,71852
5456,5690 HWY 9,CENTER RIDGE,AR,72027
5457,5690 HWY 9,CENTER RIDGE,AR,72027
5458,5690 HWY 9,CENTER RIDGE,AR,72027
5459,3901 AGGIE RD.,JONESBORO,AR,72404
5460,2305 FOX MEADOW LANE,JONESBORO,AR,72404
5461,4207 RACE STREET,JONESBORO,AR,72404
5462,300 BOWLING LANE,JONESBORO,AR,72404
5463,4208 CHIEFTAIN LANE,JONESBORO,AR,72404
5464,2309 FOX MEADOW LANE,JONESBORO,AR,72404
5465,2219 THORN ST,JONESBORO,AR,72401
5466,2305 PROMISE LANE,JONESBORO,AR,72401
5467,161 MILDRED SIMPSON DRIVE,NORFORK,AR,72658
5468,136 MILDRED SIMPSON DRIVE,NORFORK,AR,72658
5469,4601 RIDGE ROAD,NORTH LITTLE ROCK,AR,72116
5470,101 AUBURN DRIVE,NORTH LITTLE ROCK,AR,72118
5471,1400 CRUTCHER,NORTH LITTLE ROCK,AR,72114
5472,1901 CRESTWOOD ROAD,NORTH LITTLE ROCK,AR,72116
5473,4901 EAST 19TH STREET,NORTH LITTLE ROCK,AR,72117
5474,6800 INDIAN HILLS DRIVE,NORTH LITTLE ROCK,AR,72116
5475,1800 FAIRWAY AVENUE,NORTH LITTLE ROCK,AR,72116
5476,2400 LAKEVIEW ROAD,NORTH LITTLE ROCK,AR,72116
5477,801 EAST BETHANY RD,NORTH LITTLE ROCK,AR,72117
5478,441 MCCAIN BLVD,NORTH LITTLE ROCK,AR,72116
5479,1200 BISHOP LINDSEY AVENUE,NORTH LITTLE ROCK,AR,72114
5480,201 WEST 22ND STREET,NORTH LITTLE ROCK,AR,72114
5481,201 WEST 22ND STREET,NORTH LITTLE ROCK,AR,72114
5482,2300 LAKEVIEW ROAD,NORTH LITTLE ROCK,AR,72116
5483,522 W. COLLEGE RD,OMAHA,AR,72662
5484,522 W. COLLEGE RD,OMAHA,AR,72662
5485,2800 W SEMMES AVE,OSCEOLA,AR,72370
5486,1230 W SEMMES AVE,OSCEOLA,AR,72370
5487,500 GRANDVIEW,OSCEOLA,AR,72370
5488,112 N SCHOOL ST,OSCEOLA,AR,72370
5489,332 SCHOOHOUSE ROAD,DONALDSON,AR,71941
5490,258 SCHOOLHOUSE ROAD,DONALDSON,AR,71941
5491,1631 HILLBILLY DR.,OZARK,AR,72949
5492,18 W. COLLEGE,ALTUS,AR,72821
5493,1601 WALDEN DRIVE,OZARK,AR,72949
5494,1301 WALDEN DRIVE,OZARK,AR,72949
5495,1100 SHORT ST,PANGBURN,AR,72121
5496,1100 SHORT ST,PANGBURN,AR,72121
5497,401 N SCHOOL ST,PARIS,AR,72855
5498,2000 WOOD ST,PARIS,AR,72855
5499,602 N 10TH ST,PARIS,AR,72855
5500,209 PARKERS CHAPEL ROAD,EL DORADO,AR,71730
5501,209 PARKERS CHAPEL ROAD,EL DORADO,AR,71730
5502,625 NORTH CEDAR STREET,PERRYVILLE,AR,72126
5503,325 HOUSTON AVENUE,PERRYVILLE,AR,72126
5504,895 EAST MAIN,PIGGOTT,AR,72454
5505,533 EAST MAIN,PIGGOTT,AR,72454
5506,2864 THOMASVILLE,POCAHONTAS,AR,72455
5507,2312 STADIUM DRIVE,POCAHONTAS,AR,72455
5508,2301 NORTH PARK STREET,POCAHONTAS,AR,72455
5509,2405 NORTH PARK STREET,POCAHONTAS,AR,72455
5510,6926 RIVER ROAD,POTTSVILLE,AR,72858
5511,87 SOUTH B,POTTSVILLE,AR,72858
5512,500 APACHE DRIVE,POTTSVILLE,AR,72858
5513,250 APACHE DRIVE,POTTSVILLE,AR,72858
5514,14296 HWY 270 W,POYEN,AR,72128
5515,14296 HWY 270 W,POYEN,AR,72128
5516,801 VINEY GROVE ROAD,PRAIRIE GROVE,AR,72753
5517,500 COLE DRIVE,PRAIRIE GROVE,AR,72753
5518,240 VINEY GROVE ROAD,PRAIRIE GROVE,AR,72753
5519,806 N MOCK ST,PRAIRIE GROVE,AR,72753
5520,846 MARTIN ST,PRESCOTT,AR,71857
5521,736 MARTIN ST.,PRESCOTT,AR,71857
5522,762 MARTIN ST BLDG 5,PRESCOTT,AR,71857
5523,5001 NORTHSHORE DR,NORTH LITTLE ROCK,AR,72118
5524,142 HOLLYWOOD AVENUE,SHERWOOD,AR,72120
5525,15001 KANIS ROAD,LITTLE ROCK,AR,72223
5526,9906 JACKSONVILLE CATO ROAD,SHERWOOD,AR,72120
5527,4710 FRAZIER PIKE,COLLEGE STATION,AR,72206
5528,1205 E. DIXON RD,LITTLE ROCK,AR,72206
5529,4424 HIGHWAY 161 NORTH,NORTH LITTLE ROCK,AR,72117
5530,21600 HIGHWAY 10,LITTLE ROCK,AR,72223
5531,21501 CANTRELL RD,LITTLE ROCK,AR,72223
5532,16712 ARCH STREET PIKE,LITTLE ROCK,AR,72206
5533,19901 LAWSON ROAD,LITTLE ROCK,AR,72210
5534,5703 OAK GROVE ROAD,NORTH LITTLE ROCK,AR,72118
5535,307 VERONA AVENUE,SHERWOOD,AR,72120
5536,402 DEE JAY HUDSON DRIVE,SHERWOOD,AR,72120
5537,484 BEAR PAW ROAD,SHERWOOD,AR,72120
5538,10020 BAMBO LANE,SHERWOOD,AR,72120
5539,708 E. DIXON ROAD,LITTLE ROCK,AR,72206
5540,1000 CARNAHAN DRIVE,MAUMELLE,AR,72113
5541,2200 THORNHILL,SHERWOOD,AR,72120
5542,400 PINE FOREST DRIVE,MAUMELLE,AR,72113
5543,21201 CANTRELL RD,LITTLE ROCK,AR,72223
5544,14300 DINEEN,LITTLE ROCK,AR,72206
5545,21201 DENNY ROAD,LITTLE ROCK,AR,72223
5546,100 VICTORY LANE,MAUMELLE,AR,72118
5547,21001 CANTRELL ROAD,LITTLE ROCK,AR,72223
5548,10001 JOHNSON DRIVE,SHERWOOD,AR,72120
5549,6275 HEBER SPRINGS WEST,QUITMAN,AR,72131
5550,6275 HEBER SPRINGS ROAD WEST,QUITMAN,AR,72131
5551,6275 HEBER SPRINGS RD W,QUITMAN,AR,72131
5552,211 S 7TH ST,ROGERS,AR,72756
5553,1609 N 24TH ST,ROGERS,AR,72756
5554,101 W PRICE LN,ROGERS,AR,72758
5555,901 N 13TH ST,ROGERS,AR,72756
5556,5400 S BELLVIEW RD,ROGERS,AR,72758
5557,2926 S 1ST ST,ROGERS,AR,72758
5558,121 SCHOOL AVE,LOWELL,AR,72745
5559,505 E NEW HOPE RD,ROGERS,AR,72758
5560,1610 S 13TH ST,ROGERS,AR,72758
5561,18432 MARSHALL,GARFIELD,AR,72732
5562,202 MCCLURE AVE,LOWELL,AR,72745
5563,807 N 6TH ST,ROGERS,AR,72756
5564,511 N DIXIELAND RD,ROGERS,AR,72756
5565,2300 S DIXIELAND RD,ROGERS,AR,72758
5566,2200 W OAK ST,ROGERS,AR,72758
5567,3001 S OLD WIRE RD,ROGERS,AR,72758
5568,901 N DIXIELAND RD,ROGERS,AR,72756
5569,1801 S 13TH ST,ROGERS,AR,72758
5570,3904 W OLIVE ST,ROGERS,AR,72756
5571,1114 S 5TH ST,ROGERS,AR,72756
5572,2922 S 1ST ST,ROGERS,AR,72758
5573,6505 MOUNT HEBRON RD,ROGERS,AR,72758
5574,3131 GARRETT RD,ROGERS,AR,72758
5575,124 SCHOOL ROAD,ROSE BUD,AR,72137
5576,124 SCHOOL ROAD,ROSE BUD,AR,72137
5577,1201 WEST 4TH PLACE,RUSSELLVILLE,AR,72801
5578,1116 PARKER ROAD,RUSSELLVILLE,AR,72801
5579,1300 WEST SECOND PLACE,RUSSELLVILLE,AR,72801
5580,2000 WEST PARKWAY,RUSSELLVILLE,AR,72801
5581,154 SCHOOL STREET,LONDON,AR,72847
5582,1501 SOUTH DETROIT,RUSSELLVILLE,AR,72801
5583,2203 S KNOXVILLE,RUSSELLVILLE,AR,72801
5584,1203 WEST 4TH PLACE,RUSSELLVILLE,AR,72801
5585,1601 WEST 12TH STREET,RUSSELLVILLE,AR,72801
5586,5401 SR 124,RUSSELLVILLE,AR,72801
5587,313 HWY 62 E,SALEM,AR,72576
5588,313 HWY 62 E,SALEM,AR,72576
5589,103 N. EIGHTH ST.,SCRANTON,AR,72863
5590,103 N. TENTH ST.,SCRANTON,AR,72863
5591,609 W MCRAE,SEARCY,AR,72143
5592,301 N ELLA,SEARCY,AR,72143
5593,308 W VINE,SEARCY,AR,72143
5594,163 CLOVERDALE,SEARCY,AR,72143
5595,512 COUNTRY CLUB RD,SEARCY,AR,72143
5596,1000 W BEEBE CAPPS,SEARCY,AR,72143
5597,1302 HWY 9 EAST,SHIRLEY,AR,72153
5598,201 BLUE DEVIL DRIVE,SHIRLEY,AR,72153
5599,501 W. ELGIN,SILOAM SPRINGS,AR,72761
5600,700 N PROGRESS,SILOAM SPRINGS,AR,72761
5601,600 S. DOGWOOD ST.,SILOAM SPRINGS,AR,72761
5602,200 W. TULSA,SILOAM SPRINGS,AR,72761
5603,1900 N. MT. OLIVE,SILOAM SPRINGS,AR,72761
5604,1500 NORTH MOUNT OLIVE,SILOAM SPRINGS,AR,72761
5605,2 GREYHOUND CIR.,IMBODEN,AR,72434
5606,3 GREYHOUND CIR.,IMBODEN,AR,72434
5607,701 MAGNOLIA ST.,NORPHLET,AR,71759
5608,1 BUCKAROO LANE,NORPHLET,AR,71759
5609,600 SCHOOL ST,NORPHLET,AR,71759
5610,1400 POOR FARM ROAD,MORRILTON,AR,72110
5611,1203 N ST JOSEPH ST,MORRILTON,AR,72110
5612,701 E HARDING ST,MORRILTON,AR,72110
5613,1907 POOR FARM RD,MORRILTON,AR,72110
5614,410 S BRIDGE ST,MORRILTON,AR,72110
5615,55 QUAIL LANE,SOUTHSIDE,AR,72501
5616,2460 BATESVILLE BLVD,SOUTHSIDE,AR,72501
5617,1920 BATESVILLE BLVD,SOUTHSIDE,AR,72501
5618,70 SCOTT DRIVE,SOUTHSIDE,AR,72501
5619,334 SOUTHSIDE ROAD,BEE BRANCH,AR,72013
5620,334 SOUTHSIDE ROAD,BEE BRANCH,AR,72013
5621,633 HWY 355 WEST,HOPE,AR,71801
5622,633 HWY 355 WEST,HOPE,AR,71801
5623,2878 SOUTH POWELL STREET,SPRINGDALE,AR,72765
5624,1879 EAST ROBINSON AVENUE,SPRINGDALE,AR,72765
5625,3304 SOUTH 40TH STREET,SPRINGDALE,AR,72765
5626,2700 BUTTERFIELD COACH ROAD,SPRINGDALE,AR,72765
5627,301 PIPPIN APPLE CIRCLE,SPRINGDALE,AR,72765
5628,2811 WEST HUNTSVILLE AVENUE,SPRINGDALE,AR,72765
5629,420 NORTH WEST END AVE,SPRINGDALE,AR,72765
5630,900 SOUTH POWELL STREET,SPRINGDALE,AR,72765
5631,2700 BUTTERFIELD COACH ROAD,SPRINGDALE,AR,72765
5632,101 SOUTH PLEASANT STREET,SPRINGDALE,AR,72765
5633,1967 CHAPMAN AVENUE,SPRINGDALE,AR,72765
5634,1850 MCRAY AVENUE,SPRINGDALE,AR,72765
5635,2199 SCOTTSDALE STREET,SPRINGDALE,AR,72765
5636,3200 SOUTH POWELL,SPRINGDALE,AR,72765
5637,7771 HAR BER AVENUE,SPRINGDALE,AR,72765
5638,300 JONES ROAD,SPRINGDALE,AR,72765
5639,3511 SILENT GROVE ROAD,SPRINGDALE,AR,72765
5640,3390 HABBERTON ROAD,SPRINGDALE,AR,72765
5641,2326 CARDINAL DRIVE,SPRINGDALE,AR,72765
5642,3600 FALCON ROAD,SPRINGDALE,AR,72765
5643,1701 SOUTH 40TH STREET,SPRINGDALE,AR,72765
5644,3955 EAST MONITOR ROAD,SPRINGDALE,AR,72765
5645,4337 GRIMSLEY ROAD,SPRINGDALE,AR,72765
5646,20200 SONORA ROAD,SPRINGDALE,AR,72765
5647,3050 HYLTON ROAD,SPRINGDALE,AR,72765
5648,17051 EAST HIGHWAY 412,SPRINGDALE,AR,72765
5649,2634 ORIOLE STREET,SPRINGDALE,AR,72765
5650,2667 HYLTON ROAD,SPRINGDALE,AR,72765
5651,354 E FLETCHER AVENUE,SPRINGDALE,AR,72765
5652,635 S. CONCORD,STRONG,AR,71765
5653,1202 S. PARK AVE.,STUTTGART,AR,72160
5654,401 W. 22 ST.,STUTTGART,AR,72160
5655,603 WEST 19TH STREET,STUTTGART,AR,72160
5656,2407 S BUERKLE ST,STUTTGART,AR,72160
5657,5203 WEST KINGSHIGHWAY,PARAGOULD,AR,72450
5658,1300 SOUTH ROCKINGCHAIR ROAD,PARAGOULD,AR,72450
5659,4601 LINWOOD DRIVE,PARAGOULD,AR,72450
5660,5207 WEST KINGSHIGHWAY,PARAGOULD,AR,72450
5661,5201 WEST KINGSHIGHWAY,PARAGOULD,AR,72450
5662,5205 WEST KINGSHIGHWAY,PARAGOULD,AR,72450
5663,1500 JEFFERSON,TEXARKANA,AR,71854
5664,820 E 17TH STREET,TEXARKANA,AR,71854
5665,1002 E 35TH ST,TEXARKANA,AR,71854
5666,4505 PINSON,TEXARKANA,AR,71854
5667,1600 FORREST ST,TEXARKANA,AR,71854
5668,200 ARTESIAN,TEXARKANA,AR,71854
5669,2118 E 35TH,TEXARKANA,AR,71854
5670,5443 JEFFERSON AVE,TEXARKANA,AR,71854
5671,300 ASHLEY,TUCKERMAN,AR,72473
5672,300 N DOWELL ST,TUCKERMAN,AR,72473
5673,300 N DOWELL ST,TUCKERMAN,AR,72473
5674,7349 SCHOOL STR,VALLEY SPRINGS,AR,72682
5675,7349 SCHOOL STR,VALLEY SPRINGS,AR,72682
5676,7349 SCHOOL STR,VALLEY SPRINGS,AR,72682
5677,5603 KERSEY LANE,JONESBORO,AR,72404
5678,2116 YARBROUGH DRIVE,JONESBORO,AR,72404
5679,2118 VALLEY VIEW DRIVE,JONESBORO,AR,72404
5680,5404 YARBROUGH DRIVE,JONESBORO,AR,72404
5681,720 RENA ROAD,VAN BUREN,AR,72956
5682,120 NORTHRIDGE DRIVE,VAN BUREN,AR,72956
5683,913 N 24 ST,VAN BUREN,AR,72956
5684,411 NORTH 20TH ST,VAN BUREN,AR,72956
5685,310 NORTH 11 ST,VAN BUREN,AR,72956
5686,2001 POINTER TRAIL,VAN BUREN,AR,72956
5687,406 CATCHER ROAD,VAN BUREN,AR,72956
5688,619 PARKVIEW,VAN BUREN,AR,72956
5689,821 POINTER TRAIL EAST,VAN BUREN,AR,72956
5690,60 NORTHRIDGE DRIVE,VAN BUREN,AR,72956
5691,505 NORTHRIDGE DRIVE EAST,VAN BUREN,AR,72956
5692,49 EAGLE STREET,VILONIA,AR,72173
5693,15 EAGLE STREET,VILONIA,AR,72173
5694,1164 MAIN STREET,VILONIA,AR,72173
5695,4 BANE LANE,VILONIA,AR,72173
5696,98 SOUTH MT. OLIVE ROAD,VILONIA,AR,72173
5697,98 SOUTH MT. OLIVE ROAD,VILONIA,AR,72173
5698,314 LONGHORN DRIVE,VIOLA,AR,72583
5699,314 LONGHORN DRIVE,VIOLA,AR,72583
5700,1895 RICE ST.,WALDRON,AR,72958
5701,2075 RICE ST.,WALDRON,AR,72958
5702,736 W. HWY. 80,WALDRON,AR,72958
5703,408 ELM ST,WALDRON,AR,72958
5704,4600 WEST 13TH,PINE BLUFF,AR,71603
5705,4100 WEST 32ND,PINE BLUFF,AR,71603
5706,4000 CAMDEN ROAD,PINE BLUFF,AR,71603
5707,3900 CAMDEN ROAD,PINE BLUFF,AR,71603
5708,245 SCHOOL AVE,WEST FORK,AR,72774
5709,359 SCHOOL AVE,WEST FORK,AR,72774
5710,333 SCHOOL AVE,WEST FORK,AR,72774
5711,193 SCHOOL ST.,HARTMAN,AR,72840
5712,400 N. HWY. 164,HARTMAN,AR,72840
5713,7295 GREERS FERRY ROAD,GREERS FERRY,AR,72067
5714,7295 GREERS FERRY ROAD,GREERS FERRY,AR,72067
5715,700 SCHOOLWOOD DRIVE,REDFIELD,AR,72132
5716,700 MOODY SCHOOL DRIVE,WHITE HALL,AR,71602
5717,805 WEST STREET,WHITE HALL,AR,71602
5718,700 BULLDOG DRIVE,WHITE HALL,AR,71602
5719,8106 DOLLARWAY ROAD,WHITE HALL,AR,71602
5720,400 GANDY AVENUE,WHITE HALL,AR,71602
5721,2436 HIGHWAY 95,HATTIEVILLE,AR,72063
5722,2436 HIGHWAY 95,HATTIEVILLE,AR,72063
5723,6760 HWY. 63,RISON,AR,71665
5724,6760 HWY 63,RISON,AR,71665
5725,1300 N. FALLS BLVD.,WYNNE,AR,72396
5726,1300 N. FALLS BLVD.,WYNNE,AR,72396
5727,1300 N. FALLS BLVD.,WYNNE,AR,72396
5728,1300 N. FALLS BLVD.,WYNNE,AR,72396
5729,1124 N PANTHER AVE,YELLVILLE,AR,72687
5730,1124 N PANTHER AVE,YELLVILLE,AR,72687
5731,1124 N PANTHER AVE,YELLVILLE,AR,72687
5732,10710 I-30,LITTLE ROCK,AR,72209
5733,1 COLLEGE DR,BENTONVILLE,AR,72712
5734,741 SCOGIN DR,MONTICELLO,AR,71655
5735,330 OAK ST,LESLIE,AR,72645
5736,121 W POPLAR ST,ROGERS,AR,72756
5737,17784 MARSHALL ST,GARFIELD,AR,72732
5738,6423 STAGECOACH ROAD,LITTLE ROCK,AR,72204
5739,1101 RIVERFRONT DRIVE,FORT SMITH,AR,72901
5740,33630 Red Rover Mine Rd.,Acton,CA,93510
5741,3015 West Sacramento St.,Acton,CA,93510
5742,3620 Antelope Woods Rd.,Acton,CA,93510
5743,500 Walnut Ave.,Fremont,CA,94536
5744,39350 Gallaudet Dr.,Fremont,CA,94538
5745,150 Oak Manor Dr.,Fairfax,CA,94930
5746,101 Glen Dr.,Fairfax,CA,94930
5747,116 Butterfield Rd.,San Anselmo,CA,94960
5748,150 Ross Ave.,San Anselmo,CA,94960
5749,46 Green Valley Ct.,San Anselmo,CA,94960
5750,3044 Horace St.,Riverside,CA,92506
5751,4500 Highway 166,New Cuyama,CA,93254
5752,4500 Highway 166,New Cuyama,CA,93254
5753,2300 Highway 166,New Cuyama,CA,93254
5754,2300 Highway 166,New Cuyama,CA,93254
5755,200 DS Hall,Herlong,CA,96113
5756,200 DS Hall,Herlong,CA,96113
5757,100 DS Hall St.,Herlong,CA,96113
5758,100 David S Hall St.,Herlong,CA,96113
5759,16661 Old Mill Rd.,Nevada City,CA,95959
5760,16661 Old Mill Rd.,Nevada City,CA,95959
5761,6185 Springview Dr.,Rocklin,CA,95677
5762,5301 Victory Ln.,Rocklin,CA,95765
5763,2751 Breen Dr.,Rocklin,CA,95765
5764,3250 Victory Dr.,Rocklin,CA,95765
5765,2835 Club Dr.,Rocklin,CA,95765
5766,2600 Wyckford Dr.,Rocklin,CA,95765
5767,5040 Fifth St.,Rocklin,CA,95677
5768,3000 Crest Dr.,Rocklin,CA,95765
5769,6811 Camborne Way,Rocklin,CA,95677
5770,5145 Topaz Ave.,Rocklin,CA,95677
5771,5025 Meyers St.,Rocklin,CA,95677
5772,5740 Cobblestone Dr.,Rocklin,CA,95765
5773,2140 Collet Quarry Dr.,Rocklin,CA,95765
5774,6530 Turnstone Way,Rocklin,CA,95765
5775,701 Wildcat Blvd.,Rocklin,CA,95765
5776,2500 Bridlewood Dr.,Rocklin,CA,95765
5777,3250 Victory Dr.,Rocklin,CA,95765
5778,810 Lazy Trail Dr.,Rocklin,CA,95765
5779,14110 Beech St.,Hesperia,CA,92345
5780,17311 Sultana Ave.,Hesperia,CA,92345
5781,15776 Main St.,Hesperia,CA,92345
5782,13884 Mesquite St.,Hesperia,CA,92344
5783,16527 1/2 Lemon St.,Hesperia,CA,92345
5784,9898 Maple Ave.,Hesperia,CA,92345
5785,16633 Lemon St.,Hesperia,CA,92345
5786,10140 8th Ave.,Hesperia,CA,92345
5787,9400 I Ave.,Hesperia,CA,92345
5788,11224 10th Ave.,Hesperia,CA,92345
5789,10275 Cypress Ave.,Hesperia,CA,92345
5790,9172 3rd Ave.,Hesperia,CA,92345
5791,7473 Kingston Ave.,Hesperia,CA,92345
5792,10616 Maple St.,Hesperia,CA,92345
5793,8850 Cottonwood Ave.,Hesperia,CA,92345
5794,16852 Lime St.,Hesperia,CA,92345
5795,11645 Hollyvale Ave.,Victorville,CA,92392
5796,9321 Glendale Ave.,Hesperia,CA,92345
5797,17607 Ranchero Rd.,Hesperia,CA,92345
5798,10365 Cypress Ave.,Hesperia,CA,92345
5799,12850 Muscatel Ave.,Hesperia,CA,92344
5800,13565 Cedar St.,Hesperia,CA,92344
5801,13065 Muscatel St.,Hesperia,CA,92344
5802,17160 Krystal Dr.,Hesperia,CA,92345
5803,7625 Cataba Rd.,Oak Hills,CA,92344
5804,8560 Aliento Rd.,Lucerne Valley,CA,92356
5805,10788 Barstow Rd.,Lucerne Valley,CA,92356
5806,33233 Rabbit Springs Rd.,Lucerne Valley,CA,92356
5807,33233 Rabbit Springs Rd.,Lucerne Valley,CA,92356
5808,1558 West Ninth St.,Upland,CA,91786
5809,565 West 11th St.,Upland,CA,91786
5810,979 West 11th St.,Upland,CA,91786
5811,1562 West 11th St.,Upland,CA,91786
5812,925 West Seventh St.,Upland,CA,91786
5813,1245 Veterans Ct.,Upland,CA,91786
5814,465 West 15th St.,Upland,CA,91786
5815,245 West 18th St.,Upland,CA,91784
5816,253 East 14th St.,Upland,CA,91786
5817,1075 West 13th St.,Upland,CA,91786
5818,601 North Fifth Ave.,Upland,CA,91786
5819,444 East 11th St.,Upland,CA,91785
5820,541 West 22nd St.,Upland,CA,91784
5821,1045 West 18th St.,Upland,CA,91784
5822,13590 Havasu Rd.,Apple Valley,CA,92308
5823,23450 South Rd.,Apple Valley,CA,92307
5824,22900 Esaws Rd.,Apple Valley,CA,92307
5825,21950 Nisqually Rd.,Apple Valley,CA,92308
5826,11837 Navajo Rd.,Apple Valley,CA,92308
5827,10601 Manhasset Rd.,Apple Valley,CA,92308
5828,14334 Pioneer Rd.,Apple Valley,CA,92307
5829,21351 Yucca Loma Rd.,Apple Valley,CA,92307
5830,18213 Symeron Dr.,Apple Valley,CA,92307
5831,21331 Sandia Rd.,Apple Valley,CA,92308
5832,12951 Mesquite Rd.,Apple Valley,CA,92308
5833,19445 Sitting Bull Rd.,Apple Valley,CA,92308
5834,20700 Thunderbird Rd.,Apple Valley,CA,92307
5835,12555 Navajo Rd.,Apple Valley,CA,92308
5836,12555 Navajo Rd.,Apple Valley,CA,92308
5837,6930 State Hwy. 3,Hayfork,CA,96041
5838,231 Oak St.,Hayfork,CA,96041
5839,6930 State Highway 3,Hayfork,CA,96041
5840,7997 Vomac Rd.,Dublin,CA,94568
5841,5301 Hibernia Dr.,Dublin,CA,94568
5842,8151 Village Pkwy.,Dublin,CA,94568
5843,8151 Village Pkwy.,Dublin,CA,94568
5844,7243 Tamarack Dr.,Dublin,CA,94568
5845,8435 Davona Dr.,Dublin,CA,94568
5846,6800 Penn Dr.,Dublin,CA,94568
5847,3300 Antone Way,Dublin,CA,94568
5848,3150 Palermo Way,Dublin,CA,94568
5849,3601 Kohnen Way,Dublin,CA,94568
5850,2100 East Cantara Dr.,Dublin,CA,94568
5851,7997 Vomac Rd.,Dublin,CA,94568
5852,6901 York Dr.,Dublin,CA,94568
5853,2400 Central Pkwy.,Dublin,CA,94568
5854,6901 York Dr.,Dublin,CA,94568
5855,3600 Central Pkwy.,Dublin,CA,94568
5856,3300 Dennis Dr.,Pleasanton,CA,94588
5857,4433 Willow Rd.,Pleasanton,CA,94588
5858,5301 Case Ave.,Pleasanton,CA,94566
5859,4375 Foothill Rd.,Pleasanton,CA,94588
5860,4645 Bernal Ave.,Pleasanton,CA,94566
5861,1155 Santa Rita Rd.,Pleasanton,CA,94566
5862,4150 Dorman Rd.,Pleasanton,CA,94588
5863,7700 Highland Oaks Dr.,Pleasanton,CA,94588
5864,1454 Santa Rita Rd.,Pleasanton,CA,94566
5865,4151 West Las Positas Blvd.,Pleasanton,CA,94588
5866,480 Adams Way,Pleasanton,CA,94566
5867,1999 Harvest Rd.,Pleasanton,CA,94566
5868,4900 Valley Ave.,Pleasanton,CA,94566
5869,1125 Concord St.,Pleasanton,CA,94566
5870,5001 Case Ave.,Pleasanton,CA,94566
5871,4900 Valley Ave.,Pleasanton,CA,94566
5872,4750 First St.,Pleasanton,CA,94566
5873,11601 Main St.,Sunol,CA,94586
5874,211 Smoot Ave.,Mendota,CA,93640
5875,1200 Belmont Ave.,Mendota,CA,93640
5876,241 Smoot Ave.,Mendota,CA,93640
5877,250 South Derrick St.,Mendota,CA,93640
5878,1258 East Belmont Ave.,Mendota,CA,93640
5879,1599 Fifth St.,Mendota,CA,93640
5880,605 Bass Ave.,Mendota,CA,93640
5881,110 South Rowell,Manhattan Beach,CA,90266
5882,455 24th St.,Manhattan Beach,CA,90266
5883,1200 Meadows Ave.,Manhattan Beach,CA,90266
5884,1200 Pacific Ave.,Manhattan Beach,CA,90266
5885,80 Morningside Dr.,Manhattan Beach,CA,90266
5886,1401 Artesia Blvd.,Manhattan Beach,CA,90266
5887,1501 North Redondo Ave.,Manhattan Beach,CA,90266
5888,1431 15th St.,Manhattan Beach,CA,90266
5889,700 Falcon Way,Lebec,CA,93243
5890,4337 Lebec Rd.,Lebec,CA,93243
5891,3149 San Carlos Trail,Frazier Park,CA,93243
5892,23 Ponte Russo,Lake Elsinore,CA,92532
5893,35450 Frederick St.,Wildomar,CA,92595
5894,21861 Grand Ave.,Wildomar,CA,92595
5895,20150 Mayhall Dr.,Wildomar,CA,92595
5896,520 Chaney St. Bldg. 100,Lake Elsinore,CA,92530
5897,21800 Canyon Dr.,Wildomar,CA,92595
5898,212 North Langstaff St.,Lake Elsinore,CA,92530
5899,15150 Joy St.,Lake Elsinore,CA,92530
5900,21575 Palomar Rd.,Wildomar,CA,92595
5901,1203 West Graham Ave.,Lake Elsinore,CA,92530
5902,29291 Lake St.,Lake Elsinore,CA,92530
5903,1300 Mill St.,Lake Elsinore,CA,92530
5904,30100 Audelo St.,Lake Elsinore,CA,92530
5905,28755 El Toro Rd.,Lake Elsinore,CA,92532
5906,13500 Mountain Rd.,Corona,CA,92883
5907,29535 Westwind Dr.,Lake Elsinore,CA,92530
5908,32100 Lost Rd.,Lake Elsinore,CA,92532
5909,33005 Canyon Hills Rd.,Lake Elsinore,CA,92532
5910,32593 Riverside Dr.,Lake Elsinore,CA,92530
5911,35445 Porras Rd.,Wildomar,CA,92595
5912,41221 Rosetta Canyon Rd.,Lake Elsinore,CA,92532
5913,1405 Education Way,Lake Elsinore,CA,92530
5914,18730 Grand Ave.,Lake Elsinore,CA,92530
5915,565 Chaney St.,Lake Elsinore,CA,92580
5916,4170 Brianna Cir.,Lake Elsinore,CA,92530
5917,33340 Camino Piedra Rojo,Temecula,CA,92592
5918,42940 Via Rami,Temecula,CA,92592
5919,33125 Regina Dr.,Temecula,CA,92592
5920,27215 Nicolas Rd.,Temecula,CA,92591
5921,42240 Camino Romo,Temecula,CA,92592
5922,32400 Camino San Dimas,Temecula,CA,92592
5923,43799 Sunny Meadows Dr.,Temecula,CA,92592
5924,40775 Camino Campos Verdes,Temecula,CA,92591
5925,31555 Rancho Vista Rd.,Temecula,CA,92592
5926,32225 Pio Pico Rd.,Temecula,CA,92592
5927,42075 Meadows Pkwy.,Temecula,CA,92592
5928,29835 Mira Loma Dr.,Temecula,CA,92592
5929,31530 La Serena Way,Temecula,CA,92591
5930,30600 Margarita Rd.,Temecula,CA,92591
5931,41951 Moraga Rd.,Temecula,CA,92591
5932,39600 North General Kearney Rd.,Temecula,CA,92591
5933,32045 Camino San Jose,Temecula,CA,92592
5934,39925 Harveston Dr.,Temecula,CA,92591
5935,32225 Pio Pico Rd.,Temecula,CA,92592
5936,32555 Deer Hollow Way,Temecula,CA,92592
5937,38200 Pacific Park Dr.,Murrieta,CA,92563
5938,31650 Browning St.,Murrieta,CA,92563
5939,33535 Old Kent Rd.,Temecula,CA,92592
5940,31777 Algarve Ave.,Winchester,CA,92596
5941,45200 Morgan Hill Dr.,Temecula,CA,92592
5942,36680 Cady Rd.,Winchester,CA,92596
5943,45125 Via Del Coronado,Temecula,CA,92592
5944,45754 Wolf Creek Dr. North,Temecula,CA,92592
5945,42240 Camino Romo,Temecula Ca,CA,92592
5946,35780 Abelia St.,Winchester Ca,CA,92592
5947,24040 Hayes Ave.,Murrieta,CA,92562
5948,23801 St. Raphael Dr.,Murrieta,CA,92562
5949,23750 Via Alisol,Murrieta,CA,92562
5950,24725 Adams Ave.,Murrieta,CA,92562
5951,24300 Rancho Las Brisas Dr.,Murrieta,CA,92562
5952,39475 Whitewood Rd.,Murrieta,CA,92563
5953,40855 Chaco Canyon Rd.,Murrieta,CA,92562
5954,25030 Via Santee Rd.,Murrieta,CA,92563
5955,42200 Nighthawk Way,Murrieta,CA,92562
5956,24515 Lincoln Ave.,Murrieta,CA,92562
5957,40121 Torrey Pines Rd.,Murrieta,CA,92563
5958,39245 Calle de Fortuna,Murrieta,CA,92563
5959,36105 Murrieta Oaks Ave.,Murrieta,CA,92562
5960,37420 Via Mira Mosa,Murrieta,CA,92563
5961,24150 Hayes Ave.,Murrieta,CA,92563
5962,28251 Clinton Keith Rd.,Murrieta,CA,92563
5963,35185 Briggs Rd.,Murrieta,CA,92563
5964,35125 Briggs Rd.,Murrieta,CA,92563
5965,24801 Monroe Ave.,Murrieta,CA,92562
5966,41870 McAlby Ct.,Murrieta,CA,92562
5967,24150 Hayes Ave.,Murrieta,CA,92562
5968,69325 Highway 1,Big Sur,CA,93920
5969,1000 Del Amo St.,Redondo Beach,CA,90277
5970,2600 Ripley Ave.,Redondo Beach,CA,90278
5971,815 Knob Hill Ave.,Redondo Beach,CA,90277
5972,920 Beryl St.,Redondo Beach,CA,90277
5973,1600 Green Ln.,Redondo Beach,CA,90278
5974,200 North Lucia,Redondo Beach,CA,90277
5975,600 Harkness Ln.,Redondo Beach,CA,90278
5976,2223 Plant Ave.,Redondo Beach,CA,90278
5977,2200 MacKay Ln.,Redondo Beach,CA,90278
5978,1520 Prospect Ave.,Redondo Beach,CA,90277
5979,1100 Lilienthal Ln.,Redondo Beach,CA,90278
5980,One Sea Hawk Way,Redondo Beach,CA,90277
5981,1000 Del Amo St.,Redondo Beach,CA,90277
5982,1401 Inglewood Ave.,Redondo Beach,CA,90278
5983,16695 North Bryant Rd.,Dos Palos,CA,93620
5984,2149 Almond St.,Dos Palos,CA,93620
5985,1701 East Blossom St.,Dos Palos,CA,93620
5986,1717 Valeria St.,Dos Palos,CA,93620
5987,22368 South Sixth St.,South Dos Palos,CA,93665
5988,22368 South Sixth St.,South Dos Palos,CA,93665
5989,2041 Almond St.,Dos Palos,CA,93620
5990,75 Pleasant Ave.,Santa Rosa,CA,95403
5991,8695 Windsor Rd.,Windsor,CA,95492
5992,9500 Brooks Rd. South,Windsor,CA,95492
5993,9491 Starr Rd.,Windsor,CA,95492
5994,8681 Windsor Rd.,Windsor,CA,95492
5995,750 Natalie Dr.,Windsor,CA,95492
5996,8681 Windsor Rd.,Windsor,CA,95492
5997,8681 Windsor Rd.,Windsor,CA,95492
5998,650 North Virginia St.,Farmersville,CA,93223
5999,477 East Ash St.,Farmersville,CA,93223
6000,301 South Farmersville Blvd.,Farmersville,CA,93223
6001,631 East Walnut Ave.,Farmersville,CA,93223
6002,281 South Farmersville Blvd.,Farmersville,CA,93223
6003,575 East Citrus,Farmersville,CA,93223
6004,2800 Stonecreek Dr.,Sacramento,CA,95833
6005,2001 Pebblewood,Sacramento,CA,95833
6006,2775 Millcreek Dr.,Sacramento,CA,95833
6007,3301 Fong Ranch Rd.,Sacramento,CA,95834
6008,3401 Fong Ranch Rd.,Sacramento,CA,95834
6009,3200 North Park Dr.,Sacramento,CA,95835
6010,4700 Crest Dr.,Sacramento,CA,95835
6011,3201 West River Dr.,Sacramento,CA,95833
6012,2500 New Market Dr.,Sacramento,CA,95835
6013,3790 Poppy Hill Way,Sacramento,CA,95834
6014,2680 Mabry Dr.,Sacramento,CA,95835
6015,5151 Banfield Dr.,Sacramento,CA,95835
6016,3700 Del Paso Rd.,Sacramento,CA,95834
6017,3200 North Park Dr.,Sacramento,CA,95835
6018,3700 Del Paso Rd.,Sacramento,CA,95834
6019,2950 West River Dr.,Sacramento,CA,95833
6020,3700 Del Paso Rd.,Sacramento,CA,95834
6021,5240 PV Scholars Ln.,Sacramento,CA,95835
6022,2775 Millcreek Dr.,Sacramento,CA,95833
6023,1800 Club Center Dr.,Sacramento,CA,95835
6024,164 Shaw Ave.,Ferndale,CA,95536
6025,1231 Main St.,Ferndale,CA,95536
6026,29289 Chambers Rd.,Petrolia,CA,95558
6027,29289 Chambers Rd.,Petrolia,CA,95558
6028,20 Wilder Ridge Rd.,Honeydew,CA,95545
6029,10115 Fifth St.,Delhi,CA,95315
6030,16114 Schendel Ave.,Delhi,CA,95315
6031,16881 West Schendel Ave.,Delhi,CA,95315
6032,16881 West Schendel Ave.,Delhi,CA,95315
6033,16464 West August Ave.,Delhi,CA,95315
6034,3700 Stathem St.,Riverdale,CA,93656
6035,21320 South Feland,Riverdale,CA,93656
6036,3086 West Mt. Whitney Ave.,Riverdale,CA,93656
6037,3086 West Mt. Whitney Ave.,Riverdale,CA,93656
6038,3086 West Mt. Whitney,Riverdale,CA,93656
6039,30951 Highway 79,Warner Springs,CA,92086
6040,30951 Highway 79,Warner Springs,CA,92086
6041,30951 Highway 79,Warner Springs,CA,92086
6042,151 Brook Knoll Dr.,Santa Cruz,CA,95060
6043,8 Bean Creek Rd.,Scotts Valley,CA,95066
6044,151 Vine Hill School Rd.,Scotts Valley,CA,95066
6045,555 Glenwood Dr.,Scotts Valley,CA,95066
6046,400 First St.,Healdsburg,CA,95448
6047,1024 Prince St.,Healdsburg,CA,95448
6048,315 Grant St.,Healdsburg,CA,95448
6049,1024 Prince St.,Healdsburg,CA,95448
6050,220 Roosevelt Ave.,Orland,CA,95963
6051,101 Shasta St.,Orland,CA,95963
6052,1308 Fairview St.,Orland,CA,95963
6053,102 Second St.,Orland,CA,95963
6054,1212 Marin St.,Orland,CA,95963
6055,260 Roosevelt Ave.,Orland,CA,95963
6056,501 Fifth St.,Gonzales,CA,93926
6057,401 Fourth St.,Gonzales,CA,93926
6058,220 Elko St.,Gonzales,CA,93926
6059,1775 West Lowell Ave.,Tracy,CA,95376
6060,315 East 11th St.,Tracy,CA,95376
6061,200 West Eaton Ave.,Tracy,CA,95376
6062,751 West Lowell Ave.,Tracy,CA,95376
6063,800 West Carlton Way,Tracy,CA,95376
6064,2875 Holly Dr.,Tracy,CA,95376
6065,500 West Mount Diablo Rd.,Tracy,CA,95376
6066,1550 Cypress Dr.,Tracy,CA,95376
6067,1750 West Kavanagh Ave.,Tracy,CA,95376
6068,1701 South Central Ave.,Tracy,CA,95376
6069,1600 Tennis Ln.,Tracy,CA,95376
6070,350 East Mt. Diablo,Tracy,CA,95376
6071,1280 Dove Dr.,Tracy,CA,95376
6072,650 W. 10th St.,Tracy,CA,95376
6073,2421 West Lowell Ave.,Tracy,CA,95376
6074,535 Mabel Josephine Dr.,Tracy,CA,95377
6075,650 West 10th St.,Tracy,CA,95376
6076,3200 Jaguar Run,Tracy,CA,95377
6077,1904 North Corral Hollow Rd.,Tracy,CA,95376
6078,801 Niblick Rd.,Paso Robles,CA,93446
6079,810 Niblick Rd.,Paso Robles,CA,93446
6080,900 Creston Rd.,Paso Robles,CA,93446
6081,401 17th St.,Paso Robles,CA,93446
6082,1350 Creston Rd.,Paso Robles,CA,93446
6083,2405 Spring St.,Paso Robles,CA,93446
6084,2501 Beechwood Dr.,Paso Robles,CA,93446
6085,700 Nicklaus St.,Paso Robles,CA,93446
6086,900 Creston Rd.,Paso Robles,CA,93446
6087,2405 Spring St.,Paso Robles,CA,93446
6088,700 Schoolhouse Cir.,Paso Robles,CA,93446
6089,812 Niblick Rd.,Paso Robles,CA,93446
6090,1626 Vine St.,Paso Robles,CA,93446
6091,2820 Santa Rosa Creek Rd.,Cambria,CA,93428
6092,2950 Santa Rosa Creek Rd.,Cambria,CA,93428
6093,3223 Main St.,Cambria,CA,93428
6094,2850 Schoolhouse Ln.,Cambria,CA,93428
6095,1045 Sycamore St.,Gridley,CA,95948
6096,1125 Sycamore St.,Gridley,CA,95948
6097,409 Magnolia St.,Gridley,CA,95948
6098,581 B Jackson St.,Gridley,CA,95948
6099,300 East Spruce St.,Gridley,CA,95948
6100,717 South Ave.,Eureka,CA,95503
6101,2155 S St.,Eureka,CA,95501
6102,1915 J St.,Eureka,CA,95501
6103,3901 G St.,Eureka,CA,95503
6104,3100 Park St.,Eureka,CA,95501
6105,3322 Dolbeer St.,Eureka,CA,95503
6106,216 West Harris St.,Eureka,CA,95501
6107,2500 Cypress Ave.,Eureka,CA,95503
6108,7448 Fox Rd.,Hughson,CA,95326
6109,7201 East Whitmore Ave.,Hughson,CA,95326
6110,7419 East Whitmore Ave.,Hughson,CA,95326
6111,6937 Fox Rd.,Hughson,CA,95326
6112,7600 Fox Rd.,Hughson,CA,95326
6113,6937 Fox Rd.,Hughson,CA,95326
6114,6200 Claus Rd.,Riverbank,CA,95367
6115,3800 California Ave.,Riverbank,CA,95367
6116,3525 Santa Fe St.,Riverbank,CA,95367
6117,6801 Seventh St.,Riverbank,CA,95367
6118,2400 Stanislaus St.,Riverbank,CA,95367
6119,4850 Mesa Dr.,Oakdale,CA,95361
6120,739 West G St.,Oakdale,CA,95361
6121,201 East Johnson St.,Oakdale,CA,95361
6122,151 North Lee Ave.,Oakdale,CA,95361
6123,739 Magnolia St.,Oakdale,CA,95361
6124,400 Maag Ave.,Oakdale,CA,95361
6125,1235 East D St.,Oakdale,CA,95361
6126,200 Hinkley Ave.,Oakdale,CA,95361
6127,250 Hinkley Ave.,Oakdale,CA,95361
6128,1323 East J St.,Oakdale,CA,95361
6129,12916 Bentley St.,Waterford,CA,95386
6130,121 South Reinway,Waterford,CA,95386
6131,121 South Reinway Ave.,Waterford,CA,95386
6132,319 North Reinway Ave.,Waterford,CA,95386
6133,119 North Reinway Ave.,Waterford,CA,95386
6134,335 North G St.,Porterville,CA,93257
6135,197 West Belleview Ave.,Porterville,CA,93257
6136,1045 East Orange Ave.,Porterville,CA,93257
6137,255 West Olive Ave.,Porterville,CA,93257
6138,225 East College Ave.,Porterville,CA,93257
6139,388 North Roche St.,Porterville,CA,93257
6140,271 East College Ave.,Porterville,CA,93257
6141,1345 West Putnam Ave.,Porterville,CA,93257
6142,1151 West Pioneer Ave.,Porterville,CA,93257
6143,261 East Mulberry Ave.,Porterville,CA,93257
6144,960 North Newcomb St.,Porterville,CA,93257
6145,465 West Olive Ave.,Porterville,CA,93257
6146,701 West Westfield Ave.,Porterville,CA,93257
6147,645 North Prospect St.,Porterville,CA,93257
6148,1701 East Putnam Ave.,Porterville,CA,93257
6149,500 East Mulberry Ave.,Porterville,CA,93257
6150,286 East Orange Ave.,Porterville,CA,93257
6151,22568 Avenue 196,Strathmore,CA,93267
6152,1450 West Castle Ave.,Porterville,CA,93257
6153,900 West Pioneer Ave.,Porterville,CA,93257
6154,19429 Road 228,Strathmore,CA,93267
6155,900 West Pioneer Ave.,Porterville,CA,93257
6156,39746 Road 64,Dinuba,CA,93618
6157,1660 East Sierra Way,Dinuba,CA,93618
6158,850 North Eaton Ave.,Dinuba,CA,93618
6159,1150 North Hayes Ave.,Dinuba,CA,93618
6160,305 East Kamm Ave.,Dinuba,CA,93618
6161,490 West Kamm Ave.,Dinuba,CA,93618
6162,8470 Avenue 406,Dinuba,CA,93618
6163,1311 Euclid Ave.,Dinuba,CA,93618
6164,470 Avenue 406,Dinuba,CA,93618
6165,999 North Crawford,Dinuba,CA,93618
6166,182 South J St.,Dinuba,CA,93618
6167,13699 South Quince,Caruthers,CA,93609
6168,2580 West Tahoe Ave.,Caruthers,CA,93609
6169,2580 West Tahoe Ave.,Caruthers,CA,93609
6170,11842 South Chestnut Ave.,Fresno,CA,93725
6171,36477 Ruth Ave.,Madera,CA,93636
6172,12150 Road 36,Madera,CA,93636
6173,12220 Road 36,Madera,CA,93636
6174,12455 Road 35 1/2,Madera,CA,93636
6175,12150 Road 36,Madera,CA,93636
6176,16436 Paula Rd.,Madera,CA,93636
6177,12150 Road 36,Madera,CA,93636
6178,9300 Valley Children's Pl. Ste. GE02,Madera,CA,93636
6179,16362 Paula Rd.,Madera,CA,93636
6180,760 Market Ave.,Madera,CA,93636
6181,31322 Cole Grade Rd.,Valley Center,CA,92082
6182,14172 West Oak Glen Rd.,Valley Center,CA,92082
6183,33158 Cole Grade Rd.,Pauma Valley,CA,92061
6184,28102 North Lake Wohlford Rd.,Valley Center,CA,92082
6185,14249 Fruitvale Rd.,Valley Center,CA,92082
6186,28751 Cole Grade Rd.,Valley Center,CA,92082
6187,28751-U Cole Grade Rd.,Valley Center,CA,92082
6188,30109 Lilac Rd.,Valley Center,CA,92082
6189,15926 K St.,Mojave,CA,93501
6190,501 South Mt. Vernon Ave.,Bakersfield,CA,93307
6191,1144 West Lacey Blvd.,Hanford,CA,93230
6192,472-013 Johnstonville Rd. North,Susanville,CA,96130
6193,2121 Imola Ave.,Napa,CA,94559
6194,139 Henderson St.,Alturas,CA,96101
6195,360 Nevada St.,Auburn,CA,95603
6196,50 Church St.,Quincy,CA,95971
6197,1040 Florence Rd.,Livermore,CA,94551
6198,26316 Hesperian Blvd.,Hayward,CA,94545
6199,5019 Stevenson Blvd.,Fremont,CA,94538
6200,217 Rex Ave.,Jackson,CA,95642
6201,2491 Carmichael Dr. Ste. 100,Chico,CA,95928
6202,77 Santa Barbara Rd.,Pleasant Hill,CA,94523
6203,1301 El Dorado,Crescent City,CA,95531
6204,3939 13th St.,Riverside,CA,92502
6205,10474 Mather Blvd.,Sacramento,CA,95826
6206,6767 Green Valley Rd.,Placerville,CA,95667
6207,310 West Myrtle Ave.,Reedley,CA,93654
6208,1318 East Shaw Ave. Ste. 420,Fresno,CA,93710
6209,451 South Villa Ave.,Willows,CA,95988
6210,901 Myrtle Ave.,Eureka,CA,95501
6211,687 State St.,El Centro,CA,92243
6212,1134 South Barranca Ave.,Glendora,CA,91740
6213,10800 Ben Avon St. Unit E,Whittier,CA,90606
6214,2300 Crenshaw Blvd.,Torrance,CA,90501
6215,3701B East Willow St.,Long Beach,CA,90815
6216,333 South Beaudry Ave.,Los Angeles,CA,90017
6217,9300 Imperial Hwy. Clark Bldg.,Downey,CA,90242
6218,21515 Centre Point Pkwy.,Santa Clarita,CA,91350
6219,1156 East Ave. S,Palmdale,CA,93550
6220,700 North Bullis Rd.,Compton,CA,90221
6221,1425 East Holt Ave. Ste. 101,Pomona,CA,91767
6222,45077 Road 200,O'Neals,CA,93645
6223,45077 Road 200,O'Neals,CA,93645
6224,33087 Road 228,North Fork,CA,93643
6225,46655 Road 200,O'Neals,CA,93645
6226,33030 Road 228,North Fork,CA,93643
6227,45077 Road 200,O'neals,CA,93645
6228,45077 Road 200,O'Neals,CA,93645
6229,45077 Road 220,O'Neals,CA,93645
6230,800 Treasure Hills Dr.,Madera,CA,93636
6231,1111 Las Gallinas Ave.,San Rafael,CA,94913
6232,2240 Old River Rd.,Ukiah,CA,95482
6233,632 West 13th St.,Merced,CA,95341
6234,867 East Laurel Dr.,Salinas,CA,93905
6235,385 North Muller St.,Anaheim,CA,92801
6236,33122 Valle Rd.,San Juan Capistrano,CA,92675
6237,1001 Presidio Sq.,Costa Mesa,CA,92626
6238,2910 Red Hill Ave. Ste. 200,Costa Mesa,CA,92626
6239,4659 Eastside Rd.,Redding,CA,96001
6240,305 South Lincoln St.,Sierraville,CA,96126
6241,431 Knapp St.,Yreka,CA,96097
6242,5340 Skylane Blvd.,Santa Rosa,CA,95403
6243,1214 Indiana Ct.,Redlands,CA,92374
6244,1501 South Bon View Ave.,Ontario,CA,91761
6245,670 East Carnegie Dr.,San Bernardino,CA,92408
6246,4400 Cathedral Oaks Rd.,Santa Barbara,CA,93160
6247,4893 Bethany Ln.,Santa Maria,CA,93455
6248,760 Hillsdale Ave.,San Jose,CA,95136
6249,700 West Sixth St. Ste. L,Gilroy,CA,95020
6250,6401 Linda Vista Rd.,San Diego,CA,92111
6251,750 25th Ave.,San Francisco,CA,94121
6252,2707 Transworld Dr.,Stockton,CA,95206
6253,400 Encinal St.,Santa Cruz,CA,95060
6254,1100 H St.,Modesto,CA,95354
6255,970 Klamath Ln.,Yuba City,CA,95993
6256,465 Horizon Cir.,Camarillo,CA,93010
6257,1280 Santa Anita Ct. Ste. 100,Woodland,CA,95776
6258,101 South Second St.,Alhambra,CA,91801
6259,501 East Hellman Ave.,Alhambra,CA,91801
6260,801 South Ramona St.,San Gabriel,CA,91776
6261,1701 Brightwood St.,Monterey Park,CA,91754
6262,2821 West Commonwealth Ave.,Alhambra,CA,91803
6263,2001 South Elm St.,Alhambra,CA,91803
6264,110 West McLean St.,Alhambra,CA,91801
6265,100 South Granada Ave.,Alhambra,CA,91801
6266,1603 South Marguerita Ave.,Alhambra,CA,91803
6267,900 South Almansor St.,Alhambra,CA,91801
6268,400 Casuda Canyon Dr.,Monterey Park,CA,91754
6269,301 North Marengo Ave.,Alhambra,CA,91801
6270,509 West Norwood Pl.,Alhambra,CA,91803
6271,650 South Grandridge Ave.,Monterey Park,CA,91754
6272,409 South Atlantic Blvd.,Alhambra,CA,91801
6273,120 South Ynez Ave.,Monterey Park,CA,91754
6274,2525 West Christoffersen Pkwy.,Turlock,CA,95382
6275,350 North Kilroy,Turlock,CA,95380
6276,1600 East Canal Dr.,Turlock,CA,95380
6277,3951 North Walnut Rd.,Turlock,CA,95382
6278,118 North Ave.,Turlock,CA,95382
6279,324 West Linwood Ave.,Turlock,CA,95380
6280,1924 East Canal Dr.,Turlock,CA,95380
6281,201 North Soderquist Rd.,Turlock,CA,95380
6282,400 South Ave.,Turlock,CA,95380
6283,1400 Georgetown St.,Turlock,CA,95382
6284,4091 North Olive Ave.,Turlock,CA,95382
6285,1441 Colorado Ave.,Turlock,CA,95380
6286,651 West Springer Dr.,Turlock,CA,95382
6287,4219 North Walnut Rd.,Turlock,CA,95382
6288,220 Collier Way,Etna,CA,96027
6289,400 Howell Ave.,Etna,CA,96027
6290,11501 Mathews St.,Fort Jones,CA,96032
6291,450 Campus Way,Etna,CA,96027
6292,237 Butte St.,Fort Jones,CA,96032
6293,450 Campus Way,Etna,CA,96027
6294,45426 Road 415,Coarsegold,CA,93614
6295,50200 Road 427,Oakhurst,CA,93644
6296,45426 Road 415,Coarsegold,CA,93614
6297,50407 Hangtree Ln.,Oakhurst,CA,93644
6298,38828 Road 600,Raymond,CA,93653
6299,31800 Road 400,Coarsegold,CA,93614
6300,50200 Road 427,Oakhurst,CA,93644
6301,50200 Road 427,Oakhurst,CA,93644
6302,39890 Road 428,Oakhurst,CA,93644
6303,321 Victory Ln.,Weaverville,CA,96093
6304,321 Victory Ln.,Weaverville,CA,96093
6305,31020 State Highway 3,Weaverville,CA,96093
6306,310 Victory Lane,Weaverville,CA,96093
6307,31020 State Highway 3,Weaverville,CA,96093
6308,590 Morey Ave.,Sacramento,CA,95838
6309,227 Fairbanks Ave.,Sacramento,CA,95838
6310,5001 Diablo Dr.,Sacramento,CA,95842
6311,5000 McCloud Dr.,Sacramento,CA,95842
6312,1400 Grand Ave.,Sacramento,CA,95838
6313,6601 Guthrie Way,North Highlands,CA,95660
6314,6309 Dry Creek Rd.,Rio Linda,CA,95673
6315,1101 G St.,Rio Linda,CA,95673
6316,3201 Northstead Dr.,Sacramento,CA,95833
6317,5520 Lancelot Dr.,Sacramento,CA,95842
6318,2781 Northgate Blvd.,Sacramento,CA,95833
6319,2400 Cormorant Way,Sacramento,CA,95815
6320,1418 Palo Verde Ave.,Sacramento,CA,95815
6321,3141 Northstead Dr.,Sacramento,CA,95833
6322,1801 South Ave.,Sacramento,CA,95838
6323,477 Las Palmas Ave.,Sacramento,CA,95815
6324,2630 Taft St.,Sacramento,CA,95815
6325,700 Southgate Rd.,Sacramento,CA,95815
6326,6537 West Second St.,Rio Linda,CA,95673
6327,4315 Don Julio Blvd.,North Highlands,CA,95660
6328,1230 G St.,Rio Linda,CA,95673
6329,6050 Watt Ave.,North Highlands,CA,95660
6330,6691 Silverthorne Cir.,Sacramento,CA,95842
6331,6469 Guthrie Way,North Highlands,CA,95660
6332,4004 Bruce Way,North Highlands,CA,95660
6333,5241 Harrison St.,North Highlands,CA,95660
6334,3708 Myrtle Ave.,North Highlands,CA,95660
6335,1040 Q St.,Rio Linda,CA,95673
6336,5816 Pioneer Way,Sacramento,CA,95841
6337,3638 Bainbridge Dr.,North Highlands,CA,95660
6338,6845 Larchmont Dr.,North Highlands,CA,95660
6339,5761 Brett Dr.,Sacramento,CA,95842
6340,1281 North Ave.,Sacramento,CA,95838
6341,6560 Melrose Dr.,North Highlands,CA,95660
6342,4330 Keema Ave.,North Highlands,CA,95660
6343,3051 Fairfield St.,Sacramento,CA,95815
6344,3601 Larchwood Dr.,Sacramento,CA,95834
6345,4680 Monument Dr.,Sacramento,CA,95842
6346,6537 West Second St.,Rio Linda,CA,95673
6347,2035 North Ave.,Sacramento,CA,95838
6348,7201 Arutas Dr.,North Highlands,CA,95660
6349,4601 Norwood Ave.,Sacramento,CA,95838
6350,5901 Bridgecross Dr.,Sacramento,CA,95835
6351,3651 Oyster Point Way,Sacramento,CA,95835
6352,277 Capay Ave.,Hamilton City,CA,95951
6353,620 Canal St.,Hamilton City,CA,95951
6354,535 Sacramento Ave.,Hamilton City,CA,95951
6355,Hwy. 32 And Los Robles St.,Hamilton City,CA,95951
6356,589 West Fremont Ave.,Sunnyvale,CA,94087
6357,201 Home St.,Bishop,CA,93514
6358,301 North Fowler St.,Bishop,CA,93514
6359,656 West Pine St.,Bishop,CA,93514
6360,800 West Pine St.,Bishop,CA,93514
6361,2001 Sugar Loaf Rd.,Big Pine,CA,93513
6362,201 Home St.,Bishop,CA,93514
6363,800 West Elm St.,Bishop,CA,93514
6364,2001 Sugar Loaf Rd.,Big Pine,CA,93513
6365,301 North Fowler,Bishop,CA,93514
6366,16555 West Von Sosten Rd.,Tracy,CA,95304
6367,300 East Legacy Dr.,Mountain House,CA,95391
6368,570 Escuela Dr.,Mountain House,CA,95391
6369,685 North Montebello St.,Mountain House,CA,95391
6370,1090 South Central Pkwy.,Mountain House,CA,95391
6371,452 West Saint Francis St.,Mountain House,CA,95391
6372,1400 South Durant Terrace,Mountain House,CA,95391
6373,296 East Parco Ave.,Mountain House,CA,95391
6374,1675 South Gobind Blvd.,Mountain House,CA,95391
6375,6100 Stow Canyon Rd.,Goleta,CA,93117
6376,2701 Las Positas Rd.,Santa Barbara,CA,93105
6377,123 Alameda Padre Serra,Santa Barbara,CA,93103
6378,7266 Alameda Ave.,Goleta,CA,93117
6379,1111 East Mason St.,Santa Barbara,CA,93103
6380,6100 Stow Canyon Rd.,Goleta,CA,93117
6381,1625 Robbins St.,Santa Barbara,CA,93101
6382,4025 Foothill Rd.,Santa Barbara,CA,93110
6383,710 Santa Barbara St.,Santa Barbara,CA,93101
6384,2255 Modoc Rd.,Santa Barbara,CA,93101
6385,431 Flora Vista Dr.,Santa Barbara,CA,93109
6386,1990 Laguna St.,Santa Barbara,CA,93101
6387,4750 Hollister Ave.,Santa Barbara,CA,93110
6388,721 East Cota St.,Santa Barbara,CA,93103
6389,700 East Anapamu St.,Santa Barbara,CA,93103
6390,290 Lighthouse Rd.,Santa Barbara,CA,93109
6391,850 Portesuello Ave.,Santa Barbara,CA,93101
6392,350 Loma Alta Dr.,Santa Barbara,CA,93109
6393,215 East Ortega St.,Santa Barbara,CA,93101
6394,215 East Ortega St.,Santa Barbara,CA,93101
6395,1030 East Yanonali St.,Santa Barbara,CA,93103
6396,2801 West Adams Ave.,Fresno,CA,93706
6397,2888 South Ivy St.,Fresno,CA,93706
6398,2910 South Ivy St.,Fresno,CA,93706
6399,6041 South Elm Ave.,Fresno,CA,93706
6400,5865 South Clara Ave.,Fresno,CA,93706
6401,5865 South Clara Ave.,Fresno,CA,93706
6402,5865 South Clara Ave.,Fresno,CA,93706
6403,700 North Cypress St.,Woodlake,CA,93286
6404,497 North Palm St.,Woodlake,CA,93286
6405,400 West Whitney Ave.,Woodlake,CA,93286
6406,450 W. Sequoia,Woodlake,CA,93286
6407,36220 Millwood Dr.,Woodlake,CA,93286
6408,360 North Castle Rock St.,Woodlake,CA,93286
6409,497 North Palm St.,Woodlake,CA,93286
6410,843 L St.,Fortuna,CA,95540
6411,2089 Newburg Rd.,Fortuna,CA,95540
6412,3850 Rohnerville Rd.,Fortuna,CA,95540
6413,2800 Thomas St.,Fortuna,CA,95540
6414,1150 Saticoy St.,Santa Paula,CA,93060
6415,115 Peck Rd.,Santa Paula,CA,93060
6416,141 Steckel Dr.,Santa Paula,CA,93060
6417,1144 Ventura St.,Santa Paula,CA,93060
6418,221 South Fourth St.,Santa Paula,CA,93060
6419,955 East Pleasant St.,Santa Paula,CA,93060
6420,1305 Laurel Rd.,Santa Paula,CA,93060
6421,333 North Palm Ave.,Santa Paula,CA,93060
6422,404 North Sixth St.,Santa Paula,CA,93060
6423,201 South Steckel Dr.,Santa Paula,CA,93060
6424,333 South D St.,Exeter,CA,93221
6425,313 Sequoia Dr.,Exeter,CA,93221
6426,505 Rocky Hill Dr.,Exeter,CA,93221
6427,1107 E Rocky Hill Dr.,Exeter,CA,93221
6428,1107 E Rocky Hill Dr.,Exeter,CA,93221
6429,711 W Chestnut,Exeter,CA,93221
6430,710 West Maple St.,Exeter,CA,93221
6431,31555 Old River Rd.,Bonsall,CA,92003
6432,11800 Pala Mission Rd.,Pala,CA,92059
6433,7350 West Lilac Rd.,Bonsall,CA,92003
6434,5050 El Mirlo Dr.,Oceanside,CA,92057
6435,7350 West Lilac Rd.,Bonsall,CA,92003
6436,14804 Pleasant Valley Rd.,Penn Valley,CA,95946
6437,10862 Spenceville Rd.,Penn Valley,CA,95946
6438,10862 Spenceville Rd.,Penn Valley,CA,95946
6439,10862 Spenceville Rd.,Penn Valley,CA,95946
6440,12110 Hindry Ave.,Hawthorne,CA,90250
6441,5309 West 135th St.,Hawthorne,CA,90250
6442,5504 West 135th St.,Hawthorne,CA,90250
6443,5403 West 138th St.,Hawthorne,CA,90250
6444,13530 Aviation Blvd.,Hawthorne,CA,90250
6445,16703 South Clark Ave.,Bellflower,CA,90706
6446,679 Second St.,Upper Lake,CA,95485
6447,682 Clover Valley Rd.,Upper Lake,CA,95485
6448,675 Clover Valley Rd.,Upper Lake,CA,95485
6449,725 Old Lucerne Rd.,Upper Lake,CA,95485
6450,675 Clover Valley Rd.,Upper Lake,CA,95485
6451,2840 West 1st St.,Santa Ana,CA,92703
6452,9707 1/2 Marilla Dr.,Lakeside,CA,92040
6453,700 East Bobier Ave.,Vista,CA,92084
6454,1441 Montiel Rd. Ste. 143,Escondido,CA,92026
6455,2433 Coolidge Ave.,Oakland,CA,94601
6456,14200 Runnymede St.,Van Nuys CA,CA,91405
6457,10 Lake St.,Point Arena,CA,95468
6458,730 45th St.,San Diego,CA,92102
6459,6832 Avenue 280,Visalia,CA,93277
6460,6103 Crenshaw Blvd.,Los Angeles,CA,90043
6461,3914 South Main St.,Los Angeles,CA,90037
6462,16900 North Highway Nine,Boulder Creek,CA,95006
6463,2022 University Dr,Vista,CA,92083
6464,14281 Story Rd.,San Jose,CA,95127
6465,10127 3rd Ave,Hesperia,CA,92345
6466,2202 West Martin Luther King Jr Blvd.,Los Angeles,CA,90008
6467,2000 La Granada Dr.,Thousand Oaks,CA,91362
6468,171 12th St.,Oakland,CA,94607
6469,6620 Gloria Dr.,Sacramento,CA,95831
6470,198 West Mill St.,San Bernardino,CA,92408
6471,3430 School St.,San Diego,CA,92116
6472,13361 Glenoaks Blvd.,Sylmar,CA,91342
6473,116 East Main St.,Visalia,CA,92391
6474,1646 West Palm Ln.,Anaheim,CA,92802
6475,14554 Seventh St.,Victorville,CA,92395
6476,15777 Bowdoin St.,Pacific Palisades,CA,90272
6477,2710 Alpine Blvd. Ste. E,Alpine,CA,91901
6478,19722 Collier St.,Woodland Hills,CA,91364
6479,2000 Dennison St.,Oakland,CA,94606
6480,234 East Avenue 33,Los Angeles,CA,90031
6481,830 North La Brea Ave.,Inglewood,CA,90302
6482,3200 62nd Ave.,Oakland,CA,94605
6483,405 East Commercial St.,Willits,CA,95490
6484,948 Hollister,San Francisco,CA,94124
6485,11603 Donner Pass Rd.,Truckee,CA,96161
6486,17216 Slover Ave. Ste. L-102,Fontana,CA,92337
6487,240 East Highway 246,Buellton,CA,93427
6488,4123 Lakeside Dr.,Richmond,CA,94806
6489,2285 Murray Ridge Rd.,San Diego,CA,92123
6490,201 N. Douglas,El Segundo,CA,90245
6491,4607 South Central Ave.,Los Angeles,CA,90011
6492,3737 West Walnut Ave.,Visalia,CA,93277
6493,3252 Bonita Rd.,Chula Vista,CA,91910
6494,1916 Chamonix Pl.,Olympic Valley,CA,96146
6495,3934 Broadway Rd.,Live Oak,CA,95953
6496,3018 Calle Noguera,Santa Barbara,CA,93105
6497,1045 Derby Ave.,Oakland,CA,94601
6498,2230 Truxtun Rd.,San Diego,CA,92106
6499,27740 Jefferson Ave.,Temecula,CA,92590
6500,850 Hampshire Rd. Ste. P,Thousand Oaks,CA,91361
6501,100 South Anaheim Blvd. Ste. 150,Anaheim,CA,92805
6502,647 E St.,Chula Vista,CA,91910
6503,34320 Valley Center Rd. Ste. B,Valley Center,CA,92082
6504,10170 Huennekens St.,San Diego,CA,92121
6505,16955 Lemon St.,Hesperia,CA,92345
6506,6720 South Alameda St.,Huntington Park,CA,90255
6507,2670 West 11th St.,Los Angeles,CA,90035
6508,5465 El Cajon Blvd.,San Diego,CA,92115
6509,50 Moreland Rd.,Simi Valley,CA,93065
6510,8755 Woodman Ave.,Arleta,CA,91331
6511,14019 Sayre St.,Sylmar,CA,91342
6512,8544 Airport Rd.,Redding,CA,96002
6513,1600 W. Imperial Hwy.,Los Angeles,CA,90047
6514,6130 Skyline Dr.,San Diego,CA,92114
6515,1575 West 2nd St.,Los Angeles,CA,90026
6516,1637 Long Beach Blvd.,Long Beach,CA,90813
6517,2249 Dobern Ave.,San Jose,CA,95116
6518,3670 Ocean Ranch Blvd.,Oceanside,CA,92056
6519,7510 DeSoto Ave.,Canoga Park,CA,91303
6520,3600 West Imperial Hwy.,Inglewood,CA,90303
6521,6501 Laurel Canyon Blvd.,North Hollywood,CA,91606
6522,5886 Compton Ave.,Los Angeles,CA,90001
6523,12714 South Avalon Blvd.,Los Angeles,CA,90061
6524,6410 Rita Ave.,Huntington Park,CA,90255
6525,7270 Lisbon St.,San Diego,CA,92114
6526,3170 Hilltop Mall Rd.,Richmond,CA,94806
6527,2303 South Figueroa Way,Los Angeles,CA,90007
6528,1350 East Ninth St. Ste. 150,Chico,CA,95928
6529,2709 Media Center Dr.,Los Angeles,CA,90065
6530,840 14th St.,San Diego,CA,92101
6531,1009 66th Ave.,Oakland,CA,94621
6532,2079 Saturn Ave.,Huntington Park,CA,90255
6533,335 West Sacramento Ave.,Chico,CA,95926
6534,41267 Highway 41,Oakhurst,CA,93644
6535,330 E St.,Crescent City,CA,95531
6536,6724 South Alameda St.,Huntington Park,CA,90255
6537,230 S Waterman Ave,San Bernardino,CA,92408
6538,15850 Armstrong St.,Middletown,CA,95461
6539,2950 South Bear Valley Pkwy.,Escondido,CA,92025
6540,1776 Educational Park Dr.,San Jose,CA,95133
6541,26334 Citrus St.,Santa Clarita,CA,91355
6542,26303 Adell St.,Madera,CA,93638
6543,500 West Santa Ana Blvd.,Santa Ana,CA,92701
6544,1720 Yosemite St.,Seaside,CA,93955
6545,1552 W. Rockwood St.,Los Angeles,CA,90026
6546,7400 West Manchester Ave.,Los Angeles,CA,90045
6547,1004 David Ave.,Pacific Grove,CA,93950
6548,147 North Occidental Blvd.,Los Angeles,CA,90026
6549,310 West 95th St.,Los Angeles,CA,90003
6550,9841 Texas Hill Rd.,Oregon House,CA,95962
6551,8505 South Western Ave.,Los Angeles,CA,90047
6552,426 Euclid Ave.,San Diego,CA,92114
6553,2151 West Main St.,Barstow,CA,92311
6554,715 I St.,Chula Vista,CA,91910
6555,27616 Newhall Ranch Rd.,Valencia,CA,91355
6556,6842 Van Nuys Blvd.,Van Nuys,CA,91405
6557,4555 Valley West Blvd.,Arcata,CA,95521
6558,500 Oregon St.,Vallejo,CA,94590
6559,11465 Kagel Canyon St.,Lake View Terrace,CA,91342
6560,2716 Marcy Ave.,San Diego,CA,92113
6561,16514 Nordhoff St.,North Hills,CA,91343
6562,6550 Filbert Ave.,Orangevale,CA,95662
6563,1616 South Fruit Ave.,Fresno,CA,93706
6564,113 South Rowan Ave.,Los Angeles,CA,90063
6565,955 Stanislaus,Maricopa,CA,93252
6566,4021 Teale Ave.,San Jose,CA,95117
6567,29141 Vallejo Ave.,Temecula,CA,92592
6568,1471 Martin Luther King Jr. Ave.,Long Beach,CA,90813
6569,1022 North Van Ness Ave.,Los Angeles,CA,90038
6570,3711 Oasis Rd.,Redding,CA,96003
6571,17000 Haynes St.,Lake Balboa,CA,91406
6572,1402 Monterey Hwy.,San Jose,CA,95110
6573,7300 Folsom Blvd.,Sacramento,CA,95826
6574,3417 West Jefferson Blvd.,Los Angeles,CA,90018
6575,4070 Mission Ave.,Oceanside,CA,92057
6576,8922 Beech Ave.,Fontana,CA,92335
6577,2707 Francisco Ave.,Santa Rosa,CA,95403
6578,1135 Westridge Pkwy.,Salinas,CA,93907
6579,1286 Runnymede St.,East Palo Alto,CA,94303
6580,12500 Ramona Ave.,Hawthorne,CA,90250
6581,423 South Broadway,Yreka,CA,96097
6582,12850 Muscatel St.,Hesperia,CA,92345
6583,1931 North Fine Ave.,Fresno,CA,93727
6584,1059 North State St.,Ukiah,CA,95482
6585,505 North Euclid St.,Anaheim,CA,92801
6586,2340 Firestone Blvd.,South Gate,CA,90280
6587,8926 Sunland Blvd.,Sun Valley,CA,91352
6588,1515 Webster St.,Oakland,CA,94612
6589,50 Moreland Rd.,Simi Valley,CA,93065
6590,11036 Hawthorne Blvd.,Lennox,CA,90304
6591,1250 South King Rd.,San Jose,CA,95122
6592,11737 East 214th St.,Lakewood,CA,90715
6593,12108 East Del Amo Blvd.,Lakewood,CA,90715
6594,11501 Bos St.,Cerritos,CA,90703
6595,17711 Roseton Ave.,Artesia,CA,90701
6596,13435 East 166th St.,Cerritos,CA,90703
6597,19200 East Ely St.,Cerritos,CA,90703
6598,13600 East 183rd St.,Cerritos,CA,90703
6599,12500 East 183rd St.,Cerritos,CA,90703
6600,18415 Cortner Ave.,Artesia,CA,90703
6601,17707 Elaine Ave.,Artesia,CA,90701
6602,22215 Elaine Ave.,Hawaiian Gardens,CA,90716
6603,11111 Artesia Blvd.,Cerritos,CA,90703
6604,13650 Park St.,Cerritos,CA,90703
6605,11525 Del Amo Blvd.,Cerritos,CA,90703
6606,12350 East 226th St.,Hawaiian Gardens,CA,90716
6607,11939 Aclare St.,Cerritos,CA,90703
6608,17500 Belshire Ave.,Artesia,CA,90701
6609,21409 South Elaine Ave.,Hawaiian Gardens,CA,90716
6610,12920 Droxford St.,Cerritos,CA,90703
6611,21314 Claretta Ave.,Lakewood,CA,90715
6612,16715 Jersey Ave.,Artesia,CA,90701
6613,19600 Jacob Ave.,Cerritos,CA,90703
6614,12445 East 207th St.,Lakewood,CA,90715
6615,13350 Beach St.,Cerritos,CA,90703
6616,12351 East Del Amo Blvd.,Cerritos,CA,90703
6617,12222 Cuesta Dr.,Cerritos,CA,90703
6618,16800 Shoemaker Ave.,Cerritos,CA,90703
6619,11733 East 205th St.,Lakewood,CA,90715
6620,16801 Yvette Ave.,Cerritos,CA,90703
6621,12222 Cuesta Dr.,Cerritos,CA,90703
6622,11939 Aclare St.,Cerritos,CA,90703
6623,370 Wooster St.,San Jose,CA,95116
6624,1460 West San Marcos Blvd.,San Marcos,CA,92078
6625,12226 South Western Ave.,Los Angeles,CA,90047
6626,11988 Hesperia Rd.,Hesperia,CA,92345
6627,1430 Scott St. Third Fl.,San Francisco,CA,94115
6628,5454 Ruffin Rd.,San Diego,CA,92123
6629,6515 Inglewood Ave.,Stockton,CA,95207
6630,1473 Ford St.,Redlands,CA,92373
6631,6411 Orchard Ave.,Bell,CA,90201
6632,1600 Berkeley Dr.,Lompoc,CA,93436
6633,115 Henderson St.,Eureka,CA,95501
6634,3635 Atlantic Ave,Long Beach,CA,90807
6635,6221 East 17th St.,Oakland,CA,94621
6636,1881 Cunningham Ave.,San Jose,CA,95122
6637,198 West Alma Ave.,San Jose,CA,95110
6638,10269 Madrid Way,Spring Valley,CA,91977
6639,500 La Terraza Blvd. #150,Escondido,CA,92025
6640,13730 Perris Blvd.,Moreno Valley,CA,92553
6641,2450 Blake St.,San Bernardino,CA,92407
6642,401 Pacific Ave.,Alameda,CA,94501
6643,76350 Main St.,Covelo,CA,95428
6644,2491 School House Rd.,Chula Vista,CA,91915
6645,2560 Darwin St.,Hayward,CA,94545
6646,905 Campus Dr.,Daly City,CA,94015
6647,12700 S. Avalon Blvd.,Los Angeles,CA,90061
6648,1200 Pleasant Hill Rd.,Lafayette,CA,94549
6649,300 Moraga Rd.,Moraga,CA,94556
6650,1460 South Main St.,Walnut Creek,CA,94596
6651,750 Moraga Way,Orinda,CA,94563
6652,1963 Tice Valley Blvd.,Walnut Creek,CA,94595
6653,3736 Trinity St.,Los Angeles,CA,90011
6654,5330A Gibbons Dr. Ste. 700,Carmichael,CA,95608
6655,2941 West 70th St.,Los Angeles,CA,90043
6656,1776 Educational Park Dr.,San Jose,CA,95122
6657,3500 South Hill St.,Los Angeles,CA,90007
6658,4360 Dozier St.,Los Angeles,CA,90022
6659,1855 East Valley Pkwy.,Escondido,CA,92027
6660,1100 Cahill Ave.,Turlock,CA,95380
6661,6991 Balboa Ave.,San Diego,CA,92111
6662,1900 Third St.,Alameda,CA,94501
6663,102 West 11th St.,Chico,CA,95928
6664,2071 Saturn Ave.,Huntington Park,CA,90255
6665,2565 58th St.,Huntington Park,CA,90255
6666,9601 Lake Natoma Dr.,Orangevale,CA,95662
6667,1450 Marina Way South,Richmond,CA,94804
6668,1598 Lucretia Ave.,San Jose,CA,95122
6669,22882 Loumont Dr.,Lake Forest,CA,92630
6670,1901 East Shields Ave. Ste. 105,Fresno,CA,93726
6671,11330 West Graham Pl. B-9,Los Angeles,CA,90064
6672,9034 Burnet Ave.,North Hills,CA,91343
6673,13777 Bowman Rd.,Auburn,CA,95603
6674,255 S. Mednik Ave.,Los Angeles,CA,90022
6675,38750 Sky Canyon Dr.,Murrieta,CA,92563
6676,225 South Santa Fe Ave.,Compton,CA,90221
6677,17111 Victory Blvd.,Lake Balboa,CA,91406
6678,1370 San Miguel Ave.,Santa Rosa,CA,95403
6679,9966 I Ave.,Hesperia,CA,92345
6680,500 30th St.,San Diego,CA,92102
6681,1221 Encinitas Blvd.,Encinitas,CA,92024
6682,1030 La Bonita Dr.,San Marcos,CA,92078
6683,2930 Fletcher Dr.,Los Angeles,CA,90065
6684,2111 International Blvd.,Oakland,CA,94606
6685,8500 South Figueroa St.,Los Angeles,CA,90003
6686,603 East 115th St.,Los Angeles,CA,90059
6687,2021 West Alwood St.,West Covina,CA,91790
6688,1650 West 134th St.,Compton,CA,90222
6689,1560 Berger Dr.,San Jose,CA,95112
6690,51 East Beverly Pl.,Tracy,CA,95376
6691,8800 South San Pedro St.,Los Angeles,CA,90003
6692,4260 54th St.,San Diego,CA,92115
6693,27740 Jefferson Ave.,Temecula,CA,92590
6694,4141 South Figueroa St.,Los Angeles,CA,90037
6695,2360 El Camino Ave.,Sacramento,CA,95821
6696,3709 East 12th St.,Oakland,CA,94601
6697,2000 North Santa Fe Ave.,Vista,CA,92083
6698,18238 Sherman Way,Reseda,CA,91335
6699,7907 Santa Fe Ave.,Huntington Park,CA,90255
6700,812 West 165th Pl.,Gardena,CA,90247
6701,26655 Highland Ave.,Highland,CA,92346
6702,17931 Jonathan St.,Adelanto,CA,92301
6703,15550 Bellflower Rd.,Adelanto,CA,92301
6704,13001 Mesa Linda Rd.,Victorville,CA,92392
6705,18270 Casaba Rd.,Adelanto,CA,92301
6706,12545 Eagle Ranch Pkwy.,Adelanto,CA,92301
6707,13257 Mesa Linda Ave.,Victorville,CA,92392
6708,10650 Bartlett Ave.,Adelanto,CA,92301
6709,14409 Aster St.,Adelanto,CA,92301
6710,10575 Seneca,Adelanto,CA,92301
6711,11411 Holly Rd.,Adelanto,CA,92301
6712,15763 Colbalt Rd.,Victorville,CA,92395
6713,13125 Hopland St.,Victorville,CA,92395
6714,19250 St. Anthony Ave.,Adelanto,CA,92301
6715,15831 Diamond Rd.,Victorville,CA,92394
6716,17738 Nevada Ave.,Victorville,CA,92394
6717,3512 North E St.,San Bernardino,CA,92405
6718,709 Davis St.,Santa Rosa,CA,95401
6719,625 Coleman Ave.,Los Angeles,CA,90042
6720,4221 North Hughes,Fresno,CA,93705
6721,248 East Base Line Rd.,Rialto,CA,92376
6722,50 Moreland Rd.,Simi Valley,CA,93065
6723,9860 Sunnyside St.,Oakland,CA,94603
6724,991 Mountain View Blvd.,Vandenberg Air Force Base,CA,93437
6725,600 South La Fayette Park Pl.,Los Angeles,CA,90057
6726,214 South 11th St.,Richmond,CA,94804
6727,600 South Lafayette Park Pl.,Los Angeles,CA,90057
6728,82 Second St.,Yuba City,CA,95991
6729,434 South Grevillea Ave.,Inglewood,CA,90301
6730,2465 Dolan Way,San Pablo,CA,94804
6731,312 West Seventh St.,Hanford,CA,93280
6732,3173 Senter Rd.,San Jose,CA,95111
6733,873 First St.,Lincoln,CA,95648
6734,5701 South Crenshaw Blvd.,Los Angeles,CA,90043
6735,4000 South Main St.,Los Angeles,CA,90037
6736,12731 Ramona Blvd. Ste. 201,Irwindale,CA,91706
6737,321 16th St.,Marysville,CA,95901
6738,2709 Media Center Dr.,Los Angeles,CA,90065
6739,7357 Jordan Ave.,Canoga Park,CA,91303
6740,1737 West Vista Way,Vista,CA,92083
6741,3422 Rustin Ave.,Riverside,CA,92507
6742,2044 Nicolaus Ave.,East Nicolaus,CA,95659
6743,3400 West 3rd St.,Los Angeles,CA,90020
6744,6555 Sylmar Ave.,Van Nuys,CA,91401
6745,4535 Missouri Flat Rd. Ste. 1A,Placerville,CA,95667
6746,1525 West Main St.,El Centro,CA,92243
6747,50 Moreland Rd.,Simi Valley,CA,93065
6748,43141 Business Center Pkwy Ste. 102,Lancaster,CA,93535
6749,1000 42nd St.,Oakland,CA,94608
6750,1610 East Main St.,Stockton,CA,95205
6751,9723 Sierra Vista Rd.,Phelan,CA,92371
6752,64144 Hume Lake Rd.,Hume,CA,93628
6753,2861 Womble Rd.,San Diego,CA,92106
6754,1010 West 17th St.,Santa Ana,CA,92706
6755,701 105th Ave.,Oakland,CA,94603
6756,1175 Marina Dr.,Lathrop,CA,95330
6757,3857 Birch St. #297,Newport Beach,CA,92660
6758,328 West Halesworth St.,Santa Ana,CA,92701
6759,2200 Eureka Way,Redding,CA,96001
6760,2609 West Fifth St.,Santa Ana,CA,92703
6761,122 East Tehachapi Blvd. Ste. C,Tehachapi,CA,93561
6762,207 East Pennsylvania Ave.,Escondido,CA,92025
6763,668 Atlantic Blvd.,Los Angeles,CA,90022
6764,1110 West Kettleman Drive Ste. 10,Lodi,CA,95240
6765,2558 North San Fernando Rd.,Los Angeles,CA,90065
6766,7555 South Land Park Dr.,Sacramento,CA,95831
6767,2230 Truxtun Rd.,San Diego,CA,92106
6768,4001 Venice Blvd.,Los Angeles,CA,90019
6769,444 Central Ave.,Alameda,CA,94501
6770,200 Aughinbaugh Way,Alameda,CA,94502
6771,2200 Central Ave.,Alameda,CA,94501
6772,400 Packet Landing Rd.,Alameda,CA,94502
6773,2700 Buena Vista Ave.,Alameda,CA,94501
6774,210 Central Ave.,Alameda,CA,94501
6775,2025 Santa Clara Ave.,Alameda,CA,94501
6776,500 Pacific Ave.,Alameda,CA,94501
6777,1250 Fernside Blvd.,Alameda,CA,94501
6778,3010 Fillmore St.,Alameda,CA,94501
6779,1801 Sandcreek Way,Alameda,CA,94501
6780,1433 San Antonio Ave.,Alameda,CA,94501
6781,555 Ralph Appezzato Memorial Pkwy.,Alameda,CA,94501
6782,351 Jack London Ave.,Alameda,CA,94501
6783,825 Taylor Ave.,Alameda,CA,94501
6784,2060 Challenger Dr.,Alameda,CA,94501
6785,16505 Monterey Rd.,Morgan Hill,CA,95037
6786,1425 East Main St.,Quincy,CA,95971
6787,900 Grace Ave.,Sacramento,CA,95838
6788,8828 Elk Grove Blvd. Ste. 4,Elk Grove,CA,95624
6789,310 East El Segundo Blvd.,Compton,CA,90222
6790,819 Sunset Ave.,Modesto,CA,95351
6791,315 South Lower Sacramento Ste. A,Lodi,CA,95242
6792,16331 Hidden Valley Rd.,Sonora,CA,95370
6793,2611 Temple Heights Dr. Ste. A,Oceanside,CA,92056
6794,788 Locust St.,San Jose,CA,95110
6795,2 Positive Pl.,Vallejo,CA,94589
6796,44130 20th St. West,Lancaster,CA,93534
6797,13361 Glenoaks Blvd.,Sylmar,CA,91342
6798,2850 49th St.,Sacramento,CA,95817
6799,5041 Sunnyslope Ave.,Sherman Oaks,CA,91423
6800,1005 47th St.,San Diego,CA,92102
6801,9356 Lemona Ave.,North Hills,CA,91343
6802,850 Hampshire Rd. Ste. R,Thousand Oaks,CA,91361
6803,9110 South Central Ave.,Los Angeles,CA,90002
6804,400 E. Main St.,Stockton,CA,95202
6805,909 Roosevelt Ave,Redwood City,CA,94061
6806,5825 Windmill Way,Carmichael,CA,95608
6807,4112 East Olympic Blvd.,Los Angeles,CA,90023
6808,3141 Dwight Rd. Ste. 400,Elk Grove,CA,95758
6809,2670 Griffin Ave.,Los Angeles,CA,90031
6810,3202 West Adams Blvd.,Los Angeles,CA,90018
6811,350 South Figueroa St. Ste. 100,Los Angeles,CA,90071
6812,1949 Discovery Falls Dr.,Chula Vista,CA,91915
6813,2050 West Ln.,Stockton,CA,95205
6814,50 Moreland Rd.,Simi Valley,CA,93065
6815,907 El Centro St.,Ojai,CA,93023
6816,2226 East Third St.,Los Angeles,CA,90033
6817,50 Moreland Rd.,Simi Valley,CA,93065
6818,3720 Sierra Hwy.,Acton,CA,93510
6819,2359 Truxtun Rd.,San Diego,CA,92106
6820,7260 Linda Vista Rd.,San Diego,CA,92111
6821,50 Moreland Rd.,Simi Valley,CA,93065
6822,3425 Brush St.,Cottonwood,CA,96022
6823,1401 San Luis Bay Dr.,San Luis Obispo,CA,93405
6824,1095 Barona Rd.,Lakeside,CA,92040
6825,28000 Calaroga Ave.,Hayward,CA,94545
6826,4551 Steele St.,Oakland,CA,94619
6827,6880 Mohawk St.,San Diego,CA,92115
6828,1420 San Marcos Blvd.,San Marcos,CA,92078
6829,555 College Ave.,Lemoore,CA,93245
6830,6100 Carmelita Ave.,Huntington Park,CA,90255
6831,1201 West Tenth St.,Antioch,CA,94509
6832,1826 Orange Tree Ln.,Redlands,CA,92374
6833,900 Grace Ave.,Sacramento,CA,95838
6834,1202-1204 Huntington Dr.,Duarte,CA,91010
6835,819 Sunset Ave.,Modesto,CA,95351
6836,8251 Fontaine St.,Oakland,CA,94605
6837,25560 Alessandsro Blvd.,Moreno Valley,CA,92553
6838,1207 South Trinity St.,Fresno,CA,93706
6839,851 South Johnson Ave.,El Cajon,CA,92020
6840,277 IOOF Ave.,Gilroy,CA,95020
6841,129 Elm St.,Vacaville,CA,95688
6842,7350 North Figueroa St.,Los Angeles,CA,90041
6843,2611 East Matoian M/S UH134,Fresno,CA,93740
6844,11933 Allegheny St.,Sun Valley,CA,91352
6845,1018 Mohawk St.,Los Angeles,CA,90026
6846,12440 Campo Rd.,Spring Valley,CA,91978
6847,9736 Lawlor St.,Oakland,CA,94605
6848,995 Paiute Ln.,Susanville,CA,96130
6849,5300 Jackson Dr.,La Mesa,CA,91942
6850,750 Dartmouth Ave.,San Carlos,CA,94070
6851,2847 Notre Dame Blvd.,Chico,CA,95928
6852,1905 Armacost Ave.,Los Angeles,CA,90025
6853,1010 Cleveland Ave.,Chico,CA,95928
6854,600 East Main St.,Stockton,CA,95202
6855,14135 Main St. Ste. 201,Hesperia,CA,92345
6856,2960 Story Rd.,San Jose,CA,95116
6857,2055 West 24th St.,Los Angeles,CA,90018
6858,250 West Fifth St.,San Pedro,CA,90731
6859,33272 Valle Rd.,San Juan Capistrano,CA,92675
6860,1665 Santee Dr.,San Jose,CA,95112
6861,14848 Lamberson Ave.,Lost Hills,CA,93249
6862,37212 47th St. East,Palmdale,CA,93550
6863,3821 Plaza Drive Ste. 402,Oceanside,CA,92056
6864,441 West Linwood Ave.,Turlock,CA,95380
6865,2540 East 58th St.,Huntington Park,CA,90255
6866,7330 Winnetka Ave.,Winnetka,CA,91306
6867,851 South Johnson Ave.,El Cajon,CA,92020
6868,603 Key Route Blvd.,Albany,CA,94706
6869,1259 Brighton Ave.,Albany,CA,94706
6870,920 Talbot Ave.,Albany,CA,94706
6871,1001 Santa Fe Ave.,Albany,CA,94706
6872,603 Key Route Blvd.,Albany,CA,94706
6873,1000 Jackson St.,Albany,CA,94706
6874,1512 Golden Gate Ave.,San Francisco,CA,94115
6875,1462 Broadway St.,Fresno,CA,93721
6876,7330 Bakman Ave.,Sun Valley,CA,91352
6877,9719 South Main St.,Los Angeles,CA,90003
6878,1919 South Burnside Ave.,Los Angeles,CA,90016
6879,300 East 53rd St.,Los Angeles,CA,90011
6880,4940 Robert J. Mathews Pkwy.,El Dorado Hills,CA,95762
6881,90 North Daisy Ave.,Pasadena,CA,91107
6882,985 South E St. #A,San Bernardino,CA,92408
6883,2900 West Temple St.,Los Angeles,CA,90026
6884,1402 Marina Way South,Richmond,CA,94804
6885,3635 Atlantic Ave.,Long Beach,CA,90807
6886,233 Hobbs Ave.,Vallejo,CA,94589
6887,10170 Huennekens St.,San Diego,CA,92121
6888,1031 North State St.,Ukiah,CA,95482
6889,2230 Truxtun Rd. 2nd Fl.,San Diego,CA,92106
6890,1335 Calle Bouganvilla,Thousand Oaks,CA,91360
6891,171 12th St.,Oakland,CA,94607
6892,5311 South Crenshaw Blvd.,Los Angeles,CA,90043
6893,1730 Janes Rd.,Arcata,CA,95521
6894,1263 South Soto St.,Los Angeles,CA,90023
6895,50 Moreland Rd.,Simi Valley,CA,93065
6896,18238 Sherman Way,Reseda,CA,91335
6897,2035 40th Ave.,Oakland,CA,94601
6898,1900 Third St.,Alameda,CA,94501
6899,51 East Beverly Pl.,Tracy,CA,95376
6900,4301 West Martin Luther King Jr. Blvd.,Los Angeles,CA,90008
6901,8511 Highway 128,Healdsburg,CA,95448
6902,2855 Farragut Rd.,San Diego,CA,92106
6903,880 Bissell Ave.,Richmond,CA,94801
6904,600 West Broadway Ste. 230,San Diego,CA,92101
6905,515 North Rancho Santiago Blvd.,Orange,CA,92869
6906,15815 Cedar Creek Rd.,Forest Ranch,CA,95942
6907,3035 Ash St.,San Diego,CA,92102
6908,1880 Compton Ave,Corona,CA,92881
6909,13330 Vaughn St.,San Fernando,CA,91340
6910,1655 East 27th St.,Los Angeles,CA,90011
6911,8515 Kansas Ave.,Los Angeles,CA,90044
6912,1050 Myrtle St.,East Palo Alto,CA,94303
6913,5440 Valley Cir. Blvd.,Woodland Hills,CA,91367
6914,6830 Pentz Rd,Paradise,CA,95969
6915,1265 North Fairfax Ave.,West Hollywood,CA,90046
6916,1855 North Main St.,Los Angeles,CA,90031
6917,149 North White Rd.,San Jose,CA,95127
6918,950 West Washington Blvd.,Los Angeles,CA,90015
6919,920 Hampshire Rd. Ste. X,Westlake Village,CA,91361
6920,2020 Campton Rd.,Eureka,CA,95503
6921,17500 Mana Rd.,Apple Valley,CA,92307
6922,1800 Elm St.,El Cerrito,CA,94530
6923,9530 Monterey Rd.,Morgan Hill,CA,95037
6924,1401 Highland Ave.,Duarte,CA,91010
6925,725 West Altadena Dr.,Altadena,CA,91001
6926,1431 South Main St.,Willits,CA,95490
6927,10045 Jumilla Ave.,Chatsworth,CA,91311
6928,4471 Inglewood Blvd.,Los Angeles,CA,90066
6929,799 East Rialto Ave.,San Bernardino,CA,92408
6930,8616 Long Beach Blvd.,South Gate,CA,90280
6931,201 28th St.,Richmond,CA,94804
6932,1611 Peninsula Dr.,Manila,CA,95521
6933,379 South Loma Dr.,Los Angeles,CA,90017
6934,1825 Willowside Rd.,Santa Rosa,CA,95401
6935,4736 Huntington Dr. South,Los Angeles,CA,90032
6936,644 West 17th St.,Los Angeles,CA,90015
6937,701 National City Blvd.,National City,CA,91950
6938,539 Encinitas Blvd.,Encinitas,CA,92024
6939,325 South Downs St.,Ridgecrest,CA,93555
6940,14271 Story Rd.,San Jose,CA,95127
6941,51 East Beverly Pl.,Tracy,CA,95376
6942,10101 South Broadway,Los Angeles,CA,90003
6943,851 South Mt. Vernon,Colton,CA,92324
6944,940 C St.,Novato,CA,94949
6945,444 Hegenberger St.,Oakland,CA,94621
6946,4597 Hollister Dr.,Santa Barbara,CA,93110
6947,745 South Kern Ave.,Los Angeles,CA,90022
6948,111 Fletcher Pkwy.,El Cajon,CA,92020
6949,1459 Downer St.,Oroville,CA,95966
6950,285 Bayside Rd.,Arcata,CA,95521
6951,1145 Niblick Rd.,Paso Robles,CA,93446
6952,1050 Beacon Ave.,Los Angeles,CA,90015
6953,3300 East Palmdale Blvd.,Palmdale,CA,93550
6954,111 South Madison Ave.,Los Angeles,CA,90004
6955,44236 10th St. W. Ste. 105,Lancaster,CA,93534
6956,412 West Carl Karcher Way,Anaheim,CA,92801
6957,1437 Del Monte Ave.,Salinas,CA,93905
6958,425 Bardin Rd.,Salinas,CA,93905
6959,1255 East Market St.,Salinas,CA,93905
6960,901 North Sanborn Rd.,Salinas,CA,93905
6961,1225 Towt St.,Salinas,CA,93905
6962,1770 Kittery St.,Salinas,CA,93906
6963,1300 Rider Ave.,Salinas,CA,93905
6964,1505 Cougar Dr.,Salinas,CA,93905
6965,680 Las Casitas Dr.,Salinas,CA,93905
6966,1714 Burlington Dr.,Salinas,CA,93906
6967,925 North Sanborn Rd.,Salinas,CA,93905
6968,1300 Tuscany Blvd.,Salinas,CA,93905
6969,1770 Kittery St.,Salinas,CA,93906
6970,1081 Buckhorn Dr.,Salinas,CA,93905
6971,4476 Crenshaw Blvd.,Los Angeles,CA,90043
6972,18827 Roscoe Blvd.,Northridge,CA,91324
6973,2030 University Dr.,Vista,CA,92803
6974,7477 Kester Ave.,Van Nuys,CA,91405
6975,8560 Aliento Rd.,Lucerne Valley,CA,92356
6976,1195 Hudson Ave.,San Francisco,CA,94124
6977,5101 South Western Ave.,Los Angeles,CA,90062
6978,11016 Norris Ave.,Pacoima,CA,91331
6979,810 East 111th Pl.,Los Angeles,CA,90059
6980,13915 Danielson St. #103,Poway,CA,92064
6981,23000 Via Santa Maria,Mission Viejo,CA,92692
6982,2829 Transworld Dr.,Stockton,CA,95206
6983,50 Moreland Rd.,Simi Valley,CA,93065
6984,3900 Agnes Ave.,Lynwood,CA,90262
6985,1400 Fullerton Ave.,Corona,CA,92879
6986,8601 MacArthur Blvd. Bldg. 100,Oakland,CA,94605
6987,3825 North Mission Rd.,Los Angeles,CA,90031
6988,1102 Investment Blvd.,El Dorado Hills,CA,95762
6989,11336 Bartlett Ave.,Adelanto,CA,92301
6990,3877 Lusk St.,Oakland,CA,94608
6991,11700 Dunbar Rd.,Glen Ellen,CA,95442
6992,201 North Douglas,El Segundo,CA,90245
6993,1100 West Manchester Ave.,Los Angeles,CA,90044
6994,4818 Golden Foothill Parkway Ste 9,El Dorado Hills,CA,95762
6995,4645 Buckeye Rd.,Shingle Springs,CA,95682
6996,585 Willow Ave.,Hayward,CA,94541
6997,1019 2nd Ave.,Napa,CA,94558
6998,36230 North School St.,Clarksburg,CA,95612
6999,3320 Young Rd.,Allensworth,CA,93219
7000,3060 Snows Rd.,Camino,CA,95709
7001,1797 Bella Breeze Dr.,Lincoln,CA,95648
7002,1385 Third Ave.,Chula Vista,CA,91911
7003,34320 Valley Center Rd.,Valley Center,CA,92082
7004,50 Moreland Rd.,Simi Valley,CA,93065
7005,1441 Montiel Rd. Ste. 143,Escondido,CA,92026
7006,229 East Naples,Chula Vista,CA,91911
7007,715 Hellyer Ave.,San Jose,CA,95111
7008,1480 Ross Hill Rd.,Fortuna,CA,95540
7009,256 Wilbur Ave.,Yuba City,CA,95991
7010,5307 Cedars Rd.,Redding,CA,96001
7011,70 Oak Grove St.,San Francisco,CA,94107
7012,1211 Del Mar Dr. #301,Fort Bragg,CA,95437
7013,3500 West Temple St.,Los Angeles,CA,90004
7014,18001 Commercial St.,Lathrop,CA,95330
7015,2120 San Diego Ave.,San Diego,CA,92110
7016,2920 Advantage Way,Sacramento,CA,95834
7017,414 South Atlantic Blvd.,Los Angeles,CA,90022
7018,1704 Cape Horn,Julian,CA,92036
7019,2590 Piner Rd.,Santa Rosa,CA,95401
7020,3700 Denair St,Pasadena,CA,91107
7021,4800 Magnolia Ave.,Riverside,CA,92506
7022,23151 Palomar St.,Wildomar,CA,92595
7023,5313 Road 39,Alpaugh,CA,93201
7024,5313 Road 39,Alpaugh,CA,93201
7025,1099 Bedford Dr.,Camarillo,CA,93010
7026,3585 Maple St. Ste. 101,Ventura,CA,93003
7027,2501 Chestnut St.,Oakland,CA,94607
7028,5554 California St.,Chico,CA,95973
7029,415 31st St.,San Diego,CA,92102
7030,763 Green St.,East Palo Alto,CA,94303
7031,1241 South Soto St.,Los Angeles,CA,90023
7032,13305 South San Pedro St.,Los Angeles,CA,90061
7033,1400 S Broadway Los Angeles CA 90015,Los Angeles,CA,90015
7034,2810 Whittier Blvd.,Los Angeles,CA,90023
7035,505 Main St.,Nevada City,CA,95959
7036,777 Aileen St.,Camarillo,CA,93010
7037,22250 Elkwood St.,Canoga Park,CA,91304
7038,16201 North Highway 101,Willits,CA,95490
7039,5975 Shoup Ave.,Woodland Hills,CA,91367
7040,3020 Hilltop Mall Rd.,Richmond,CA,94806
7041,3325 Hacienda Way,Antioch,CA,94509
7042,2950 Fair Oaks Ave.,Redwood City,CA,94063
7043,2009 West Martin Luther King Jr Blvd.,Los Angeles,CA,90062
7044,900 Morse Ave.,Sacramento,CA,95864
7045,2371 Fenton St.,Chula Vista,CA,91914
7046,31191 Road 180,Visalia,CA,93292
7047,7150 Portola Dr.,El Cerrito,CA,94530
7048,1855 Lucretia Ave.,San Jose,CA,95122
7049,1030 W A Barr Rd.,Mount Shasta,CA,96067
7050,52-780 Frederick St.,Coachella,CA,92236
7051,4410 South Budlong Ave.,Los Angeles,CA,90037
7052,5075 Bradley Rd.,Orcutt,CA,93455
7053,1450 17th St.,Santa Ana,CA,92705
7054,14350 Bellflower Rd.,Adelanto,CA,92301
7055,1374 West 35th St.,Los Angeles,CA,90007
7056,6200 San Pablo Ave.,Oakland,CA,94608
7057,1790 Educational Park Dr.,San Jose,CA,95133
7058,601 Grace Ave.,Inglewood,CA,90301
7059,5331 Mt. Alifan Dr.,San Diego,CA,92111
7060,1316 North Bronson Ave.,Los Angeles,CA,90028
7061,1901 North Fairview St.,Santa Ana,CA,92706
7062,11044 South Freeman Ave.,Inglewood,CA,90301
7063,1850 Wildcat Blvd.,Rocklin,CA,95765
7064,3531 22nd St.,San Francisco,CA,94114
7065,1608 Sampson St.,Marysville,CA,95901
7066,1999 East 102nd St.,Los Angeles,CA,90002
7067,455E Oro Dam Blvd. East,Oroville,CA,95965
7068,470 Union St.,Arcata,CA,95521
7069,1930 South D St.,Stockton,CA,95206
7070,254 East Avenue K-4,Lancaster,CA,93535
7071,1945 Discovery Falls Dr.,Chula Vista,CA,91915
7072,955 Stanislaus St.,Maricopa,CA,93252
7073,13305 South San Pedro St.,Los Angeles,CA,90061
7074,14271 Story Rd.,San Jose,CA,95127
7075,2399 Sellers Way,West Sacramento,CA,95691
7076,35755 Abelia St.,Winchester,CA,92596
7077,3293 East Morada Ln.,Stockton,CA,95212
7078,35 Hawkside Dr.,Markleeville,CA,96120
7079,43 Hawkside Dr.,Markleeville,CA,96120
7080,550 Creekside Dr.,Bear Valley,CA,95223
7081,590 K St.,Chula Vista,CA,91911
7082,714 F St.,Eureka,CA,95501
7083,715 Wellwood Ave.,Beaumont,CA,92223
7084,524 Palisade St.,Pasadena,CA,91103
7085,489 E St.,Chula Vista,CA,91910
7086,16315 Grevillea Ave.,Lawndale,CA,90260
7087,1723 Cordova St.,Los Angeles,CA,90007
7088,1420 East Adams Blvd.,Los Angeles,CA,90011
7089,4348 54th St.,San Diego,CA,92115
7090,27102 Foxborough,Aliso Viejo,CA,92656
7091,5637 Skvarla Ave.,McClellan,CA,95652
7092,12550 Van Nuys Blvd.,Pacoima,CA,91331
7093,1929 West Pico Blvd.,Los Angeles,CA,90006
7094,35777 Abelia St.,Winchester,CA,92596
7095,240 North Madison Ave.,Los Angeles,CA,90004
7096,683 Sylvandale Ave.,San Jose,CA,95111
7097,150 Professional Center Dr. Ste. C,Rohnert Park,CA,94928
7098,27740 Jefferson Ave.,Temecula,CA,92590
7099,7019 South Van Ness Ave.,Los Angeles,CA,90047
7100,471 West Los Angeles St.,Shafter,CA,93263
7101,325 East 111th St.,Los Angeles,CA,90061
7102,9400 Remick Ave.,Pacoima,CA,91331
7103,5201 Strawberry Ln.,Sacramento,CA,95820
7104,2036 East Hatch Rd.,Modesto,CA,95351
7105,8255 Beach St.,Los Angeles,CA,90001
7106,1949 Discovery Falls Dr.,Chula Vista,CA,91915
7107,799 East Washington Ave.,El Cajon,CA,92020
7108,15355 Morrison St.,Sherman Oaks,CA,91403
7109,2001 Tavern Rd.,Alpine,CA,91901
7110,8770 Harbison Canyon Rd.,Alpine,CA,91901
7111,8770 Harbison Canyon Rd.,Alpine,CA,91901
7112,2320 Tavern Rd.,Alpine,CA,91901
7113,8818 Harbison Canyon Rd.,Alpine,CA,91901
7114,27587 La Piedra Rd.,Menifee,CA,92584
7115,1855 North Main St.,Los Angeles,CA,90031
7116,350 Seneca Ave.,San Francisco,CA,94112
7117,1520 Yosemite Ave.,Escalon,CA,95320
7118,211 Maple St.,San Diego,CA,92103
7119,2 Euclid Ave.,National City,CA,91950
7120,960 McCourtney Rd.,Grass Valley,CA,95949
7121,3540 Aero Ct.,San Diego,CA,92123
7122,4016 South Central Ave.,Los Angeles,CA,90011
7123,8030 Atherton St.,Oakland,CA,94605
7124,1937 West Chapman Ave.,Orange,CA,92868
7125,1482 East Enterprise Dr.,San Bernardino,CA,92408
7126,12513 Gain St.,Pacoima,CA,91331
7127,1826 Orange Tree Ln.,Redlands,CA,92374
7128,70 Oak Grove,San Francisco,CA,94107
7129,10720 Wilmington Ave.,Los Angeles,CA,90059
7130,222 Casa Verde Ave.,Monterey,CA,93940
7131,1450 Marina Way South,Richmond,CA,94804
7132,881 Kuhn Dr.,Chula Vista,CA,91914
7133,2360 El Camino Ave.,Sacramento,CA,95821
7134,1320 North Mariposa St.,Fresno,CA,93703
7135,11828 Gain St.,Lake View Terrace,CA,91342
7136,20932 Big Canyon Rd.,Middletown,CA,95461
7137,2501 West 7th St.,Los Angeles,CA,90057
7138,14545 Lyons Valley Rd.,Jamul,CA,91935
7139,333 East Walnut St.,Santa Ana,CA,92701
7140,221 North Westmoreland Ave.,Los Angeles,CA,90004
7141,820 North H St. Suites BCD,Lompoc,CA,93436
7142,771 Elliott Rd.,Paradise,CA,95969
7143,6591 Collins Dr. Ste. E4,Moorpark,CA,93021
7144,2050 San Fernando Rd.,Los Angeles,CA,90065
7145,6130 Skyline Dr.,San Diego,CA,92114
7146,28060 Hasley Canyon Rd. Ste. 200,Castaic,CA,91384
7147,1155 East Julian St.,San Jose,CA,95112
7148,8466 South Figueroa St.,Los Angeles,CA,90003
7149,4800 East Cesar Chavez Ave.,Los Angeles,CA,90022
7150,1435 Logan St.,Los Angeles,CA,90026
7151,1601 Cunningham Ave.,San Jose,CA,95122
7152,21425 Cohasset St.,Canoga Park,CA,91303
7153,2945 Ramco St.,West Sacramento,CA,95691
7154,9500 Gilman Dr.,La Jolla,CA,92093
7155,2590 Piner Rd.,Santa Rosa,CA,95401
7156,27232 Via Industria,Temecula,CA,92590
7157,2005B Via Barrett,San Lorenzo,CA,94580
7158,26247 Ellis St.,Madera,CA,93638
7159,6100 S. Hoover St,Los Angeles,CA,90044
7160,1601 Turk St.,San Francisco,CA,94115
7161,19415 Jacqueline St.,Anderson,CA,96007
7162,703 C St.,Union City,CA,94587
7163,7085 Amethyst St.,Alta Loma,CA,91701
7164,9000 Lemon Ave.,Alta Loma,CA,91701
7165,7105 Carnelian St.,Alta Loma,CA,91701
7166,6881 Jasper St.,Alta Loma,CA,91701
7167,5646 Jasper St.,Alta Loma,CA,91701
7168,10900 Mirador Dr.,Alta Loma,CA,91737
7169,10225 Hamilton St.,Alta Loma,CA,91701
7170,10133 Wilson Ave.,Alta Loma,CA,91737
7171,10950 Emerson,Alta Loma,CA,91701
7172,6440 Mayberry,Alta Loma,CA,91737
7173,100 Gnoss Concourse Bldg. 1,Petaluma,CA,94952
7174,2351 Olivera Rd.,Concord,CA,94520
7175,2336 Calaveras St.,Fresno,CA,93721
7176,1700 28th Ave.,Oakland,CA,94621
7177,1149 East Julian St.,San Jose,CA,95116
7178,830 Fresno St.,Fresno,CA,93706
7179,1897 S St.,Arcata,CA,95521
7180,12420 Bentley St.,Waterford,CA,95386
7181,50 Moreland Rd.,Simi Valley,CA,93065
7182,1060 Key Ave.,San Francisco,CA,94124
7183,670 Flower St.,Chula Vista,CA,91910
7184,11311 Frascati St.,Agua Dulce,CA,91390
7185,5862 C St.,Chino,CA,91710
7186,2023 South Union Ave.,Los Angeles,CA,90007
7187,450 West East Ave.,Chico,CA,95926
7188,12500 Braddock Dr.,Los Angeles,CA,90066
7189,295 North Garey Ave.,Pomona,CA,91767
7190,300 Madre St.,Pasadena,CA,91107
7191,11500 Eldridge Ave.,Lake View Terrace,CA,91342
7192,9320 Tech Center Dr.,Sacramento,CA,95826
7193,1750 South White Rd.,San Jose,CA,95127
7194,201 A St.,San Diego,CA,92101
7195,11561 Gateway Blvd.,Los Angeles,CA,90064
7196,13305 South San Pedro St.,Los Angeles,CA,90061
7197,5248 Rose St.,Sacramento,CA,95838
7198,474 South Hartford Ave.,Los Angeles,CA,90017
7199,211 South Avenue 20,Los Angeles,CA,90031
7200,331 South 34th St.,San Jose,CA,95116
7201,3400 Malcolm Ave.,Oakland,CA,94605
7202,2060 Cameron St.,Ventura,CA,93001
7203,1254 East Helmick St.,Carson,CA,90746
7204,110 South La Brea Ave.,Inglewood,CA,90301
7205,123 West 59th St.,Los Angeles,CA,90003
7206,1224 Tyndall St.,Santa Ynez,CA,93460
7207,44339 Beech Ave.,Lancaster,CA,93534
7208,3601 Linden Ave.,Long Beach,CA,90807
7209,200 Nevada St.,Redlands,CA,92373
7210,10045 South Western Ave.,Los Angeles,CA,90047
7211,1132 N Melrose Drive Ste. 501,Vista,CA,92083
7212,3880 Cypress Dr. Ste. B,Petaluma,CA,94954
7213,745 South Wilton Pl.,Los Angeles,CA,90005
7214,10535 Zelzah Ave.,Granada Hills,CA,91344
7215,43414 Business Park Dr.,Temecula,CA,92590
7216,4215 Foothill Blvd.,Oakland,CA,94601
7217,12384 Palmdale Rd.,Victorville,CA,92392
7218,721 Utica Ave.,Huntington Beach,CA,92648
7219,7323 University Ave.,La Mesa,CA,91941
7220,400 105th Ave.,Oakland,CA,94603
7221,6550 West 80th St.,Los Angeles,CA,90045
7222,700 North Main St.,Corona,CA,92878
7223,201 North Douglas St.,El Segundo,CA,90245
7224,9050 Old State Hwy.,Newcastle,CA,95658
7225,625 South Sunset Ave.,San Jose,CA,95116
7226,8001 Santa Fe Ave.,Walnut Park,CA,90255
7227,12628 Avalon Blvd.,Los Angeles,CA,90061
7228,2293 East Crabtree Ave.,Porterville,CA,93257
7229,1601 Cunningham Ave.,San Jose,CA,95122
7230,285 Blossom Hill Rd.,San Jose,CA,95123
7231,101 West Adell St.,Madera,CA,93638
7232,12870 Panama St.,Los Angeles,CA,90066
7233,746 Grand Ave.,Oakland,CA,94607
7234,900 East 33rd St.,Los Angeles,CA,90011
7235,455 Fifth Ave.,Redwood City,CA,94063
7236,611 Wilshire Blvd. Ste. 303,Los Angeles,CA,90017
7237,725 South Indiana St.,Los Angeles,CA,90023
7238,5331 Mt. Alifan Dr.,San Diego,CA,92111
7239,2315 Canoas Garden Ave.,San Jose,CA,95125
7240,102 Marinda Dr.,Fairfax,CA,94930
7241,1114 South Lorena St.,Los Angeles,CA,90023
7242,1050 York St.,San Francisco,CA,94110
7243,697 South Burlington Ave.,Los Angeles,CA,90057
7244,951 Palisade St.,Hayward,CA,94542
7245,2414 Cohasset Rd. Ste. 3,Chico,CA,95926
7246,1250 South King Rd.,San Jose,CA,95122
7247,3010 Estara Ave.,Los Angeles,CA,90065
7248,11351 Dronfield Ave.,Pacoima,CA,91331
7249,29292 Crown Valley Pkwy.,Laguna Niguel,CA,92677
7250,5901 Sisk Rd.,Modesto,CA,95356
7251,825 North Broadway,Santa Ana,CA,92701
7252,4952 School House Rd.,Catheys Valley,CA,95306
7253,2000 North Santa Fe Ave.,Vista,CA,92083
7254,200 East Via Rancho Pkwy.,Escondido,CA,92025
7255,1617 East Seventh St.,Los Angeles,CA,90021
7256,34050 Alta-Bonny Nook Rd.,Alta,CA,95701
7257,1402 Monterey Hwy.,San Jose,CA,95110
7258,355 North Almond St.,Dixon,CA,95620
7259,21945 Old Forty-Four Dr.,Palo Cedro,CA,96073
7260,18355 Roscoe Blvd.,Northridge,CA,91325
7261,13570 Eldridge Ave.,Sylmar,CA,91342
7262,8691 California Ave.,South Gate,CA,90280
7263,8205 Beach St.,Los Angeles,CA,90001
7264,4096 Calle Platino,Oceanside,CA,92056
7265,423 Los Arboles St.,San Jose,CA,95111
7266,17202 Sonoma Hwy.,Sonoma,CA,95476
7267,One Sierra Gate Plaza,Roseville,CA,95678
7268,8929 Kauffman Ave.,South Gate,CA,90280
7269,5029 South Vermont Ave.,Los Angeles,CA,90043
7270,13000 Montague St.,Pacoima,CA,91331
7271,4120 11th Ave.,Los Angeles,CA,90008
7272,5356 South Fifth Ave.,Los Angeles,CA,90043
7273,241 Ford Rd.,Ukiah,CA,95482
7274,6550 Lonetree Blvd.,Rocklin,CA,95765
7275,1300 Valley House Dr. Ste. 100,Rohnert Park,CA,94928
7276,110 North Coronado St.,Los Angeles,CA,90026
7277,39600 N. General Kearny Rd.,Temecula,CA,92591
7278,1130 East Walnut Ave.,Orange,CA,92867
7279,13915 Danielson St. Ste 200,Poway,CA,92064
7280,3025 Fir St.,San Diego,CA,92102
7281,1700 Market St.,Oakland,CA,94607
7282,570 Airport Way,Camarillo,CA,93010
7283,2510 Live Oak Blvd.,Yuba City,CA,95991
7284,2941 West 70th St.,Los Angeles,CA,90043
7285,415 31st St.,San Diego,CA,92102
7286,7925 Chilnualna Falls Rd.,Wawona,CA,95389
7287,1010 North Main St.,Santa Ana,CA,92701
7288,1214 North Market Blvd.,Sacramento,CA,95834
7289,1700 Cavallo Rd.,Antioch,CA,94509
7290,890 Broadway,Redwood City,CA,94063
7291,43414 Business Park Dr.,Temecula,CA,92590
7292,2050 North San Fernando Rd.,Los Angeles,CA,90065
7293,1100 Camino Biscay,Chula Vista,CA,91910
7294,115 North Avenue 53,Highland Park,CA,90042
7295,6038 Brann St.,Oakland,CA,94605
7296,12501 Isis Ave.,Hawthorne,CA,90250
7297,9512 Chesapeake Dr.,San Diego,CA,92123
7298,520 E. Carmel St.,San Marcos,CA,92078
7299,436-965 Susan Dr.,Doyle,CA,96109
7300,1301 West 182nd St.,Gardena,CA,90248
7301,5150 Wilson St.,La Mesa,CA,91942
7302,28050 Rd. 148,Visalia,CA,93292
7303,5311 Crenshaw Blvd.,Los Angeles,CA,90043
7304,24424 East Monterey Ave.,San Bernardino,CA,92410
7305,4801 Elm St.,San Diego,CA,92102
7306,2315 34th St.,Sacramento,CA,95817
7307,6473 Clark Rd.,Paradise,CA,95928
7308,2635 Chestnut Hill Dr.,Sacramento,CA,95826
7309,307 Park Marina Cir.,Redding,CA,96001
7310,9330 South Eighth Ave.,Inglewood,CA,90305
7311,2604 Martin Luther King Blvd.,Fresno,CA,93706
7312,12375 California St.,Yucaipa,CA,92399
7313,1300 Tallahassee Dr.,San Jose,CA,95122
7314,3720 East Hills Dr.,San Jose,CA,95127
7315,1290 Bal Harbor Dr.,San Jose,CA,95122
7316,277 Mahoney Dr.,San Jose,CA,95127
7317,2475 Van Winkle Ln.,San Jose,CA,95116
7318,1680 Foley Ave.,San Jose,CA,95122
7319,100 Kirk Ave.,San Jose,CA,95127
7320,13901 Nordyke Dr.,San Jose,CA,95127
7321,2000 Kammerer Ave.,San Jose,CA,95116
7322,3311 Lucian Ave.,San Jose,CA,95127
7323,1824 Daytona Dr.,San Jose,CA,95122
7324,2800 Ocala Ave.,San Jose,CA,95148
7325,1241 McGinness Ave.,San Jose,CA,95127
7326,1721 East San Antonio St.,San Jose,CA,95116
7327,480 Rough and Ready Rd.,San Jose,CA,95133
7328,500 Rough and Ready Rd.,San Jose,CA,95133
7329,1711 East San Antonio St.,San Jose,CA,95116
7330,1720 Hopkins Dr.,San Jose,CA,95122
7331,2999 Ridgemont Dr.,San Jose,CA,95127
7332,2851 Gay Ave.,San Jose,CA,95127
7333,2050 Kammerer Ave.,San Jose,CA,95116
7334,1970 Cinderella Ln.,San Jose,CA,95116
7335,31878 Del Obispo St. Ste. 105,San Juan Capistrano,CA,92675
7336,6532 Turnstone Way,Rocklin,CA,95765
7337,18422 Bear Valley Rd. Bldg. 11,Victorville,CA,92395
7338,899 Bryte Ave.,West Sacramento,CA,95605
7339,2070 Veneto St.,Delano,CA,93215
7340,50 Morland Rd.,Simi Valley,CA,93065
7341,2121 North Grand Ave.,Santa Ana,CA,92705
7342,3180 Imjin Rd. Ste. 110,Marina,CA,93933
7343,17125 Victory Blvd.,Van Nuys,CA,91406
7344,881 Line St.,Hollister,CA,95023
7345,1400 East Saginaw Way,Fresno,CA,93704
7346,2636 S. Mansfield Ave.,Los Angeles,CA,90016
7347,4635 Clairemont Mesa Blvd.,San Diego,CA,92117
7348,275 Oracle Pkwy.,Redwood City,CA,94065
7349,18600 Lanark St.,Reseda,CA,91335
7350,26655 Highland Ave.,Highland,CA,92346
7351,940 South Coast Dr.,Costa Mesa,CA,92626
7352,2999 Cleveland Ave.,Santa Rosa,CA,95403
7353,29292 Crown Valley Pkwy.,Laguna Niguel,CA,92677
7354,1777 W. Baseline St.,San Bernardino,CA,92411
7355,1691 Burbank Ave.,Santa Rosa,CA,95407
7356,123 West 59th St.,Los Angeles,CA,90003
7357,2730 Mitchell Dr.,Walnut Creek,CA,94598
7358,19009 Cerro Noroeste Rd.,Pine Mountain Club,CA,93222
7359,2301 Balls Ferry Rd.,Anderson,CA,96007
7360,6249 Skyway,Paradise,CA,95969
7361,2707 Transworld Dr.,Stockton,CA,95206
7362,5331 Mt. Alifan,San Diego,CA,92111
7363,1101 Alberta Way,Concord,CA,94521
7364,1102 East Yanonali St.,Santa Barbara,CA,93103
7365,1655 East 27th St.,Los Angeles,CA,90011
7366,3939 South Vermont Ave.,Los Angeles,CA,90071
7367,1180 70th Ave.,Oakland,CA,94621
7368,5330 Power Inn Rd. Ste. A,Sacramento,CA,95820
7369,395 11th Ave. 6th Fl.,San Diego,CA,92101
7370,835 Stanford Ave.,Los Angeles,CA,90021
7371,540 East Main St.,Stockton,CA,95202
7372,5030 El Camino Ave.,Carmichael,CA,95608
7373,940 South Coast Dr. #185,Costa Mesa,CA,92626
7374,444 Hegenberger Rd.,Oakland,CA,94621
7375,635 Oakside Ave.,Redwood City,CA,94063
7376,461 33rd St.,Richmond,CA,94804
7377,14120 Bear Valley Rd.,Victorville,CA,92392
7378,20513 Road 4,Chowchilla,CA,93610
7379,12861 Avenue 18 1/2,Chowchilla,CA,93610
7380,2410 Broadway,Walnut Park,CA,90255
7381,4610 South Main St.,Los Angeles,CA,90037
7382,3200 Tully Rd.,Modesto,CA,95350
7383,6020 Hughes St.,San Diego,CA,92115
7384,41267 Highway 41,Oakhurst,CA,93644
7385,28876 Old Highway 80,Pine Valley,CA,91962
7386,2410 Belleview St.,Stockton,CA,95206
7387,4471 Inglewood Blvd.,Los Angeles,CA,90066
7388,4800 East Cesar Chavez Ave.,Los Angeles,CA,90022
7389,295 West Saginaw Ave.,Caruthers,CA,93609
7390,631 L St.,Rio Linda,CA,95673
7391,50-930 Calhoun St.,Coachella,CA,92236
7392,3910 University Ave. Ste. 100,San Diego,CA,92105
7393,6402 Linda Vista Rd.,San Diego,CA,92111
7394,3201 East Morada Ln.,Stockton,CA,95212
7395,2444 Marconi Ave.,Sacramento,CA,95821
7396,1157 E. Clark Ave. Ste. H,Santa Maria,CA,93455
7397,70 South Jackson Ave.,San Jose,CA,95116
7398,1700 West 46th St.,Los Angeles,CA,90062
7399,1473 Ford St.,Redlands,CA,92373
7400,3333 North Bond Ave.,Fresno,CA,93726
7401,4240 East Olympic Blvd.,Los Angeles,CA,90023
7402,955 Inspiration Pl.,Redding,CA,96003
7403,511 North Second St.,El Cajon,CA,92021
7404,6525 Estrella Ave.,San Diego,CA,92120
7405,580 North Wilma Ave. Ste. G,Ripon,CA,95366
7406,5115 Via Corona St.,Los Angeles,CA,90022
7407,480 North San Jacinto Ave.,San Jacinto,CA,92583
7408,149 North White Rd.,San Jose,CA,95127
7409,1218 North Fourth St.,San Fernando,CA,91340
7410,4348 West Shaw Ave.,Fresno,CA,93706
7411,1010 East 34th St.,Los Angeles,CA,90011
7412,6501 Fair Ave.,North Hollywood,CA,91601
7413,215 South Mission Dr.,San Gabriel,CA,91776
7414,119 West Palm St.,Altadena,CA,91001
7415,4305 South Meridian Rd.,Meridian,CA,95957
7416,1550 South College Dr.,Santa Maria,CA,93454
7417,3040 Hilltop Mall Rd.,Richmond,CA,94806
7418,824 29th Ave.,Oakland,CA,94601
7419,2000 West Briggsmore Ave.,Modesto,CA,95350
7420,110 South Townsend Ave.,Los Angeles,CA,90063
7421,524 Palisade St.,Pasadena,CA,91103
7422,762 Sunset Glen Dr.,San Jose,CA,95123
7423,5313 Road 39,Alpaugh,CA,93201
7424,555 College Ave.,Lemoore,CA,93245
7425,4000 South Main St.,Los Angeles,CA,90037
7426,555 Leslie St.,Ukiah,CA,95482
7427,102 West Portola Ave.,Los Altos,CA,94022
7428,201 N. Douglas St.,El Segundo,CA,90245
7429,123 West 59th St.,Los Angeles,CA,90003
7430,400 E. Main St.,Stockton,CA,95202
7431,901 South Maple St.,Inglewood,CA,90301
7432,1149 West Wood St.,Willows,CA,95988
7433,1325 H St.,Modesto,CA,95354
7434,655 West 2nd St.,San Bernardino,CA,92410
7435,13032 Bitney Springs Rd. Bldg. 8,Nevada City,CA,95959
7436,1700 West Pico Blvd.,Los Angeles,CA,90015
7437,1430 Scott St.,San Francisco,CA,94115
7438,14466 Main St.,Hesperia,CA,92345
7439,260 West Riverside Dr.,Watsonville,CA,95076
7440,2150 Cushing Rd.,San Diego,CA,92106
7441,3606 Pierce St.,Riverside,CA,92503
7442,11045 Arizona Ave.,Riverside,CA,92503
7443,5891 Rutland Ave.,Riverside,CA,92503
7444,10850 Collett Ave.,Riverside,CA,92505
7445,8230 Wells Ave.,Riverside,CA,92503
7446,10346 Keller Ave.,Riverside,CA,92505
7447,4145 La Sierra Ave.,Riverside,CA,92505
7448,11050 Arlington Ave.,Riverside,CA,92505
7449,10435 Branigan Way,Riverside,CA,92505
7450,6585 Crest Ave.,Riverside,CA,92503
7451,3350 Fillmore St.,Riverside,CA,92503
7452,6601 Rutland St.,Riverside,CA,92503
7453,11000 Campbell Ave.,Riverside,CA,92505
7454,10000 Wells Ave.,Riverside,CA,92503
7455,6411 Mitchell Ave.,Riverside,CA,92505
7456,4100 Golden Ave.,Riverside,CA,92505
7457,550 Hamilton Dr.,Corona,CA,91719
7458,11750 Gramercy Pl.,Riverside,CA,92505
7459,3754 Harvill Ln.,Riverside,CA,92503
7460,4501 Ambs Dr.,Riverside,CA,92505
7461,16346 Village Meadow Dr.,Riverside,CA,92503
7462,10368 Campbell Ave.,Riverside,CA,92505
7463,11800 Indiana Ave.,Riverside,CA,92503
7464,10368 Campbell Ave.,Riverside,CA,92505
7465,10368 Campbell Ave.,Riverside,CA,92505
7466,4501 Ambs Dr.,Riverside,CA,92505
7467,1480 West San Marcos Blvd.,San Marcos,CA,92078
7468,6829 Stockton Blvd. Ste. 380,Sacramento,CA,95823
7469,5715 Skvarla Ave.,McClellan,CA,95652
7470,2609 West Fifth St.,Santa Ana,CA,92703
7471,11130 Western Ave.,Los Angeles,CA,90047
7472,19740 Grand Ave.,Lake Elsinore,CA,92530
7473,43145 Business Center Ste. 102-103,Lancaster,CA,93535
7474,940 Filbert St,San Francisco,CA,94133
7475,1333 Grand Ave.,Sacramento,CA,95838
7476,1868 East Valley Pkwy.,Escondido,CA,92027
7477,950 Owsley Ave.,San Jose,CA,95122
7478,2040 West Ln.,Stockton,CA,95205
7479,5151 State University Dr.,Los Angeles,CA,90032
7480,2118 Meadowview Rd.,Sacramento,CA,95832
7481,1445 101st Ave.,Oakland,CA,94603
7482,830 North La Brea Ave.,Inglewood,CA,90302
7483,525 Independence Dr.,Sutter Creek,CA,95685
7484,525 Independence Dr.,Sutter Creek,CA,95685
7485,330 Spanish St.,Sutter Creek,CA,95685
7486,501 Argonaut Ln.,Jackson,CA,95642
7487,415 South Ione St.,Ione,CA,95640
7488,220 Church St.,Jackson,CA,95642
7489,20101 State Highway 88,Jackson,CA,95642
7490,24625 Highway 88,Pioneer,CA,95666
7491,18601 Sherwood,Plymouth,CA,95669
7492,340 Spanish St.,Sutter Creek,CA,95685
7493,747 Sutter St.,Jackson,CA,95642
7494,450 S Mills St.,Ione,CA,95640
7495,50 Moreland Rd.,Simi Valley,CA,93065
7496,1801 Pyrenees Ave.,Stockton,CA,95210
7497,131 East 50th St.,Los Angeles,CA,90011
7498,901 Nectarine Ct.,Arvin,CA,93203
7499,501 South Boyle Ave.,Los Angeles,CA,90033
7500,8926 Sunland Blvd.,Sun Valley,CA,91352
7501,2005 Via Barrett,San Lorenzo,CA,94580
7502,530 18th St.,Oakland,CA,94612
7503,1034 66th Ave.,Oakland,CA,94621
7504,3610 East Ashlan Ave,Fresno,CA,93726
7505,820 Broadway St.,Venice,CA,90291
7506,3301 East 12th St. Ste. 205,Oakland,CA,94601
7507,3500 Tamarack Dr.,Redding,CA,96003
7508,2050 East Pacific St.,San Bernardino,CA,92404
7509,401 South A St. Ste. 3,Oxnard,CA,93030
7510,101 West Adell St.,Madera,CA,93638
7511,14646 Sherman Way,Van Nuys,CA,91405
7512,304 Foam St.,Monterey,CA,93940
7513,10616 South Western Ave.,Los Angeles,CA,90047
7514,3425 West Manchester Blvd.,Inglewood,CA,90305
7515,8929 Kauffman Ave.,South Gate,CA,90280
7516,660 Menlo Dr.,Rocklin,CA,95765
7517,5753 Obama Blvd.,Los Angeles,CA,90016
7518,10038 Hwy. 99 East Frontage Rd.,Stockton,CA,95212
7519,1111 Gravenstein Hwy. N,Sebastopol,CA,95472
7520,31400 S Koster Rd.,Tracy,CA,95304
7521,1933 Cliff Dr.,Santa Barbara,CA,93109
7522,620 Willow Rd,Menlo Park,CA,94025
7523,3720 Sierra Hwy. Ste. A,Acton,CA,93510
7524,2 Positive Pl.,Vallejo,CA,94589
7525,2723 West 8th St.,Los Angeles,CA,90005
7526,100 Whitney Ave.,Vallejo,CA,94589
7527,17131 Emerald Ln.,Huntington Beach,CA,92647
7528,1 Technology Dr.,Irvine,CA,92618
7529,33272 Valle Rd.,San Juan Capistrano,CA,92675
7530,3109 Sixth Ave.,Los Angeles,CA,90018
7531,26025 Newport Rd.,Menifee,CA,92584
7532,24910 S. Avalon Blvd.,Wilmington,CA,90744
7533,550 Temple Ave.,Camarillo,CA,93010
7534,1025 North Second St.,El Cajon,CA,92021
7535,3759 East 57th St.,Maywood,CA,90270
7536,407 Main St.,Watsonville,CA,95076
7537,4215 Spring St.,La Mesa,CA,91941
7538,1 Technology Dr.,Irvine,CA,92618
7539,1704 Cape Horn,Julian,CA,92036
7540,3130 East Colorado Blvd.,Pasadena,CA,91107
7541,1612 West Pico Blvd.,Los Angeles,CA,90015
7542,1473 Ford St.,Redlands,CA,92373
7543,675 Shasta View Dr.,Redding,CA,96003
7544,1770 Tustin Ave.,Costa Mesa,CA,92627
7545,2293 East Crabtree Ave.,Porterville,CA,93257
7546,1333 Grand Ave.,Sacramento,CA,95838
7547,14630 Armstrong Woods Rd.,Guerneville,CA,95466
7548,23750 Alessandro Blvd.,Moreno Valley,CA,92553
7549,170 Liberty School Rd.,Petaluma,CA,94952
7550,1440 Beaumont Ave,Beaumont,CA,92223
7551,980 South Hobart Blvd.,Los Angeles,CA,90006
7552,8560 Aliento Rd.,Lucerne Valley,CA,92356
7553,108 Whispering Pines Dr. Ste. 115,Scotts Valley,CA,95066
7554,13000 Pipeline Ave.,Chino,CA,91710
7555,3101 Zinfandel Dr. Ste. 350,Rancho Cordova,CA,95670
7556,850 Hampshire Rd. Ste. R,Thousand Oaks,CA,91361
7557,1612 West Pico Blvd.,Los Angeles,CA,90015
7558,166 West Harder Rd.,Hayward,CA,94544
7559,3921 Sandstone Drive Ste. A,El Dorado Hills,CA,95762
7560,1635 Long Beach Blvd.,Long Beach,CA,90813
7561,233 Hobbs Ave.,Vallejo,CA,94589
7562,7911 Winnetka Ave.,Winnetka,CA,91306
7563,2428 Belleview Ave.,Stockton,CA,95206
7564,1039 Garden St.,East Palo Alto,CA,94303
7565,1605 East March Ln,Stockton,CA,95210
7566,4100 East Walnut Ave.,Orange,CA,92869
7567,777 W. Shaw,Fresno,CA,93704
7568,31522 El Camino Real,San Juan Capistrano,CA,92675
7569,9301 South Hoover St.,Los Angeles,CA,90044
7570,7755 Hazel Ave.,Orangevale,CA,95662
7571,3004 Mission St.,Santa Cruz,CA,95060
7572,73 School Rd.,Weott,CA,95571
7573,979 Douglass St.,Red Bluff,CA,96080
7574,321 East Weber Ave.,Stockton,CA,95202
7575,211 South Ave. 20,Los Angeles,CA,90031
7576,4928 South Western Ave.,Los Angeles,CA,90047
7577,44 Shaw Ave.,Clovis,CA,93612
7578,22345 El Rancho Rd.,Tracy,CA,95304
7579,4782 Karen Ann Ln.,Irvine,CA,92604
7580,630 Leonard Ave.,Los Angeles,CA,90022
7581,651 Eighth St. Bldg. 229 Treasure Island,San Francisco,CA,94130
7582,201 Jessie Ave.,Sacramento,CA,95838
7583,1626 West Princeton Ave.,Fresno,CA,93705
7584,2818 Manhattan Beach Blvd.,Gardena,CA,90249
7585,7775 Sierra Ave.,Fontana,CA,92336
7586,3821 North Clark St.,Fresno,CA,93726
7587,27130 Eucalyptus Ave. Ste. A,Moreno Valley,CA,92555
7588,1390 Broadway,El Cajon,CA,92021
7589,742 Dallas Ave.,Stockton,CA,95206
7590,400 South Santa Fe Ave.,Compton,CA,90221
7591,10085 Adam Ave.,Grass Valley,CA,95945
7592,19121 Third St.,Oro Grande,CA,92368
7593,12020 Burbank Blvd.,Valley Village,CA,91607
7594,1 Ralph Bettcher Dr.,Hopland,CA,95449
7595,1494 East Ave.,Chico,CA,95926
7596,22345 El Rancho Rd.,Tracy,CA,95304
7597,2760 Penrose Ln.,Lathrop,CA,95330
7598,16601 Riptide Way,Lathrop,CA,95330
7599,820 North American St.,Stockton,CA,95202
7600,4335 Sylar Ln.,Kelseyville,CA,95451
7601,1415 West Gardena Blvd.,Gardena,CA,90247
7602,145 Shasta View Dr.,Redding,CA,96003
7603,703 East Swain Rd.,Stockton,CA,95207
7604,143 Clinton Ave.,Roseville,CA,95678
7605,8400 South Vermont Ave.,Los Angeles,CA,90044
7606,1926 Clearbrook Ln.,Anaheim,CA,92804
7607,1526 East Romneya Dr.,Anaheim,CA,92805
7608,521 West Water St.,Anaheim,CA,92805
7609,810 North Gilbert St.,Anaheim,CA,92801
7610,1051 South Sunkist St.,Anaheim,CA,92806
7611,1123 West Romneya Dr.,Anaheim,CA,92801
7612,504 East South St.,Anaheim,CA,92805
7613,841 South Sunkist St.,Anaheim,CA,92806
7614,1413 East Broadway,Anaheim,CA,92805
7615,1601 West Broadway,Anaheim,CA,92802
7616,1510 South Nutwood St.,Anaheim,CA,92804
7617,600 West La Palma Ave.,Anaheim,CA,92801
7618,2066 Falmouth Ave.,Anaheim,CA,92801
7619,1516 West North St.,Anaheim,CA,92801
7620,140 West Guinida Ln.,Anaheim,CA,92805
7621,1600 East Vermont Ave.,Anaheim,CA,92805
7622,535 South Walnut St.,Anaheim,CA,92802
7623,1841 South Ninth St.,Anaheim,CA,92802
7624,500 Sunkist St.,Anaheim,CA,92806
7625,890 South Olive St.,Anaheim,CA,92805
7626,1525 West Westmont Dr.,Anaheim,CA,92801
7627,1000 South Harbor Blvd.,Anaheim,CA,92805
7628,2135 South Mountain View Ave.,Anaheim,CA,92802
7629,2000 W Ball Rd,Anaheim,CA,92804
7630,811 West Lincoln Ave.,Anaheim,CA,92805
7631,1500 West Ball Rd.,Anaheim,CA,92802
7632,601 North Brookhurst Ave.,Anaheim,CA,92801
7633,9801 Valley View St.,Cypress,CA,90630
7634,900 South Dale St.,Anaheim,CA,92804
7635,1800 Ball Rd.,Anaheim,CA,92804
7636,7901 Knott Ave.,Buena Park,CA,90620
7637,2200 East Wagner Ave.,Anaheim,CA,92806
7638,8281 Walker St.,La Palma,CA,90623
7639,4351 Orange Ave.,Cypress,CA,90630
7640,1765 West Cerritos Ave.,Anaheim,CA,92804
7641,2450 West Ball Rd.,Anaheim,CA,92804
7642,3715 West Orange Ave.,Anaheim,CA,92804
7643,301 North Gilbert St.,Anaheim,CA,92801
7644,2320 East South St.,Anaheim,CA,92806
7645,1801 East Sycamore St.,Anaheim,CA,92805
7646,8132 Walker St.,La Palma,CA,90623
7647,501 South Western Ave.,Anaheim,CA,92804
7648,5172 Orange Ave.,Cypress,CA,90630
7649,1800 West Ball Rd.,Anaheim,CA,92804
7650,830 South Dale St.,Anaheim,CA,92804
7651,6950 Analy Ave.,Sebastopol,CA,95472
7652,7050 Covey Rd.,Forestville,CA,95436
7653,462 Johnson St.,Sebastopol,CA,95472
7654,7050 Covey Road,Forestville,CA,95436
7655,1471 Ferry St.,Anderson,CA,96007
7656,20083 Olinda Rd.,Anderson,CA,96007
7657,20111 Olinda Rd.,Anderson,CA,96007
7658,5250 West Anderson Dr.,Anderson,CA,96007
7659,3805 Happy Valley Rd.,Cottonwood,CA,96022
7660,2098 North St.,Anderson,CA,96007
7661,12300 Anderson Valley Way,Boonville,CA,95415
7662,18200 Mountain View Rd.,Boonville,CA,95415
7663,22630 Antelope Blvd.,Red Bluff,CA,96080
7664,401 Chestnut Ave.,Red Bluff,CA,96080
7665,29950 Plum Creek Rd.,Paynes Creek,CA,96075
7666,1660 Monroe St.,Red Bluff,CA,96080
7667,44900 North Division St.,Lancaster,CA,93535
7668,415 East Kettering St.,Lancaster,CA,93535
7669,2137 East Avenue R,Palmdale,CA,93550
7670,6040 West Avenue L,Quartz Hill,CA,93536
7671,44701 32nd St. West,Lancaster,CA,93536
7672,228 East Ave. H8,Lancaster,CA,93535
7673,39055 25th St. West,Palmdale,CA,93551
7674,10833 East Avenue R,Littlerock,CA,93543
7675,38801 Clock Tower Plaza Dr.,Palmdale,CA,93550
7676,3200 East Ave. J-8,Lancaster,CA,93535
7677,37423 70th St. East,Palmdale,CA,93552
7678,3041 West Avenue K,Lancaster,CA,93536
7679,6300 West Avenue L,Quartz Hill,CA,93536
7680,4550 Country Hills Dr.,Antioch,CA,94531
7681,700 West 18th St,Antioch,CA,94509
7682,1500 D St.,Antioch,CA,94509
7683,2801 Roosevelt Ln.,Antioch,CA,94509
7684,1413 F St.,Antioch,CA,94509
7685,1310 August Way,Antioch,CA,94509
7686,1708 F St.,Antioch,CA,94509
7687,2304 G St.,Antioch,CA,94509
7688,1711 Mission Dr.,Antioch,CA,94509
7689,1 Spartan Way,Antioch,CA,94509
7690,3410 Longview Rd.,Antioch,CA,94509
7691,4207 Delta Fair Blvd.,Antioch,CA,94509
7692,4730 Sterling Hill Dr.,Antioch,CA,94531
7693,4700 Lone Tree Way,Antioch,CA,94531
7694,4325 Spaulding St.,Antioch,CA,94531
7695,4791 Prewett Ranch Dr.,Antioch,CA,94531
7696,820 West Second St.,Antioch,CA,94509
7697,615 Greystone Dr.,Antioch,CA,94509
7698,4721 Vista Grande Dr.,Antioch,CA,94531
7699,1401 Mount Hamilton Dr.,Antioch,CA,94531
7700,1931 Mokelumne Dr.,Antioch,CA,94531
7701,800 Gary Ave.,Antioch,CA,94509
7702,5150 Live Oak Ave.,Oakley,CA,94561
7703,4900 Sand Creek Rd.,Antioch,CA,94531
7704,4730 Sterling Hills Dr.,Antioch,CA,94531
7705,180 Campus Dr.,Arcadia,CA,91007
7706,422 West Lemon Ave.,Arcadia,CA,91007
7707,700 Camino Grove Ave.,Arcadia,CA,91007
7708,1401 South First Ave.,Arcadia,CA,91006
7709,301 South First Ave.,Arcadia,CA,91006
7710,171 East Sycamore Ave.,Arcadia,CA,91006
7711,10 Virginia Dr.,Arcadia,CA,91006
7712,360 West Duarte Rd.,Arcadia,CA,91007
7713,1000 Hugo Reid Dr.,Arcadia,CA,91007
7714,2601 Longley Way,Arcadia,CA,91007
7715,150 South Third Ave.,Arcadia,CA,91006
7716,1430 Buttermilk Ln.,Arcata,CA,95521
7717,2400 Baldwin St.,Arcata,CA,95521
7718,1720 M St.,Arcata,CA,95521
7719,1300 Murray Rd.,McKinleyville,CA,95519
7720,1720 M St.,Arcata,CA,95521
7721,1300 Murray Rd.,McKinleyville,CA,95519
7722,11755 Ivie Rd.,Herald,CA,95638
7723,20 School St.,Point Arena,CA,95468
7724,14045 Pimo St.,Armona,CA,93202
7725,11075 C St.,Armona,CA,93202
7726,418 West 8th St.,Hanford,CA,93230
7727,341 Haven Dr.,Arvin,CA,93203
7728,300 Franklin St.,Arvin,CA,93203
7729,1501 Hood St.,Arvin,CA,93203
7730,911 El Camino Real Rd.,Arvin,CA,93203
7731,1 High School Hill,Atascadero,CA,93422
7732,6501 Lewis Ave.,Atascadero,CA,93422
7733,9640 Carrisa Hwy.,Santa Margarita,CA,93453
7734,5105 O'Donovan Rd.,Creston,CA,93432
7735,3355 Monterey Rd.,Atascadero,CA,93422
7736,22070 H St.,Santa Margarita,CA,93453
7737,8655 Santa Rosa Rd.,Atascadero,CA,93422
7738,4300 San Benito Rd.,Atascadero,CA,93422
7739,10801 El Camino Real,Atascadero,CA,93422
7740,6100 Olmeda Ave.,Atascadero,CA,93422
7741,8500 San Gabriel Rd.,Atascadero,CA,93422
7742,10801 El Camino Real,Atascadero,CA,93422
7743,2201 Heller St.,Atwater,CA,95301
7744,1020 East Bellevue Rd.,Atwater,CA,95301
7745,1271 West Bellevue Rd.,Atwater,CA,95301
7746,1761 Grove Ave.,Atwater,CA,95301
7747,1753 Fifth St.,Atwater,CA,95301
7748,1434 California St.,Atwater,CA,95301
7749,2266 High St.,Atwater,CA,95301
7750,201 Lake View Dr.,Atwater,CA,95301
7751,1800 Juniper Ave.,Atwater,CA,95301
7752,1020 East Bellevue Rd.,Atwater,CA,95301
7753,661 East Juniper Ave.,Atwater,CA,95301
7754,150 Palm Ave.,Auburn,CA,95603
7755,11400 Lariat Ranch Rd.,Auburn,CA,95603
7756,800 Perkins Way,Auburn,CA,95603
7757,173 Oak St.,Auburn,CA,95603
7758,240 North Cerritos Ave.,Azusa,CA,91702
7759,500 East 10th St.,Azusa,CA,91702
7760,1340 North Enid,Covina,CA,91722
7761,700 West 11th St.,Azusa,CA,91702
7762,550 North Cerritos Ave.,Azusa,CA,91702
7763,945 East Nearfield,Azusa,CA,91702
7764,505 East Renwick Rd.,Azusa,CA,91702
7765,409 West Paramount St.,Azusa,CA,91702
7766,1040 East Gladstone St.,Azusa,CA,91702
7767,700 South Lark Ellen,Azusa,CA,91702
7768,245 West 10th St.,Azusa,CA,91702
7769,72100 School House Ln.,Baker,CA,92309
7770,72100 School House Ln.,Baker,CA,92309
7771,72100 School House Ln.,Baker,CA,92309
7772,525 East Casa Loma Dr.,Bakersfield,CA,93307
7773,2905 Eissler St.,Bakersfield,CA,93306
7774,2551 Sunny Ln.,Bakersfield,CA,93305
7775,3211 Pico Ave.,Bakersfield,CA,93306
7776,1116 Lymric Way,Bakersfield,CA,93309
7777,2901 Eissler St.,Bakersfield,CA,93306
7778,801 Fourth St.,Bakersfield,CA,93304
7779,2400 Benton St.,Bakersfield,CA,93304
7780,2400 Truxtun Ave.,Bakersfield,CA,93301
7781,607 Texas St.,Bakersfield,CA,93307
7782,3201 Pico Ave.,Bakersfield,CA,93306
7783,4110 Garnsey Ln.,Bakersfield,CA,93309
7784,2710 Niles St.,Bakersfield,CA,93306
7785,2301 Park Dr.,Bakersfield,CA,93306
7786,816 Lincoln St.,Bakersfield,CA,93305
7787,1900 Stockton St.,Bakersfield,CA,93305
7788,601 Fourth St.,Bakersfield,CA,93304
7789,2161 Potomac Ave.,Bakersfield,CA,93307
7790,3801 Brave Ave.,Bakersfield,CA,93309
7791,3401 Renegade Ave.,Bakersfield,CA,93306
7792,1015 Noble Ave.,Bakersfield,CA,93305
7793,815 Potomac Ave.,Bakersfield,CA,93307
7794,313 Planz Rd.,Bakersfield,CA,93304
7795,4404 Pioneer Dr.,Bakersfield,CA,93306
7796,1100 Ninth St.,Bakersfield,CA,93304
7797,2324 Verde St.,Bakersfield,CA,93304
7798,3017 Center St.,Bakersfield,CA,93306
7799,6001 Pioneer Dr.,Bakersfield,CA,93306
7800,1101 Noble Ave.,Bakersfield,CA,93305
7801,1000 Ming Ave.,Bakersfield,CA,93307
7802,2201 San Emidio St.,Bakersfield,CA,93304
7803,1201 Williams St.,Bakersfield,CA,93305
7804,2551 Morning Dr.,Bakersfield,CA,93306
7805,4201 Mesa Marin Dr.,Bakersfield,CA,93306
7806,2600 Rose Marie Dr.,Bakersfield,CA,93304
7807,900 Belle Terr.,Bakersfield,CA,93304
7808,2021 M St.,Bakersfield,CA,93301
7809,800 Chico St.,Bakersfield,CA,93305
7810,2901 Center St.,Bakersfield,CA,93306
7811,3800 Jewett Ave.,Bakersfield,CA,93301
7812,5501 Thorner St.,Bakersfield,CA,93306
7813,4115 Vineland Rd.,Bakersfield,CA,93306
7814,9801 Highland Knolls Dr.,Bakersfield,CA,93306
7815,1001 Tenth St.,Bakersfield,CA,93304
7816,1100 Citadel St.,Bakersfield,CA,93307
7817,3900 North Puente Ave.,Baldwin Park,CA,91706
7818,4245 North Merced Ave.,Baldwin Park,CA,91706
7819,14741 Central Ave.,Baldwin Park,CA,91706
7820,14250 East Merced Ave.,Baldwin Park,CA,91706
7821,12820 Bess St.,Baldwin Park,CA,91706
7822,13900 Foster Ave.,Baldwin Park,CA,91706
7823,14600 Cavette Pl.,Baldwin Park,CA,91706
7824,3823 Kenmore Ave.,Baldwin Park,CA,91706
7825,4733 Landis Ave.,Baldwin Park,CA,91706
7826,14321 School St.,Baldwin Park,CA,91706
7827,4600 Bogart Ave.,Baldwin Park,CA,91706
7828,13701 Olive St.,Baldwin Park,CA,91706
7829,3600 North Frazier St.,Baldwin Park,CA,91706
7830,13400 Foster Ave.,Baldwin Park,CA,91706
7831,13350 Tracy St.,Baldwin Park,CA,91706
7832,3609 Vineland Ave.,Baldwin Park,CA,91706
7833,4701 North Walnut St.,Baldwin Park,CA,91706
7834,2425 School St.,Solvang,CA,93463
7835,11818 Gregg St.,Ballico,CA,95303
7836,9921 Crocker St.,Cressey,CA,95312
7837,7549 Oro-Bangor Hwy.,Bangor,CA,95914
7838,100 West Westward,Banning,CA,92220
7839,295 North San Gorgonio Ave.,Banning,CA,92220
7840,1928 West Nicolet St.,Banning,CA,92220
7841,1115 East Hoffer St.,Banning,CA,92220
7842,1151 West Wilson St.,Banning,CA,92220
7843,101 East Nicolet St.,Banning,CA,92220
7844,1151 West Wilson St.,Banning,CA,92220
7845,50575 Carmen Ave.,Cabazon,CA,92230
7846,161 West Willams,Banning,CA,92220
7847,671 North Florida St.,Banning,CA,92220
7848,771 West Williams,Banning,CA,92220
7849,430 South First Ave.,Barstow,CA,92311
7850,1000 Armory Rd.,Barstow,CA,92311
7851,801 Muriel Dr.,Barstow,CA,92311
7852,405 North Second Ave.,Barstow,CA,92311
7853,2020 Monterey,Barstow,CA,92311
7854,400 South Avenue E,Barstow,CA,92311
7855,34374 Ash Rd.,Lenwood,CA,92311
7856,700 Montara Rd.,Barstow,CA,92311
7857,36968 Camarillo Ave.,Barstow,CA,92311
7858,1000 Armory Rd.,Barstow,CA,92311
7859,25757 Agate Rd.,Lenwood,CA,92311
7860,405 North Second Ave.,Barstow,CA,92311
7861,310 Mountain View,Barstow,CA,92311
7862,500 South Avenue G,Barstow,CA,92311
7863,405 North 2nd Ave.,Barstow,CA,92311
7864,43109 Highway 49,Ahwahnee,CA,93601
7865,49495 Road 427,Oakhurst,CA,93644
7866,40094 Indian Springs Rd.,Oakhurst,CA,93644
7867,43109 Hwy. 49,Ahwahnee,CA,93601
7868,755 Ardilla Ave.,La Puente,CA,91746
7869,14135 East Fairgrove Ave.,La Puente,CA,91746
7870,904 Willow Ave.,La Puente,CA,91746
7871,935 Mayland Ave.,La Puente,CA,91746
7872,751 North Vineland Ave.,City Of Industry,CA,91746
7873,1151 North Van Wig Ave.,La Puente,CA,91746
7874,13855 Don Julian Rd.,La Puente,CA,91746
7875,155 Oriente St.,Daly City,CA,94014
7876,351 Maple Ln.,Big Bear City,CA,92314
7877,41275 Big Bear Blvd.,Big Bear Lake,CA,92315
7878,40600 Valley of the Falls Dr.,Forest Falls,CA,92339
7879,765 North Stanfield Cutoff,Big Bear Lake,CA,92315
7880,44500 Baldwin Ln.,Big Bear City,CA,92314
7881,351 Maple Ln.,Big Bear City,CA,92314
7882,1001 Roberts Ln.,Bakersfield,CA,93308
7883,1001 Roberts Ln.,Bakersfield,CA,93308
7884,900 Sanford Dr.,Bakersfield,CA,93308
7885,5210 Victor St.,Bakersfield,CA,93308
7886,39139 Cherry Valley Blvd.,Beaumont,CA,92223
7887,200 Cougar Way,Beaumont,CA,92223
7888,751 Palm Ave.,Beaumont,CA,92223
7889,939 East Tenth St.,Beaumont,CA,92223
7890,1040 Claiborne Ave.,Beaumont,CA,92223
7891,38755 Brookside Ave.,Beaumont,CA,92223
7892,1591 Cherry Ave.,Beaumont,CA,92223
7893,1520 East Eighth St.,Beaumont,CA,92223
7894,36611 Champions Dr.,Beaumont,CA,92223
7895,1015 Carnation Ln.,Beaumont,CA,92223
7896,350 West Brookside Ave.,Beaumont,CA,92223
7897,939 East 10th St.,Beaumont,CA,92223
7898,1510 Cougar Way,Beaumont,CA,92223
7899,1020 Poinsettia Cir.,Calimesa,CA,92320
7900,3144 West Westward Ave.,Banning,CA,92220
7901,22661 Old Alturas Rd.,Bella Vista,CA,96008
7902,3223 Primrose Ave.,Santa Rosa,CA,95407
7903,2121 Moraga Dr.,Santa Rosa,CA,95404
7904,2665 Dutton Meadow Ave.,Santa Rosa,CA,95407
7905,1210 East Bellevue Ave.,Santa Rosa,CA,95407
7906,15301 South McNab Ave.,Bellflower,CA,90706
7907,5223 East Bigelow St.,Lakewood,CA,90712
7908,10027 East Rose St.,Bellflower,CA,90706
7909,5900 North Canehill St.,Lakewood,CA,90713
7910,6000 North Woodruff Ave.,Lakewood,CA,90713
7911,14500 South Woodruff Ave.,Bellflower,CA,90706
7912,9351 East Laurel St.,Bellflower,CA,90706
7913,9242 East Laurel St.,Bellflower,CA,90706
7914,9725 East Jefferson St.,Bellflower,CA,90706
7915,16703 South Clark Ave.,Bellflower,CA,90706
7916,14929 Cerritos Ave.,Bellflower,CA,90706
7917,4718 East Michelson St.,Lakewood,CA,90712
7918,15332 South Eucalyptus St.,Bellflower,CA,90706
7919,6144 North Clark Ave.,Lakewood,CA,90712
7920,10039 East Palm St.,Bellflower,CA,90706
7921,22736 Kuien Mill Rd.,Sonora,CA,95370
7922,22736 Kuien Mill Rd.,Sonora,CA,95370
7923,525 Middle Rd.,Belmont,CA,94002
7924,3100 Saint James Rd.,Belmont,CA,94002
7925,500 Biddulph Way,Belmont,CA,94002
7926,2675 Ralston Ave.,Belmont,CA,94002
7927,2525 Buena Vista,Belmont,CA,94002
7928,801 Redwood Shores Pkwy.,Redwood City,CA,94065
7929,225 Shearwater Pkwy.,Redwood City,CA,94065
7930,1101 Military West,Benicia,CA,94510
7931,1100 Southampton Rd.,Benicia,CA,94510
7932,901 Military West,Benicia,CA,94510
7933,351 East J St.,Benicia,CA,94510
7934,2015 East Third St.,Benicia,CA,94510
7935,540 Rose Dr.,Benicia,CA,94510
7936,650 Hastings Dr.,Benicia,CA,94510
7937,426 East K St.,Benicia,CA,94510
7938,2311 Horseshoe Dr.,Santa Rosa,CA,95405
7939,2250 Mesquite Dr.,Santa Rosa,CA,95405
7940,1645 Milvia St.,Berkeley,CA,94709
7941,1980 Allston Way,Berkeley,CA,94704
7942,2800 Forest Ave.,Berkeley,CA,94705
7943,1465 Acton St.,Berkeley,CA,94702
7944,1781 Rose St.,Berkeley,CA,94703
7945,2840 Ellsworth St.,Berkeley,CA,94705
7946,1701 San Pablo Ave.,Berkeley,CA,94702
7947,1731 Prince St.,Berkeley,CA,94703
7948,1222 University Ave.,Berkeley,CA,94702
7949,840 Colusa Ave.,Berkeley,CA,94707
7950,2300 Martin Luther King Jr. Way,Berkeley,CA,94704
7951,920 Allston Way,Berkeley,CA,94710
7952,830 Regal Rd.,Berkeley,CA,94708
7953,2425 Stuart St.,Berkeley,CA,94705
7954,2955 Claremont Ave.,Berkeley,CA,94705
7955,2701 Martin Luther King Jr. Way,Berkeley,CA,94704
7956,2134 Martin Luther King Jr. Way,Berkeley,CA,94704
7957,2701 Martin Luther King Jr Way,Berkeley,CA,94703
7958,1781 Olivetree Dr.,San Jose,CA,95131
7959,2550 Greengate Dr.,San Jose,CA,95132
7960,2095 Warmwood Ln.,San Jose,CA,95132
7961,1855 Majestic Way,San Jose,CA,95132
7962,1970 Morrill Ave.,San Jose,CA,95132
7963,3466 Grossmont Dr.,San Jose,CA,95132
7964,2760 East Trimble Rd.,San Jose,CA,95132
7965,955 Piedmont Rd.,San Jose,CA,95132
7966,1401 Turlock Ln.,San Jose,CA,95132
7967,3155 Kimlee Dr.,San Jose,CA,95132
7968,1100 Summerdale Dr.,San Jose,CA,95132
7969,995 Bard St.,San Jose,CA,95127
7970,1311 Vinci Park Way,San Jose,CA,95131
7971,1376 Piedmont Rd.,San Jose,CA,95132
7972,624 N. Rexford Dr.,Beverly Hills,CA,90210
7973,241 Moreno Dr.,Beverly Hills,CA,90212
7974,200 South Elm Dr.,Beverly Hills,CA,90212
7975,605 North Whittier Dr.,Beverly Hills,CA,90210
7976,624 North Rexford Dr.,Beverly Hills,CA,90210
7977,8701 Charleville Blvd.,Beverly Hills,CA,90211
7978,55190 Point Rd.,Big Creek,CA,93605
7979,269 Big Lagoon Park Rd.,Trinidad,CA,95570
7980,500 South Main St.,Big Pine,CA,93513
7981,500 South Main St.,Big Pine,CA,93513
7982,7405 Highway A-12,Montague,CA,96064
7983,400 Bridge St.,Bieber,CA,96009
7984,90 First St.,Bieber,CA,96009
7985,300 B St.,Biggs,CA,95917
7986,3046 Second St.,Biggs,CA,95917
7987,5236 Church St.,Richvale,CA,95974
7988,45980 Airline Hwy State Highway 25,King City,CA,93930
7989,7752 Ponderosa Way,Shingletown,CA,96088
7990,7946 Ponderosa Way,Shingletown,CA,96088
7991,4701 Volcanoville Rd.,Georgetown,CA,95634
7992,6530 Wentworth Springs Rd.,Georgetown,CA,95634
7993,5101 Garden Valley Rd.,Garden Valley,CA,95633
7994,6540 Wentworth Springs Rd.,Georgetown,CA,95634
7995,860 Cave Valley Rd.,Cool,CA,95614
7996,6620 Wentworth Springs Rd.,Georgetown,CA,95634
7997,19165 Main St.,Woody,CA,93287
7998,4949 Foxen Canyon Rd.,Santa Maria,CA,93454
7999,631 Greenwood Ave.,Blue Lake,CA,95525
8000,13735 Ager-Beswick Rd.,Montague,CA,96064
8001,125 Olema-Bolinas Rd.,Bolinas,CA,94924
8002,2715 West Main St.,Santa Maria,CA,93458
8003,500 West Windsor,Santa Maria,CA,93458
8004,301 East Alvin Ave.,Santa Maria,CA,93454
8005,1890 Sandalwood Dr.,Santa Maria,CA,93455
8006,219 West El Camino,Santa Maria,CA,93458
8007,120 Mary Dr.,Santa Maria,CA,93458
8008,1100 East Fesler St.,Santa Maria,CA,93454
8009,1248 East Dena Way,Santa Maria,CA,93454
8010,410 East Camino Colegio,Santa Maria,CA,93454
8011,1120 West Harding St.,Santa Maria,CA,93458
8012,700 East Vickie Ave.,Santa Maria,CA,93454
8013,601 West Alvin Ave.,Santa Maria,CA,93458
8014,605 East Battles Rd.,Santa Maria,CA,93454
8015,930 West Rancho Verde,Santa Maria,CA,93458
8016,1921 North Carlotti Dr.,Santa Maria,CA,93454
8017,1890 Sandalwood Dr.,Santa Maria,CA,93455
8018,804 West Liberty St.,Santa Maria,CA,93458
8019,930 Hidden Pines Way,Santa Maria,CA,93458
8020,1300 West Sonya Ln.,Santa Maria,CA,93458
8021,1970 South Biscayne St.,Santa Maria,CA,93458
8022,750 Meehan St.,Santa Maria,CA,93454
8023,740 East Allen Ave.,San Dimas,CA,91773
8024,825 North Amelia,San Dimas,CA,91773
8025,3102 D St.,La Verne,CA,91750
8026,121 West Allen Ave.,San Dimas,CA,91773
8027,400 North Walnut Ave.,San Dimas,CA,91773
8028,1314 West Gladstone,San Dimas,CA,91773
8029,1629 Holly Oak St.,La Verne,CA,91773
8030,2715 E St.,La Verne,CA,91750
8031,1550 Baseline Rd.,La Verne,CA,91773
8032,700 South Lone Hill,San Dimas,CA,91773
8033,3490 Ramona Ave.,San Dimas,CA,91773
8034,800 West Covina Blvd.,San Dimas,CA,91773
8035,127 West Allen Ave.,San Dimas,CA,91773
8036,5200 Wheeler Ave.,La Verne,CA,91750
8037,800 West Covina Blvd.,San Dimas,CA,91773
8038,1492 Pine Flat Rd.,Santa Cruz,CA,95060
8039,1315 Palm Canyon Dr.,Borrego Springs,CA,92004
8040,2281 Diegueno Rd.,Borrego Springs,CA,92004
8041,2255 Diegueno Rd.,Borrego Springs,CA,92004
8042,65600 Dixie St.,Bradley,CA,93426
8043,385 D St.,Brawley,CA,92227
8044,615 South Cesar Chavez St.,Brawley,CA,92227
8045,1401 B St.,Brawley,CA,92227
8046,150 K St.,Brawley,CA,92227
8047,245 West A St.,Brawley,CA,92227
8048,715 South Ceasar Chavez,Brawley,CA,92227
8049,480 North Imperial Ave.,Brawley,CA,92227
8050,104 West Magnolia St.,Brawley,CA,92227
8051,104 Magnolia Ave.,Brawley,CA,92227
8052,900 Eadington Dr.,Brea,CA,92821
8053,400 North Brea Blvd.,Brea,CA,92821
8054,689 North Wildcat Way,Brea,CA,92821
8055,789 North Wildcat Way,Brea,CA,92821
8056,200 South Flower Ave.,Brea,CA,92821
8057,1111 West Mariposa Dr.,Brea,CA,92821
8058,3145 East Birch St.,Brea,CA,92821
8059,650 North Apricot Ave.,Brea,CA,92821
8060,150 North Associated Rd.,Brea,CA,92821
8061,1 Civic Center Cir.,Brea,CA,92822
8062,200 Griffith Ln.,Brentwood,CA,94513
8063,140 Birch St.,Brentwood,CA,94513
8064,250 First St.,Brentwood,CA,94513
8065,855 Minnesota Ave.,Brentwood,CA,94513
8066,2110 San Jose Ave.,Brentwood,CA,94513
8067,1755 Central Blvd.,Brentwood,CA,94513
8068,190 Crawford Dr.,Brentwood,CA,94513
8069,2010 Shady Willow Ln.,Brentwood,CA,94513
8070,601 Grant St.,Brentwood,CA,94513
8071,401 American Ave.,Brentwood,CA,94513
8072,480 Farmington Dr.,Brentwood,CA,94513
8073,2340 Smith Rd.,Brentwood,CA,94513
8074,364 Murphys Grade Rd.,Angels Camp,CA,95221
8075,364 Murphys Grade Rd.,Altaville,CA,95221
8076,38717 Kneeland Rd.,Bridgeville,CA,95526
8077,14438 West Telegraph Rd.,Santa Paula,CA,93060
8078,12465 Foothill Rd.,Santa Paula,CA,93060
8079,500 San Bruno Ave.,Brisbane,CA,94005
8080,1 Solano St.,Brisbane,CA,94005
8081,25 Bellevue Ave.,Daly City,CA,94014
8082,2340 Pepper St.,Sutter,CA,95982
8083,1248 Pacific Ave.,Rio Oso,CA,95674
8084,3001 Golden Eagle Ln.,El Dorado Hills,CA,95762
8085,4561 Buckeye Rd.,Shingle Springs,CA,95682
8086,2480 Merrychase Dr.,Cameron Park,CA,95682
8087,3610 Park Dr.,El Dorado Hills,CA,95762
8088,7141 Silva Valley Pkwy.,El Dorado Hills,CA,95762
8089,2391 Merrychase Dr.,Cameron Park,CA,95682
8090,1665 Blackstone Pkwy.,El Dorado Hills,CA,95762
8091,7701 Silva Valley Pkwy.,El Dorado Hills,CA,95762
8092,7701 Silva Valley Pkwy.,El Dorado Hills,CA,95762
8093,301 Second St.,Buellton,CA,93427
8094,595 Second St.,Buellton,CA,93427
8095,8201 Country Club Dr.,Buena Park,CA,90621
8096,6931 Orangethorpe Ave.,Buena Park,CA,90620
8097,7351 Holder St.,Buena Park,CA,90620
8098,8600 Somerset St.,Buena Park,CA,90621
8099,7255 Eighth St.,Buena Park,CA,90621
8100,7101 Stanton Ave.,Buena Park,CA,90621
8101,8401 Montana St.,Buena Park,CA,90621
8102,6547 Buena Vista Rd.,Bakersfield,CA,93311
8103,4615 Mountain Vista Dr.,Bakersfield,CA,93311
8104,5601 Harris Rd.,Bakersfield,CA,93313
8105,10800 Rosslyn Ln.,Bakersfield,CA,93311
8106,2800 Agate St.,Bakersfield,CA,93304
8107,4200 Planz Rd.,Bakersfield,CA,93309
8108,9400 Stine Rd.,Bakersfield,CA,93313
8109,4300 Wilson Rd.,Bakersfield,CA,93309
8110,5501 Kleinpell Ave.,Bakersfield,CA,93309
8111,6001 Edgemont Dr.,Bakersfield,CA,93309
8112,7801 Kroll Way,Bakersfield,CA,93309
8113,2400 Westholme Blvd.,Bakersfield,CA,93309
8114,4100 Alum Ave.,Bakersfield,CA,93309
8115,4600 Chaney Ln.,Bakersfield,CA,93311
8116,2601 El Portal Dr.,Bakersfield,CA,93309
8117,3901 Pin Oak Park Blvd.,Bakersfield,CA,93311
8118,9501 Ridge Oak Dr.,Bakersfield,CA,93311
8119,4000 Loudon St.,Bakersfield,CA,93313
8120,8900 Westwold Dr.,Bakersfield,CA,93311
8121,3900 Berkshire Rd.,Bakersfield,CA,93313
8122,8000 Akers Rd.,Bakersfield,CA,93313
8123,9815 Campus Park Dr.,Bakersfield,CA,93311
8124,7345 Mountain Ridge Dr.,Bakersfield,CA,93313
8125,2923 McKee Rd.,Bakersfield,CA,93313
8126,13401 Pemberley Passage Ave.,Bakersfield,CA,93311
8127,10001 Stine Rd,Bakersfield,CA,93313
8128,21660 Road 60,Tulare,CA,93274
8129,902 North Third St.,Burbank,CA,91502
8130,1920 Clark Ave.,Burbank,CA,91506
8131,1220 West Orange Grove Ave.,Burbank,CA,91506
8132,2110 West Chestnut St.,Burbank,CA,91506
8133,720 East Cypress Ave.,Burbank,CA,91501
8134,3200 West Jeffries Ave.,Burbank,CA,91505
8135,1900 North Sixth St.,Burbank,CA,91504
8136,420 South Mariposa St.,Burbank,CA,91506
8137,3700 West Jeffries Ave.,Burbank,CA,91505
8138,349 West Valencia Ave.,Burbank,CA,91506
8139,720 East Providencia Ave.,Burbank,CA,91501
8140,1111 North Kenneth Rd.,Burbank,CA,91504
8141,1919 North Ontario St.,Burbank,CA,91505
8142,850 North Cordova St.,Burbank,CA,91505
8143,3333 Oak St.,Burbank,CA,91505
8144,2322 North Lincoln St.,Burbank,CA,91504
8145,1915 Monterey Ave.,Burbank,CA,91506
8146,223 East Santa Anita Ave.,Burbank,CA,91502
8147,1915 Monterey Ave.,Burbank,CA,91506
8148,3401 Scott Rd.,Burbank,CA,91504
8149,1915 Monterey Ave.,Burbank,CA,91506
8150,1715 Quesada Way,Burlingame,CA,94010
8151,2385 Trousdale Dr.,Burlingame,CA,94010
8152,1801 Devereux Dr.,Burlingame,CA,94010
8153,701 Paloma Ave.,Burlingame,CA,94010
8154,801 Howard Ave.,Burlingame,CA,94010
8155,1151 Vancouver Ave.,Burlingame,CA,94010
8156,1151 Vancouver Ave,Burlingame,CA,94010
8157,2220 Summit Dr.,Burlingame,CA,94010
8158,251 Burnt Ranch School Rd.,Burnt Ranch,CA,95527
8159,16704 South Jameson Ave.,Riverdale,CA,93656
8160,2375 West Morton St.,Porterville,CA,93257
8161,2573 West Westfield Ave.,Porterville,CA,93257
8162,1155 North Elderwood St.,Porterville,CA,93257
8163,1873 West Mulberry Ave.,Porterville,CA,93257
8164,252 North Westwood,Porterville,CA,93257
8165,175 South Mathew St.,Porterville,CA,93257
8166,264 North Westwood St.,Porterville,CA,93257
8167,615 West Third St.,Dorris,CA,96023
8168,615 West Third St.,Dorris,CA,97601
8169,615 West Third,Dorris,CA,96023
8170,615 West Third St.,Dorris,CA,96023
8171,24512 Edgewood Rd.,Weed,CA,96094
8172,42600 Hwy 58,Buttonwillow,CA,93206
8173,14301 Byron Hwy.,Byron,CA,94514
8174,1700 Willow Lake Rd.,Discovery Bay,CA,94505
8175,40 Newbury Ln.,Discovery Bay,CA,94505
8176,40 Newbury Ln.,Discovery Bay,CA,94505
8177,490 Miramontes Ave.,Half Moon Bay,CA,94019
8178,400 Santiago St.,Half Moon Bay,CA,94019
8179,250 LaConte and Kanoff,Montara,CA,94037
8180,1 Lewis Foster Dr.,Half Moon Bay,CA,94019
8181,211 Swett Rd.,Woodside,CA,94062
8182,600 Church St.,Half Moon Bay,CA,94019
8183,498 Kelly Ave.,Half Moon Bay,CA,94019
8184,1005 South Anza St.,El Cajon,CA,92020
8185,3845 Avocado School Rd.,La Mesa,CA,91941
8186,550 Park Ave.,El Cajon,CA,92020
8187,195 East Chase Ave.,El Cajon,CA,92020
8188,2000 Suncrest Blvd.,El Cajon,CA,92021
8189,1251 Finch St.,El Cajon,CA,92020
8190,11625 Fuerte Dr.,El Cajon,CA,92020
8191,1495 Greenfield Dr.,El Cajon,CA,92021
8192,1376 Pepper Dr.,El Cajon,CA,92021
8193,500 West Madison,El Cajon,CA,92020
8194,1145 Redwood Ave.,El Cajon,CA,92019
8195,1615 East Madison Ave.,El Cajon,CA,92019
8196,650 Greenfield Dr.,El Cajon,CA,92021
8197,651 South Third St.,El Cajon,CA,92019
8198,1570 Melody Ln.,El Cajon,CA,92019
8199,1030 Naranca Ave.,El Cajon,CA,92021
8200,14314 Rios Canyon Rd.,El Cajon,CA,92021
8201,2962 Jamul Dr.,El Cajon,CA,92019
8202,9863 Oakmont Terr.,El Cajon,CA,92021
8203,1301 Brabham St.,El Cajon,CA,92019
8204,1908 Vista Grande Rd.,El Cajon,CA,92019
8205,2962 Jamul Dr.,El Cajon,CA,92019
8206,12151 Calle Albara,El Cajon,CA,92019
8207,9669 Dunbar Ln.,El Cajon,CA,92021
8208,1609 East Madison Ave.,El Cajon,CA,92019
8209,165 Roanoke Rd.,El Cajon,CA,92020
8210,350 High School St.,San Andreas,CA,95249
8211,350 High School St.,San Andreas,CA,95249
8212,8350 Highway 26,Mokelumne Hill,CA,95245
8213,255 Lewis Ave.,San Andreas,CA,95249
8214,240 Pine St.,Valley Springs,CA,95252
8215,54 Bald Mountain Rd.,West Point,CA,95255
8216,3412 Double Spring Rd.,Valley Springs,CA,95252
8217,501 Gold Strike Rd.,San Andreas,CA,95249
8218,5100 Driver Rd.,Valley Springs,CA,95252
8219,1391 Kloke Rd.,Calexico,CA,92231
8220,1030 Encinas Ave.,Calexico,CA,92231
8221,800 Encinas Ave.,Calexico,CA,92231
8222,1120 East Seventh St.,Calexico,CA,92231
8223,2300 Rockwood Ave.,Calexico,CA,92231
8224,655 Sheridan Ave.,Calexico,CA,92231
8225,1000 Rockwood Ave.,Calexico,CA,92231
8226,1202 Kloke Rd.,Calexico,CA,92231
8227,1201 Kloke Rd.,Calexico,CA,92231
8228,800 East Rivera Ave.,Calexico,CA,92231
8229,1251 East Zapata St.,Calexico,CA,92231
8230,1391 Kloke Rd.,Calexico,CA,92231
8231,12400 Caliente Creek Rd.,Caliente,CA,93518
8232,601 West Main St.,Calipatria,CA,92233
8233,220 South International Blvd.,Calipatria,CA,92233
8234,9 East Fourth St.,Niland,CA,92257
8235,401 West Main St.,Calipatria,CA,92233
8236,1327 Berry St.,Calistoga,CA,94515
8237,1608 Lake St.,Calistoga,CA,94515
8238,1507 Grant St.,Calistoga,CA,94515
8239,1840 Harris Ave.,San Jose,CA,95124
8240,2800 New Jersey Ave.,San Jose,CA,95124
8241,15711 Woodard Rd.,San Jose,CA,95124
8242,2650 New Jersey Ave.,San Jose,CA,95124
8243,3850 Woodford Dr.,San Jose,CA,95124
8244,3001 Ross Ave.,San Jose,CA,95124
8245,3060 Snows Rd.,Camino,CA,95709
8246,1970 Willow St.,San Jose,CA,95125
8247,850 Chapman Ave.,Campbell,CA,95008
8248,3040 East Payne Ave.,Campbell,CA,95008
8249,4450 McCoy Ave.,San Jose,CA,95130
8250,881 South Cypress Ave.,San Jose,CA,95117
8251,14114 Marilyn Ln.,Saratoga,CA,95070
8252,1055 South Monroe St.,San Jose,CA,95128
8253,1585 More Ave.,Los Gatos,CA,95030
8254,401 West Hamilton Ave.,Campbell,CA,95008
8255,1800 Fruitdale Ave.,San Jose,CA,95128
8256,825 West Parr Ave.,Campbell,CA,95008
8257,295 West Cherry Ln.,Campbell,CA,95008
8258,901 Boynton Ave.,San Jose,CA,95117
8259,1224 Del Mar Ave.,San Jose,CA,95128
8260,18900 Prospect Rd.,Saratoga,CA,95070
8261,4805 Westmont Ave.,Campbell,CA,95008
8262,5210 Leigh Ave.,San Jose,CA,95124
8263,1570 Branham Ln.,San Jose,CA,95118
8264,16585 School St.,Camptonville,CA,95922
8265,187 Pinehurst Rd.,Canyon,CA,94516
8266,7504 Cutting Ave.,Orland,CA,95963
8267,26301 Via Escolar,Mission Viejo,CA,92692
8268,24042 Via la Coruna,Mission Viejo,CA,92691
8269,3120 Avenida del Presidente,San Clemente,CA,92672
8270,33333 Golden Lantern,Dana Point,CA,92629
8271,25591 Camino del Avion,San Juan Capistrano,CA,92675
8272,27252 Nubles St.,Mission Viejo,CA,92692
8273,28001 San Juan Creek Rd.,San Juan Capistrano,CA,92675
8274,1101 Calle Puente,San Clemente,CA,92672
8275,25601 Camino del Avion,San Juan Capistrano,CA,92675
8276,29851 Highlands Ave.,Laguna Niguel,CA,92677
8277,29070 Shark Bay,Laguna Niguel,CA,92677
8278,26462 Via Sacramento,Capistrano Beach,CA,92624
8279,24242 La Cresta Dr.,Dana Point,CA,92629
8280,700 Avenido Pico,San Clemente,CA,92673
8281,31642 El Camino Real,San Juan Capistrano,CA,92675
8282,31422 Camino Capistrano,San Juan Capistrano,CA,92675
8283,240 Via Socorro,San Clemente,CA,92672
8284,26782 Via Grande,Mission Viejo,CA,92691
8285,23371 Arroyo Vista,Rancho Santa Margarita,CA,92688
8286,28000 Wolverine Way,Aliso Viejo,CA,92656
8287,111 Park Ave.,Aliso Viejo,CA,92656
8288,27642 Napoli Way,Mission Viejo,CA,92692
8289,25142 Hidden Hills Rd.,Laguna Niguel,CA,92677
8290,200 Avenida Vista Montana,San Clemente,CA,92672
8291,32261 Charles Ave.,Laguna Niguel,CA,92677
8292,23431 Knollwood,Aliso Viejo,CA,92656
8293,22705 Sanborn,Aliso Viejo,CA,92656
8294,25862 Antonio Pkwy.,Rancho Santa Margarita,CA,92688
8295,30912 Bridle Path,Coto De Caza,CA,92679
8296,25001 Veterans Way,Mission Viejo,CA,92692
8297,1271 Sarmentoso,San Clemente,CA,92673
8298,26278 Wood Canyon Dr.,Aliso Viejo,CA,92656
8299,26278 Wood Canyon Dr.,Aliso Viejo,CA,92656
8300,25862 Antonio Pkwy.,Las Flores,CA,92688
8301,2 Via Positiva,San Juan Capistrano,CA,92675
8302,23072 Avenida Empresa,Rancho Santa Margarita,CA,92688
8303,1 Tesoro Creek Rd.,Las Flores,CA,92688
8304,29001 Sienna Pkwy.,Ladera Ranch,CA,92694
8305,2410 Via Turqueza,San Clemente,CA,92673
8306,25302 Rancho Niguel Rd.,Laguna Niguel,CA,92677
8307,1251 Sarmentoso,San Clemente,CA,92673
8308,25422 Chapparosa Park Rd.,Laguna Niguel,CA,92677
8309,24171 Pavion,Mission Viejo,CA,92692
8310,31576 El Camino Real,San Juan Capistrano,CA,92675
8311,27922 Niguel Heights Blvd.,Laguna Niguel,CA,92677
8312,30251 Sienna Pkwy.,Ladera Ranch,CA,92694
8313,29551 Sienna Pkwy.,Ladera Ranch,CA,92694
8314,29551 Sienna Pkwy.,Ladera Ranch,CA,92694
8315,1130 Avenue Talega,San Clemente,CA,92673
8316,1130 Avenue Talega,San Clemente,CA,92673
8317,27800 Oak View Dr.,Aliso Viejo,CA,92656
8318,23371 Arroyo Vista,Rancho Santa Margarita,CA,92688
8319,29211 Stallion Ridge,San Juan Capistrano,CA,92675
8320,32972 Calle Perfecto,San Juan Capistrano,CA,92675
8321,27252 Nubles,Mission Viejo,CA,92692
8322,32972 Calle Perfecto,San Juan Capistrano,CA,92675
8323,5 Aprender St.,Rancho Mission Viejo,CA,92694
8324,5 Aprender St.,Rancho Mission Viejo,CA,92694
8325,24242 La Cresta Dr.,Dana Point,CA,92629
8326,1508 Windsor Rd.,Cardiff-by-the-Sea,CA,92007
8327,1888 Montgomery Ave.,Cardiff-by-the-Sea,CA,92007
8328,1330 Buena Vista Way,Carlsbad,CA,92008
8329,3557 Lancer Way,Carlsbad,CA,92008
8330,3743 Jefferson St.,Carlsbad,CA,92008
8331,4885 Kelly Dr.,Carlsbad,CA,92008
8332,3557 Lancer Way,Carlsbad,CA,92008
8333,1905 Magnolia Ave.,Carlsbad,CA,92008
8334,1645 Magnolia Ave.,Carlsbad,CA,92008
8335,3557 Lancer Way,Carlsbad,CA,92008
8336,1100 Camino De Las Ondas,Carlsbad,CA,92009
8337,6880 Ambrosia Ln.,Carlsbad,CA,92011
8338,3010 Tamarack Ave.,Carlsbad,CA,92010
8339,6900 Ambrosia Ln.,Carlsbad,CA,92009
8340,4100 Tamarack Ave.,Carlsbad,CA,92008
8341,4104 Tamarack Ave.,Carlsbad,CA,92008
8342,2445 Mica Rd.,Carlsbad,CA,92009
8343,3900 Bobcat Blvd.,Carlsbad,CA,92010
8344,Highway 1,Big Sur,CA,93920
8345,27335 Schulte Rd.,Carmel,CA,93923
8346,3600 Ocean Ave.,Carmel,CA,93923
8347,4380 Carmel Valley Rd.,Carmel,CA,93922
8348,Monte Verde St. and 15th Ave.,Carmel,CA,93923
8349,35 Ford Rd.,Carmel Valley,CA,93924
8350,8460 Carmel Valley Rd.,Carmel,CA,93923
8351,Hwy. 1,Big Sur,CA,93920
8352,37320 Nason Rd.,Carmel Valley,CA,93924
8353,4545 Carpinteria Ave.,Carpinteria,CA,93013
8354,1480 Linden Ave.,Carpinteria,CA,93013
8355,5351 Carpinteria Ave.,Carpinteria,CA,93013
8356,4810 Foothill Rd.,Carpinteria,CA,93013
8357,135 Valencia Ave.,Summerland,CA,93067
8358,1480 Linden Ave.,Carpinteria,CA,93013
8359,1646 West Ferry St.,Anderson,CA,96007
8360,1530 Spruce St.,Anderson,CA,96007
8361,2770 Balls Ferry Rd.,Anderson,CA,96007
8362,1500 Spruce St.,Anderson,CA,96007
8363,30455 Park Vista Dr.,Castaic,CA,91384
8364,28900 Hillcrest Pkwy.,Castaic,CA,91384
8365,27715 Saddleridge Rd.,Castaic,CA,91384
8366,32545 Ridge Route Rd.,Castaic,CA,91384
8367,28900 Hillcrest Pkwy.,Castaic,CA,91384
8368,29373 Main St.,Castella,CA,96017
8369,19600 Cull Canyon Rd.,Castro Valley,CA,94552
8370,20185 San Miguel Ave.,Castro Valley,CA,94546
8371,19400 Santa Maria Ave.,Castro Valley,CA,94546
8372,18400 Clifton Way,Castro Valley,CA,94546
8373,20111 Marshall St.,Castro Valley,CA,94546
8374,6395 Palo Verde Rd.,Castro Valley,CA,94552
8375,17520 Redwood Rd.,Castro Valley,CA,94546
8376,18400 Clifton Way,Castro Valley,CA,94546
8377,5100 Vannoy,Castro Valley,CA,94546
8378,20001 Carson Ln.,Castro Valley,CA,94552
8379,19722 Center St.,Castro Valley,CA,94546
8380,19104 Lake Chabot Rd.,Castro Valley,CA,94546
8381,21201 Independent School Rd.,Castro Valley,CA,94552
8382,2644 Somerset Ave.,Castro Valley,CA,94546
8383,4400 Alma Ave.,Castro Valley,CA,94546
8384,18400 Clifton Way,Castro Valley,CA,94546
8385,301 Cayucos Dr.,Cayucos,CA,93430
8386,3909 North Loop Blvd.,Antelope,CA,95843
8387,8000 Aztec Way,Antelope,CA,95843
8388,3401 Scotland Dr.,Antelope,CA,95843
8389,3111 Center Ct. Ln.,Antelope,CA,95843
8390,8725 Watt Ave.,Antelope,CA,95843
8391,3901 Little Rock Dr.,Antelope,CA,95843
8392,4747 PFE Rd.,Roseville,CA,95747
8393,4601 Upland Dr.,Roseville,CA,95747
8394,4859 West El Segundo Blvd.,Hawthorne,CA,90250
8395,4118 West Rosecrans Ave.,Lawndale,CA,90260
8396,4951 Marine Ave.,Lawndale,CA,90260
8397,14901 South Inglewood Ave.,Lawndale,CA,90260
8398,4951 Marine Ave.,Lawndale,CA,90260
8399,7955 Archibald Ave.,Rancho Cucamonga,CA,91730
8400,7611 Hellman Ave.,Rancho Cucamonga,CA,91730
8401,10333 Palo Alto,Rancho Cucamonga,CA,91730
8402,7727 Valle Vista Dr.,Rancho Cucamonga,CA,91730
8403,10789 Terra Vista Pkwy.,Rancho Cucamonga,CA,91730
8404,8355 Bear Gulch Pl.,Rancho Cucamonga,CA,91730
8405,7889 Elm Ave.,Rancho Cucamonga,CA,91730
8406,5650 West Escalon Ave.,Fresno,CA,93722
8407,3550 North Milburn Ave.,Fresno,CA,93722
8408,3535 North Cornelia Ave.,Fresno,CA,93722
8409,5455 West Alluvial Ave.,Fresno,CA,93722
8410,4885 North Biola Ave.,Fresno,CA,93723
8411,4443 West Weldon Ave.,Fresno,CA,93722
8412,6265 North Grantland Ave.,Fresno,CA,93723
8413,8905 West Kearney Blvd.,Fresno,CA,93706
8414,855 West Nielsen,Fresno,CA,93706
8415,2600 North Garfield Ave.,Fresno,CA,93723
8416,4725 North Polk Ave.,Fresno,CA,93722
8417,330 South Brawley Ave.,Fresno,CA,93706
8418,2698 North Brawley,Fresno,CA,93722
8419,4444 West McKinley Ave.,Fresno,CA,93722
8420,6150 West Palo Alto,Fresno,CA,93722
8421,6240 West Palo Alto,Fresno,CA,93722
8422,2195 North Polk Ave.,Fresno,CA,93722
8423,6514 West Gettysburg Ave.,Fresno,CA,93723
8424,11 South Teilman,Fresno,CA,93706
8425,4055 North Bryan Ave.,Fresno,CA,93723
8426,21 South Teilman,Fresno,CA,93706
8427,2280 North Valentine Ave.,Fresno,CA,93722
8428,2280 N. Valentine Ave.,Fresno,CA,93722
8429,2045 North Dickenson Ave.,Fresno,CA,93722
8430,4100 North Grantland Ave.,Fresno,CA,93723
8431,4061 West Fountain Way,Fresno,CA,93722
8432,Constellation Ave.,N.A.S. Lemoore,CA,93245
8433,15783 18th Ave.,Lemoore,CA,93245
8434,Community Center Dr.,N.A.S. Lemoore,CA,93245
8435,20227 1st St.,Stratford,CA,93266
8436,1001 Brighton Ave.,El Centro,CA,92243
8437,1302 South Third St.,El Centro,CA,92243
8438,2001 Ocotillo Dr.,El Centro,CA,92243
8439,1302 South Third St.,El Centro,CA,92243
8440,1001 Brighton Avenue Tr. 25,El Centro,CA,92243
8441,8299 Holder St.,Buena Park,CA,90620
8442,320 Danbrook St.,Anaheim,CA,92804
8443,7770 Camellia Dr.,Buena Park,CA,90620
8444,8122 Moody St.,La Palma,CA,90623
8445,7751 Furman Rd.,La Palma,CA,90623
8446,6215 San Rolando Way,Buena Park,CA,90620
8447,7800 Holder St.,Buena Park,CA,90620
8448,195 North Western Ave.,Anaheim,CA,92801
8449,2555 Lawrence St.,Ceres,CA,95307
8450,2611 Garrison St.,Ceres,CA,95307
8451,1800 North Central Ave.,Ceres,CA,95307
8452,2320 Central Ave.,Ceres,CA,95307
8453,2300 Don Pedro Rd.,Ceres,CA,95307
8454,1806 Moffet Rd.,Ceres,CA,95307
8455,2904 Sixth St.,Ceres,CA,95307
8456,5218 South Carpenter,Modesto,CA,95358
8457,3618 Helen Perry Rd.,Ceres,CA,95307
8458,1601 Kinser Rd.,Ceres,CA,95307
8459,2555 Lawrence St.,Ceres,CA,95307
8460,1021 Moffett Rd.,Modesto,CA,95351
8461,3435 Don Pedro Rd.,Ceres,CA,95307
8462,3435 Don Pedro Rd.,Ceres,CA,95307
8463,4033 Central Ave.,Ceres,CA,95307
8464,2351 East Redwood Rd.,Ceres,CA,95307
8465,1824 Nadine Ave.,Modesto,CA,95351
8466,1211 Hackett Rd.,Ceres,CA,95307
8467,2800 Eastgate Blvd.,Ceres,CA,95307
8468,2004 Evans Rd.,Ceres,CA,95307
8469,2701 Eastgate Blvd.,Ceres,CA,95307
8470,3500 Rose Ave.,Ceres,CA,95307
8471,4927 Central Ave.,Ceres,CA,95307
8472,2503 Lawrence St.,Ceres,CA,95307
8473,8880 Baseline Rd.,Alta Loma,CA,91701
8474,1245 North Euclid Ave.,Ontario,CA,91762
8475,4725 Benito St.,Montclair,CA,91763
8476,901 West Francis St.,Ontario,CA,91762
8477,1801 East Sixth St.,Ontario,CA,91764
8478,11801 Lark Dr.,Rancho Cucamonga,CA,91701
8479,1802 East Seventh St.,Ontario,CA,91764
8480,13500 Victoria St.,Etiwanda,CA,91739
8481,6001 Milliken Ave.,Rancho Cucamonga,CA,91737
8482,3850 East Riverside Dr.,Ontario,CA,91761
8483,1802 East 7th St.,Ontario,CA,91764
8484,1505 South Sunflower Ave.,Glendora,CA,91740
8485,1771 East Old Badillo Ave.,Covina,CA,91724
8486,1209 North Glendora Ave.,Covina,CA,91724
8487,1430 East Covina Blvd.,Covina,CA,91724
8488,1000 North Sunflower Ave.,Covina,CA,91724
8489,303 South Glendora Ave.,Covina,CA,91724
8490,325 West Gladstone,Glendora,CA,91740
8491,1427 South Willow,Glendora,CA,91740
8492,1505 South Sunflower Ave.,Glendora,CA,91740
8493,1505 South Sunflower Ave.,Glendora,CA,91740
8494,7221 Clayton Rd.,Turlock,CA,95380
8495,10001 Crows Landing Rd.,Turlock,CA,95313
8496,15725 Mt. Olive Rd.,Grass Valley,CA,95945
8497,15725 Mount Olive Rd.,Grass Valley,CA,95945
8498,2376 North Ave.,Chico,CA,95926
8499,1071 East 16th St.,Chico,CA,95928
8500,280 Memorial Way,Chico,CA,95926
8501,901 Esplanade,Chico,CA,95926
8502,1350 Citrus Ave.,Chico,CA,95926
8503,290 East Ave.,Chico,CA,95926
8504,1238 Arbutus Ave.,Chico,CA,95926
8505,2446 Marigold Ave.,Chico,CA,95926
8506,988 East Ave.,Chico,CA,95926
8507,1420 Neal Dow Ave.,Chico,CA,95926
8508,1770 East Eighth St.,Chico,CA,95928
8509,1475 East Ave.,Chico,CA,95926
8510,100 Oak St.,Chico,CA,95928
8511,169 Leora Ct.,Chico,CA,95926
8512,1598 Hooker Oak Ave.,Chico,CA,95926
8513,1530 West Eighth Ave.,Chico,CA,95926
8514,2253 Humboldt Rd.,Chico,CA,95928
8515,290 East Ave.,Chico,CA,95926
8516,2090 Amanda Way,Chico,CA,95928
8517,290 East Ave.,Chico,CA,95926
8518,290 East Ave.,Chico,CA,95926
8519,1350 East Lassen Ave.,Chico,CA,95973
8520,3493 Grand Ave.,Chino Hills,CA,91709
8521,13509 Ramona Ave.,Chino,CA,91710
8522,4980 Riverside Dr.,Chino,CA,91710
8523,5431 Jefferson Ave.,Chino,CA,91710
8524,12750 Carissa Ave.,Chino,CA,91710
8525,3930 Pamela Dr.,Chino,CA,91710
8526,13400 Pipeline Ave.,Chino,CA,91710
8527,15000 Whirlaway Ln.,Chino Hills,CA,91709
8528,13150 Mountain Ave.,Chino,CA,91710
8529,12045 Telephone Ave.,Chino,CA,91710
8530,4150 Walnut Ave.,Chino,CA,91710
8531,4575 Walnut Ave.,Chino,CA,91710
8532,5550 Walnut Ave.,Chino,CA,91710
8533,2725 South Campus Ave.,Ontario,CA,91761
8534,14145 Village Center Dr.,Chino Hills,CA,91709
8535,2250 Ridgeview Dr.,Chino Hills,CA,91709
8536,11880 Roswell Ave.,Chino,CA,91710
8537,2840 Parco Ave.,Ontario,CA,91761
8538,15359 Ilex Dr.,Chino Hills,CA,91709
8539,3425 Eucalyptus Ave.,Chino Hills,CA,91709
8540,13435 Eagle Canyon Dr.,Chino Hills,CA,91709
8541,15452 Valle Vista Dr.,Chino Hills,CA,91709
8542,13590 Cypress Ave.,Chino,CA,91710
8543,13677 Calle San Marcos,Chino Hills,CA,91709
8544,6350 Mystic Canyon Dr.,Chino Hills,CA,91709
8545,14255 Peyton Ave.,Chino Hills,CA,91709
8546,2500 Madrugada Dr.,Chino Hills,CA,91709
8547,16150 Pomona Rincon Rd.,Chino Hills,CA,91709
8548,15650 Pipeline Ave.,Chino Hills,CA,91709
8549,6655 Schaefer Ave.,Chino,CA,91710
8550,16250 Pinehurst Dr.,Chino Hills,CA,91709
8551,2730 South Bon View Ave.,Ontario,CA,91761
8552,4849 Bird Farm Rd.,Chino Hills,CA,91709
8553,15850 Main St.,Chino,CA,91708
8554,16450 East Preserve Loop,Chino,CA,91708
8555,19421 Avenue 22 3/4,Chowchilla,CA,93610
8556,1101 Monterey Ave.,Chowchilla,CA,93610
8557,355 North 5th St.,Chowchilla,CA,93610
8558,1209 Robertson Blvd.,Chowchilla,CA,93610
8559,2200 South Lake Tahoe Dr.,Chowchilla,CA,93610
8560,805 Humboldt Ave.,Chowchilla,CA,93610
8561,805 Humboldt Ave.,Chowchilla,CA,93610
8562,24285 Lincoln St.,Chualar,CA,93925
8563,4300 Allen School Rd.,Bonita,CA,91902
8564,25 Emerson St.,Chula Vista,CA,91910
8565,875 Cuyamaca Ave.,Chula Vista,CA,91911
8566,3950 Byrd St.,San Diego,CA,92154
8567,475 East J St.,Chula Vista,CA,91910
8568,681 Naples St.,Chula Vista,CA,91911
8569,30 Murray St.,Chula Vista,CA,91910
8570,849 Twining Ave.,San Diego,CA,92154
8571,229 East Naples St.,Chula Vista,CA,91911
8572,390 Palomar St.,Chula Vista,CA,91911
8573,1450 Loma Ln.,Chula Vista,CA,91911
8574,1332 Kenalan Dr.,San Diego,CA,92154
8575,1601 Fourth Ave.,Chula Vista,CA,91911
8576,300 East Palomar St.,Chula Vista,CA,91911
8577,575 Juniper St.,Chula Vista,CA,91911
8578,915 Fourth Ave.,Chula Vista,CA,91911
8579,510 East Naples St.,Chula Vista,CA,91911
8580,1540 Malta Ave.,Chula Vista,CA,91911
8581,80 Flower St.,Chula Vista,CA,91911
8582,3730 Arey Dr.,San Diego,CA,92154
8583,5430 San Miguel Rd.,Bonita,CA,91902
8584,1691 Elmhurst St.,Chula Vista,CA,91913
8585,1515 Oleander Ave.,Chula Vista,CA,91911
8586,3724 Valley Vista Way,Bonita,CA,91902
8587,540 G St.,Chula Vista,CA,91910
8588,1220 South Greensview Dr.,Chula Vista,CA,91915
8589,1130 East J St.,Chula Vista,CA,91910
8590,1651 Albany Ave.,Chula Vista,CA,91911
8591,2295 MacKenzie Creek Rd.,Chula Vista,CA,91914
8592,980 Buena Vista Way,Chula Vista,CA,91910
8593,1955 Hillside Dr.,Chula Vista,CA,91913
8594,455 Windrose Way,Chula Vista,CA,91910
8595,1450 Santa Lucia Rd.,Chula Vista,CA,91913
8596,1201 Santa Cora Ave.,Chula Vista,CA,91913
8597,2175 Proctor Valley Rd.,Chula Vista,CA,91914
8598,1055 Hunte Pkwy.,Chula Vista,CA,91914
8599,1550 Magdalena Ave.,Chula Vista,CA,91913
8600,930 East Palomar,Chula Vista,CA,91913
8601,1950 Wolf Canyon Loop,Chula Vista,CA,91913
8602,1650 Exploration Falls Dr.,Chula Vista,CA,91915
8603,1644 Santa Alexia Ave.,Chula Vista,CA,91915
8604,84 East J St. Rm. 301,Chula Vista,CA,91910
8605,1145 Camino Prado,Chula Vista,CA,91913
8606,1790 Santa Christina Ave.,Chula Vista,CA,91913
8607,11936 Cienega Rd.,Hollister,CA,95023
8608,286 Skillman Ln.,Petaluma,CA,94952
8609,286 Skillman Ln.,Petaluma,CA,94952
8610,451 Chaparral Dr.,Claremont,CA,91711
8611,1601 North Indian Hill Blvd.,Claremont,CA,91711
8612,1750 North Mountain Ave.,Claremont,CA,91711
8613,1745 Lynoak Dr.,Claremont,CA,91711
8614,665 North Mountain Ave.,Claremont,CA,91711
8615,851 Santa Clara Ave.,Claremont,CA,91711
8616,120 West Green St.,Claremont,CA,91711
8617,125 West San Jose Ave.,Claremont,CA,91711
8618,1770 Sumner Ave.,Claremont,CA,91711
8619,225 West Eighth St.,Claremont,CA,91711
8620,550 Vista Dr.,Claremont,CA,91711
8621,12449 South Smith Ave.,Kingsburg,CA,93631
8622,17700 McCourtney Rd.,Grass Valley,CA,95949
8623,509 North Cloverdale Blvd.,Cloverdale,CA,95425
8624,315 North St.,Cloverdale,CA,95425
8625,322 North Washington St.,Cloverdale,CA,95425
8626,129 South Washington St.,Cloverdale,CA,95425
8627,322 North Washington St.,Cloverdale,CA,95425
8628,509 North Cloverdale Blvd.,Cloverdale,CA,95425
8629,1560 North Minnewawa Ave.,Clovis,CA,93611
8630,902 Fifth St.,Clovis,CA,93612
8631,1055 Fowler Ave.,Clovis,CA,93611
8632,1070 East Teague Ave.,Fresno,CA,93720
8633,615 West Stuart Ave.,Clovis,CA,93612
8634,1273 North Armstrong Ave.,Clovis,CA,93619
8635,960 East Teague Ave.,Fresno,CA,93720
8636,1550 Herndon Ave.,Clovis,CA,93611
8637,1880 Fowler Ave.,Clovis,CA,93611
8638,774 East Alluvial Ave.,Fresno,CA,93720
8639,1590 Bellaire Ave.,Clovis,CA,93611
8640,1336 West Spruce Ave.,Pinedale,CA,93650
8641,510 Barstow Ave.,Clovis,CA,93612
8642,2700 Minnewawa Ave.,Clovis,CA,93612
8643,1448 North Armstrong Ave.,Fresno,CA,93727
8644,150 DeWitt Ave.,Clovis,CA,93612
8645,1315 North Peach Ave.,Clovis,CA,93611
8646,2025 East Teague Ave.,Fresno,CA,93720
8647,2851 Palo Alto Ave.,Clovis,CA,93611
8648,1881 East Plymouth Ave.,Fresno,CA,93720
8649,2940 Leonard Ave.,Clovis,CA,93611
8650,1100 Armstrong Ave.,Clovis,CA,93611
8651,2901 DeWolf Ave.,Clovis,CA,93611
8652,2002 East Alluvial Ave.,Fresno,CA,93720
8653,965 North Sunnyside Ave.,Clovis,CA,93611
8654,7676 North First St.,Fresno,CA,93720
8655,2191 Sierra Ave.,Clovis,CA,93611
8656,2100 Gettysburg Ave.,Clovis,CA,93611
8657,5948 East Tulare Ave.,Fresno,CA,93727
8658,465 East Chaplain Dr.,Fresno,CA,93720
8659,1550 Herndon Ave.,Clovis,CA,93611
8660,7171 Sugar Pine Ave.,Pinedale,CA,93650
8661,1454 Locan Ave.,Clovis,CA,93611
8662,380 West Teague Ave.,Clovis,CA,93611
8663,1250 East Liberty Hill Dr.,Fresno,CA,93720
8664,2491 East Behymer Ave.,Fresno,CA,93720
8665,2955 Gettysburg Ave.,Clovis,CA,93611
8666,10825 North Cedar Ave.,Fresno,CA,93730
8667,700 Teague Ave.,Clovis,CA,93619
8668,1715 David E Cook Way,Clovis,CA,93611
8669,1715 David E Cook Way,Clovis,CA,93611
8670,3701 Ashlan Ave.,Clovis,CA,93619
8671,2770 East International Ave.,Fresno,CA,93730
8672,2770 East International Ave.,Fresno,CA,93730
8673,3650 Powers Ave.,Clovis,CA,93619
8674,1655 David E Cook Way,Clovis,CA,93611
8675,3468 North Armstrong Ave.,Fresno,CA,93727
8676,7071 East Clinton Ave.,Fresno,CA,93727
8677,3140 North Locan Ave.,Fresno,CA,93737
8678,1345 North Peach Ave.,Clovis,CA,93619
8679,2150 North Fowler Ave.,Fresno,CA,93727
8680,2501 North Highland,Fresno,CA,93727
8681,2501 North Highland,Fresno,CA,93727
8682,83-800 Airport Blvd.,Thermal,CA,92274
8683,51-433 Education Way,Coachella,CA,92236
8684,87-163 Center St.,Thermal,CA,92274
8685,56-615 Olive St.,Thermal,CA,92274
8686,65250 Coahuilla St.,Mecca,CA,92254
8687,88175 74th Ave.,Thermal,CA,92274
8688,1390 Seventh St.,Coachella,CA,92236
8689,84-750 Calle Rojo,Coachella,CA,92236
8690,2467 Sea Shore Ave.,Salton City,CA,92275
8691,85-270 Valley Rd.,Coachella,CA,92236
8692,82-225 Airport Blvd.,Thermal,CA,92274
8693,82-489 Avenue 52,Coachella,CA,92236
8694,65-705 Johnson St.,Mecca,CA,92254
8695,2381 Shore Hawk Ave.,Salton City,CA,92275
8696,49-750 Hjorth St.,Indio,CA,92201
8697,49-601 Avenida de Oro,Coachella,CA,92236
8698,86150 Avenue 66,Thermal,CA,92274
8699,86150 Avenue 66,Thermal,CA,92274
8700,86150 Avenue 66,Thermal,CA,92274
8701,51-375 Van Buren St.,Coachella,CA,92236
8702,85-358 Bagdad Ave.,Coachella,CA,92236
8703,87-225 Church St.,Thermal,CA,92274
8704,96-100 70Th Ave.,Mecca,CA,92254
8705,985 Sunset Ave.,Coalinga,CA,93210
8706,750 Van Ness Ave.,Coalinga,CA,93210
8707,36131 N St.,Huron,CA,93234
8708,516 Baker St.,Coalinga,CA,93210
8709,16875 Fourth St.,Huron,CA,93234
8710,265 Cambridge Ave.,Coalinga,CA,93210
8711,275 Cambridge Ave.,Coalinga,CA,93210
8712,16673 Palmer,Huron,CA,93234
8713,615 Baker St.,Coalinga,CA,93210
8714,149 Adams St.,Coalinga,CA,93210
8715,1303 Sunset Ave.,Coalinga,CA,93210
8716,261 Coffee Creek Rd.,Trinity Center,CA,96091
8717,2243 Sycamore Canyon Rd.,Santa Barbara,CA,93108
8718,24825 Ben Taylor Rd.,Colfax,CA,95713
8719,3325 Pine St.,Santa Ynez,CA,93460
8720,3525 Pine St.,Santa Ynez,CA,93460
8721,10750 Laurel Ave.,Bloomington,CA,92316
8722,1640 South Lilac Ave.,Bloomington,CA,92316
8723,777 West Valley Blvd.,Colton,CA,92324
8724,670 West Laurel St.,Colton,CA,92324
8725,18870 Jurupa Ave.,Bloomington,CA,92316
8726,12066 Vivienda Ave.,Grand Terrace,CA,92313
8727,550 West Olive St.,Colton,CA,92324
8728,444 East Olive St.,Colton,CA,92324
8729,18040 San Bernardino Ave.,Bloomington,CA,92316
8730,600 West Johnston St.,Colton,CA,92324
8731,955 West Laurel St.,Colton,CA,92324
8732,1609 Spruce Ave.,Bloomington,CA,92316
8733,18829 Orange St.,Bloomington,CA,92316
8734,22579 DeBerry St.,Grand Terrace,CA,92313
8735,22731 Grand Terrace Rd.,Grand Terrace,CA,92313
8736,11050 Linden Ave.,Bloomington,CA,92316
8737,750 South Eighth St.,Colton,CA,92324
8738,11150 Alder Ave.,Bloomington,CA,92316
8739,11645 Elm Ave.,Fontana,CA,92337
8740,1050 East Olive St.,Colton,CA,92324
8741,900 East C St.,Colton,CA,92324
8742,9551 Linden Ave.,Bloomington,CA,92316
8743,3101 Canyon Vista Dr.,Colton,CA,92324
8744,15920 Village Dr. East,Fontana,CA,92337
8745,1000 South Cooley Dr.,Colton,CA,92324
8746,11036 Mahogany Dr.,Fontana,CA,92337
8747,21810 Main St.,Grand Terrace,CA,92313
8748,471 Agua Mansa Rd.,Colton,CA,92324
8749,10142 Old Oregon Trail,Redding,CA,96003
8750,675 Shasta View Dr.,Redding,CA,96003
8751,675 Shasta View Dr.,Redding,CA,96003
8752,22540 Parrotts Ferry Rd.,Columbia,CA,95310
8753,2240 Road 160,Delano,CA,93215
8754,901 Colus Ave.,Colusa,CA,95932
8755,813 Webster St.,Colusa,CA,95932
8756,400 Fremont St.,Colusa,CA,95932
8757,745 10th St.,Colusa,CA,95932
8758,901 Colus Ave.,Colusa,CA,95932
8759,2210 East 130th St.,Compton,CA,90222
8760,16223 South Haskins Ln.,Carson,CA,90746
8761,12338 Mona Blvd.,Compton,CA,90220
8762,2505 West 156th St.,Compton,CA,90220
8763,1425 East 120th St.,Los Angeles,CA,90059
8764,2606 North Central Ave.,Compton,CA,90222
8765,1200 East Alondra Blvd.,Compton,CA,90221
8766,905 North Aranbe St.,Compton,CA,90220
8767,15301 South San Jose Ave.,Compton,CA,90221
8768,1450 West El Segundo Ave.,Compton,CA,90222
8769,1011 East Caldwell St.,Compton,CA,90221
8770,1620 North Pannes St.,Compton,CA,90221
8771,2508 East 133rd St.,Compton,CA,90222
8772,2320 East Alondra Blvd.,Compton,CA,90221
8773,1305 South Oleander St.,Compton,CA,90220
8774,2270 East 122nd St.,Compton,CA,90222
8775,1321 West Laurel St.,Compton,CA,90220
8776,1101 South Dwight St.,Compton,CA,90220
8777,915 North Mayo Ave.,Compton,CA,90221
8778,14431 Stanford Ave.,Compton,CA,90220
8779,700 North Bradfield Ave.,Compton,CA,90221
8780,1301 North Acacia Ave.,Compton,CA,90227
8781,1400 West Poplar St.,Compton,CA,90220
8782,900 West Greenleaf Ave.,Compton,CA,90220
8783,1421 North Wilmington Ave.,Compton,CA,90222
8784,14401 South Gibson Ave.,Compton,CA,90221
8785,2601 North Wilmington Ave.,Compton,CA,90222
8786,15301 San Jose Ave.,Compton,CA,90221
8787,2600 West Compton Blvd.,Compton,CA,90220
8788,2300 West Caldwell St.,Compton,CA,90220
8789,15301 San Jose Ave.,Compton,CA,90221
8790,2300 West Caldwell St.,Compton,CA,90220
8791,621 West Poplar St.,Compton,CA,90220
8792,6500 Compton Blvd.,Compton,CA,90221
8793,2601 North Wilmington Ave.,Compton,CA,90222
8794,417 West Alondra Blvd.,Compton,CA,90220
8795,2300 West Caldwell St.,Compton,CA,90220
8796,1200 East Alondra Blvd.,Compton,CA,90221
8797,55 Norman Ave.,Thousand Oaks,CA,91360
8798,1870 Oberlin Ave.,Thousand Oaks,CA,91360
8799,1120 Knollwood Dr.,Newbury Park,CA,91320
8800,1500 East Hillcrest Dr.,Thousand Oaks,CA,91362
8801,280 North Conejo School Rd.,Thousand Oaks,CA,91362
8802,1402 East Janss Rd.,Thousand Oaks,CA,91362
8803,4200 Kimber Dr.,Newbury Park,CA,91320
8804,1135 Windsor Dr.,Thousand Oaks,CA,91360
8805,1211 Calle Almendro,Thousand Oaks,CA,91360
8806,2100 Avenida de las Flores,Thousand Oaks,CA,91362
8807,612 Camino Manzanas,Thousand Oaks,CA,91360
8808,3501 Kimber Dr.,Newbury Park,CA,91320
8809,456 North Reino Rd.,Newbury Park,CA,91320
8810,233 West Gainsborough Rd.,Thousand Oaks,CA,91360
8811,2855 Borchard Rd.,Newbury Park,CA,91320
8812,2323 North Moorpark Rd.,Thousand Oaks,CA,91360
8813,581 Dena Dr.,Newbury Park,CA,91320
8814,3151 Darlington Dr.,Thousand Oaks,CA,91360
8815,1571 East Potrero Rd.,Westlake Village,CA,91361
8816,100 North Lakeview Canyon Rd.,Westlake Village,CA,91362
8817,3333 Medicine Bow Ct.,Westlake Village,CA,91362
8818,620 West Velarde Dr.,Thousand Oaks,CA,91360
8819,2450 Whitechapel Pl.,Thousand Oaks,CA,91362
8820,4601 Via Rio,Newbury Park,CA,91320
8821,2626 Michael Dr.,Newbury Park,CA,91320
8822,33 Greta St.,Thousand Oaks,CA,91360
8823,2801 Atlas Ave.,Thousand Oaks,CA,91360
8824,76811 Usal Rd.,Whitethorn,CA,95589
8825,1 School Way,Leggett,CA,95585
8826,1 School Way,Leggett,CA,95585
8827,76811 Usal Rd.,Whitethorn,CA,95589
8828,67680 Dr. Thru Tree Rd.,Leggett,CA,95585
8829,1100 Letts Ave.,Corcoran,CA,93212
8830,1900 Bell Ave.,Corcoran,CA,93212
8831,707 Letts Ave.,Corcoran,CA,93212
8832,1500 Oregon Ave.,Corcoran,CA,93212
8833,1300 Letts Ave.,Corcoran,CA,93212
8834,1128 South Dairy Ave.,Corcoran,CA,93212
8835,1128 Dairy Ave.,Corcoran,CA,93212
8836,1128 South Dairy Ave.,Corcoran,CA,93212
8837,1666 Marguerite Ave.,Corning,CA,96021
8838,1402 Fig St.,Corning,CA,96021
8839,900 West St.,Corning,CA,96021
8840,17357 Stagecoach Rd.,Corning,CA,96021
8841,1785 Columbia Ave.,Corning,CA,96021
8842,N 150 Toomes Ave.,Corning,CA,96021
8843,250 East Fig Ln.,Corning,CA,96021
8844,643 Blackburn Ave.,Corning,CA,96021
8845,250 East Fig Ln.,Corning,CA,96021
8846,185 Magnolia Ave.,Corona,CA,92879
8847,1150 Tenth St.,Corona,CA,92882
8848,2050 Aztec Ln.,Corona,CA,92879
8849,2350 Border Ave.,Corona,CA,92882
8850,1255 River Rd.,Corona,CA,92880
8851,185 Magnolia Ave.,Corona,CA,92879
8852,1230 South Main St.,Corona,CA,92882
8853,1150 West Tenth St.,Corona,CA,92882
8854,1757 Via Del Rio,Corona,CA,92882
8855,1650 Garretson Ave.,Corona,CA,92879
8856,2301 Alhambra St.,Norco,CA,92860
8857,13550 Tolton Ave.,Corona,CA,92879
8858,1040 South Vicentia Ave.,Corona,CA,92882
8859,1041 Fullerton Ave.,Corona,CA,92879
8860,1700 Temescal Ave.,Norco,CA,92860
8861,2711 Temescal Ave.,Norco,CA,92860
8862,2065 Temescal Ave.,Norco,CA,92860
8863,750 Corona Ave.,Corona,CA,92879
8864,1010 West Citron St.,Corona,CA,92882
8865,4600 Pedley Ave.,Norco,CA,92860
8866,3560 Corona Ave.,Norco,CA,92860
8867,1980 Fullerton Ave.,Corona,CA,92881
8868,2005 South Vicentia Ave.,Corona,CA,92882
8869,1250 West Parkridge Ave.,Norco,CA,92860
8870,1220 West Parkridge Ave.,Norco,CA,92860
8871,1395 Foothill Pkwy.,Corona,CA,92881
8872,2665 Gilbert Ave.,Corona,CA,92881
8873,1150 Paseo Grande,Corona,CA,92882
8874,2650 Oak Ave.,Corona,CA,92882
8875,3211 South Main St.,Corona,CA,92882
8876,1750 Spyglass Dr.,Corona,CA,92883
8877,2601 South Buena Vista Ave.,Corona,CA,92882
8878,2800 Ridgeline Dr.,Corona,CA,92882
8879,1820 Rimpau Ave.,Corona,CA,92881
8880,785 Village Loop Dr.,Corona,CA,92879
8881,1350 Valencia Rd.,Corona,CA,92881
8882,3355 Mountain Gate Dr.,Corona,CA,92882
8883,12884 Oakdale St.,Eastvale,CA,92880
8884,22950 Claystone Ave.,Corona,CA,92883
8885,7437 Corona Valley Ave.,Eastvale,CA,92880
8886,7610 El Cerrito Rd.,Corona,CA,92881
8887,300 Buena Vista Ave.,Corona,CA,92882
8888,7447 Scholar Way,Eastvale,CA,92880
8889,7227 Scholar Way,Eastvale,CA,92880
8890,13031 Orange St.,Eastvale,CA,92880
8891,1951 Third St.,Norco,CA,92860
8892,25105 Mayhew Canyon Rd.,Corona,CA,92883
8893,13830 Whispering Hills Dr.,Corona,CA,92880
8894,6744 Carnelian St.,Jurupa Valley,CA,91752
8895,6905 Harrison Ave.,Eastvale,CA,92880
8896,8300 Fieldmaster St.,Eastvale,CA,92880
8897,3211 South Main St.,Corona,CA,92882
8898,14977 Walters St.,Eastvale,CA,92880
8899,600 Sixth St.,Coronado,CA,92118
8900,650 D Ave.,Coronado,CA,92118
8901,550 F Ave.,Coronado,CA,92118
8902,1350 Leyte Rd.,Coronado,CA,92118
8903,600 6th St.,Coronado,CA,92118
8904,5450 Snyder Ln.,Rohnert Park,CA,94928
8905,1125 Emily Ave.,Rohnert Park,CA,94928
8906,825 Hudis St.,Rohnert Park,CA,94928
8907,390 Arlen Dr.,Rohnert Park,CA,94928
8908,5450 Snyder Ln.,Rohnert Park,CA,94928
8909,1075 Madrone Ave.,Cotati,CA,94931
8910,5154 Snyder Ln.,Rohnert Park,CA,94928
8911,1400 Magnolia Ave.,Rohnert Park,CA,94928
8912,550 Bonnie Ave.,Rohnert Park,CA,94928
8913,7165 Burton Ave.,Rohnert Park,CA,94928
8914,8511 Liman Way,Rohnert Park,CA,94928
8915,7165 Burton Ave.,Rohnert Park,CA,94928
8916,1290 Southwest Blvd.,Rohnert Park,CA,94928
8917,20512 West First St.,Cottonwood,CA,96022
8918,19920 Gas Point Rd.,Cottonwood,CA,96022
8919,19920 Gas Point Rd.,Cottonwood,CA,96022
8920,727 South Barranca Ave.,Covina,CA,91723
8921,621 East Covina Blvd.,Covina,CA,91722
8922,758 West Grondahl St.,Covina,CA,91722
8923,463 South Hollenbeck Ave.,Covina,CA,91723
8924,351 West Cypress Ave.,Covina,CA,91723
8925,775 North Lark Ellen Ave.,West Covina,CA,91791
8926,641 North Lark Ellen Ave.,Covina,CA,91722
8927,4131 North Nora Ave.,Covina,CA,91722
8928,16125 Cypress St.,Covina,CA,91722
8929,409 South Barranca St.,West Covina,CA,91791
8930,1016 West Cypress Ave.,Covina,CA,91722
8931,1355 East Rowland Ave.,West Covina,CA,91790
8932,777 East Puente St.,Covina,CA,91723
8933,645 South Barranca St.,West Covina,CA,91723
8934,1941 East Rowland Ave.,West Covina,CA,91723
8935,1941 East Workman Ave.,West Covina,CA,91791
8936,4400 North Roxburgh Ave,Covina,CA,91722
8937,758 W. Grondahl St.,Covina,CA,91722
8938,300 Wilder Rd.,Carlotta,CA,95528
8939,4601 Elenda St.,Culver City,CA,90230
8940,4401 Elenda St.,Culver City,CA,90230
8941,11177 Overland Ave.,Culver City,CA,90230
8942,10820 Farragut Dr.,Culver City,CA,90230
8943,4100 Irving Pl.,Culver City,CA,90232
8944,10915 Washington Blvd.,Culver City,CA,90232
8945,11450 Port Rd.,Culver City,CA,90230
8946,4601 Elenda St.,Culver City,CA,90230
8947,4601 Elenda St. CP Annex,Culver City,CA,90230
8948,12300 De Sanka Ave.,Saratoga,CA,95070
8949,1650 South Bernardo Ave.,Sunnyvale,CA,94087
8950,5050 Moorpark Ave.,San Jose,CA,95129
8951,1101 Strayer Dr.,San Jose,CA,95129
8952,277 Rodonovan Dr.,Santa Clara,CA,95051
8953,10155 Barbara Ln.,Cupertino,CA,95014
8954,10500 Ann Arbor Ave.,Cupertino,CA,95014
8955,19325 Bollinger Rd.,Cupertino,CA,95014
8956,821 Bubb Rd.,Cupertino,CA,95014
8957,21710 McClellan Rd.,Cupertino,CA,95014
8958,6151 Rainbow Dr.,San Jose,CA,95129
8959,1160 St. Joseph Ave.,Los Altos,CA,94024
8960,6560 Hanover Dr.,San Jose,CA,95129
8961,545 East Cheyenne Dr.,Sunnyvale,CA,94087
8962,10300 Ainsworth Dr.,Cupertino,CA,95014
8963,592 Dunholme Way,Sunnyvale,CA,94087
8964,1635 Belleville Way,Sunnyvale,CA,94087
8965,19200 Phil Ln.,Cupertino,CA,95014
8966,1188 Wunderlich Dr.,San Jose,CA,95129
8967,20220 Suisun Dr.,Cupertino,CA,95014
8968,10300 Blaney Ave.,Cupertino,CA,95014
8969,12211 Titus Ave.,Saratoga,CA,95070
8970,10401 Vista Dr.,Cupertino,CA,95014
8971,18755 Standard Rd.,Sonora,CA,95370
8972,40532 Road 128,Cutler,CA,93615
8973,12724 Avenue 392,Cutler,CA,93615
8974,41815 Road 128,Orosi,CA,93647
8975,12915 Avenue 419,Orosi,CA,93647
8976,41465 Road 127,Orosi,CA,93647
8977,12724 Ave. 392,Cutler,CA,93615
8978,42111 Road 128,Orosi,CA,93647
8979,12724 Avenue 392,Cutler,CA,93615
8980,4182 Walnut Dr.,Eureka,CA,95503
8981,2060 Ridgewood Dr.,Eureka,CA,95503
8982,9281 Denni St.,Cypress,CA,90630
8983,8710 Moody St.,Cypress,CA,90630
8984,4631 La Palma Ave.,La Palma,CA,90623
8985,5900 Cathy Ave.,Cypress,CA,90630
8986,9739 Denni St.,Cypress,CA,90630
8987,9952 Graham St.,Cypress,CA,90630
8988,1600 Birch Ln.,Davis,CA,95616
8989,315 West 14th St.,Davis,CA,95616
8990,2121 Calaveras Ave.,Davis,CA,95616
8991,1220 Drexel Dr.,Davis,CA,95616
8992,635 B St.,Davis,CA,95616
8993,555 East 14th St.,Davis,CA,95616
8994,5215 Hamel St.,Davis,CA,95616
8995,1221 Anderson Rd.,Davis,CA,95616
8996,1207 Sycamore Ln.,Davis,CA,95616
8997,2222 Shasta Dr.,Davis,CA,95616
8998,26960 County Road 96,Davis,CA,95616
8999,526 B St.,Davis,CA,95616
9000,1441 Danbury Dr.,Davis,CA,95616
9001,4000 East Covell Blvd.,Davis,CA,95618
9002,3100 Loyola Dr.,Davis,CA,95616
9003,1400 East Eighth St.,Davis,CA,95616
9004,1400 East Eighth St.,Davis,CA,95616
9005,1555 Old Spanish Trail Hwy.,Tecopa,CA,92339
9006,Old State Highway 127,Shoshone,CA,92384
9007,Old State Highway 127,Shoshone,CA,92384
9008,72 Charles Brown Rd.,Shoshone,CA,92384
9009,4612 Dehesa Rd.,El Cajon,CA,92019
9010,12345 Carmel Park Dr.,San Diego,CA,92130
9011,13555 Boquita Dr.,Del Mar,CA,92014
9012,14085 Mango Dr.,Del Mar,CA,92014
9013,13030 Ashley Falls Dr.,San Diego,CA,92130
9014,5290 Harvest Run Dr.,San Diego,CA,92130
9015,10830 Calle Mar de Mariposa,San Diego,CA,92130
9016,5333 Old Carmel Valley Rd.,San Diego,CA,92130
9017,11444 Canter Heights Dr.,San Diego,CA,92130
9018,6631 Solterra Vista Pkwy.,San Diego,CA,92130
9019,1124 El Dorado St.,Crescent City,CA,95531
9020,994 G St.,Crescent City,CA,95531
9021,1301 El Dorado St.,Crescent City,CA,95531
9022,1050 E St.,Crescent City,CA,95531
9023,300 Minot Creek Rd.,Klamath,CA,95548
9024,55 Azalea Ln.,Gasquet,CA,95543
9025,900 Pine Grove Rd.,Crescent City,CA,95531
9026,6900 Lake Earl Dr.,Crescent City,CA,95531
9027,134 First St.,Smith River,CA,95567
9028,2500 Elk Valley Cross Rd.,Crescent City,CA,95531
9029,1720 Arlington,Crescent City,CA,95331
9030,1331 Cecil Ave.,Delano,CA,93215
9031,1927 Randolph St.,Delano,CA,93215
9032,800 Browning Rd.,Delano,CA,93215
9033,1401 Hiett Ave.,Delano,CA,93215
9034,1430 Cecil Ave.,Delano,CA,93215
9035,710 Quincy St.,Delano,CA,93215
9036,1318 Clinton St.,Delano,CA,93215
9037,1999 Norwalk St.,Delano,CA,93215
9038,1959 Princeton St.,Delano,CA,93215
9039,235 West 20th Ave.,Delano,CA,93215
9040,200 West 15th Ave.,Delano,CA,93215
9041,2100 Summer Dr.,Delano,CA,93215
9042,1320 Vassar Ave.,Delano,CA,93215
9043,1331 Browning Rd.,Delano,CA,93215
9044,120 Garces Hwy.,Delano,CA,93215
9045,1001 Hiett Ave.,Delano,CA,93215
9046,1420 Delphic Rd.,Montague,CA,96064
9047,3431 Lester Rd.,Denair,CA,95316
9048,3773 Madera Ave.,Denair,CA,95316
9049,3701 Lester Rd.,Denair,CA,95316
9050,3460 Lester Rd.,Denair,CA,95316
9051,3773 Madera Ave.,Denair,CA,95316
9052,1434 Kaiser Rd.,Desert Center,CA,92239
9053,44-300 Monroe St.,Indio,CA,92201
9054,81-750 Avenue 46,Indio,CA,92201
9055,82-850 Kenner Ave.,Indio,CA,92201
9056,83-089 Highway 111,Indio,CA,92201
9057,45-100 Clinton St.,Indio,CA,92201
9058,74-100 Rutledge Way,Palm Desert,CA,92260
9059,74-200 Rutledge Way,Palm Desert,CA,92260
9060,83-200 Dr. Carreon Blvd.,Indio,CA,92201
9061,47-733 Van Buren St.,Indio,CA,92201
9062,45-768 Portola Ave.,Palm Desert,CA,92260
9063,79-255 Blackhawk Way,La Quinta,CA,92253
9064,74-251 Hovley Ln. East,Palm Desert,CA,92260
9065,83-501 Dillon Ave.,Indio,CA,92201
9066,44-640 Clinton St.,Indio,CA,92201
9067,43-330 Palm Royale Dr.,La Quinta,CA,92253
9068,79-655 Miles Ave.,Indio,CA,92201
9069,45-250 Dune Palms Rd.,Indio,CA,92201
9070,74-910 Aztec Rd.,Palm Desert,CA,92260
9071,78-870 Avenue 50,La Quinta,CA,92253
9072,78-900 Avenue 50,La Quinta,CA,92253
9073,80-845 Avenue 46,Indio,CA,92201
9074,42-100 Yucca Ln.,Bermuda Dunes,CA,92203
9075,44-210 Warner Trail,Indian Wells,CA,92210
9076,81-195 Miles Ave.,Indio,CA,92201
9077,77-800 Calle Tampico,La Quinta,CA,92253
9078,43-775 Madison St.,Indio,CA,92201
9079,47-368 Monroe St.,Indio,CA,92201
9080,39-800 Liberty Dr.,Palm Desert,CA,92211
9081,43-495 Palm Royale Dr.,La Quinta,CA,92253
9082,43-330 Palm Royale Dr.,La Quinta,CA,92253
9083,39-225 Jefferson St.,Indio,CA,92201
9084,79-767 Avenue 39,Indio,CA,92203
9085,50-800 Desert Club Dr.,La Quinta,CA,92253
9086,41-633 Gore St.,Indio,CA,92203
9087,83-391 Dillon Ave,Indio,CA,92201
9088,19405 Buena Vista Blvd.,Arvin,CA,93203
9089,1175 Idylberry Dr.,San Rafael,CA,94903
9090,2255 Las Gallinas Ave.,San Rafael,CA,94903
9091,50 Nova Albion Way,San Rafael,CA,94903
9092,375 Blackstone Dr.,San Rafael,CA,94903
9093,455 East A St.,Dixon,CA,95620
9094,555 College Way,Dixon,CA,95620
9095,200 North Lincoln St.,Dixon,CA,95620
9096,415 East C St.,Dixon,CA,95620
9097,355 Pheasant Run Dr.,Dixon,CA,95620
9098,1525 Pembroke Way,Dixon,CA,95620
9099,295 East C St.,Dixon,CA,95620
9100,100 School Rd.,Douglas City,CA,96024
9101,8613 East Alameda St.,Downey,CA,90242
9102,9439 East Foster Rd.,Downey,CA,90242
9103,12330 Woodruff Ave.,Downey,CA,90241
9104,11040 Brookshire Ave.,Downey,CA,90241
9105,10301 South Woodruff Ave.,Downey,CA,90241
9106,9513 Brookshire Ave.,Downey,CA,90240
9107,9724 Spry St.,Downey,CA,90242
9108,9633 Tweedy Ln.,Downey,CA,90240
9109,8133 Imperial Hwy.,Downey,CA,90242
9110,9525 South Tweedy Ln.,Downey,CA,90240
9111,7731 East Muller St.,Downey,CA,90241
9112,9338 Gotham St.,Downey,CA,90241
9113,12500 Birchdale Ave.,Downey,CA,90242
9114,8851 East Adoree St.,Downey,CA,90242
9115,8141 De Palma St.,Downey,CA,90241
9116,11985 Old River School Rd.,Downey,CA,90242
9117,7530 East Arnett St.,Downey,CA,90241
9118,9001 Lindsey Ave.,Downey,CA,90240
9119,11995 Old River School Rd.,Downey,CA,90242
9120,13220 South Bellflower Blvd.,Downey,CA,90242
9121,12330 Woodruff Ave.,Downey,CA,90241
9122,9625 Van Ruiten St.,Bellflower,CA,90706
9123,9200 Palmerson Dr.,Antelope,CA,95843
9124,1250 Canavari Dr.,Roseville,CA,95747
9125,7926 Firestone Way,Antelope,CA,95843
9126,2525 Country Club Dr.,Roseville,CA,95747
9127,2271 Americana Dr.,Roseville,CA,95747
9128,8343 Palmerson Dr.,Antelope,CA,95843
9129,1751 Morning Star Dr.,Roseville,CA,95747
9130,7720 Ocean Park Dr.,Antelope,CA,95843
9131,8779 Cook Riolo Rd.,Roseville,CA,95747
9132,1212 East Kellwil Way,Duarte,CA,91010
9133,1565 East Central Ave.,Duarte,CA,91010
9134,733 Euclid Ave.,Duarte,CA,91010
9135,1400 Mt. Olive Dr.,Duarte,CA,91010
9136,2499 Royal Oaks Dr.,Bradbury,CA,91008
9137,237 Melcanyon Rd.,Duarte,CA,91010
9138,23761 Avenue 56,Ducor,CA,93218
9139,4111 Roblar Rd.,Petaluma,CA,94952
9140,4111 Roblar Rd.,Petaluma,CA,94952
9141,4760 Siskiyou Ave.,Dunsmuir,CA,96025
9142,5805 High School Way,Dunsmuir,CA,96025
9143,5805 High School Way,Dunsmuir,CA,96025
9144,9421 Putney Dr.,Durham,CA,95938
9145,9455 Putney Dr.,Durham,CA,95938
9146,9416 Putney Dr.,Durham,CA,95938
9147,192 South Church Rd.,Earlimart,CA,93219
9148,599 South Sutter St.,Earlimart,CA,93219
9149,850 West Washington Ave.,Earlimart,CA,93219
9150,2454 Nicolaus Ave.,Nicolaus,CA,95659
9151,230 Pala Ave.,San Jose,CA,95127
9152,3200 Senter Rd.,San Jose,CA,95111
9153,617 North Jackson Ave.,San Jose,CA,95133
9154,57 North White Rd.,San Jose,CA,95127
9155,1750 South White Rd.,San Jose,CA,95127
9156,285 Blossom Hill Rd.,San Jose,CA,95123
9157,1835 Cunningham Ave.,San Jose,CA,95122
9158,1377 Piedmont Rd.,San Jose,CA,95132
9159,6150 Snell Rd.,San Jose,CA,95123
9160,3434 Silver Creek Rd.,San Jose,CA,95121
9161,1855 Lucretia Ave.,San Jose,CA,95122
9162,1835 Cunningham Ave.,San Jose,CA,95122
9163,6150 Snell Rd.,San Jose,CA,95123
9164,1776 Educational Park Dr.,San Jose,CA,95133
9165,3300 Quimby Rd.,San Jose,CA,95148
9166,420 Calero Ave.,San Jose,CA,95123
9167,10601 South Ceres Ave.,Whittier,CA,90604
9168,14421 East Whittier Blvd.,Whittier,CA,90605
9169,12915 East Helmer Dr.,Whittier,CA,90602
9170,15337 Lemon Dr.,Whittier,CA,90604
9171,10931 South Stamy Rd.,Whittier,CA,90604
9172,11225 Miller Rd.,Whittier,CA,90604
9173,13550 Lambert Rd.,Whittier,CA,90605
9174,14029 East Mulberry Dr.,Whittier,CA,90605
9175,16021 Janine Dr.,Whittier,CA,90603
9176,14359 East Second St.,Whittier,CA,90605
9177,10625 South Cole Rd.,Whittier,CA,90604
9178,11701 Scott Ave.,Whittier,CA,90604
9179,10625 South Santa Gertrudes,Whittier,CA,90603
9180,111527 Highway 395,Coleville,CA,96107
9181,209 Kingsley St.,Bridgeport,CA,93517
9182,111591 Highway 395,Coleville,CA,96107
9183,25541 Highway 6,Benton,CA,93512
9184,132 Lee Vining Ave.,Lee Vining,CA,93541
9185,51710 Highway 395,Lee Vining,CA,93541
9186,6742 East Avenue H,Lancaster,CA,93535
9187,44820 North 27th St. East,Lancaster,CA,93535
9188,2640 East Avenue J-4,Lancaster,CA,93535
9189,3126 East Avenue I,Lancaster,CA,93535
9190,45006 North 30th St. East,Lancaster,CA,93535
9191,3730 East Ave. J-4,Lancaster,CA,93535
9192,9600 Eucalyptus Dr.,Bakersfield,CA,93306
9193,721 South Edison Rd.,Bakersfield,CA,93307
9194,1530 South Waterman Ave.,El Centro,CA,92243
9195,1900 South Sixth St.,El Centro,CA,92243
9196,950 South Seventh St.,El Centro,CA,92243
9197,550 South Waterman Ave.,El Centro,CA,92243
9198,900 North Sixth St.,El Centro,CA,92243
9199,200 North Twelfth St.,El Centro,CA,92243
9200,1177 North Eighth St.,El Centro,CA,92243
9201,223 South First St.,El Centro,CA,92243
9202,600 South Wilson,El Centro,CA,92243
9203,2450 Main St.,El Centro,CA,92243
9204,1950 Villa Ave.,El Centro,CA,92243
9205,2370 Main St.,El Centro,CA,92243
9206,1256 Broadway,El Centro,CA,92243
9207,561 Canal St.,Placerville,CA,95667
9208,385 Pleasant Valley Rd.,Diamond Springs,CA,95619
9209,3661 Ponderosa Rd.,Shingle Springs,CA,95682
9210,1120 Harvard Way,El Dorado Hills,CA,95762
9211,6530 Koki Ln.,El Dorado,CA,95623
9212,6540 Koki Ln.,El Dorado,CA,95623
9213,5025 Buffington Rd.,El Monte,CA,91732
9214,5213 North Daleview Ave.,Temple City,CA,91780
9215,3400 North California,El Monte,CA,91731
9216,3111 North Potrero Ave.,El Monte,CA,91733
9217,12233 Star St.,El Monte,CA,91732
9218,10226 East Lower Azusa Rd.,El Monte,CA,91731
9219,11121 Bryant Rd.,El Monte,CA,91731
9220,10410 East Bodger St.,El Monte,CA,91733
9221,2611 North Potrero Ave.,El Monte,CA,91733
9222,11425 Wildflower Rd.,Arcadia,CA,91006
9223,4300 North Esto,El Monte,CA,91731
9224,4020 North Gibson Rd.,El Monte,CA,91731
9225,4544 Maxson Rd.,El Monte,CA,91732
9226,2700 North Doreen Ave.,El Monte,CA,91733
9227,11317 East McGirk Rd.,El Monte,CA,91732
9228,1001 Durfee Ave.,South El Monte,CA,91733
9229,4921 North Cedar Ave.,El Monte,CA,91732
9230,3048 North Tyler Ave.,El Monte,CA,91731
9231,2900 Pkwy. Dr.,El Monte,CA,91732
9232,9063 East Mission Dr.,Rosemead,CA,91770
9233,12347 Ramona Blvd.,El Monte,CA,91732
9234,5050 Kings Row,El Monte,CA,91731
9235,161 East El Nido Rd.,El Nido,CA,95317
9236,161 East El Nido Rd.,El Nido,CA,95317
9237,8501 Orange Ave.,Pico Rivera,CA,90660
9238,8101 Orange Ave.,Pico Rivera,CA,90660
9239,4220 South Durfee Ave.,Pico Rivera,CA,90660
9240,6501 South Passons Blvd.,Pico Rivera,CA,90660
9241,8200 Serapis Ave.,Pico Rivera,CA,90660
9242,4450 South Durfee Ave.,Pico Rivera,CA,90660
9243,8837 East Olympic Blvd.,Pico Rivera,CA,90660
9244,8809 Coffman-Pico Rd.,Pico Rivera,CA,90660
9245,7250 Citronell St.,Pico Rivera,CA,90660
9246,7200 Citronell Ave.,Pico Rivera,CA,90660
9247,9115 Balfour St.,Pico Rivera,CA,90660
9248,5241 South Passons Blvd.,Pico Rivera,CA,90660
9249,9241 East Cosgrove St.,Pico Rivera,CA,90660
9250,9426 Marjorie St.,Pico Rivera,CA,90660
9251,700 Center St.,El Segundo,CA,90245
9252,640 Main St.,El Segundo,CA,90245
9253,332 Center St.,El Segundo,CA,90245
9254,615 Richmond St.,El Segundo,CA,90245
9255,630 Arena St.,El Segundo,CA,90245
9256,8737 Brittany Park Dr.,Sacramento,CA,95828
9257,13580 Jackson Rd.,Sloughhouse,CA,95683
9258,6131 Orange Ave.,Sacramento,CA,95823
9259,9721 Dillard Rd.,Wilton,CA,95693
9260,9373 Crowell Dr.,Elk Grove,CA,95624
9261,9800 Elk Grove-Florin Rd.,Elk Grove,CA,95624
9262,7300 Kara Dr.,Sacramento,CA,95828
9263,5401 Dorcey Dr.,Elk Grove,CA,95757
9264,7037 Briggs Dr.,Sacramento,CA,95828
9265,8865 Elk Grove Blvd.,Elk Grove,CA,95624
9266,8141 Stevenson Ave.,Sacramento,CA,95828
9267,8101 Grandstaff Dr.,Sacramento,CA,95823
9268,4701 Brookfield Dr.,Sacramento,CA,95823
9269,9759 Tralee Way,Elk Grove,CA,95624
9270,8701 Halverson Dr.,Elk Grove,CA,95624
9271,10160 Pleasant Grove School Rd.,Elk Grove,CA,95624
9272,7600 Lindale Dr.,Sacramento,CA,95828
9273,5251 Valley Hi Dr.,Sacramento,CA,95823
9274,7350 Palmer House Dr.,Sacramento,CA,95828
9275,9115 Fruitridge Rd.,Sacramento,CA,95826
9276,6300 Ehrhardt Ave.,Sacramento,CA,95823
9277,9050 Vicino Dr.,Elk Grove,CA,95758
9278,9329 Soaring Oaks Dr.,Elk Grove,CA,95758
9279,9461 Soaring Oaks Dr.,Elk Grove,CA,95758
9280,7000 Cranleigh Ave.,Sacramento,CA,95823
9281,8140 Caymus Dr.,Sacramento,CA,95829
9282,8333 Kingsbridge Dr.,Sacramento,CA,95829
9283,8239 Kingsbridge Dr.,Sacramento,CA,95829
9284,9180 Brown Rd.,Elk Grove,CA,95624
9285,8850 Southside Ave.,Elk Grove,CA,95624
9286,9351 Feickert Dr.,Elk Grove,CA,95624
9287,5900 Bamford Dr.,Sacramento,CA,95823
9288,8333 Vintage Park Dr.,Sacramento,CA,95828
9289,7825 Grandstaff Dr.,Sacramento,CA,95823
9290,10065 Atkins Dr.,Elk Grove,CA,95757
9291,3033 Buckminster Dr.,Elk Grove,CA,95758
9292,8565 Shasta Lily Dr.,Elk Grove,CA,95624
9293,9673 Lakepoint Dr.,Elk Grove,CA,95758
9294,8351 Cutler Way,Sacramento,CA,95828
9295,6211 Laguna Park Dr.,Elk Grove,CA,95758
9296,7850 Deercreek Dr.,Sacramento,CA,95823
9297,7956 Cottonwood Ln.,Sacramento,CA,95828
9298,8401 Valley Lark Dr.,Sacramento,CA,95823
9299,7925 Kentwal Dr.,Sacramento,CA,95823
9300,8900 Old Creek Dr.,Elk Grove,CA,95758
9301,6400 Whitelock Pkwy.,Elk Grove,CA,95757
9302,10099 Franklin High Rd.,Elk Grove,CA,95757
9303,8625 Serio Way,Elk Grove,CA,95758
9304,9561 Butler School Rd.,Sacramento,CA,95829
9305,10000 East Taron Dr.,Elk Grove,CA,95757
9306,6820 Bellaterra Dr.,Elk Grove,CA,95757
9307,8661 Power Inn Rd.,Elk Grove,CA,95624
9308,8691 Power Inn Rd.,Elk Grove,CA,95624
9309,8670 Maranello Dr.,Elk Grove,CA,95624
9310,9927 Wildhawk West Dr.,Sacramento,CA,95829
9311,9850 Fire Poppy Dr.,Elk Grove,CA,95757
9312,9140 Bradshaw Rd.,Elk Grove,CA,95624
9313,9531 Bond Rd.,Elk Grove,CA,95624
9314,9421 Stonebrook Dr.,Elk Grove,CA,95624
9315,10325 Stathos Dr.,Elk Grove,CA,95757
9316,11821 Cobble Brook Dr.,Rancho Cordova,CA,95742
9317,8350 Lotz Pkwy.,Elk Grove,CA,95757
9318,8365 Whitelock Pkwy.,Elk Grove,CA,95757
9319,4730 Laguna Park Dr.,Elk Grove,CA,95758
9320,9880 Denali Cir.,Elk Grove,CA,95757
9321,4350 Sophistry Dr.,Rancho Cordova,CA,95742
9322,10070 Lousada Dr.,Elk Grove,CA,95757
9323,501 Kern St.,Tupman,CA,93276
9324,8920 Elwyn Ave.,Elverta,CA,95626
9325,7900 Eloise Ave.,Elverta,CA,95626
9326,4727 San Pablo,Emeryville,CA,94608
9327,1100 Steve Dain Dr.,Emeryville,CA,94608
9328,1275 - 61st St.,Emeryville,CA,94608
9329,400 Capistrano Dr.,Modesto,CA,95354
9330,5201 First St,Empire,CA,95319
9331,3420 East Orangeburg Ave.,Modesto,CA,95355
9332,815 Frazine Rd.,Modesto,CA,95357
9333,512 North McClure Rd.,Modesto,CA,95357
9334,400 Frazine Rd.,Modesto,CA,95357
9335,941 Capri Rd.,Encinitas,CA,92024
9336,185 Union St.,Encinitas,CA,92024
9337,1690 Wandering Rd.,Encinitas,CA,92024
9338,910 Melba Rd.,Encinitas,CA,92024
9339,2050 Park Dale Ln.,Encinitas,CA,92024
9340,8000 Calle Acervo,Carlsbad,CA,92009
9341,7885 Paseo Aliso,Carlsbad,CA,92009
9342,3035 Levante St.,Carlsbad,CA,92009
9343,3330 Calle Barcelona,Carlsbad,CA,92009
9344,2301 Saturn Skyway,Redding,CA,96002
9345,705 Loma Vista Dr.,Redding,CA,96002
9346,1225 Mistletoe Ln.,Redding,CA,96002
9347,750 Hartnell Ave.,Redding,CA,96002
9348,795 Hartnell Ave.,Redding,CA,96002
9349,2825 Yana Ave.,Redding,CA,96002
9350,505 Springer Dr.,Redding,CA,96003
9351,3200 Adams Ln.,Redding,CA,96002
9352,3200 Adams Ln.,Redding,CA,96002
9353,1998 Yosemite Ave.,Escalon,CA,95320
9354,805 First St.,Escalon,CA,95320
9355,1528 East Yosemite Ave.,Escalon,CA,95320
9356,25233 East Highway 4,Farmington,CA,95230
9357,21051 East Highway 120,Escalon,CA,95320
9358,1520 Yosemite Ave.,Escalon,CA,95320
9359,6701 South Jack Tone Rd.,Stockton,CA,95215
9360,980 North Ash St.,Escondido,CA,92027
9361,122 West Fourth Ave.,Escondido,CA,92025
9362,1325 Conway Dr.,Escondido,CA,92027
9363,1400 West Ninth Ave.,Escondido,CA,92025
9364,737 West 13th Ave.,Escondido,CA,92025
9365,2201 East Mission Ave.,Escondido,CA,92027
9366,939 East Mission Ave.,Escondido,CA,92026
9367,2700 Reed Rd.,Escondido,CA,92027
9368,1809 South Juniper St.,Escondido,CA,92025
9369,1029 North Broadway,Escondido,CA,92026
9370,1975 Miller Ave.,Escondido,CA,92025
9371,1820 Oak Hill Dr.,Escondido,CA,92027
9372,2861 Valley Pkwy.,Escondido,CA,92027
9373,906 North Rose Ave.,Escondido,CA,92027
9374,1155 Deodar Rd.,Escondido,CA,92026
9375,2301 North Broadway,Escondido,CA,92026
9376,925 Lehner Ave.,Escondido,CA,92026
9377,3115 Las Palmas Ave.,Escondido,CA,92025
9378,3003 Bear Valley Pkwy.,Escondido,CA,92025
9379,933 Farr Ave.,Escondido,CA,92026
9380,2869 North Broadway,Escondido,CA,92026
9381,1122 Mountain Heights Dr.,Escondido,CA,92029
9382,420 North Falconer Rd.,Escondido,CA,92027
9383,1400 West Ninth Ave.,Escondido,CA,92029
9384,1535 North Broadway,Escondido,CA,92026
9385,2200 Glen Ridge Rd.,Escondido,CA,92027
9386,3300 Bear Valley Pkwy.,Escondido,CA,92025
9387,410 North Hidden Trails Rd.,Escondido,CA,92027
9388,1740 Scenic Trail Way,Escondido,CA,92029
9389,17120 Omega St.,Esparto,CA,95627
9390,17121 Yolo Ave.,Esparto,CA,95627
9391,26058 Country Road 21A,Esparto,CA,95627
9392,17923 Stephens St.,Madison,CA,95653
9393,6925 Etiwanda Ave.,Etiwanda,CA,91739
9394,5959 East Ave.,Etiwanda,CA,91739
9395,6989 Kenyon Way,Alta Loma,CA,91701
9396,7497 Mountain View Dr.,Rancho Cucamonga,CA,91730
9397,14250 East Constitution Way,Fontana,CA,92336
9398,5383 Bridlepath Dr.,Fontana,CA,92236
9399,15172 Walnut St.,Fontana,CA,92336
9400,6855 Victoria Park Ln.,Etiwanda,CA,91739
9401,6290 Sierra Crest View Loop,Alta Loma,CA,91737
9402,13690 West Constitution Way,Fontana,CA,92336
9403,12400 Banyan St.,Etiwanda,CA,91739
9404,7171 Etiwanda Ave.,Etiwanda,CA,91739
9405,13766 South Heritage Cir.,Fontana,CA,92336
9406,13144 Banyan St.,Etiwanda,CA,91739
9407,12345 Coyote Dr.,Etiwanda,CA,91739
9408,13051 Miller Ave.,Etiwanda,CA,91739
9409,5959 East Ave.,Etiwanda,CA,91739
9410,5470 Lytle Creek Rd.,Fontana,CA,92336
9411,8200 Greenhills Way,Granite Bay,CA,95746
9412,9177 Twin School Rd.,Granite Bay,CA,95746
9413,2625 La Croix Dr.,Roseville,CA,95661
9414,1950 Johnson Ranch Dr.,Roseville,CA,95661
9415,7200 Fuller Dr.,Granite Bay,CA,95746
9416,2701 Eureka Rd.,Roseville,CA,95661
9417,9233 Twin School Rd.,Granite Bay,CA,95746
9418,3799 Cadwallader Ave.,San Jose,CA,95121
9419,2702 Sugar Plum Dr.,San Jose,CA,95148
9420,3010 Fowler Rd.,San Jose,CA,95135
9421,1865 Monrovia Dr.,San Jose,CA,95122
9422,2995 Rossmore Way,San Jose,CA,95148
9423,2010 Daniel Maloney Dr.,San Jose,CA,95121
9424,2025 Clarice Dr.,San Jose,CA,95122
9425,2655 Alvin Ave.,San Jose,CA,95121
9426,3190 Quimby Rd.,San Jose,CA,95148
9427,5000 Farnsworth Dr.,San Jose,CA,95138
9428,3241 Remington Way,San Jose,CA,95148
9429,4121 Mackin Woods Ln.,San Jose,CA,95135
9430,2220 Woodbury Ln.,San Jose,CA,95121
9431,3200 Millbrook Dr.,San Jose,CA,95148
9432,3276 Cortona Dr.,San Jose,CA,95135
9433,3701 Rue Mirassou Dr.,San Jose,CA,95148
9434,22270 Bend Ferry Rd.,Red Bluff,CA,96080
9435,19415 Hooker Creek Rd.,Cottonwood,CA,96022
9436,19500 Learning Way,Cottonwood,CA,96022
9437,19500 Learning Way,Cottonwood,CA,96022
9438,19500 Learning Way,Cottonwood,CA,96022
9439,19500 Learning Way,Cottonwood,CA,96022
9440,3301 Virginia Ave.,Bakersfield,CA,93307
9441,6714 Shirley Ln.,Bakersfield,CA,93307
9442,1500 South Fairfax Rd.,Bakersfield,CA,93307
9443,6327 Zephyr Ln.,Bakersfield,CA,93307
9444,824 Washington St.,Fairfield,CA,94533
9445,1001 Anderson Dr.,Suisun,CA,94585
9446,205 East Atlantic Ave.,Fairfield,CA,94533
9447,830 First St.,Fairfield,CA,94533
9448,1950 Dover Ave.,Fairfield,CA,94533
9449,1975 Blossom Ave.,Fairfield,CA,94533
9450,1350 Gold Hill Rd.,Fairfield,CA,94534
9451,2001 Winston Dr.,Fairfield,CA,94534
9452,1600 Kidder Ave.,Fairfield,CA,94533
9453,205 East Atlantic Ave.,Fairfield,CA,94533
9454,1901 Woolner Ave.,Fairfield,CA,94533
9455,4985 Lambert Rd.,Fairfield,CA,94534
9456,4500 Tolenas Rd.,Fairfield,CA,94533
9457,2900 Gulf Dr.,Fairfield,CA,94533
9458,400 Whispering Bay Ln.,Suisun City,CA,94585
9459,725 Golden Eye Way,Suisun City,CA,94585
9460,570 Vintage Valley Dr.,Fairfield,CA,94534
9461,700 Oakbrook Dr.,Fairfield,CA,94534
9462,820 Harrier Dr.,Suisun City,CA,94585
9463,3301 Cherry Hills Ct.,Fairfield,CA,94534
9464,5000 Red Top Rd.,Fairfield,CA,94534
9465,1975 Pennsylvania Ave.,Fairfield,CA,94533
9466,4770 Canyon Hills Dr.,Fairfield,CA,94534
9467,2025 Fieldcrest Ave.,Fairfield,CA,94534
9468,1069 Meadowlark Dr.,Fairfield,CA,94533
9469,1100 Harry Price Dr.,Fairfield,CA,94533
9470,230 Atlantic Ave.,Fairfield,CA,94533
9471,301 East Alaska Ave.,Fairfield,CA,94533
9472,420 East Tabor Ave.,Fairfield,CA,94533
9473,1100 Harry Price Dr.,Fairfield,CA,94533
9474,2195 Union Ave.,Fairfield,CA,94533
9475,1100 Harry Price Dr.,Fairfield,CA,94533
9476,37571 Mountain View Rd.,Burney,CA,96013
9477,37403 Toronto St.,Burney,CA,96013
9478,24977 Curve St.,Fall River Mills,CA,96028
9479,44215 Walnut St.,McArthur,CA,96056
9480,37577 Mountain View Rd.,Burney,CA,96013
9481,44144 A St.,McArthur,CA,96056
9482,20375 Tamarack Ave.,Burney,CA,96013
9483,44144 A St.,McArthur,CA,96056
9484,20375 Tamarack Ave.,Burney,CA,96013
9485,20375 Tamarack Ave.,Burney,CA,96013
9486,24977 Curve St.,Fall River Mills,CA,96028
9487,20375 Tamarack Ave.,Burney,CA,96013
9488,405 West Fallbrook St.,Fallbrook,CA,92028
9489,1743 Reche Rd.,Fallbrook,CA,92028
9490,300 Heald Ln.,Fallbrook,CA,92028
9491,110 Marine Dr.,Oceanside,CA,92058
9492,200 Pate Rd.,San Clemente,CA,92672
9493,300 Heald Ln.,Fallbrook,CA,92028
9494,1835 Gum Tree Ln.,Fallbrook,CA,92028
9495,1978 Reche Rd.,Fallbrook,CA,92028
9496,400 West Elder St.,Fallbrook,CA,92028
9497,400 West Elder St.,Fallbrook,CA,92028
9498,407 South Mission Rd.,Fallbrook,CA,92028
9499,2400 South Stage Coach Ln.,Fallbrook,CA,92028