Record Id,account_id,Account Name
zcrm_5436421000135226605,5436421000000663001,Deer Lakes School District
zcrm_5436421000135202481,5436421000000775001,Spencer-Owen Community School District
zcrm_5436421000135211586,5436421000000874016,Godley Independent School District
zcrm_5436421000135233678,5436421000001033285,Saddleback Valley Unified School District
zcrm_5436421000135230090,5436421000001033293,Eagle County School District
zcrm_5436421000135234618,5436421000001033296,Okaloosa County School District
zcrm_5436421000135209613,5436421000001033298,Maypearl Independent School District
zcrm_5436421000135209644,5436421000001033300,Elmbrook Schools
zcrm_5436421000135214095,5436421000001033306,Duncanville Independent School District
zcrm_5436421000135229518,5436421000001033314,Spartanburg County School District 2
zcrm_5436421000135233449,5436421000001033315,Greenville County School District
zcrm_5436421000135211687,5436421000001033324,Chicago Public Schools
zcrm_5436421000135234628,5436421000001033325,Naperville Community Unit School District 203
zcrm_5436421000135229996,5436421000001033338,Ephrata School District 165
zcrm_5436421000135234030,5436421000001033390,Seminole County Public School District
zcrm_5436421000135233162,5436421000001033391,Hillsborough County Public School District
zcrm_5436421000135217997,5436421000001033403,Garland Independent School District
zcrm_5436421000135209071,5436421000001033408,Galena Park Independent School District
zcrm_5436421000135220563,5436421000001033415,Washoe County School District
zcrm_5436421000135228142,5436421000001033429,School District of Amery
zcrm_5436421000135222495,5436421000001033441,Pass Christian Public School District
zcrm_5436421000135215514,5436421000001033446,Keller Independent School District
zcrm_5436421000135223673,5436421000001033455,Copperas Cove Independent School District
zcrm_5436421000135209495,5436421000001033458,Austin Independent School District
zcrm_5436421000135234013,5436421000001033468,Klein Independent School District
zcrm_5436421000135209669,5436421000001033469,Bonham Independent School District
zcrm_5436421000135210063,5436421000001033471,Jasper Independent School District
zcrm_5436421000135210149,5436421000001033472,Mathis Independent School District
zcrm_5436421000135212948,5436421000001033493,School District of Horicon
zcrm_5436421000135208186,5436421000001033494,Lakeside School District 9
zcrm_5436421000135207562,5436421000001033498,Johannesburg-Lewiston Area School District
zcrm_5436421000135219945,5436421000001033501,Academy School District
zcrm_5436421000135233618,5436421000001033504,Fair Lawn Borough School District
zcrm_5436421000135200663,5436421000001033513,Mandaree School District
zcrm_5436421000135210993,5436421000001033530,Newburgh Enlarged City School District
zcrm_5436421000135234054,5436421000001033798,Central Unified School District
zcrm_5436421000135201029,5436421000001033799,Atchison Public School District
zcrm_5436421000135210137,5436421000001033803,St. Charles Parish Public Schools
zcrm_5436421000135217510,5436421000001033809,Sanford School District
zcrm_5436421000135230951,5436421000001033812,Fall River Joint Unified School District
zcrm_5436421000135233145,5436421000001033814,Bettendorf Community School District
zcrm_5436421000135233079,5436421000001033819,Mansfield Independent School District
zcrm_5436421000135234139,5436421000001033825,Knox County School District
zcrm_5436421000135220526,5436421000001033832,Plum Borough School District
zcrm_5436421000135211012,5436421000001033834,South Texas Independent School District
zcrm_5436421000135216476,5436421000001033836,Williamson County School District
zcrm_5436421000135209120,5436421000001033837,Woodland Public School District
zcrm_5436421000135232452,5436421000001033839,Rowland Unified School District
zcrm_5436421000135227471,5436421000001033851,Somerton School District
zcrm_5436421000135207963,5436421000001033852,West Aurora School District 129
zcrm_5436421000135233523,5436421000001033853,Tempe Union High School District
zcrm_5436421000135209014,5436421000001033857,Pearsall Independent School District
zcrm_5436421000135211013,5436421000001033861,Warren Independent School District
zcrm_5436421000135212521,5436421000001033862,Mount Diablo Unified School District
zcrm_5436421000135228096,5436421000001033863,Burbank Unified School District
zcrm_5436421000135212172,5436421000001033868,Sts Tammany Parish Public Schools
zcrm_5436421000135204631,5436421000001033874,Lafourche Parish School District
zcrm_5436421000135213022,5436421000001033879,Corning-Painted Post Area School District
zcrm_5436421000135211587,5436421000001033886,Dover Area School District
zcrm_5436421000135233177,5436421000001033894,School District of Lee County
zcrm_5436421000135233558,5436421000001033896,Salem-Keizer Public Schools
zcrm_5436421000135233009,5436421000001033898,Poudre School District
zcrm_5436421000135233614,5436421000001033900,Montgomery Public Schools
zcrm_5436421000135231556,5436421000001033901,Saint Paul Public School District
zcrm_5436421000135228121,5436421000001033904,San Bernardino City Unified School District
zcrm_5436421000135234108,5436421000001033908,Anne Arundel County Public School District
zcrm_5436421000135214509,5436421000001033909,Somers Central School District NY
zcrm_5436421000135233144,5436421000001033912,Thompson School District R2-J
zcrm_5436421000135233096,5436421000001033913,Lexington County School District One
zcrm_5436421000135234067,5436421000001033914,Wake County Public School District
zcrm_5436421000135209144,5436421000001033915,Vista Unified School District
zcrm_5436421000135220443,5436421000001033916,School District of Palm Beach County
zcrm_5436421000135213148,5436421000001033921,School District of Beloit Turner
zcrm_5436421000135221940,5436421000001033935,Clifton Independent School District
zcrm_5436421000135214641,5436421000001033936,Curwensville Area School District
zcrm_5436421000135219941,5436421000001033937,Preston Joint School District #201
zcrm_5436421000135222959,5436421000001033942,Brighton Area School District
zcrm_5436421000135210610,5436421000001033944,Round Rock Independent School District
zcrm_5436421000135212084,5436421000001033949,Newark Unified School District
zcrm_5436421000135233526,5436421000001033950,South Umpqua School District
zcrm_5436421000135220481,5436421000001033955,Hernando County School District
zcrm_5436421000135218954,5436421000001033959,Northwest Independent School District
zcrm_5436421000135214457,5436421000001033960,Houston Independent School District
zcrm_5436421000135224007,5436421000001033967,Scotts Valley Unified School District
zcrm_5436421000135209528,5436421000001033971,Barton-Lexa School District
zcrm_5436421000135204674,5436421000001033973,Iberville Parish School District
zcrm_5436421000135228947,5436421000001033979,Metro Nashville Public Schools
zcrm_5436421000135227620,5436421000001033982,Northern Lehigh School District
zcrm_5436421000135233101,5436421000001033984,Lafayette Parish School District
zcrm_5436421000135228662,5436421000001033985,St. Bernard Parish Public Schools
zcrm_5436421000135218498,5436421000001033990,Kingsville Independent School District
zcrm_5436421000135219970,5436421000001033999,Atoka Public Schools
zcrm_5436421000135207137,5436421000001034001,Carmichaels Area School District
zcrm_5436421000135218062,5436421000001034003,Central Greene School District
zcrm_5436421000135212493,5436421000001034004,Southeastern Greene School District
zcrm_5436421000135209547,5436421000001034007,Carthage Independent School District
zcrm_5436421000135232530,5436421000001034008,Terrebonne Parish School District
zcrm_5436421000135228469,5436421000001034009,Frenship Independent School District
zcrm_5436421000135210078,5436421000001034017,Gunter Independent School District
zcrm_5436421000135234047,5436421000001034023,Plainfield Community Consolidated School District 202
zcrm_5436421000135217489,5436421000001034036,Huntley Project School District
zcrm_5436421000135208964,5436421000001034310,Birdville Independent School District
zcrm_5436421000135225972,5436421000001034315,Beatrice Public School District
zcrm_5436421000135217477,5436421000001034322,Wewoka Public School District
zcrm_5436421000135233172,5436421000001034324,Rutherford County School District
zcrm_5436421000135220122,5436421000001034327,Irvine Unified School District
zcrm_5436421000135210003,5436421000001034331,Scottsdale Unified School District
zcrm_5436421000135220564,5436421000001034347,Melissa Independent School District
zcrm_5436421000135200945,5436421000001034358,Cashion Public School District
zcrm_5436421000135233151,5436421000001034362,Huntley Community School District 158
zcrm_5436421000135211636,5436421000001034368,Midlothian Independent School District
zcrm_5436421000135209127,5436421000001034372,Hereford Independent School District
zcrm_5436421000135234118,5436421000001034382,Wylie Independent School District
zcrm_5436421000135210047,5436421000001034383,York City School District
zcrm_5436421000135205541,5436421000001034387,Beaverton School District
zcrm_5436421000135226687,5436421000001034390,Elko County School District
zcrm_5436421000135207551,5436421000001034391,Moore County School District
zcrm_5436421000135225015,5436421000001034393,New Kensington-Arnold School District
zcrm_5436421000135201665,5436421000001034395,Northside Independent School District
zcrm_5436421000135228978,5436421000001034397,Broken Arrow Public School District
zcrm_5436421000135214094,5436421000001034398,Owensboro Independent School District
zcrm_5436421000135233001,5436421000001034400,Richland County School District One
zcrm_5436421000135220578,5436421000001034402,Republic School District
zcrm_5436421000135235029,5436421000001034405,Washington Parish School District
zcrm_5436421000135209674,5436421000001034411,Boston Public Schools
zcrm_5436421000135209962,5436421000001034417,Gettysburg Area School District
zcrm_5436421000135209029,5436421000001034418,Charlotte Independent School District
zcrm_5436421000135204462,5436421000001034424,Cassia County School District
zcrm_5436421000135234563,5436421000001034437,Elmwood Park Community Unit School District 401
zcrm_5436421000135204642,5436421000001034444,Reedsport School District 105
zcrm_5436421000135232635,5436421000001034448,Bullitt County Public School District
zcrm_5436421000135230463,5436421000001034449,Two Rivers Public Schools
zcrm_5436421000135219491,5436421000001034450,Clovis Unified School District
zcrm_5436421000135215139,5436421000001034458,Livingston Parish Public School District
zcrm_5436421000135205030,5436421000001034461,Spokane Public Schools
zcrm_5436421000135229670,5436421000001034462,Brookings School District
zcrm_5436421000135207022,5436421000001034465,Gering Public School District
zcrm_5436421000135211473,5436421000001034469,Grand Blanc Community School District
zcrm_5436421000135209670,5436421000001034478,Sherman Independent School District
zcrm_5436421000135211640,5436421000001034484,Lyford Consolidated Independent School District
zcrm_5436421000135208059,5436421000001034486,Highlands School District
zcrm_5436421000135202466,5436421000001034496,Aransas Pass Independent School District
zcrm_5436421000135232539,5436421000001288429,St. James Parish Schools
zcrm_5436421000135214097,5436421000001288440,Victoria Independent School District
zcrm_5436421000135209059,5436421000001288450,Winnebago Public School District
zcrm_5436421000135210942,5436421000001288472,Community Independent School District
zcrm_5436421000135210571,5436421000001288473,Denison Independent School District
zcrm_5436421000135214450,5436421000001288475,Plano Independent School District
zcrm_5436421000135219512,5436421000001288492,Fort Worth Independent School District
zcrm_5436421000135210497,5436421000001288508,Weatherford Independent School District
zcrm_5436421000135227607,5436421000001289269,Rockport-Fulton Independent School District
zcrm_5436421000135214016,5436421000001289278,Boerne Independent School District
zcrm_5436421000135233470,5436421000001289279,Bonneville Joint School District 93
zcrm_5436421000135214117,5436421000001289282,Burleson Independent School District
zcrm_5436421000135234132,5436421000001289283,Burnet Consolidated Independent School District
zcrm_5436421000135209092,5436421000001289294,Clark County School District
zcrm_5436421000135220542,5436421000001290053,Harlingen Consolidated Independent School District
zcrm_5436421000135213950,5436421000001290085,Lamar Consolidated Independent School District
zcrm_5436421000135229957,5436421000001290091,Madison School District 321
zcrm_5436421000135210573,5436421000001290102,Newtown Public School District
zcrm_5436421000135234538,5436421000001290123,Roslyn Public Schools
zcrm_5436421000135210101,5436421000001290124,Saline Area School District
zcrm_5436421000135220181,5436421000001290125,Idaho Falls School District 91
zcrm_5436421000135217084,5436421000001325048,Sheridan Schools
zcrm_5436421000135218648,5436421000001325049,Wilder School District
zcrm_5436421000135202562,5436421000001625605,Richmond County School District
zcrm_5436421000135233957,5436421000002175008,Humble Independent School District
zcrm_5436421000135211641,5436421000002741013,Spartanburg County School District 6
zcrm_5436421000135210976,5436421000002979008,Dripping Springs Independent School District
zcrm_5436421000135233677,5436421000004012080,Chandler Unified School District
zcrm_5436421000135206098,5436421000004012082,Coppell Independent School District
zcrm_5436421000135211617,5436421000004125089,Bandera Independent School District
zcrm_5436421000135233030,5436421000004125528,McAllen Independent School District
zcrm_5436421000135231535,5436421000004474001,Lander County School District
zcrm_5436421000135228672,5436421000005441044,Elk Grove Unified School District
zcrm_5436421000135229178,5436421000006072001,St. Francis Public School District
zcrm_5436421000135234677,5436421000006072138,Donna Independent School District
zcrm_5436421000135233681,5436421000006329027,Osceola County School District
zcrm_5436421000135222089,5436421000006546364,Pell City School District
zcrm_5436421000135225475,5436421000006546595,Oswego Community Unit School District 308
zcrm_5436421000135210665,5436421000006582081,Genesee Intermediate School District
zcrm_5436421000135233565,5436421000006954199,Barnstable Public Schools
zcrm_5436421000135213526,5436421000006954217,Big Foot Union High School District
zcrm_5436421000135229535,5436421000006954267,Centinela Valley Union High School District
zcrm_5436421000135230950,5436421000006954297,Colorado Springs School District 11
zcrm_5436421000135222528,5436421000006954300,Columbia Elementary School District
zcrm_5436421000135223445,5436421000006954365,East Valley School District
zcrm_5436421000135207181,5436421000006954367,Eastern Lancaster County School District
zcrm_5436421000135233679,5436421000006954371,Edcouch-Elsa Independent School District
zcrm_5436421000135227164,5436421000006954683,Gloucester County Public School District
zcrm_5436421000135232125,5436421000006954785,Jerome Joint School District 261
zcrm_5436421000135201949,5436421000006954812,Lake Geneva School District
zcrm_5436421000135227965,5436421000006954904,Minidoka County School District 331
zcrm_5436421000135208994,5436421000006954914,Mona Shores School District
zcrm_5436421000135233153,5436421000006956197,North Kansas City Schools
zcrm_5436421000135227579,5436421000006956222,Oklahoma City Public School District
zcrm_5436421000135233452,5436421000006956228,Orange County Public School District
zcrm_5436421000135234078,5436421000006956262,Pharr-San Juan-Alamo Independent School District
zcrm_5436421000135221547,5436421000006956335,Saint David Unified School District 21
zcrm_5436421000135229550,5436421000006956340,Santa Rosa County Schools
zcrm_5436421000135209100,5436421000006956737,West Valley School District 363
zcrm_5436421000135202145,5436421000000775001,Spencer-Owen Community School District
zcrm_5436421000135205156,5436421000001033285,Saddleback Valley Unified School District
zcrm_5436421000135230035,5436421000001033293,Eagle County School District
zcrm_5436421000135207966,5436421000001033296,Okaloosa County School District
zcrm_5436421000135206111,5436421000001033298,Maypearl Independent School District
zcrm_5436421000135210954,5436421000001033306,Duncanville Independent School District
zcrm_5436421000135228176,5436421000001033314,Spartanburg County School District 2
zcrm_5436421000135232958,5436421000001033315,Greenville County School District
zcrm_5436421000135227520,5436421000001033320,Pike County School District
zcrm_5436421000135211657,5436421000001033325,Naperville Community Unit School District 203
zcrm_5436421000135233945,5436421000001033390,Seminole County Public School District
zcrm_5436421000135233112,5436421000001033391,Hillsborough County Public School District
zcrm_5436421000135205113,5436421000001033403,Garland Independent School District
zcrm_5436421000135204523,5436421000001033415,Washoe County School District
zcrm_5436421000135194793,5436421000001033441,Pass Christian Public School District
zcrm_5436421000135211671,5436421000001033446,Keller Independent School District
zcrm_5436421000135210680,5436421000001033455,Copperas Cove Independent School District
zcrm_5436421000135233979,5436421000001033468,Klein Independent School District
zcrm_5436421000135204542,5436421000001033493,School District of Horicon
zcrm_5436421000135223089,5436421000001033495,Phoenix-Talent School District 4
zcrm_5436421000135214178,5436421000001033501,Academy School District
zcrm_5436421000135203007,5436421000001033798,Central Unified School District
zcrm_5436421000135223029,5436421000001033812,Fall River Joint Unified School District
zcrm_5436421000135230664,5436421000001033818,Marion County Public School District
zcrm_5436421000135209631,5436421000001033819,Mansfield Independent School District
zcrm_5436421000135209141,5436421000001033825,Knox County School District
zcrm_5436421000135214626,5436421000001033832,Plum Borough School District
zcrm_5436421000135210475,5436421000001033836,Williamson County School District
zcrm_5436421000135226053,5436421000001033839,Rowland Unified School District
zcrm_5436421000135227099,5436421000001033851,Somerton School District
zcrm_5436421000135207479,5436421000001033852,West Aurora School District 129
zcrm_5436421000135229976,5436421000001033853,Tempe Union High School District
zcrm_5436421000135207141,5436421000001033857,Pearsall Independent School District
zcrm_5436421000135208132,5436421000001033861,Warren Independent School District
zcrm_5436421000135228091,5436421000001033863,Burbank Unified School District
zcrm_5436421000135212101,5436421000001033868,Sts Tammany Parish Public Schools
zcrm_5436421000135233120,5436421000001033894,School District of Lee County
zcrm_5436421000135209063,5436421000001033896,Salem-Keizer Public Schools
zcrm_5436421000135215004,5436421000001033898,Poudre School District
zcrm_5436421000135209464,5436421000001033900,Montgomery Public Schools
zcrm_5436421000135230175,5436421000001033901,Saint Paul Public School District
zcrm_5436421000135228008,5436421000001033904,San Bernardino City Unified School District
zcrm_5436421000135212181,5436421000001033908,Anne Arundel County Public School District
zcrm_5436421000135203114,5436421000001033909,Somers Central School District NY
zcrm_5436421000135233060,5436421000001033912,Thompson School District R2-J
zcrm_5436421000135231128,5436421000001033913,Lexington County School District One
zcrm_5436421000135220096,5436421000001033916,School District of Palm Beach County
zcrm_5436421000135201514,5436421000001033936,Curwensville Area School District
zcrm_5436421000135215438,5436421000001033942,Brighton Area School District
zcrm_5436421000135205466,5436421000001033944,Round Rock Independent School District
zcrm_5436421000135220441,5436421000001033955,Hernando County School District
zcrm_5436421000135215534,5436421000001033959,Northwest Independent School District
zcrm_5436421000135211014,5436421000001033960,Houston Independent School District
zcrm_5436421000135220102,5436421000001033979,Metro Nashville Public Schools
zcrm_5436421000135223511,5436421000001033982,Northern Lehigh School District
zcrm_5436421000135210023,5436421000001033984,Lafayette Parish School District
zcrm_5436421000135220626,5436421000001033985,St. Bernard Parish Public Schools
zcrm_5436421000135218157,5436421000001033990,Kingsville Independent School District
zcrm_5436421000135219681,5436421000001033999,Atoka Public Schools
zcrm_5436421000135202955,5436421000001034001,Carmichaels Area School District
zcrm_5436421000135215039,5436421000001034003,Central Greene School District
zcrm_5436421000135232509,5436421000001034008,Terrebonne Parish School District
zcrm_5436421000135227589,5436421000001034009,Frenship Independent School District
zcrm_5436421000135234961,5436421000001034020,Ferris Independent School District
zcrm_5436421000135215543,5436421000001034022,Eagle Mountain-Saginaw Independent School District
zcrm_5436421000135209090,5436421000001034023,Plainfield Community Consolidated School District 202
zcrm_5436421000135207048,5436421000001034310,Birdville Independent School District
zcrm_5436421000135225969,5436421000001034315,Beatrice Public School District
zcrm_5436421000135216004,5436421000001034322,Wewoka Public School District
zcrm_5436421000135228455,5436421000001034324,Rutherford County School District
zcrm_5436421000135213632,5436421000001034327,Irvine Unified School District
zcrm_5436421000135218131,5436421000001034347,Melissa Independent School District
zcrm_5436421000135233147,5436421000001034362,Huntley Community School District 158
zcrm_5436421000135233028,5436421000001034382,Wylie Independent School District
zcrm_5436421000135226668,5436421000001034390,Elko County School District
zcrm_5436421000135225571,5436421000001034397,Broken Arrow Public School District
zcrm_5436421000135213072,5436421000001034398,Owensboro Independent School District
zcrm_5436421000135227522,5436421000001034400,Richland County School District One
zcrm_5436421000135210943,5436421000001034402,Republic School District
zcrm_5436421000135233464,5436421000001034441,Denver Public Schools
zcrm_5436421000135232605,5436421000001034448,Bullitt County Public School District
zcrm_5436421000135207969,5436421000001034484,Lyford Consolidated Independent School District
zcrm_5436421000135208058,5436421000001034486,Highlands School District
zcrm_5436421000135231180,5436421000001288429,St. James Parish Schools
zcrm_5436421000135201054,5436421000001288472,Community Independent School District
zcrm_5436421000135234599,5436421000001288490,Cleburne Independent School District
zcrm_5436421000135210965,5436421000001288492,Fort Worth Independent School District
zcrm_5436421000135205950,5436421000001288508,Weatherford Independent School District
zcrm_5436421000135225089,5436421000001289269,Rockport-Fulton Independent School District
zcrm_5436421000135210612,5436421000001289278,Boerne Independent School District
zcrm_5436421000135209663,5436421000001289279,Bonneville Joint School District 93
zcrm_5436421000135210947,5436421000001289282,Burleson Independent School District
zcrm_5436421000135209535,5436421000001289283,Burnet Consolidated Independent School District
zcrm_5436421000135209488,5436421000001290053,Harlingen Consolidated Independent School District
zcrm_5436421000135223482,5436421000001290091,Madison School District 321
zcrm_5436421000135215553,5436421000001290123,Roslyn Public Schools
zcrm_5436421000135205952,5436421000001290125,Idaho Falls School District 91
zcrm_5436421000135202603,5436421000001325049,Wilder School District
zcrm_5436421000135218606,5436421000002175008,Humble Independent School District
zcrm_5436421000135209668,5436421000004012080,Chandler Unified School District
zcrm_5436421000135200102,5436421000004012082,Coppell Independent School District
zcrm_5436421000135209040,5436421000004125528,McAllen Independent School District
zcrm_5436421000135220535,5436421000004474001,Lander County School District
zcrm_5436421000135228181,5436421000005441044,Elk Grove Unified School District
zcrm_5436421000135234643,5436421000006072138,Donna Independent School District
zcrm_5436421000135233002,5436421000006329027,Osceola County School District
zcrm_5436421000135221008,5436421000006546595,Oswego Community Unit School District 308
zcrm_5436421000135204053,5436421000006954217,Big Foot Union High School District
zcrm_5436421000135209564,5436421000006954267,Centinela Valley Union High School District
zcrm_5436421000135230582,5436421000006954297,Colorado Springs School District 11
zcrm_5436421000135205974,5436421000006954371,Edcouch-Elsa Independent School District
zcrm_5436421000135224982,5436421000006954683,Gloucester County Public School District
zcrm_5436421000135224983,5436421000006954785,Jerome Joint School District 261
zcrm_5436421000135223446,5436421000006954904,Minidoka County School District 331
zcrm_5436421000135228584,5436421000006956197,North Kansas City Schools
zcrm_5436421000135226602,5436421000006956222,Oklahoma City Public School District
zcrm_5436421000135228614,5436421000006956228,Orange County Public School District
zcrm_5436421000135214560,5436421000006956262,Pharr-San Juan-Alamo Independent School District
zcrm_5436421000135215687,5436421000006956335,Saint David Unified School District 21
zcrm_5436421000135228141,5436421000006956340,Santa Rosa County Schools
zcrm_5436421000135207988,5436421000006956737,West Valley School District 363
zcrm_5436421000135226528,5436421000001033293,Eagle County School District
zcrm_5436421000135210464,5436421000001033306,Duncanville Independent School District
zcrm_5436421000135228006,5436421000001033314,Spartanburg County School District 2
zcrm_5436421000135228944,5436421000001033315,Greenville County School District
zcrm_5436421000135209672,5436421000001033320,Pike County School District
zcrm_5436421000135207599,5436421000001033325,Naperville Community Unit School District 203
zcrm_5436421000135233582,5436421000001033390,Seminole County Public School District
zcrm_5436421000135232998,5436421000001033391,Hillsborough County Public School District
zcrm_5436421000135201476,5436421000001033415,Washoe County School District
zcrm_5436421000135194792,5436421000001033441,Pass Christian Public School District
zcrm_5436421000135211567,5436421000001033446,Keller Independent School District
zcrm_5436421000135210542,5436421000001033455,Copperas Cove Independent School District
zcrm_5436421000135233944,5436421000001033468,Klein Independent School District
zcrm_5436421000135210608,5436421000001033501,Academy School District
zcrm_5436421000135222938,5436421000001033818,Marion County Public School District
zcrm_5436421000135209121,5436421000001033819,Mansfield Independent School District
zcrm_5436421000135209649,5436421000001033832,Plum Borough School District
zcrm_5436421000135201674,5436421000001033836,Williamson County School District
zcrm_5436421000135222590,5436421000001033839,Rowland Unified School District
zcrm_5436421000135226087,5436421000001033851,Somerton School District
zcrm_5436421000135203948,5436421000001033852,West Aurora School District 129
zcrm_5436421000135225576,5436421000001033853,Tempe Union High School District
zcrm_5436421000135202537,5436421000001033857,Pearsall Independent School District
zcrm_5436421000135204638,5436421000001033861,Warren Independent School District
zcrm_5436421000135227953,5436421000001033863,Burbank Unified School District
zcrm_5436421000135232977,5436421000001033894,School District of Lee County
zcrm_5436421000135213617,5436421000001033898,Poudre School District
zcrm_5436421000135205623,5436421000001033900,Montgomery Public Schools
zcrm_5436421000135220589,5436421000001033901,Saint Paul Public School District
zcrm_5436421000135227586,5436421000001033904,San Bernardino City Unified School District
zcrm_5436421000135211465,5436421000001033908,Anne Arundel County Public School District
zcrm_5436421000135231119,5436421000001033912,Thompson School District R2-J
zcrm_5436421000135230007,5436421000001033913,Lexington County School District One
zcrm_5436421000135220059,5436421000001033916,School District of Palm Beach County
zcrm_5436421000135207661,5436421000001033930,Falmouth Public Schools
zcrm_5436421000135210544,5436421000001033955,Hernando County School District
zcrm_5436421000135211665,5436421000001033959,Northwest Independent School District
zcrm_5436421000135210958,5436421000001033960,Houston Independent School District
zcrm_5436421000135220087,5436421000001033979,Metro Nashville Public Schools
zcrm_5436421000135209533,5436421000001033982,Northern Lehigh School District
zcrm_5436421000135212087,5436421000001033985,St. Bernard Parish Public Schools
zcrm_5436421000135217168,5436421000001033990,Kingsville Independent School District
zcrm_5436421000135217976,5436421000001033999,Atoka Public Schools
zcrm_5436421000135215021,5436421000001034003,Central Greene School District
zcrm_5436421000135232096,5436421000001034008,Terrebonne Parish School District
zcrm_5436421000135219966,5436421000001034009,Frenship Independent School District
zcrm_5436421000135211605,5436421000001034022,Eagle Mountain-Saginaw Independent School District
zcrm_5436421000135205592,5436421000001034310,Birdville Independent School District
zcrm_5436421000135220943,5436421000001034315,Beatrice Public School District
zcrm_5436421000135220143,5436421000001034324,Rutherford County School District
zcrm_5436421000135211006,5436421000001034327,Irvine Unified School District
zcrm_5436421000135215011,5436421000001034347,Melissa Independent School District
zcrm_5436421000135233088,5436421000001034362,Huntley Community School District 158
zcrm_5436421000135232995,5436421000001034382,Wylie Independent School District
zcrm_5436421000135226646,5436421000001034390,Elko County School District
zcrm_5436421000135221438,5436421000001034397,Broken Arrow Public School District
zcrm_5436421000135210040,5436421000001034398,Owensboro Independent School District
zcrm_5436421000135225445,5436421000001034400,Richland County School District One
zcrm_5436421000135207087,5436421000001034402,Republic School District
zcrm_5436421000135233457,5436421000001034441,Denver Public Schools
zcrm_5436421000135231635,5436421000001034448,Bullitt County Public School District
zcrm_5436421000135207655,5436421000001034484,Lyford Consolidated Independent School District
zcrm_5436421000135205999,5436421000001034486,Highlands School District
zcrm_5436421000135230020,5436421000001288429,St. James Parish Schools
zcrm_5436421000135210121,5436421000001288492,Fort Worth Independent School District
zcrm_5436421000135210522,5436421000001289269,Rockport-Fulton Independent School District
zcrm_5436421000135206179,5436421000001289278,Boerne Independent School District
zcrm_5436421000135208569,5436421000001290053,Harlingen Consolidated Independent School District
zcrm_5436421000135223171,5436421000001290091,Madison School District 321
zcrm_5436421000135215181,5436421000001290123,Roslyn Public Schools
zcrm_5436421000135200510,5436421000001325049,Wilder School District
zcrm_5436421000135217082,5436421000002175008,Humble Independent School District
zcrm_5436421000135206984,5436421000004125528,McAllen Independent School District
zcrm_5436421000135214498,5436421000005441044,Elk Grove Unified School District
zcrm_5436421000135210022,5436421000005581059,Honey Grove Independent School District
zcrm_5436421000135232974,5436421000006329027,Osceola County School District
zcrm_5436421000135220064,5436421000006546595,Oswego Community Unit School District 308
zcrm_5436421000135205443,5436421000006954267,Centinela Valley Union High School District
zcrm_5436421000135230557,5436421000006954297,Colorado Springs School District 11
zcrm_5436421000135214556,5436421000006954363,East Ramapo Consolidated School district
zcrm_5436421000135224589,5436421000006954683,Gloucester County Public School District
zcrm_5436421000135222581,5436421000006954785,Jerome Joint School District 261
zcrm_5436421000135221960,5436421000006954904,Minidoka County School District 331
zcrm_5436421000135227492,5436421000006956197,North Kansas City Schools
zcrm_5436421000135226467,5436421000006956222,Oklahoma City Public School District
zcrm_5436421000135217148,5436421000006956228,Orange County Public School District
zcrm_5436421000135214103,5436421000006956262,Pharr-San Juan-Alamo Independent School District
zcrm_5436421000135206648,5436421000006956335,Saint David Unified School District 21
zcrm_5436421000135227959,5436421000006956340,Santa Rosa County Schools
zcrm_5436421000135223585,5436421000001033293,Eagle County School District
zcrm_5436421000135224597,5436421000001033314,Spartanburg County School District 2
zcrm_5436421000135228625,5436421000001033315,Greenville County School District
zcrm_5436421000135208173,5436421000001033320,Pike County School District
zcrm_5436421000135233100,5436421000001033390,Seminole County Public School District
zcrm_5436421000135231153,5436421000001033391,Hillsborough County Public School District
zcrm_5436421000135200439,5436421000001033415,Washoe County School District
zcrm_5436421000135194345,5436421000001033441,Pass Christian Public School District
zcrm_5436421000135211482,5436421000001033446,Keller Independent School District
zcrm_5436421000135233616,5436421000001033468,Klein Independent School District
zcrm_5436421000135206570,5436421000001033501,Academy School District
zcrm_5436421000135211616,5436421000001033818,Marion County Public School District
zcrm_5436421000135207093,5436421000001033819,Mansfield Independent School District
zcrm_5436421000135208010,5436421000001033832,Plum Borough School District
zcrm_5436421000135214037,5436421000001033839,Rowland Unified School District
zcrm_5436421000135222049,5436421000001033851,Somerton School District
zcrm_5436421000135223645,5436421000001033853,Tempe Union High School District
zcrm_5436421000135200659,5436421000001033857,Pearsall Independent School District
zcrm_5436421000135227505,5436421000001033863,Burbank Unified School District
zcrm_5436421000135232676,5436421000001033894,School District of Lee County
zcrm_5436421000135209608,5436421000001033898,Poudre School District
zcrm_5436421000135203967,5436421000001033900,Montgomery Public Schools
zcrm_5436421000135220474,5436421000001033901,Saint Paul Public School District
zcrm_5436421000135227525,5436421000001033904,San Bernardino City Unified School District
zcrm_5436421000135231071,5436421000001033912,Thompson School District R2-J
zcrm_5436421000135229938,5436421000001033913,Lexington County School District One
zcrm_5436421000135208999,5436421000001033916,School District of Palm Beach County
zcrm_5436421000135230619,5436421000001033943,Floresville Independent School District
zcrm_5436421000135057967,5436421000001033955,Hernando County School District
zcrm_5436421000135209553,5436421000001033960,Houston Independent School District
zcrm_5436421000135214174,5436421000001033979,Metro Nashville Public Schools
zcrm_5436421000135216126,5436421000001033990,Kingsville Independent School District
zcrm_5436421000135214660,5436421000001034003,Central Greene School District
zcrm_5436421000135231173,5436421000001034008,Terrebonne Parish School District
zcrm_5436421000135215646,5436421000001034009,Frenship Independent School District
zcrm_5436421000135203607,5436421000001034022,Eagle Mountain-Saginaw Independent School District
zcrm_5436421000135234529,5436421000001034033,Summit School District
zcrm_5436421000135218624,5436421000001034324,Rutherford County School District
zcrm_5436421000135209180,5436421000001034347,Melissa Independent School District
zcrm_5436421000135233083,5436421000001034362,Huntley Community School District 158
zcrm_5436421000135232990,5436421000001034382,Wylie Independent School District
zcrm_5436421000135226643,5436421000001034390,Elko County School District
zcrm_5436421000135225444,5436421000001034400,Richland County School District One
zcrm_5436421000135206057,5436421000001034402,Republic School District
zcrm_5436421000135233102,5436421000001034441,Denver Public Schools
zcrm_5436421000135231149,5436421000001034448,Bullitt County Public School District
zcrm_5436421000135207462,5436421000001034484,Lyford Consolidated Independent School District
zcrm_5436421000135200466,5436421000001034486,Highlands School District
zcrm_5436421000135227456,5436421000001288429,St. James Parish Schools
zcrm_5436421000135209484,5436421000001288492,Fort Worth Independent School District
zcrm_5436421000135205562,5436421000001289269,Rockport-Fulton Independent School District
zcrm_5436421000135200587,5436421000001289278,Boerne Independent School District
zcrm_5436421000135222586,5436421000001290091,Madison School District 321
zcrm_5436421000135215136,5436421000001290123,Roslyn Public Schools
zcrm_5436421000135215654,5436421000002175008,Humble Independent School District
zcrm_5436421000135209503,5436421000005441044,Elk Grove Unified School District
zcrm_5436421000135232945,5436421000006329027,Osceola County School District
zcrm_5436421000135206159,5436421000006546595,Oswego Community Unit School District 308
zcrm_5436421000135204153,5436421000006954267,Centinela Valley Union High School District
zcrm_5436421000135230545,5436421000006954297,Colorado Springs School District 11
zcrm_5436421000135225523,5436421000006956197,North Kansas City Schools
zcrm_5436421000135223961,5436421000006956222,Oklahoma City Public School District
zcrm_5436421000135209494,5436421000006956228,Orange County Public School District
zcrm_5436421000135227958,5436421000006956340,Santa Rosa County Schools
zcrm_5436421000135202016,5436421000007586032,Tea Area School District
zcrm_5436421000135225533,5436421000007631276,Bethel Local Schools
zcrm_5436421000135228576,5436421000007631277,Brookville Local School District
zcrm_5436421000135208523,5436421000007631285,Clinton-Massie Local School District
zcrm_5436421000135233161,5436421000007631287,Columbus City School District
zcrm_5436421000135206113,5436421000007631288,Covington Exempted Village School District
zcrm_5436421000135210596,5436421000007631289,Dayton Public Schools
zcrm_5436421000135208944,5436421000007631290,Deer Park Community City School District
zcrm_5436421000135202970,5436421000007631294,East Clinton Local District
zcrm_5436421000135213558,5436421000007631295,Eaton Community School District
zcrm_5436421000135212616,5436421000007631299,Georgetown Exempted Village School District
zcrm_5436421000135232464,5436421000007631306,Kenton County School District
zcrm_5436421000135231552,5436421000007631310,Lebanon City School District
zcrm_5436421000135210067,5436421000007631311,Little Miami School District
zcrm_5436421000135212027,5436421000007631574,Medina City Schools
zcrm_5436421000135213512,5436421000007631589,Oberlin City School District
zcrm_5436421000135209994,5436421000007631594,Princeton City School District
zcrm_5436421000135213074,5436421000007631595,Southwest Local School District
zcrm_5436421000135225660,5436421000007631602,Tipp City Exempted Village School District
zcrm_5436421000135224090,5436421000007631603,Tri-County North School District
zcrm_5436421000135213059,5436421000007631605,Twin Valley Community Local School District
zcrm_5436421000135226161,5436421000007631607,Upper Sandusky Exempted Village Schools
zcrm_5436421000135204939,5436421000007631610,Versailles Exempted Village School District
zcrm_5436421000135227654,5436421000007631612,West Clermont Local School District
zcrm_5436421000135221144,5436421000007631613,Westerville City School District
zcrm_5436421000135227082,5436421000007631614,Whitehall City School District
zcrm_5436421000135228152,5436421000007631615,Williamsburg Local School District
zcrm_5436421000135213075,5436421000007631617,Wyoming City School District
zcrm_5436421000135225947,5436421000008146238,Sweetwater Union High School District
zcrm_5436421000135232138,5436421000008146376,Cajon Valley Union School District
zcrm_5436421000135230585,5436421000008292163,Escambia County Public Schools
zcrm_5436421000135208147,5436421000008305134,Arcanum-Butler Local School District
zcrm_5436421000135224166,5436421000008305148,Strasburg-Franklin Local School District
zcrm_5436421000135207149,5436421000008434203,Central Unified School District 462
zcrm_5436421000135207148,5436421000008434294,Dexter Unified School District 471
zcrm_5436421000135219678,5436421000008434361,Udall Unified School District 463
zcrm_5436421000135201496,5436421000008986012,Leonard Independent School District
zcrm_5436421000135209440,5436421000009899001,Smithville School District
zcrm_5436421000135215989,5436421000010205002,Poway Unified School District
zcrm_5436421000135234528,5436421000011489001,J. Sterling Morton High School District 201
zcrm_5436421000135217634,5436421000011863001,Seminole Public School District
zcrm_5436421000135226152,5436421000016603009,Steamboat Springs School District RE-2
zcrm_5436421000135233131,5436421000017565385,Edinburg Consolidated Independent School District
zcrm_5436421000135210656,5436421000017706020,Highland Park Independent School District
zcrm_5436421000135213507,5436421000018467049,York Suburban School District
zcrm_5436421000135222971,5436421000018888001,Waterloo Community School District
zcrm_5436421000135214125,5436421000019176025,Bryan Independent School District
zcrm_5436421000135218445,5436421000019176100,Plains Independent School District
zcrm_5436421000135209637,5436421000019423026,Crystal Lake Central Consolidated School District 47
zcrm_5436421000135206941,5436421000019977026,Pine Island School District
zcrm_5436421000135214504,5436421000020213006,East Williston School District
zcrm_5436421000135208484,5436421000020393094,Upper Arlington School District
zcrm_5436421000135208085,5436421000020393098,Fairfield City Schools
zcrm_5436421000135212620,5436421000020393100,Boone County Schools
zcrm_5436421000135207632,5436421000020393102,Van Buren Local School District
zcrm_5436421000135208075,5436421000020393103,Cleveland Metropolitan School District
zcrm_5436421000135222445,5436421000020393106,Madison Local School District
zcrm_5436421000135220553,5436421000020393108,Talawanda City School District
zcrm_5436421000135228111,5436421000020393109,Jonathan Alder Local School District
zcrm_5436421000135234656,5436421000020393112,Wadsworth City Schools
zcrm_5436421000135212537,5436421000020393114,Lakota Local Schools
zcrm_5436421000135209597,5436421000020933117,Celina Independent School District
zcrm_5436421000135232182,5436421000021681057,Greenville Independent School District TX
zcrm_5436421000135216617,5436421000022050364,Ponder Independent School District
zcrm_5436421000135227477,5436421000022364066,Wayne Local School District
zcrm_5436421000135213493,5436421000023142063,Gurnee District 56
zcrm_5436421000135228566,5436421000023142119,Tomball Independent School District
zcrm_5436421000135228512,5436421000023865011,Cherokee County School District
zcrm_5436421000135221619,5436421000023870615,Gale-Ettrick-Trempeleau School District
zcrm_5436421000135233566,5436421000024182277,Wichita Falls Independent School District
zcrm_5436421000135221518,5436421000025115069,Grand Haven Area Public School District
zcrm_5436421000135210080,5436421000025496292,Hamlin Independent School District
zcrm_5436421000135211945,5436421000028122015,Leander Independent School District
zcrm_5436421000135234989,5436421000028825025,Colcord Public School District
zcrm_5436421000135218114,5436421000029593869,Wilson Public Schools
zcrm_5436421000135227508,5436421000030191102,Spearfish School District
zcrm_5436421000135209543,5436421000030984194,Belton Independent School District
zcrm_5436421000135215532,5436421000034841373,Lufkin Independent School District
zcrm_5436421000135209082,5436421000035560694,Englewood City School District
zcrm_5436421000135214481,5436421000035577195,POTEET INDEPENDENT SCHOOL DISTRICT
zcrm_5436421000135228938,5436421000036047049,Pearland Independent School District
zcrm_5436421000135219505,5436421000036157059,School District of South Milwaukee
zcrm_5436421000135214486,5436421000036245034,Aubrey Independent School District
zcrm_5436421000135209619,5436421000036245167,Tom Bean Independent School District
zcrm_5436421000135228989,5436421000036291006,Allen Independent School District
zcrm_5436421000135211069,5436421000036291121,Cumby Collegiate Independent School District
zcrm_5436421000135231638,5436421000036291133,Dallas Independent School District
zcrm_5436421000135200512,5436421000036581013,Sunnyvale Independent School District
zcrm_5436421000135232083,5436421000037406125,Nassau County School District
zcrm_5436421000135228053,5436421000037534031,Ventura Unified School District
zcrm_5436421000135205568,5436421000037934001,Wynnewood Public School District
zcrm_5436421000135216046,5436421000038284799,Fargo Public Schools
zcrm_5436421000135225143,5436421000038371192,Meriwether County School District
zcrm_5436421000135209479,5436421000038786123,Muskogee Public School District
zcrm_5436421000135233664,5436421000039176338,Alachua County Public School District
zcrm_5436421000135231539,5436421000039176365,Northwest Local School District
zcrm_5436421000135228039,5436421000040186170,Ponca City Public School District
zcrm_5436421000135233606,5436421000042167539,Wills Point Independent School District
zcrm_5436421000135233016,5436421000044969058,Taos Municipal School District
zcrm_5436421000135218646,5436421000045173153,Keys Public School District
zcrm_5436421000135220123,5436421000045173397,Glendale Unified School District
zcrm_5436421000135210998,5436421000045404245,Corsicana Independent School District
zcrm_5436421000135213521,5436421000045421137,North College Hill City School District
zcrm_5436421000135234097,5436421000045491403,Gaston County School District
zcrm_5436421000135234595,5436421000045491407,Colton Joint Unified School District
zcrm_5436421000135224938,5436421000045579120,Upper St Clair School District
zcrm_5436421000135220457,5436421000045580813,Storm Lake Community School District
zcrm_5436421000135210112,5436421000045662001,Irving Independent School District
zcrm_5436421000135230021,5436421000045972057,Davison Community School District
zcrm_5436421000135233560,5436421000046028024,Fort Bend Independent School District
zcrm_5436421000135234025,5436421000046045127,Dennis-Yarmouth Regional School District
zcrm_5436421000135209501,5436421000046967151,Kennedale Independent School District
zcrm_5436421000135214057,5436421000047728164,Newark City School District
zcrm_5436421000135215554,5436421000047728165,Paterson City School District
zcrm_5436421000135233982,5436421000047728167,Trenton City School District
zcrm_5436421000135203598,5436421000047728171,East OrangEast City School District
zcrm_5436421000135234956,5436421000047728173,Clifton City School District
zcrm_5436421000135209056,5436421000047728174,Cherry Hill Township School District
zcrm_5436421000135234002,5436421000047728176,Middletown Township School District
zcrm_5436421000135207025,5436421000047728178,Wayne Township School District
zcrm_5436421000135225507,5436421000047728180,Vineland City School District
zcrm_5436421000135214518,5436421000047728181,Plainfield City School District
zcrm_5436421000135214512,5436421000047728183,Bayonne City School District
zcrm_5436421000135221462,5436421000047728185,Perth Amboy City School District
zcrm_5436421000135233948,5436421000047728186,New Brunswick City School District
zcrm_5436421000135212485,5436421000047728189,Orange City Township School District
zcrm_5436421000135213619,5436421000047728190,Howell Township School District
zcrm_5436421000135210098,5436421000047728191,Garfield City School District
zcrm_5436421000135213553,5436421000047728199,Montclair Town School District
zcrm_5436421000135205544,5436421000047728200,Linden City School District
zcrm_5436421000135215172,5436421000047728205,Franklin Township School District
zcrm_5436421000135214133,5436421000047728206,Westfield Town School District
zcrm_5436421000135206533,5436421000047728208,Ridgewood Village School District
zcrm_5436421000135211611,5436421000047728209,Belleville Town School District
zcrm_5436421000135214528,5436421000047728214,Livingston Township School District
zcrm_5436421000135214442,5436421000047728219,Collingswood Borough School District
zcrm_5436421000135215573,5436421000047728225,Long Branch City School District
zcrm_5436421000135214506,5436421000047728234,Teaneck Township School District
zcrm_5436421000135234077,5436421000047728235,Willingboro Township School District
zcrm_5436421000135213612,5436421000047728236,Paramus Borough School District
zcrm_5436421000135230669,5436421000047728238,West Milford Township School District
zcrm_5436421000135214157,5436421000047728239,Hazlet Township School District
zcrm_5436421000135232115,5436421000047728241,Kearny Town School District
zcrm_5436421000135201061,5436421000047728244,Lawrence Township School District
zcrm_5436421000135214122,5436421000047728246,South Plainfield Borough School District
zcrm_5436421000135233124,5436421000047728252,Hillside Township School District
zcrm_5436421000135214538,5436421000047728253,Roselle Borough School District
zcrm_5436421000135204014,5436421000047728264,Rahway City School District
zcrm_5436421000135214184,5436421000047728265,Fort Lee Borough School District
zcrm_5436421000135209019,5436421000047728267,Pleasantville City School District
zcrm_5436421000135208453,5436421000047728270,North Plainfield Borough School District
zcrm_5436421000135210456,5436421000047728281,Glen Rock Borough School District
zcrm_5436421000135231938,5436421000047728289,Phillipsburg Town School District
zcrm_5436421000135233057,5436421000047728292,Sparta Township School District
zcrm_5436421000135214074,5436421000047728293,Ocean Township School District
zcrm_5436421000135213123,5436421000047728296,Lindenwold Borough School District
zcrm_5436421000135215501,5436421000047728301,Dumont Borough School District
zcrm_5436421000135229102,5436421000047728302,Elmwood Park Borough School District
zcrm_5436421000135234959,5436421000047728303,Rutherford Borough School District
zcrm_5436421000135214472,5436421000047728305,Ramsey Borough School District
zcrm_5436421000135230047,5436421000047728308,Clark Township School District
zcrm_5436421000135214126,5436421000047728311,Hawthorne Borough School District
zcrm_5436421000135233623,5436421000047728326,Hammonton Town School District
zcrm_5436421000135234124,5436421000047728330,Middle Township School District
zcrm_5436421000135212965,5436421000047728338,Hackettstown Town School District
zcrm_5436421000135204961,5436421000047728342,Glassboro Borough School District
zcrm_5436421000135214023,5436421000047728347,Manville Borough School District
zcrm_5436421000135215122,5436421000047728351,Keansburg Borough School District
zcrm_5436421000135212444,5436421000047728358,Haddon Heights Borough School District
zcrm_5436421000135203992,5436421000047728359,Lower Township School District
zcrm_5436421000135232471,5436421000047728362,Audubon Borough School District
zcrm_5436421000135216165,5436421000047728372,Eatontown Borough School District
zcrm_5436421000135232629,5436421000047728376,Gloucester City School District
zcrm_5436421000135214575,5436421000047728391,Clayton Borough School District
zcrm_5436421000135213681,5436421000047728397,Weehawken Township School District
zcrm_5436421000135230063,5436421000047728403,Wallington Borough School District
zcrm_5436421000135206958,5436421000047728412,Upper Saddle River Borough School District
zcrm_5436421000135231981,5436421000047891003,River Vale Township School District
zcrm_5436421000135235114,5436421000047891018,Somers Point City School District
zcrm_5436421000135226987,5436421000047891026,Northern Burlington Regional School District
zcrm_5436421000135215174,5436421000047891027,West Morris Regional School District
zcrm_5436421000135203031,5436421000047891028,Ramapo-Indian Hill Regional School District
zcrm_5436421000135214492,5436421000047891029,North Hunterdon-Voorhees Regional School District
zcrm_5436421000135214038,5436421000047891030,Pascack Valley Regional School District
zcrm_5436421000135214467,5436421000047891037,Manasquan Borough School District
zcrm_5436421000135213638,5436421000047891038,Hanover Park Regional School District
zcrm_5436421000135212141,5436421000047891041,Red Bank Borough School District
zcrm_5436421000135231941,5436421000047891050,Absecon City School District
zcrm_5436421000135212451,5436421000047891069,Little Silver Borough School District
zcrm_5436421000135219118,5436421000047891094,West Long Branch Borough School District
zcrm_5436421000135213944,5436421000047891118,Eern Camden County Regional School District
zcrm_5436421000135214177,5436421000047891119,Watchung Hills Regional School District
zcrm_5436421000135220156,5436421000047891121,Northern Highlands Regional School District
zcrm_5436421000135214555,5436421000047891124,Passaic Valley Regional School District
zcrm_5436421000135220593,5436421000047891129,Rumson-Fair Haven Regional School District
zcrm_5436421000135214109,5436421000047891131,Gateway Regional School District
zcrm_5436421000135214686,5436421000047891132,High Point Regional School District
zcrm_5436421000135227026,5436421000047891139,Delaware Valley Regional School District
zcrm_5436421000135214949,5436421000047891141,Lenape Valley Regional School District
zcrm_5436421000135232164,5436421000047891148,Clementon Borough School District
zcrm_5436421000135230990,5436421000047891149,Eampton Township School District
zcrm_5436421000135207452,5436421000047891151,Ho-Ho-Kus Borough School District
zcrm_5436421000135229958,5436421000047891157,Frankford Township School District
zcrm_5436421000135225035,5436421000047891166,Bedminster Township School District
zcrm_5436421000135230980,5436421000047891171,Blairstown Township School District
zcrm_5436421000135215029,5436421000047891199,Stanhope Borough School District
zcrm_5436421000135206686,5436421000047891201,Netcong Borough School District
zcrm_5436421000135227966,5436421000047891214,Brooklawn Borough School District
zcrm_5436421000135216003,5436421000047891227,Woodbine Borough School District
zcrm_5436421000135212111,5436421000047891236,North Wildwood City School District
zcrm_5436421000135219473,5436421000047891238,Estell Manor City School District
zcrm_5436421000135219545,5436421000047891243,Alpine Borough School District
zcrm_5436421000135217460,5436421000047891246,Farmingdale Borough School District
zcrm_5436421000135221555,5436421000007631276,Bethel Local Schools
zcrm_5436421000135223484,5436421000007631277,Brookville Local School District
zcrm_5436421000135207983,5436421000007631285,Clinton-Massie Local School District
zcrm_5436421000135220030,5436421000007631287,Columbus City School District
zcrm_5436421000135208607,5436421000007631289,Dayton Public Schools
zcrm_5436421000135204151,5436421000007631299,Georgetown Exempted Village School District
zcrm_5436421000135231511,5436421000007631306,Kenton County School District
zcrm_5436421000135201520,5436421000007631310,Lebanon City School District
zcrm_5436421000135234476,5436421000007631584,North Olmsted City Schools
zcrm_5436421000135212032,5436421000007631595,Southwest Local School District
zcrm_5436421000135208942,5436421000007631602,Tipp City Exempted Village School District
zcrm_5436421000135226160,5436421000007631607,Upper Sandusky Exempted Village Schools
zcrm_5436421000135216963,5436421000007631613,Westerville City School District
zcrm_5436421000135206551,5436421000007631615,Williamsburg Local School District
zcrm_5436421000135219961,5436421000008146238,Sweetwater Union High School District
zcrm_5436421000135231998,5436421000008146376,Cajon Valley Union School District
zcrm_5436421000135223012,5436421000008292163,Escambia County Public Schools
zcrm_5436421000135218122,5436421000008305148,Strasburg-Franklin Local School District
zcrm_5436421000135201489,5436421000008434361,Udall Unified School District 463
zcrm_5436421000135208166,5436421000010205002,Poway Unified School District
zcrm_5436421000135234522,5436421000011489001,J. Sterling Morton High School District 201
zcrm_5436421000135221576,5436421000016603009,Steamboat Springs School District RE-2
zcrm_5436421000135214135,5436421000017565385,Edinburg Consolidated Independent School District
zcrm_5436421000135206515,5436421000019176025,Bryan Independent School District
zcrm_5436421000135230671,5436421000019977315,Glenpool Public School District
zcrm_5436421000135208482,5436421000020393094,Upper Arlington School District
zcrm_5436421000135206521,5436421000020393098,Fairfield City Schools
zcrm_5436421000135212053,5436421000020393100,Boone County Schools
zcrm_5436421000135206589,5436421000020393103,Cleveland Metropolitan School District
zcrm_5436421000135223611,5436421000020393109,Jonathan Alder Local School District
zcrm_5436421000135234645,5436421000020393112,Wadsworth City Schools
zcrm_5436421000135209499,5436421000020933117,Celina Independent School District
zcrm_5436421000135228110,5436421000021681057,Greenville Independent School District TX
zcrm_5436421000135208055,5436421000022050364,Ponder Independent School District
zcrm_5436421000135222596,5436421000022364066,Wayne Local School District
zcrm_5436421000135225145,5436421000023865011,Cherokee County School District
zcrm_5436421000135213132,5436421000023870615,Gale-Ettrick-Trempeleau School District
zcrm_5436421000135223990,5436421000024182277,Wichita Falls Independent School District
zcrm_5436421000135234659,5436421000028825025,Colcord Public School District
zcrm_5436421000135201155,5436421000030984194,Belton Independent School District
zcrm_5436421000135201579,5436421000035560694,Englewood City School District
zcrm_5436421000135213616,5436421000036047049,Pearland Independent School District
zcrm_5436421000135201964,5436421000036157059,School District of South Milwaukee
zcrm_5436421000135210116,5436421000036245034,Aubrey Independent School District
zcrm_5436421000135228980,5436421000036291006,Allen Independent School District
zcrm_5436421000135231067,5436421000036291133,Dallas Independent School District
zcrm_5436421000135200054,5436421000036581013,Sunnyvale Independent School District
zcrm_5436421000135230469,5436421000037406125,Nassau County School District
zcrm_5436421000135227131,5436421000037534031,Ventura Unified School District
zcrm_5436421000135205142,5436421000037934001,Wynnewood Public School District
zcrm_5436421000135216030,5436421000038284799,Fargo Public Schools
zcrm_5436421000135233055,5436421000039176338,Alachua County Public School District
zcrm_5436421000135223545,5436421000040186170,Ponca City Public School District
zcrm_5436421000135216611,5436421000042167539,Wills Point Independent School District
zcrm_5436421000135231093,5436421000044969058,Taos Municipal School District
zcrm_5436421000135201067,5436421000045404245,Corsicana Independent School District
zcrm_5436421000135212476,5436421000045421137,North College Hill City School District
zcrm_5436421000135233179,5436421000045491403,Gaston County School District
zcrm_5436421000135215486,5436421000045491407,Colton Joint Unified School District
zcrm_5436421000135221507,5436421000045579120,Upper St Clair School District
zcrm_5436421000135208574,5436421000045662001,Irving Independent School District
zcrm_5436421000135229648,5436421000045972057,Davison Community School District
zcrm_5436421000135233098,5436421000046028024,Fort Bend Independent School District
zcrm_5436421000135213969,5436421000047728164,Newark City School District
zcrm_5436421000135215520,5436421000047728165,Paterson City School District
zcrm_5436421000135234955,5436421000047728173,Clifton City School District
zcrm_5436421000135210176,5436421000047728176,Middletown Township School District
zcrm_5436421000135213645,5436421000047728180,Vineland City School District
zcrm_5436421000135214455,5436421000047728185,Perth Amboy City School District
zcrm_5436421000135214558,5436421000047728186,New Brunswick City School District
zcrm_5436421000135206068,5436421000047728189,Orange City Township School District
zcrm_5436421000135213101,5436421000047728190,Howell Township School District
zcrm_5436421000135204006,5436421000047728191,Garfield City School District
zcrm_5436421000135211526,5436421000047728205,Franklin Township School District
zcrm_5436421000135207674,5436421000047728209,Belleville Town School District
zcrm_5436421000135209992,5436421000047728213,Sayreville Borough School District
zcrm_5436421000135211574,5436421000047728225,Long Branch City School District
zcrm_5436421000135214550,5436421000047728235,Willingboro Township School District
zcrm_5436421000135211031,5436421000047728252,Hillside Township School District
zcrm_5436421000135205533,5436421000047728253,Roselle Borough School District
zcrm_5436421000135208504,5436421000047728265,Fort Lee Borough School District
zcrm_5436421000135216562,5436421000047728289,Phillipsburg Town School District
zcrm_5436421000135200963,5436421000047728292,Sparta Township School District
zcrm_5436421000135229049,5436421000047728302,Elmwood Park Borough School District
zcrm_5436421000135222135,5436421000047728308,Clark Township School District
zcrm_5436421000135233074,5436421000047728326,Hammonton Town School District
zcrm_5436421000135213672,5436421000047728335,Metuchen Borough School District
zcrm_5436421000135210591,5436421000047728338,Hackettstown Town School District
zcrm_5436421000135203998,5436421000047728347,Manville Borough School District
zcrm_5436421000135211964,5436421000047728351,Keansburg Borough School District
zcrm_5436421000135231991,5436421000047728376,Gloucester City School District
zcrm_5436421000135206565,5436421000047728412,Upper Saddle River Borough School District
zcrm_5436421000135222164,5436421000047891003,River Vale Township School District
zcrm_5436421000135235061,5436421000047891018,Somers Point City School District
zcrm_5436421000135226958,5436421000047891026,Northern Burlington Regional School District
zcrm_5436421000135203583,5436421000047891027,West Morris Regional School District
zcrm_5436421000135211983,5436421000047891041,Red Bank Borough School District
zcrm_5436421000135226085,5436421000047891050,Absecon City School District
zcrm_5436421000135219091,5436421000047891094,West Long Branch Borough School District
zcrm_5436421000135209459,5436421000047891119,Watchung Hills Regional School District
zcrm_5436421000135214562,5436421000047891121,Northern Highlands Regional School District
zcrm_5436421000135215571,5436421000047891128,Sterling High School School District
zcrm_5436421000135222629,5436421000047891139,Delaware Valley Regional School District
zcrm_5436421000135214614,5436421000047891141,Lenape Valley Regional School District
zcrm_5436421000135227089,5436421000047891148,Clementon Borough School District
zcrm_5436421000135225591,5436421000047891157,Frankford Township School District
zcrm_5436421000135220630,5436421000047891159,Rochelle Park Township School District
zcrm_5436421000135227060,5436421000047891171,Blairstown Township School District
zcrm_5436421000135205684,5436421000007631276,Bethel Local Schools
zcrm_5436421000135209152,5436421000007631287,Columbus City School District
zcrm_5436421000135208486,5436421000007631289,Dayton Public Schools
zcrm_5436421000135231467,5436421000007631306,Kenton County School District
zcrm_5436421000135234454,5436421000007631584,North Olmsted City Schools
zcrm_5436421000135206948,5436421000007631602,Tipp City Exempted Village School District
zcrm_5436421000135205054,5436421000007631607,Upper Sandusky Exempted Village Schools
zcrm_5436421000135218012,5436421000008146238,Sweetwater Union High School District
zcrm_5436421000135230524,5436421000008146376,Cajon Valley Union School District
zcrm_5436421000135222965,5436421000008292163,Escambia County Public Schools
zcrm_5436421000135215624,5436421000008305148,Strasburg-Franklin Local School District
zcrm_5436421000135234515,5436421000011489001,J. Sterling Morton High School District 201
zcrm_5436421000135221536,5436421000016603009,Steamboat Springs School District RE-2
zcrm_5436421000135210605,5436421000017565385,Edinburg Consolidated Independent School District
zcrm_5436421000135211497,5436421000019977315,Glenpool Public School District
zcrm_5436421000135206673,5436421000020393094,Upper Arlington School District
zcrm_5436421000135202977,5436421000020393098,Fairfield City Schools
zcrm_5436421000135212039,5436421000020393100,Boone County Schools
zcrm_5436421000135204684,5436421000020393103,Cleveland Metropolitan School District
zcrm_5436421000135223471,5436421000020393109,Jonathan Alder Local School District
zcrm_5436421000135208659,5436421000020933117,Celina Independent School District
zcrm_5436421000135224157,5436421000021681057,Greenville Independent School District TX
zcrm_5436421000135208116,5436421000022364066,Wayne Local School District
zcrm_5436421000135224593,5436421000023865011,Cherokee County School District
zcrm_5436421000135211455,5436421000023870615,Gale-Ettrick-Trempeleau School District
zcrm_5436421000135223533,5436421000024182277,Wichita Falls Independent School District
zcrm_5436421000135201487,5436421000035560694,Englewood City School District
zcrm_5436421000135210546,5436421000036047049,Pearland Independent School District
zcrm_5436421000135228968,5436421000036291006,Allen Independent School District
zcrm_5436421000135228660,5436421000036291133,Dallas Independent School District
zcrm_5436421000135228150,5436421000037406125,Nassau County School District
zcrm_5436421000135227107,5436421000037534031,Ventura Unified School District
zcrm_5436421000135208013,5436421000038284799,Fargo Public Schools
zcrm_5436421000135213667,5436421000039176338,Alachua County Public School District
zcrm_5436421000135202465,5436421000044366025,McLoud Public Schools
zcrm_5436421000135227523,5436421000044969058,Taos Municipal School District
zcrm_5436421000135210526,5436421000045491403,Gaston County School District
zcrm_5436421000135215158,5436421000045491407,Colton Joint Unified School District
zcrm_5436421000135220683,5436421000045579120,Upper St Clair School District
zcrm_5436421000135206499,5436421000045662001,Irving Independent School District
zcrm_5436421000135229625,5436421000045972057,Davison Community School District
zcrm_5436421000135233035,5436421000046028024,Fort Bend Independent School District
zcrm_5436421000135210159,5436421000047728164,Newark City School District
zcrm_5436421000135215509,5436421000047728165,Paterson City School District
zcrm_5436421000135234954,5436421000047728173,Clifton City School District
zcrm_5436421000135210172,5436421000047728180,Vineland City School District
zcrm_5436421000135213666,5436421000047728185,Perth Amboy City School District
zcrm_5436421000135210049,5436421000047728186,New Brunswick City School District
zcrm_5436421000135204635,5436421000047728189,Orange City Township School District
zcrm_5436421000135212472,5436421000047728190,Howell Township School District
zcrm_5436421000135207978,5436421000047728205,Franklin Township School District
zcrm_5436421000135207620,5436421000047728209,Belleville Town School District
zcrm_5436421000135205585,5436421000047728213,Sayreville Borough School District
zcrm_5436421000135210504,5436421000047728257,Freehold Regional School District
zcrm_5436421000135200656,5436421000047728292,Sparta Township School District
zcrm_5436421000135227086,5436421000047728302,Elmwood Park Borough School District
zcrm_5436421000135221601,5436421000047728308,Clark Township School District
zcrm_5436421000135208978,5436421000047728335,Metuchen Borough School District
zcrm_5436421000135201566,5436421000047728347,Manville Borough School District
zcrm_5436421000135207458,5436421000047728351,Keansburg Borough School District
zcrm_5436421000135213656,5436421000047728356,Asbury Park City School District
zcrm_5436421000135214524,5436421000047728366,Mountain Lakes Borough School District
zcrm_5436421000135224583,5436421000047728376,Gloucester City School District
zcrm_5436421000135221968,5436421000047891003,River Vale Township School District
zcrm_5436421000135222988,5436421000047891026,Northern Burlington Regional School District
zcrm_5436421000135219069,5436421000047891139,Delaware Valley Regional School District
zcrm_5436421000135213993,5436421000047891141,Lenape Valley Regional School District
zcrm_5436421000135220025,5436421000047891148,Clementon Borough School District
zcrm_5436421000135200969,5436421000047891157,Frankford Township School District
zcrm_5436421000135203679,5436421000047891171,Blairstown Township School District
zcrm_5436421000135227588,5436421000048095001,Greenwich Public Schools
zcrm_5436421000135212494,5436421000048221589,Crowley Independent School District
zcrm_5436421000135209023,5436421000048599473,Beeville Independent School District
zcrm_5436421000135225589,5436421000049205090,Windber Area School District
zcrm_5436421000135226526,5436421000049262296,Liberty Public Schools
zcrm_5436421000135233670,5436421000049971383,Temple Independent School District
zcrm_5436421000135214114,5436421000050451036,Broward County School District
zcrm_5436421000135213996,5436421000050600110,Delsea Regional School District
zcrm_5436421000135209458,5436421000051010111,Liberty Hill Independent School District
zcrm_5436421000135227168,5436421000052603001,Pickens County School District
zcrm_5436421000135228679,5436421000053297148,Katy Independent School District
zcrm_5436421000135233069,5436421000053300005,Little Ferry Public Schools
zcrm_5436421000135222166,5436421000053382062,Valley Local School District
zcrm_5436421000135233638,5436421000053634001,Long Beach Unified School District
zcrm_5436421000135225606,5436421000053960141,Harvard Community Unit School District 50
zcrm_5436421000135233142,5436421000055200077,Framingham School District
zcrm_5436421000135212498,5436421000055481001,Jefferson Schools
zcrm_5436421000135216140,5436421000056373171,Washakie County School District 2
zcrm_5436421000135228032,5436421000056373173,Sheridan County School District 2
zcrm_5436421000135230180,5436421000056373174,Sheridan County School District 1
zcrm_5436421000135224580,5436421000056373178,Park County School District 1
zcrm_5436421000135225585,5436421000056373181,Weston County School District 1
zcrm_5436421000135219532,5436421000056373185,Park County School District 16
zcrm_5436421000135223485,5436421000056373186,Uinta County School District 6
zcrm_5436421000135221988,5436421000056373190,Johnson County School District 1
zcrm_5436421000135222628,5436421000056373193,Big Horn County School District 3
zcrm_5436421000135228061,5436421000056373194,Goshen County School District 1
zcrm_5436421000135228663,5436421000056373195,Fremont County School District 1
zcrm_5436421000135217538,5436421000056373197,Fremont County School District 21
zcrm_5436421000135226470,5436421000056373201,Converse County School District 2
zcrm_5436421000135226007,5436421000056373202,Converse County School District 1
zcrm_5436421000135211063,5436421000056373204,Laramie County School District 1
zcrm_5436421000135222496,5436421000056373205,Carbon County School District 2
zcrm_5436421000135226000,5436421000056373207,Big Horn County School District 1
zcrm_5436421000135230547,5436421000056373210,Carbon County School District 1
zcrm_5436421000135212672,5436421000056373220,Wilmot Union High School District
zcrm_5436421000135213491,5436421000056373240,Waterford Joint No. 1 School District
zcrm_5436421000135206493,5436421000056373241,Waterford Union High School District
zcrm_5436421000135204453,5436421000056373249,Union Grove Union High School District
zcrm_5436421000135215182,5436421000056373275,Silver Lake Joint No. 1 School District
zcrm_5436421000135217491,5436421000056373283,Seneca School District
zcrm_5436421000135213538,5436421000056373286,Westosha Central High School District
zcrm_5436421000135208635,5436421000056373287,St. Croix Falls School District
zcrm_5436421000135213014,5436421000056373309,Prairie Farm School District
zcrm_5436421000135212675,5436421000056373362,Minocqua Joint No. 1 School District
zcrm_5436421000135213501,5436421000056373364,Lakeland Union High School District
zcrm_5436421000135234493,5436421000056373366,Middleton-Cross Plains School District
zcrm_5436421000135234952,5436421000056373685,Hortonville School District
zcrm_5436421000135206051,5436421000056373706,Nicolet Union High School District
zcrm_5436421000135215472,5436421000056373740,Durand School District
zcrm_5436421000135204588,5436421000056373747,DeForest Area School District
zcrm_5436421000135206064,5436421000056373795,Beaver Dam School District
zcrm_5436421000135208636,5436421000056373826,Wirt County School District
zcrm_5436421000135227021,5436421000056373827,Wetzel County School District
zcrm_5436421000135206130,5436421000056373829,Wayne County School District
zcrm_5436421000135233663,5436421000056373838,Raleigh County School District
zcrm_5436421000135201128,5436421000056373840,Preston County School District
zcrm_5436421000135233099,5436421000056373845,Nicholas County School District
zcrm_5436421000135226131,5436421000056373848,Mingo County School District
zcrm_5436421000135227639,5436421000056373849,Mercer County School District
zcrm_5436421000135208450,5436421000056373852,Marshall County School District
zcrm_5436421000135227524,5436421000056373853,Marion County School District
zcrm_5436421000135225987,5436421000056373856,Lewis County School District
zcrm_5436421000135215533,5436421000056373857,Kanawha County School District
zcrm_5436421000135205018,5436421000056373858,Jefferson County School District
zcrm_5436421000135212471,5436421000056373860,Harrison County School District
zcrm_5436421000135220065,5436421000056373861,Hardy County School District
zcrm_5436421000135225596,5436421000056373862,Hancock County School District
zcrm_5436421000135233175,5436421000056373863,Hampshire County School District
zcrm_5436421000135233458,5436421000056373864,Greenbrier County School District
zcrm_5436421000135229139,5436421000056373865,Grant County School District
zcrm_5436421000135224493,5436421000056373866,Gilmer County School District
zcrm_5436421000135219501,5436421000056373871,Cabell County School District
zcrm_5436421000135213473,5436421000056373875,Berkeley County School District
zcrm_5436421000135225614,5436421000056373876,Barbour County School District
zcrm_5436421000135227972,5436421000056373919,Steilacoom Historical School District
zcrm_5436421000135210962,5436421000056561319,Evergreen Public Schools
zcrm_5436421000135227562,5436421000056561782,Washington Central Supervisory Union
zcrm_5436421000135235075,5436421000056561806,Slate Valley Unified Union School District (Supervisory)
zcrm_5436421000135211597,5436421000056561812,Winooski School District
zcrm_5436421000135225959,5436421000056561830,St. Johnsbury School District
zcrm_5436421000135227622,5436421000056561852,Lake Region UHSD 24
zcrm_5436421000135233476,5436421000056561881,Enosburgh-Richford Unified Union School District 88
zcrm_5436421000135232462,5436421000056561882,Mount Mansfield Unified Union School District 401
zcrm_5436421000135226141,5436421000056561883,Mount Ascutney School District 86
zcrm_5436421000135225568,5436421000056561885,Slate Valley Unified Union School District 62
zcrm_5436421000135225117,5436421000056561887,Orleans Southwest Union Elementary School District 94
zcrm_5436421000135210454,5436421000056561890,Champlain Islands Unified Union School District 66
zcrm_5436421000135208666,5436421000056561891,Southwest Vermont Union Elementary School District 87
zcrm_5436421000135220057,5436421000056561893,West River Valley Modified Union Education District 72B
zcrm_5436421000135224175,5436421000056561898,White River Unified School District
zcrm_5436421000135223550,5436421000056561904,Twin Valley Unified School District
zcrm_5436421000135225666,5436421000056561905,Taconic and Green Regional School District
zcrm_5436421000135233548,5436421000056561914,Montpelier-Roxbury Supervisory Union
zcrm_5436421000135219566,5436421000056561917,Harwood Unified School District
zcrm_5436421000135231036,5436421000056561918,Addison Central Unified School District
zcrm_5436421000135219083,5436421000056561920,Orange Southwest Unified School District
zcrm_5436421000135234024,5436421000056561922,Addison Northwest Unified School District
zcrm_5436421000135235130,5436421000056561924,Champlain Valley Unified School District
zcrm_5436421000135233545,5436421000056561925,Essex-Westford Educational Community Unified School District
zcrm_5436421000135225078,5436421000056561928,Otter Valley Unified Union School District 53
zcrm_5436421000135226098,5436421000056561929,Barstow Unified School District
zcrm_5436421000135209980,5436421000056562214,Zavalla Independent School District
zcrm_5436421000135210634,5436421000056562215,Zapata County Independent School District
zcrm_5436421000135233498,5436421000056562216,Ysleta Independent School District
zcrm_5436421000135210077,5436421000056562219,Yantis Independent School District
zcrm_5436421000135217605,5436421000056562221,Wortham Independent School District
zcrm_5436421000135211009,5436421000056562222,Woodville Independent School District
zcrm_5436421000135220672,5436421000056562225,Woden Independent School District
zcrm_5436421000135217040,5436421000056562226,Winters Independent School District
zcrm_5436421000135210627,5436421000056562227,Winona Independent School District
zcrm_5436421000135201972,5436421000056562228,Winnsboro Independent School District
zcrm_5436421000135218040,5436421000056562230,Windthorst Independent School District
zcrm_5436421000135209098,5436421000056562231,Wilson Independent School District
zcrm_5436421000135214446,5436421000056562232,Willis Independent School District
zcrm_5436421000135217034,5436421000056562233,Wildorado Independent School District
zcrm_5436421000135210480,5436421000056562236,Whitewright Independent School District
zcrm_5436421000135210945,5436421000056562237,Whitesboro Independent School District
zcrm_5436421000135209124,5436421000056562238,Whitehouse Independent School District
zcrm_5436421000135210625,5436421000056562239,Whiteface Consolidated Independent School District
zcrm_5436421000135201184,5436421000056562243,Wharton Independent School District
zcrm_5436421000135214026,5436421000056562247,West Sabine Independent School District
zcrm_5436421000135210619,5436421000056562249,West Oso Independent School District
zcrm_5436421000135209482,5436421000056562252,West Hardin County Consolidated Independent School District
zcrm_5436421000135231079,5436421000056562257,Waxahachie Independent School District
zcrm_5436421000135218955,5436421000056562258,Water Valley Independent School District
zcrm_5436421000135207447,5436421000056562259,Waskom Independent School District
zcrm_5436421000135210094,5436421000056562263,Waller Independent School District
zcrm_5436421000135234143,5436421000056562267,Waco Independent School District
zcrm_5436421000135232053,5436421000056562269,Vernon Independent School District
zcrm_5436421000135211022,5436421000056562273,Van Vleck Independent School District
zcrm_5436421000135209966,5436421000056562275,Van Alstyne Independent School District
zcrm_5436421000135209129,5436421000056562276,Valley View Independent School District
zcrm_5436421000135209677,5436421000056562277,Valley View Independent School District
zcrm_5436421000135228977,5436421000056562280,Uvalde Consolidated Independent School District
zcrm_5436421000135228999,5436421000056562282,United Independent School District
zcrm_5436421000135200144,5436421000056562284,Union Grove Independent School District
zcrm_5436421000135210026,5436421000056562288,Tulia Independent School District
zcrm_5436421000135210673,5436421000056562292,Trinity Independent School District
zcrm_5436421000135210136,5436421000056562294,Trenton Independent School District
zcrm_5436421000135209664,5436421000056562299,Timpson Independent School District
zcrm_5436421000135219018,5436421000056562303,Three Rivers Independent School District
zcrm_5436421000135224466,5436421000056562304,Thrall Independent School District
zcrm_5436421000135218137,5436421000056562306,Texline Independent School District
zcrm_5436421000135234148,5436421000056562308,Texas City Independent School District
zcrm_5436421000135227155,5436421000056562309,Texarkana Independent School District
zcrm_5436421000135215978,5436421000056562312,Tenaha Independent School District
zcrm_5436421000135210956,5436421000056562313,Teague Independent School District
zcrm_5436421000135210158,5436421000056562317,Rivercrest Independent School District
zcrm_5436421000135231116,5436421000056562319,Taft Independent School District
zcrm_5436421000135211105,5436421000056562322,Sweeny Independent School District
zcrm_5436421000135205015,5436421000056562323,Sunray Collegiate Independent School District
zcrm_5436421000135219607,5436421000056562325,Sulphur Springs Independent School District
zcrm_5436421000135215940,5436421000056562329,Stratford Independent School District
zcrm_5436421000135219581,5436421000056562332,Sterling City Independent School District
zcrm_5436421000135230000,5436421000056562336,Stafford Municipal School District
zcrm_5436421000135219986,5436421000056562337,Spurger Independent School District
zcrm_5436421000135218644,5436421000056562339,Springlake-Earth Independent School District
zcrm_5436421000135210547,5436421000056562342,Spring Branch Independent School District
zcrm_5436421000135203552,5436421000056562348,Somerville Independent School District
zcrm_5436421000135230474,5436421000056562349,Somerset Independent School District
zcrm_5436421000135216514,5436421000056562351,South San Antonio Independent School District
zcrm_5436421000135218459,5436421000056562353,Snook Independent School District
zcrm_5436421000135219033,5436421000056562354,Smyer Independent School District
zcrm_5436421000135218585,5436421000056562355,Smithville Independent School District
zcrm_5436421000135219485,5436421000056562359,Skidmore-Tynan Independent School District
zcrm_5436421000135218072,5436421000056562361,Sinton Independent School District
zcrm_5436421000135219577,5436421000056562367,Shiner Independent School District
zcrm_5436421000135224185,5436421000056562368,Shepherd Independent School District
zcrm_5436421000135233952,5436421000056562369,Sheldon Independent School District
zcrm_5436421000135214458,5436421000056562371,Sharyland Independent School District
zcrm_5436421000135202981,5436421000056562375,Seminole Independent School District
zcrm_5436421000135218579,5436421000056562379,Scurry-Rosser Independent School District
zcrm_5436421000135228597,5436421000056562381,Schertz-Cibolo-Universal City Independent School District
zcrm_5436421000135217599,5436421000056562387,Santa Anna Independent School District
zcrm_5436421000135220003,5436421000056562392,San Saba Independent School District
zcrm_5436421000135209058,5436421000056562393,San Perlita Independent School District
zcrm_5436421000135214076,5436421000056562394,San Marcos Consolidated Independent School District
zcrm_5436421000135207496,5436421000056562397,San Elizario Independent School District
zcrm_5436421000135210600,5436421000056562399,San Benito Consolidated Independent School District
zcrm_5436421000135211622,5436421000056562402,Saltillo Independent School District
zcrm_5436421000135225632,5436421000056562403,Salado Independent School District
zcrm_5436421000135218621,5436421000056562405,Sabine Pass Independent School District
zcrm_5436421000135216163,5436421000056562411,Rule Independent School District
zcrm_5436421000135211084,5436421000056562412,Royse City Independent School District
zcrm_5436421000135202038,5436421000056562417,Roscoe Collegiate Independent School District
zcrm_5436421000135215499,5436421000056562422,Rockwall Independent School District
zcrm_5436421000135206647,5436421000056562423,Rockdale Independent School District
zcrm_5436421000135209559,5436421000056562427,Robinson Independent School District
zcrm_5436421000135209522,5436421000056562432,Rio Vista Independent School District
zcrm_5436421000135210648,5436421000056562433,Rio Hondo Independent School District
zcrm_5436421000135212156,5436421000056562434,Rio Grande City Grulla Independent School District
zcrm_5436421000135210672,5436421000056562435,Riesel Independent School District
zcrm_5436421000135233467,5436421000056562437,Richardson Independent School District
zcrm_5436421000135210601,5436421000056562440,Rice Independent School District
zcrm_5436421000135209555,5436421000056562443,Redwater Independent School District
zcrm_5436421000135210563,5436421000056562444,Red Oak Independent School District
zcrm_5436421000135209538,5436421000056562445,Red Lick Independent School District
zcrm_5436421000135233007,5436421000056562704,Raymondville Independent School District
zcrm_5436421000135234088,5436421000056562710,Rains Independent School District
zcrm_5436421000135203095,5436421000056562711,Quitman Independent School District
zcrm_5436421000135211010,5436421000056562712,Quinlan Independent School District
zcrm_5436421000135209998,5436421000056562717,Priddy Independent School District
zcrm_5436421000135210032,5436421000056562718,Presidio Independent School District
zcrm_5436421000135210127,5436421000056562721,Prairie Lea Independent School District
zcrm_5436421000135210000,5436421000056562724,Highland Park Independent School District
zcrm_5436421000135219602,5436421000056562726,Post Independent School District
zcrm_5436421000135209661,5436421000056562731,Point Isabel Independent School District
zcrm_5436421000135210465,5436421000056562732,Pleasanton Independent School District
zcrm_5436421000135233998,5436421000056562733,Pleasant Grove Independent School District
zcrm_5436421000135209566,5436421000056562737,Pilot Point Independent School District
zcrm_5436421000135214544,5436421000056562738,Pflugerville Independent School District
zcrm_5436421000135216452,5436421000056562742,Petersburg Independent School District
zcrm_5436421000135211678,5436421000056562746,Pecos-Barstow-Toyah Independent School District
zcrm_5436421000135214447,5436421000056562750,Pasadena Independent School District
zcrm_5436421000135233468,5436421000056562754,Pampa Independent School District
zcrm_5436421000135205122,5436421000056562756,Palestine Independent School District
zcrm_5436421000135210058,5436421000056562757,Palacios Independent School District
zcrm_5436421000135214525,5436421000056562758,Paint Rock Independent School District
zcrm_5436421000135209635,5436421000056562767,Olney Independent School District
zcrm_5436421000135205066,5436421000056562770,O'Donnell Independent School District
zcrm_5436421000135211643,5436421000056562772,Oakwood Independent School District
zcrm_5436421000135210997,5436421000056562774,Nueces Canyon Consolidated Independent School District
zcrm_5436421000135208143,5436421000056562776,North Zulch Independent School District
zcrm_5436421000135210452,5436421000056562777,North Lamar Independent School District
zcrm_5436421000135210525,5436421000056562778,North Hopkins Independent School District
zcrm_5436421000135209158,5436421000056562780,Normangee Independent School District
zcrm_5436421000135216457,5436421000056562783,Nixon-Smiley Consolidated Independent School District
zcrm_5436421000135211088,5436421000056562787,New Summerfield Independent School District
zcrm_5436421000135210036,5436421000056562790,New Deal Independent School District
zcrm_5436421000135214453,5436421000056562792,New Braunfels Independent School District
zcrm_5436421000135209441,5436421000056562794,Needville Independent School District
zcrm_5436421000135228119,5436421000056562798,Navasota Independent School District
zcrm_5436421000135233149,5436421000056562800,Nacogdoches Independent School District
zcrm_5436421000135209541,5436421000056562804,Mullin Independent School District
zcrm_5436421000135210157,5436421000056562807,Mount Vernon Independent School District
zcrm_5436421000135233646,5436421000056562808,Mount Pleasant Independent School District
zcrm_5436421000135210631,5436421000056562809,Mount Enterprise Independent School District
zcrm_5436421000135219085,5436421000056562811,Moulton Independent School District
zcrm_5436421000135220002,5436421000056562813,Morton Independent School District
zcrm_5436421000135207552,5436421000056562814,Morgan Mill Independent School District
zcrm_5436421000135211588,5436421000056562817,Moody Independent School District
zcrm_5436421000135233580,5436421000056562818,Montgomery Independent School District
zcrm_5436421000135210541,5436421000056562821,Monahans-Wickett-Pyote Independent School District
zcrm_5436421000135235131,5436421000056562823,Mineral Wells Independent School District
zcrm_5436421000135209148,5436421000056562824,Mineola Independent School District
zcrm_5436421000135209965,5436421000056562826,Miller Grove Independent School District
zcrm_5436421000135216586,5436421000056562831,Midway Independent School District
zcrm_5436421000135210637,5436421000056562833,Midland Independent School District
zcrm_5436421000135229018,5436421000056562841,Mercedes Independent School District
zcrm_5436421000135209529,5436421000056562843,Memphis Independent School District
zcrm_5436421000135225131,5436421000056562844,Medina Valley Independent School District
zcrm_5436421000135208622,5436421000056562847,McMullen County Independent School District
zcrm_5436421000135214128,5436421000056562850,McKinney Independent School District
zcrm_5436421000135214167,5436421000056562852,McDade Independent School District
zcrm_5436421000135210074,5436421000056562855,Maud Independent School District
zcrm_5436421000135209070,5436421000056562857,Mason Independent School District
zcrm_5436421000135210109,5436421000056562858,Martinsville Independent School District
zcrm_5436421000135209519,5436421000056562860,Mart Independent School District
zcrm_5436421000135209051,5436421000056562861,Marshall Independent School District
zcrm_5436421000135233478,5436421000056562865,Marble Falls Independent School District
zcrm_5436421000135208538,5436421000056562866,Marathon Independent School District
zcrm_5436421000135209469,5436421000056562872,Madisonville Consolidated Independent School District
zcrm_5436421000135228559,5436421000056562874,Lytle Independent School District
zcrm_5436421000135210959,5436421000056562877,Lubbock Independent School District
zcrm_5436421000135210505,5436421000056562878,Lovelady Independent School District
zcrm_5436421000135229152,5436421000056562879,Lovejoy Independent School District
zcrm_5436421000135219666,5436421000056562880,Louise Independent School District
zcrm_5436421000135233981,5436421000056562881,Los Fresnos Consolidated Independent School District
zcrm_5436421000135216665,5436421000056562883,Lorena Independent School District
zcrm_5436421000135209530,5436421000056562884,Loraine Independent School District
zcrm_5436421000135219987,5436421000056562885,Loop Independent School District
zcrm_5436421000135209521,5436421000056562886,Longview Independent School District
zcrm_5436421000135211648,5436421000056562887,Lone Oak Independent School District
zcrm_5436421000135233025,5436421000056562893,Llano Independent School District
zcrm_5436421000135209527,5436421000056562898,Lingleville Independent School District
zcrm_5436421000135210626,5436421000056562900,Linden-Kildare Consolidated Independent School District
zcrm_5436421000135210171,5436421000056562901,Lindale Independent School District
zcrm_5436421000135220020,5436421000056562904,Lexington Independent School District
zcrm_5436421000135216001,5436421000056562905,Lewisville Independent School District
zcrm_5436421000135216977,5436421000056562906,Leveretts Chapel Independent School District
zcrm_5436421000135201458,5436421000056562907,Levelland Independent School District
zcrm_5436421000135211634,5436421000056562908,Leon Independent School District
zcrm_5436421000135210502,5436421000056562909,Leggett Independent School District
zcrm_5436421000135219568,5436421000056562914,Latexo Independent School District
zcrm_5436421000135234028,5436421000056562916,Laredo Independent School District
zcrm_5436421000135207103,5436421000056562919,Lampasas Independent School District
zcrm_5436421000135228571,5436421000056562921,Lake Worth Independent School District
zcrm_5436421000135216455,5436421000056562922,Lake Travis Independent School District
zcrm_5436421000135211606,5436421000056562923,Lake Dallas Independent School District
zcrm_5436421000135228477,5436421000056562924,Lago Vista Independent School District
zcrm_5436421000135214482,5436421000056562925,Lackland Independent School District
zcrm_5436421000135209977,5436421000056562930,LaPoyner Independent School District
zcrm_5436421000135214580,5436421000056562932,La Joya Independent School District
zcrm_5436421000135234619,5436421000056562935,La Feria Independent School District
zcrm_5436421000135209489,5436421000056562938,Kopperl Independent School District
zcrm_5436421000135216631,5436421000056562940,Knippa Independent School District
zcrm_5436421000135234551,5436421000056562943,Killeen Independent School District
zcrm_5436421000135218089,5436421000056562949,Kenedy County-Wide Common School District
zcrm_5436421000135219466,5436421000056562950,Kemp Independent School District
zcrm_5436421000135209592,5436421000056562952,Keene Independent School District
zcrm_5436421000135221548,5436421000056563210,Kaufman Independent School District
zcrm_5436421000135233440,5436421000056563211,Karnes City Independent School District
zcrm_5436421000135233524,5436421000056563214,Judson Independent School District
zcrm_5436421000135209525,5436421000056563215,Jourdanton Independent School District
zcrm_5436421000135213631,5436421000056563216,Joshua Independent School District
zcrm_5436421000135218577,5436421000056563217,Jonesboro Independent School District
zcrm_5436421000135228538,5436421000056563219,Joaquin Independent School District
zcrm_5436421000135210070,5436421000056563222,Jefferson Independent School District
zcrm_5436421000135209675,5436421000056563224,Jacksonville Independent School District
zcrm_5436421000135208551,5436421000056563232,Iola Independent School District
zcrm_5436421000135209571,5436421000056563236,Idalou Independent School District
zcrm_5436421000135232637,5436421000056563238,Hurst-Euless-Bedford Independent School District
zcrm_5436421000135210495,5436421000056563240,Huntington Independent School District
zcrm_5436421000135210511,5436421000056563243,Hughes Springs Independent School District
zcrm_5436421000135211133,5436421000056563249,Howe Independent School District
zcrm_5436421000135204573,5436421000056563250,Hooks Independent School District
zcrm_5436421000135217145,5436421000056563255,Hillsboro Independent School District
zcrm_5436421000135209589,5436421000056563263,Hempstead Independent School District
zcrm_5436421000135202605,5436421000056563267,Hawley Independent School District
zcrm_5436421000135206466,5436421000056563277,Hardin-Jefferson Independent School District
zcrm_5436421000135227126,5436421000056563282,Hallsville Independent School District
zcrm_5436421000135217556,5436421000056563285,Hale Center Independent School District
zcrm_5436421000135214151,5436421000056563292,Gregory-Portland Independent School District
zcrm_5436421000135210521,5436421000056563293,Greenwood Independent School District
zcrm_5436421000135210957,5436421000056563294,Grapeland Independent School District
zcrm_5436421000135233642,5436421000056563301,Grand Prairie Independent School District
zcrm_5436421000135219569,5436421000056563304,Graford Independent School District
zcrm_5436421000135210534,5436421000056563306,Gorman Independent School District
zcrm_5436421000135233561,5436421000056563308,Goose Creek Consolidated Independent School District
zcrm_5436421000135209632,5436421000056563310,Gonzales Independent School District
zcrm_5436421000135209536,5436421000056563311,Goliad Independent School District
zcrm_5436421000135209150,5436421000056563313,Glen Rose Independent School District
zcrm_5436421000135210060,5436421000056563326,Galveston Independent School District
zcrm_5436421000135230624,5436421000056563327,Fort Stockton Independent School District
zcrm_5436421000135210999,5436421000056563328,Fort Sam Houston Independent School District
zcrm_5436421000135217638,5436421000056563332,Frost Independent School District
zcrm_5436421000135228659,5436421000056563333,Frisco Independent School District
zcrm_5436421000135205972,5436421000056563335,Friendswood Independent School District
zcrm_5436421000135228467,5436421000056563341,Forney Independent School District
zcrm_5436421000135211019,5436421000056563349,Farmersville Independent School District
zcrm_5436421000135219095,5436421000056563351,Falls City Independent School District
zcrm_5436421000135207115,5436421000056563353,Fabens Independent School District
zcrm_5436421000135220168,5436421000056563355,Excelsior Independent School District
zcrm_5436421000135210989,5436421000056563357,Evadale Independent School District
zcrm_5436421000135211635,5436421000056563362,Elysian Fields Independent School District
zcrm_5436421000135232473,5436421000056563364,Elgin Independent School District
zcrm_5436421000135234620,5436421000056563366,El Paso Independent School District
zcrm_5436421000135214173,5436421000056563369,Edgewood Independent School District
zcrm_5436421000135220146,5436421000056563372,Ector County Independent School District
zcrm_5436421000135207101,5436421000056563374,East Chambers Independent School District
zcrm_5436421000135209622,5436421000056563375,East Central Independent School District
zcrm_5436421000135217680,5436421000056563378,Eanes Independent School District
zcrm_5436421000135209470,5436421000056563379,Eagle Pass Independent School District
zcrm_5436421000135209616,5436421000056563383,Douglass Independent School District
zcrm_5436421000135210086,5436421000056563395,Detroit Independent School District
zcrm_5436421000135227106,5436421000056563399,Del Valle Independent School District
zcrm_5436421000135211599,5436421000056563400,DeKalb Independent School District
zcrm_5436421000135209524,5436421000056563401,Deer Park Independent School District
zcrm_5436421000135207057,5436421000056563402,Decatur Independent School District
zcrm_5436421000135210961,5436421000056563408,Danbury Independent School District
zcrm_5436421000135211056,5436421000056563409,Damon Independent School District
zcrm_5436421000135209979,5436421000056563411,Daingerfield-Lone Star Independent School District
zcrm_5436421000135233648,5436421000056563413,Cypress-Fairbanks Independent School District
zcrm_5436421000135209549,5436421000056563414,Cushing Independent School District
zcrm_5436421000135209640,5436421000056563417,Crystal City Independent School District
zcrm_5436421000135209072,5436421000056563420,Cross Plains Independent School District
zcrm_5436421000135211642,5436421000056563422,Crockett Independent School District
zcrm_5436421000135201472,5436421000056563423,Crockett County Consolidated Common School District
zcrm_5436421000135214042,5436421000056563427,Crandall Independent School District
zcrm_5436421000135228527,5436421000056563430,Cotulla Independent School District
zcrm_5436421000135220536,5436421000056563433,Corpus Christi Independent School District
zcrm_5436421000135205078,5436421000056563434,Lubbock-Cooper Independent School District
zcrm_5436421000135234165,5436421000056563437,Conroe Independent School District
zcrm_5436421000135210995,5436421000056563438,Connally Independent School District
zcrm_5436421000135210953,5436421000056563441,Commerce Independent School District
zcrm_5436421000135233633,5436421000056563444,Comal Independent School District
zcrm_5436421000135209603,5436421000056563445,Columbus Independent School District
zcrm_5436421000135209134,5436421000056563448,Colmesneil Independent School District
zcrm_5436421000135209047,5436421000056563450,Coleman Independent School District
zcrm_5436421000135209049,5436421000056563451,Coldspring-Oakhurst Consolidated Independent School District
zcrm_5436421000135201573,5436421000056563452,Coahoma Independent School District
zcrm_5436421000135214085,5436421000056563454,Clint Independent School District
zcrm_5436421000135214526,5436421000056563455,Cleveland Independent School District
zcrm_5436421000135234142,5436421000056563456,Clear Creek Independent School District
zcrm_5436421000135210108,5436421000056563717,City View Independent School District
zcrm_5436421000135210994,5436421000056563721,China Spring Independent School District
zcrm_5436421000135205540,5436421000056563724,Childress Independent School District
zcrm_5436421000135209080,5436421000056563728,Chapel Hill Independent School District
zcrm_5436421000135209471,5436421000056563731,Channelview Independent School District
zcrm_5436421000135211096,5436421000056563732,Lumberton Independent School District
zcrm_5436421000135210051,5436421000056563734,Central Heights Independent School District
zcrm_5436421000135210031,5436421000056563735,Centerville Independent School District
zcrm_5436421000135209142,5436421000056563740,Cedar Hill Independent School District
zcrm_5436421000135232450,5436421000056563741,Cayuga Independent School District
zcrm_5436421000135214015,5436421000056563742,Carrollton-Farmers Branch Independent School District
zcrm_5436421000135211628,5436421000056563745,Canutillo Independent School District
zcrm_5436421000135210132,5436421000056563750,Calhoun County Independent School District
zcrm_5436421000135224962,5436421000056563755,Burton Independent School District
zcrm_5436421000135210441,5436421000056563757,Burkburnett Independent School District
zcrm_5436421000135210550,5436421000056563759,Bullard Independent School District
zcrm_5436421000135217942,5436421000056563761,Buena Vista Independent School District
zcrm_5436421000135210646,5436421000056563765,Brownsboro Independent School District
zcrm_5436421000135219474,5436421000056563769,Brookeland Independent School District
zcrm_5436421000135209539,5436421000056563775,Bridge City Independent School District
zcrm_5436421000135220127,5436421000056563779,Brazosport Independent School District
zcrm_5436421000135222670,5436421000056563786,Borden County Independent School District
zcrm_5436421000135219016,5436421000056563787,Booker Independent School District
zcrm_5436421000135208083,5436421000056563790,Bluff Dale Independent School District
zcrm_5436421000135210560,5436421000056563791,Blue Ridge Independent School District
zcrm_5436421000135201180,5436421000056563792,Bloomington Independent School District
zcrm_5436421000135218099,5436421000056563795,Blanket Independent School District
zcrm_5436421000135209093,5436421000056563796,Bland Independent School District
zcrm_5436421000135219632,5436421000056563800,Big Sandy Independent School District
zcrm_5436421000135210148,5436421000056563801,Big Sandy Independent School District
zcrm_5436421000135228471,5436421000056563808,Beaumont Independent School District
zcrm_5436421000135231487,5436421000056563810,Bastrop Independent School District
zcrm_5436421000135228994,5436421000056563812,Barbers Hill Independent School District
zcrm_5436421000135207455,5436421000056563817,Baird Independent School District
zcrm_5436421000135225994,5436421000056563825,Athens Independent School District
zcrm_5436421000135223016,5436421000056563826,Arp Independent School District
zcrm_5436421000135217676,5436421000056563830,Apple Springs Independent School District
zcrm_5436421000135201961,5436421000056563832,Anthony Independent School District
zcrm_5436421000135207605,5436421000056563834,Angleton Independent School District
zcrm_5436421000135225992,5436421000056563835,Andrews Independent School District
zcrm_5436421000135205565,5436421000056563836,Anderson-Shiro Consolidated Independent School District
zcrm_5436421000135226611,5436421000056563840,Alvin Independent School District
zcrm_5436421000135229140,5436421000056563843,Alief Independent School District
zcrm_5436421000135217503,5436421000056563846,Aldine Independent School District
zcrm_5436421000135201646,5436421000056563847,Albany Independent School District
zcrm_5436421000135220462,5436421000056563849,Alamo Heights Independent School District
zcrm_5436421000135216648,5436421000056563850,Agua Dulce Independent School District
zcrm_5436421000135228525,5436421000056563853,Abilene Independent School District
zcrm_5436421000135211034,5436421000056563856,College Station Independent School District
zcrm_5436421000135211107,5436421000056563857,Chisum Independent School District
zcrm_5436421000135228472,5436421000056563859,Hays Consolidated Independent School District
zcrm_5436421000135220601,5436421000056563860,Wimberley Independent School District
zcrm_5436421000135219940,5436421000056563862,Aspermont Independent School District
zcrm_5436421000135218940,5436421000056563863,Blackwell Consolidated Independent School District
zcrm_5436421000135217955,5436421000056563865,Spur Independent School District
zcrm_5436421000135228965,5436421000056563870,Weakley County School District
zcrm_5436421000135229138,5436421000056563871,Wayne County School District
zcrm_5436421000135209018,5436421000056563872,Washington County School District
zcrm_5436421000135213111,5436421000056563880,Trenton Special School District
zcrm_5436421000135212448,5436421000056563881,Tipton County School District
zcrm_5436421000135228946,5436421000056563883,Sumner County School District
zcrm_5436421000135226456,5436421000056563884,Sullivan County School District
zcrm_5436421000135234160,5436421000056563888,Sevier County School District
zcrm_5436421000135231501,5436421000056563892,Robertson County School District
zcrm_5436421000135202186,5436421000056563894,Rhea County School District
zcrm_5436421000135211093,5436421000056563898,Perry County School District
zcrm_5436421000135231605,5436421000056563901,Oneida Special School District
zcrm_5436421000135233996,5436421000056563905,Murfreesboro City School District
zcrm_5436421000135206679,5436421000056563906,Morgan County School District
zcrm_5436421000135229011,5436421000056563907,Moore County School District
zcrm_5436421000135218537,5436421000056563908,Clarksville-Montgomery County School System
zcrm_5436421000135228151,5436421000056563909,Monroe County School District
zcrm_5436421000135200677,5436421000056563910,Milan Special School District
zcrm_5436421000135233156,5436421000056563911,Meigs County School District
zcrm_5436421000135227531,5436421000056563913,McMinn County School District
zcrm_5436421000135212997,5436421000056563915,Maury County School District
zcrm_5436421000135225609,5436421000056563920,Jackson-Madison County School System
zcrm_5436421000135223562,5436421000056563921,Macon County School District
zcrm_5436421000135232621,5436421000056563923,Lincoln County School District
zcrm_5436421000135222181,5436421000056563925,Lewis County School District
zcrm_5436421000135211943,5436421000056563929,Lauderdale County School District
zcrm_5436421000135225085,5436421000056563931,Kingsport City School District
zcrm_5436421000135222531,5436421000056563932,Johnson County School District
zcrm_5436421000135226496,5436421000056563943,Henderson County School District
zcrm_5436421000135209634,5436421000056563949,Hamilton County School District
zcrm_5436421000135232009,5436421000056563957,Franklin Special School District
zcrm_5436421000135209084,5436421000056563958,Fentress County School District
zcrm_5436421000135227629,5436421000056563960,Fayette County School District
zcrm_5436421000135234685,5436421000056563961,Etowah City School District
zcrm_5436421000135213531,5436421000056563963,Dyersburg City School District
zcrm_5436421000135228131,5436421000056563964,Dyer County School District
zcrm_5436421000135226055,5436421000056563965,Dickson County School District
zcrm_5436421000135230548,5436421000056564224,Decatur County School District
zcrm_5436421000135205108,5436421000056564229,Cocke County School District
zcrm_5436421000135211132,5436421000056564233,Claiborne County School District
zcrm_5436421000135225141,5436421000056564237,Cannon County School District
zcrm_5436421000135204003,5436421000056564240,Bradley County School District
zcrm_5436421000135205097,5436421000056564244,Bells City School District
zcrm_5436421000135225016,5436421000056564246,Lakeland School System District
zcrm_5436421000135232959,5436421000056564247,Bartlett City School District
zcrm_5436421000135233125,5436421000056564248,Arlington Community School District
zcrm_5436421000135231673,5436421000056564249,Germantown Municipal School District
zcrm_5436421000135215971,5436421000056564252,Shelby County School District
zcrm_5436421000135229985,5436421000056564254,Anderson County School District
zcrm_5436421000135227114,5436421000056564255,Alcoa City School District
zcrm_5436421000135204594,5436421000056564257,Hamblen County School District
zcrm_5436421000135215082,5436421000056564261,Irene-Wakonda School District 13-3
zcrm_5436421000135230940,5436421000056564290,Rapid City School District 51-4
zcrm_5436421000135225163,5436421000056561782,Washington Central Supervisory Union
zcrm_5436421000135225133,5436421000056561882,Mount Mansfield Unified Union School District 401
zcrm_5436421000135225103,5436421000056561883,Mount Ascutney School District 86
zcrm_5436421000135220951,5436421000056561885,Slate Valley Unified Union School District 62
zcrm_5436421000135230660,5436421000056561918,Addison Central Unified School District
zcrm_5436421000135215605,5436421000056561920,Orange Southwest Unified School District
zcrm_5436421000135233489,5436421000056561922,Addison Northwest Unified School District
zcrm_5436421000135235116,5436421000056561924,Champlain Valley Unified School District
zcrm_5436421000135221012,5436421000056561928,Otter Valley Unified Union School District 53
zcrm_5436421000135224949,5436421000056561929,Barstow Unified School District
zcrm_5436421000135217053,5436421000056562216,Ysleta Independent School District
zcrm_5436421000135210066,5436421000056562226,Winters Independent School District
zcrm_5436421000135209593,5436421000056562227,Winona Independent School District
zcrm_5436421000135205088,5436421000056562232,Willis Independent School District
zcrm_5436421000135200441,5436421000056562243,Wharton Independent School District
zcrm_5436421000135209985,5436421000056562247,West Sabine Independent School District
zcrm_5436421000135214947,5436421000056562257,Waxahachie Independent School District
zcrm_5436421000135209453,5436421000056562267,Waco Independent School District
zcrm_5436421000135210644,5436421000056562271,Venus Independent School District
zcrm_5436421000135208618,5436421000056562275,Van Alstyne Independent School District
zcrm_5436421000135206528,5436421000056562280,Uvalde Consolidated Independent School District
zcrm_5436421000135214484,5436421000056562282,United Independent School District
zcrm_5436421000135210669,5436421000056562304,Thrall Independent School District
zcrm_5436421000135219638,5436421000056562308,Texas City Independent School District
zcrm_5436421000135219571,5436421000056562309,Texarkana Independent School District
zcrm_5436421000135216644,5436421000056562319,Taft Independent School District
zcrm_5436421000135219469,5436421000056562325,Sulphur Springs Independent School District
zcrm_5436421000135219993,5436421000056562336,Stafford Municipal School District
zcrm_5436421000135235024,5436421000056562343,Splendora Independent School District
zcrm_5436421000135203454,5436421000056562348,Somerville Independent School District
zcrm_5436421000135209113,5436421000056562349,Somerset Independent School District
zcrm_5436421000135214521,5436421000056562351,South San Antonio Independent School District
zcrm_5436421000135217545,5436421000056562353,Snook Independent School District
zcrm_5436421000135218939,5436421000056562354,Smyer Independent School District
zcrm_5436421000135217068,5436421000056562359,Skidmore-Tynan Independent School District
zcrm_5436421000135216032,5436421000056562367,Shiner Independent School District
zcrm_5436421000135210083,5436421000056562368,Shepherd Independent School District
zcrm_5436421000135214161,5436421000056562369,Sheldon Independent School District
zcrm_5436421000135210007,5436421000056562371,Sharyland Independent School District
zcrm_5436421000135218103,5436421000056562379,Scurry-Rosser Independent School District
zcrm_5436421000135228551,5436421000056562381,Schertz-Cibolo-Universal City Independent School District
zcrm_5436421000135214567,5436421000056562392,San Saba Independent School District
zcrm_5436421000135206009,5436421000056562394,San Marcos Consolidated Independent School District
zcrm_5436421000135210082,5436421000056562399,San Benito Consolidated Independent School District
zcrm_5436421000135211062,5436421000056562403,Salado Independent School District
zcrm_5436421000135208180,5436421000056562412,Royse City Independent School District
zcrm_5436421000135211670,5436421000056562422,Rockwall Independent School District
zcrm_5436421000135204530,5436421000056562423,Rockdale Independent School District
zcrm_5436421000135209012,5436421000056562427,Robinson Independent School District
zcrm_5436421000135206151,5436421000056562434,Rio Grande City Grulla Independent School District
zcrm_5436421000135209162,5436421000056562437,Richardson Independent School District
zcrm_5436421000135205474,5436421000056562726,Post Independent School District
zcrm_5436421000135211601,5436421000056562728,Port Arthur Independent School District
zcrm_5436421000135209974,5436421000056562732,Pleasanton Independent School District
zcrm_5436421000135211082,5436421000056562735,Pittsburg Independent School District
zcrm_5436421000135213976,5436421000056562738,Pflugerville Independent School District
zcrm_5436421000135211581,5436421000056562746,Pecos-Barstow-Toyah Independent School District
zcrm_5436421000135206084,5436421000056562754,Pampa Independent School District
zcrm_5436421000135209514,5436421000056562758,Paint Rock Independent School District
zcrm_5436421000135204091,5436421000056562767,Olney Independent School District
zcrm_5436421000135208115,5436421000056562774,Nueces Canyon Consolidated Independent School District
zcrm_5436421000135205609,5436421000056562780,Normangee Independent School District
zcrm_5436421000135211007,5436421000056562792,New Braunfels Independent School District
zcrm_5436421000135227081,5436421000056562798,Navasota Independent School District
zcrm_5436421000135210636,5436421000056562799,Navarro Independent School District
zcrm_5436421000135210948,5436421000056562800,Nacogdoches Independent School District
zcrm_5436421000135204590,5436421000056562807,Mount Vernon Independent School District
zcrm_5436421000135210604,5436421000056562808,Mount Pleasant Independent School District
zcrm_5436421000135204176,5436421000056562809,Mount Enterprise Independent School District
zcrm_5436421000135207098,5436421000056562813,Morton Independent School District
zcrm_5436421000135210614,5436421000056562818,Montgomery Independent School District
zcrm_5436421000135208107,5436421000056562821,Monahans-Wickett-Pyote Independent School District
zcrm_5436421000135234958,5436421000056562823,Mineral Wells Independent School District
zcrm_5436421000135204605,5436421000056562824,Mineola Independent School District
zcrm_5436421000135219586,5436421000056562837,Mesquite Independent School District
zcrm_5436421000135209580,5436421000056562844,Medina Valley Independent School District
zcrm_5436421000135213644,5436421000056562850,McKinney Independent School District
zcrm_5436421000135208005,5436421000056562852,McDade Independent School District
zcrm_5436421000135205116,5436421000056562872,Madisonville Consolidated Independent School District
zcrm_5436421000135207051,5436421000056562874,Lytle Independent School District
zcrm_5436421000135202035,5436421000056562877,Lubbock Independent School District
zcrm_5436421000135225060,5436421000056562879,Lovejoy Independent School District
zcrm_5436421000135215030,5436421000056562880,Louise Independent School District
zcrm_5436421000135209015,5436421000056562881,Los Fresnos Consolidated Independent School District
zcrm_5436421000135210118,5436421000056562883,Lorena Independent School District
zcrm_5436421000135205086,5436421000056562886,Longview Independent School District
zcrm_5436421000135230644,5436421000056562892,Lockhart Independent School District
zcrm_5436421000135210079,5436421000056562893,Llano Independent School District
zcrm_5436421000135205629,5436421000056562901,Lindale Independent School District
zcrm_5436421000135219538,5436421000056562904,Lexington Independent School District
zcrm_5436421000135204502,5436421000056562906,Leveretts Chapel Independent School District
zcrm_5436421000135200684,5436421000056562907,Levelland Independent School District
zcrm_5436421000135218002,5436421000056562914,Latexo Independent School District
zcrm_5436421000135209505,5436421000056562916,Laredo Independent School District
zcrm_5436421000135207094,5436421000056562919,Lampasas Independent School District
zcrm_5436421000135214140,5436421000056562922,Lake Travis Independent School District
zcrm_5436421000135204461,5436421000056562925,Lackland Independent School District
zcrm_5436421000135210120,5436421000056562928,La Vega Independent School District
zcrm_5436421000135214139,5436421000056562932,La Joya Independent School District
zcrm_5436421000135211594,5436421000056562935,La Feria Independent School District
zcrm_5436421000135210664,5436421000056562940,Knippa Independent School District
zcrm_5436421000135234519,5436421000056562943,Killeen Independent School District
zcrm_5436421000135214545,5436421000056562950,Kemp Independent School District
zcrm_5436421000135208098,5436421000056562952,Keene Independent School District
zcrm_5436421000135209184,5436421000056563210,Kaufman Independent School District
zcrm_5436421000135208503,5436421000056563211,Karnes City Independent School District
zcrm_5436421000135213151,5436421000056563214,Judson Independent School District
zcrm_5436421000135202553,5436421000056563216,Joshua Independent School District
zcrm_5436421000135209967,5436421000056563217,Jonesboro Independent School District
zcrm_5436421000135210466,5436421000056563219,Joaquin Independent School District
zcrm_5436421000135209487,5436421000056563238,Hurst-Euless-Bedford Independent School District
zcrm_5436421000135201138,5436421000056563249,Howe Independent School District
zcrm_5436421000135234445,5436421000056563254,Hitchcock Independent School District
zcrm_5436421000135211652,5436421000056563261,Henrietta Independent School District
zcrm_5436421000135209107,5436421000056563263,Hempstead Independent School District
zcrm_5436421000135226610,5436421000056563282,Hallsville Independent School District
zcrm_5436421000135205500,5436421000056563293,Greenwood Independent School District
zcrm_5436421000135220124,5436421000056563301,Grand Prairie Independent School District
zcrm_5436421000135211015,5436421000056563308,Goose Creek Consolidated Independent School District
zcrm_5436421000135202492,5436421000056563326,Galveston Independent School District
zcrm_5436421000135214110,5436421000056563333,Frisco Independent School District
zcrm_5436421000135205615,5436421000056563335,Friendswood Independent School District
zcrm_5436421000135220141,5436421000056563341,Forney Independent School District
zcrm_5436421000135202151,5436421000056563349,Farmersville Independent School District
zcrm_5436421000135219086,5436421000056563354,Ezzell Independent School District
zcrm_5436421000135231468,5436421000056563364,Elgin Independent School District
zcrm_5436421000135230670,5436421000056563366,El Paso Independent School District
zcrm_5436421000135214531,5436421000056563372,Ector County Independent School District
zcrm_5436421000135208012,5436421000056563375,East Central Independent School District
zcrm_5436421000135210009,5436421000056563378,Eanes Independent School District
zcrm_5436421000135226565,5436421000056563399,Del Valle Independent School District
zcrm_5436421000135208104,5436421000056563408,Danbury Independent School District
zcrm_5436421000135200103,5436421000056563411,Daingerfield-Lone Star Independent School District
zcrm_5436421000135228047,5436421000056563413,Cypress-Fairbanks Independent School District
zcrm_5436421000135207488,5436421000056563422,Crockett Independent School District
zcrm_5436421000135211074,5436421000056563427,Crandall Independent School District
zcrm_5436421000135204152,5436421000056563430,Cotulla Independent School District
zcrm_5436421000135210129,5436421000056563433,Corpus Christi Independent School District
zcrm_5436421000135226054,5436421000056563437,Conroe Independent School District
zcrm_5436421000135209558,5436421000056563438,Connally Independent School District
zcrm_5436421000135207982,5436421000056563441,Commerce Independent School District
zcrm_5436421000135228454,5436421000056563444,Comal Independent School District
zcrm_5436421000135211612,5436421000056563449,Collinsville Independent School District
zcrm_5436421000135208639,5436421000056563454,Clint Independent School District
zcrm_5436421000135209687,5436421000056563455,Cleveland Independent School District
zcrm_5436421000135234087,5436421000056563456,Clear Creek Independent School District
zcrm_5436421000135204990,5436421000056563721,China Spring Independent School District
zcrm_5436421000135208568,5436421000056563740,Cedar Hill Independent School District
zcrm_5436421000135210090,5436421000056563741,Cayuga Independent School District
zcrm_5436421000135210155,5436421000056563742,Carrollton-Farmers Branch Independent School District
zcrm_5436421000135215670,5436421000056563755,Burton Independent School District
zcrm_5436421000135204942,5436421000056563757,Burkburnett Independent School District
zcrm_5436421000135211962,5436421000056563772,Broaddus Independent School District
zcrm_5436421000135214080,5436421000056563779,Brazosport Independent School District
zcrm_5436421000135220624,5436421000056563808,Beaumont Independent School District
zcrm_5436421000135228072,5436421000056563810,Bastrop Independent School District
zcrm_5436421000135228964,5436421000056563812,Barbers Hill Independent School District
zcrm_5436421000135209504,5436421000056563818,Azle Independent School District
zcrm_5436421000135223989,5436421000056563825,Athens Independent School District
zcrm_5436421000135211604,5436421000056563826,Arp Independent School District
zcrm_5436421000135205128,5436421000056563836,Anderson-Shiro Consolidated Independent School District
zcrm_5436421000135226607,5436421000056563840,Alvin Independent School District
zcrm_5436421000135228602,5436421000056563843,Alief Independent School District
zcrm_5436421000135210556,5436421000056563846,Aldine Independent School District
zcrm_5436421000135216593,5436421000056563849,Alamo Heights Independent School District
zcrm_5436421000135215053,5436421000056563850,Agua Dulce Independent School District
zcrm_5436421000135228518,5436421000056563853,Abilene Independent School District
zcrm_5436421000135214477,5436421000056563859,Hays Consolidated Independent School District
zcrm_5436421000135201947,5436421000056563860,Wimberley Independent School District
zcrm_5436421000135228951,5436421000056563870,Weakley County School District
zcrm_5436421000135229100,5436421000056563871,Wayne County School District
zcrm_5436421000135208178,5436421000056563880,Trenton Special School District
zcrm_5436421000135204543,5436421000056563881,Tipton County School District
zcrm_5436421000135216139,5436421000056563883,Sumner County School District
zcrm_5436421000135222097,5436421000056563884,Sullivan County School District
zcrm_5436421000135230457,5436421000056563892,Robertson County School District
zcrm_5436421000135217587,5436421000056563907,Moore County School District
zcrm_5436421000135216093,5436421000056563908,Clarksville-Montgomery County School System
zcrm_5436421000135226575,5436421000056563909,Monroe County School District
zcrm_5436421000135221489,5436421000056563913,McMinn County School District
zcrm_5436421000135223600,5436421000056563920,Jackson-Madison County School System
zcrm_5436421000135214044,5436421000056563923,Lincoln County School District
zcrm_5436421000135220643,5436421000056563931,Kingsport City School District
zcrm_5436421000135204548,5436421000056563932,Johnson County School District
zcrm_5436421000135230541,5436421000056563939,Houston County School District
zcrm_5436421000135231624,5436421000056563957,Franklin Special School District
zcrm_5436421000135234661,5436421000056563961,Etowah City School District
zcrm_5436421000135210471,5436421000056563964,Dyer County School District
zcrm_5436421000135207471,5436421000056564224,Decatur County School District
zcrm_5436421000135209086,5436421000056564237,Cannon County School District
zcrm_5436421000135229656,5436421000056564247,Bartlett City School District
zcrm_5436421000135219983,5436421000056564248,Arlington Community School District
zcrm_5436421000135229615,5436421000056564249,Germantown Municipal School District
zcrm_5436421000135209679,5436421000056564252,Shelby County School District
zcrm_5436421000135226481,5436421000056564255,Alcoa City School District
zcrm_5436421000135224648,5436421000056561882,Mount Mansfield Unified Union School District 401
zcrm_5436421000135218100,5436421000056561883,Mount Ascutney School District 86
zcrm_5436421000135222967,5436421000056561918,Addison Central Unified School District
zcrm_5436421000135232560,5436421000056561922,Addison Northwest Unified School District
zcrm_5436421000135235105,5436421000056561924,Champlain Valley Unified School District
zcrm_5436421000135216113,5436421000056562216,Ysleta Independent School District
zcrm_5436421000135205970,5436421000056562227,Winona Independent School District
zcrm_5436421000135208066,5436421000056562247,West Sabine Independent School District
zcrm_5436421000135214147,5436421000056562257,Waxahachie Independent School District
zcrm_5436421000135209011,5436421000056562282,United Independent School District
zcrm_5436421000135219475,5436421000056562308,Texas City Independent School District
zcrm_5436421000135217640,5436421000056562309,Texarkana Independent School District
zcrm_5436421000135215653,5436421000056562319,Taft Independent School District
zcrm_5436421000135218487,5436421000056562325,Sulphur Springs Independent School District
zcrm_5436421000135205478,5436421000056562336,Stafford Municipal School District
zcrm_5436421000135234648,5436421000056562343,Splendora Independent School District
zcrm_5436421000135204626,5436421000056562349,Somerset Independent School District
zcrm_5436421000135218647,5436421000056562350,Socorro Independent School District
zcrm_5436421000135209590,5436421000056562351,South San Antonio Independent School District
zcrm_5436421000135200484,5436421000056562353,Snook Independent School District
zcrm_5436421000135208624,5436421000056562368,Shepherd Independent School District
zcrm_5436421000135210152,5436421000056562369,Sheldon Independent School District
zcrm_5436421000135207130,5436421000056562371,Sharyland Independent School District
zcrm_5436421000135209956,5436421000056562379,Scurry-Rosser Independent School District
zcrm_5436421000135228546,5436421000056562381,Schertz-Cibolo-Universal City Independent School District
zcrm_5436421000135205036,5436421000056562394,San Marcos Consolidated Independent School District
zcrm_5436421000135202096,5436421000056562423,Rockdale Independent School District
zcrm_5436421000135202029,5436421000056562738,Pflugerville Independent School District
zcrm_5436421000135204491,5436421000056562754,Pampa Independent School District
zcrm_5436421000135223650,5436421000056562798,Navasota Independent School District
zcrm_5436421000135209958,5436421000056562800,Nacogdoches Independent School District
zcrm_5436421000135202460,5436421000056562807,Mount Vernon Independent School District
zcrm_5436421000135206508,5436421000056562821,Monahans-Wickett-Pyote Independent School District
zcrm_5436421000135214183,5436421000056562837,Mesquite Independent School District
zcrm_5436421000135210685,5436421000056562850,McKinney Independent School District
zcrm_5436421000135206592,5436421000056562852,McDade Independent School District
zcrm_5436421000135224033,5436421000056562879,Lovejoy Independent School District
zcrm_5436421000135205944,5436421000056562880,Louise Independent School District
zcrm_5436421000135211579,5436421000056562892,Lockhart Independent School District
zcrm_5436421000135216440,5436421000056562904,Lexington Independent School District
zcrm_5436421000135209153,5436421000056562914,Latexo Independent School District
zcrm_5436421000135210462,5436421000056562922,Lake Travis Independent School District
zcrm_5436421000135201649,5436421000056562928,La Vega Independent School District
zcrm_5436421000135210143,5436421000056562932,La Joya Independent School District
zcrm_5436421000135234495,5436421000056562943,Killeen Independent School District
zcrm_5436421000135211079,5436421000056563214,Judson Independent School District
zcrm_5436421000135201125,5436421000056563216,Joshua Independent School District
zcrm_5436421000135235015,5436421000056563237,Hutto Independent School District
zcrm_5436421000135206983,5436421000056563238,Hurst-Euless-Bedford Independent School District
zcrm_5436421000135200567,5436421000056563249,Howe Independent School District
zcrm_5436421000135209185,5436421000056563282,Hallsville Independent School District
zcrm_5436421000135214162,5436421000056563301,Grand Prairie Independent School District
zcrm_5436421000135201687,5436421000056563308,Goose Creek Consolidated Independent School District
zcrm_5436421000135214064,5436421000056563333,Frisco Independent School District
zcrm_5436421000135209062,5436421000056563341,Forney Independent School District
zcrm_5436421000135201066,5436421000056563349,Farmersville Independent School District
zcrm_5436421000135206628,5436421000056563364,Elgin Independent School District
zcrm_5436421000135222682,5436421000056563366,El Paso Independent School District
zcrm_5436421000135207092,5436421000056563375,East Central Independent School District
zcrm_5436421000135225520,5436421000056563399,Del Valle Independent School District
zcrm_5436421000135218041,5436421000056563413,Cypress-Fairbanks Independent School District
zcrm_5436421000135210105,5436421000056563427,Crandall Independent School District
zcrm_5436421000135208993,5436421000056563433,Corpus Christi Independent School District
zcrm_5436421000135223159,5436421000056563437,Conroe Independent School District
zcrm_5436421000135206535,5436421000056563438,Connally Independent School District
zcrm_5436421000135209171,5436421000056563440,Como-Pickton Consolidated Independent School District
zcrm_5436421000135206593,5436421000056563441,Commerce Independent School District
zcrm_5436421000135220529,5436421000056563444,Comal Independent School District
zcrm_5436421000135207987,5436421000056563454,Clint Independent School District
zcrm_5436421000135232071,5436421000056563456,Clear Creek Independent School District
zcrm_5436421000135204484,5436421000056563721,China Spring Independent School District
zcrm_5436421000135208068,5436421000056563740,Cedar Hill Independent School District
zcrm_5436421000135209606,5436421000056563742,Carrollton-Farmers Branch Independent School District
zcrm_5436421000135211103,5436421000056563779,Brazosport Independent School District
zcrm_5436421000135220610,5436421000056563808,Beaumont Independent School District
zcrm_5436421000135226096,5436421000056563810,Bastrop Independent School District
zcrm_5436421000135206439,5436421000056563812,Barbers Hill Independent School District
zcrm_5436421000135225073,5436421000056563840,Alvin Independent School District
zcrm_5436421000135228565,5436421000056563843,Alief Independent School District
zcrm_5436421000135204142,5436421000056563849,Alamo Heights Independent School District
zcrm_5436421000135204500,5436421000056563850,Agua Dulce Independent School District
zcrm_5436421000135211070,5436421000056563853,Abilene Independent School District
zcrm_5436421000135210182,5436421000056563859,Hays Consolidated Independent School District
zcrm_5436421000135226538,5436421000056563871,Wayne County School District
zcrm_5436421000135207086,5436421000056563883,Sumner County School District
zcrm_5436421000135207005,5436421000056563908,Clarksville-Montgomery County School System
zcrm_5436421000135225574,5436421000056563909,Monroe County School District
zcrm_5436421000135205526,5436421000056563913,McMinn County School District
zcrm_5436421000135221471,5436421000056563920,Jackson-Madison County School System
zcrm_5436421000135224669,5436421000056564247,Bartlett City School District
zcrm_5436421000135224040,5436421000056564249,Germantown Municipal School District
zcrm_5436421000135202584,5436421000056564252,Shelby County School District
zcrm_5436421000135220465,5436421000001033293,Eagle County School District
zcrm_5436421000135224149,5436421000001033314,Spartanburg County School District 2
zcrm_5436421000135218596,5436421000001033315,Greenville County School District
zcrm_5436421000135204456,5436421000001033320,Pike County School District
zcrm_5436421000135228513,5436421000001033390,Seminole County Public School District
zcrm_5436421000135230100,5436421000001033391,Hillsborough County Public School District
zcrm_5436421000135210574,5436421000001033409,Castleberry Independent School District
zcrm_5436421000135207956,5436421000001033446,Keller Independent School District
zcrm_5436421000135227597,5436421000001033468,Klein Independent School District
zcrm_5436421000135201650,5436421000001033501,Academy School District
zcrm_5436421000135207587,5436421000001033818,Marion County Public School District
zcrm_5436421000135206956,5436421000001033819,Mansfield Independent School District
zcrm_5436421000135206584,5436421000001033832,Plum Borough School District
zcrm_5436421000135202994,5436421000001033839,Rowland Unified School District
zcrm_5436421000135210979,5436421000001033853,Tempe Union High School District
zcrm_5436421000135200069,5436421000001033857,Pearsall Independent School District
zcrm_5436421000135226110,5436421000001033863,Burbank Unified School District
zcrm_5436421000135232671,5436421000001033894,School District of Lee County
zcrm_5436421000135205537,5436421000001033898,Poudre School District
zcrm_5436421000135220129,5436421000001033901,Saint Paul Public School District
zcrm_5436421000135227504,5436421000001033904,San Bernardino City Unified School District
zcrm_5436421000135230462,5436421000001033912,Thompson School District R2-J
zcrm_5436421000135229173,5436421000001033913,Lexington County School District One
zcrm_5436421000135206443,5436421000001033916,School District of Palm Beach County
zcrm_5436421000135219133,5436421000001033943,Floresville Independent School District
zcrm_5436421000135209154,5436421000001033960,Houston Independent School District
zcrm_5436421000135214063,5436421000001033979,Metro Nashville Public Schools
zcrm_5436421000135215059,5436421000001033990,Kingsville Independent School District
zcrm_5436421000135202123,5436421000001034003,Central Greene School District
zcrm_5436421000135227521,5436421000001034008,Terrebonne Parish School District
zcrm_5436421000135210632,5436421000001034009,Frenship Independent School District
zcrm_5436421000135230560,5436421000001034033,Summit School District
zcrm_5436421000135216576,5436421000001034324,Rutherford County School District
zcrm_5436421000135207052,5436421000001034347,Melissa Independent School District
zcrm_5436421000135233082,5436421000001034362,Huntley Community School District 158
zcrm_5436421000135228580,5436421000001034382,Wylie Independent School District
zcrm_5436421000135223077,5436421000001034390,Elko County School District
zcrm_5436421000135221474,5436421000001034400,Richland County School District One
zcrm_5436421000135205551,5436421000001034402,Republic School District
zcrm_5436421000135233031,5436421000001034441,Denver Public Schools
zcrm_5436421000135230454,5436421000001034448,Bullitt County Public School District
zcrm_5436421000135203939,5436421000001034484,Lyford Consolidated Independent School District
zcrm_5436421000135212179,5436421000001288429,St. James Parish Schools
zcrm_5436421000135209183,5436421000001288492,Fort Worth Independent School District
zcrm_5436421000135205532,5436421000001289269,Rockport-Fulton Independent School District
zcrm_5436421000135210981,5436421000002175008,Humble Independent School District
zcrm_5436421000135232679,5436421000006329027,Osceola County School District
zcrm_5436421000135230540,5436421000006954297,Colorado Springs School District 11
zcrm_5436421000135223483,5436421000006956197,North Kansas City Schools
zcrm_5436421000135223564,5436421000006956222,Oklahoma City Public School District
zcrm_5436421000135209125,5436421000006956228,Orange County Public School District
zcrm_5436421000135227528,5436421000006956340,Santa Rosa County Schools
zcrm_5436421000135219621,5436421000001033293,Eagle County School District
zcrm_5436421000135222098,5436421000001033314,Spartanburg County School District 2
zcrm_5436421000135217445,5436421000001033315,Greenville County School District
zcrm_5436421000135220182,5436421000001033390,Seminole County Public School District
zcrm_5436421000135230027,5436421000001033391,Hillsborough County Public School District
zcrm_5436421000135208086,5436421000001033409,Castleberry Independent School District
zcrm_5436421000135207954,5436421000001033446,Keller Independent School District
zcrm_5436421000135227596,5436421000001033468,Klein Independent School District
zcrm_5436421000135200508,5436421000001033501,Academy School District
zcrm_5436421000135207569,5436421000001033818,Marion County Public School District
zcrm_5436421000135206087,5436421000001033819,Mansfield Independent School District
zcrm_5436421000135206464,5436421000001033832,Plum Borough School District
zcrm_5436421000135209159,5436421000001033853,Tempe Union High School District
zcrm_5436421000135225944,5436421000001033863,Burbank Unified School District
zcrm_5436421000135232640,5436421000001033894,School District of Lee County
zcrm_5436421000135204511,5436421000001033898,Poudre School District
zcrm_5436421000135201667,5436421000001033901,Saint Paul Public School District
zcrm_5436421000135227462,5436421000001033904,San Bernardino City Unified School District
zcrm_5436421000135230057,5436421000001033912,Thompson School District R2-J
zcrm_5436421000135225976,5436421000001033913,Lexington County School District One
zcrm_5436421000135201473,5436421000001033916,School District of Palm Beach County
zcrm_5436421000135218974,5436421000001033943,Floresville Independent School District
zcrm_5436421000135208070,5436421000001033960,Houston Independent School District
zcrm_5436421000135213967,5436421000001033979,Metro Nashville Public Schools
zcrm_5436421000135206605,5436421000001033990,Kingsville Independent School District
zcrm_5436421000135226534,5436421000001034008,Terrebonne Parish School District
zcrm_5436421000135208626,5436421000001034009,Frenship Independent School District
zcrm_5436421000135226654,5436421000001034033,Summit School District
zcrm_5436421000135210540,5436421000001034324,Rutherford County School District
zcrm_5436421000135206449,5436421000001034347,Melissa Independent School District
zcrm_5436421000135233081,5436421000001034362,Huntley Community School District 158
zcrm_5436421000135227954,5436421000001034382,Wylie Independent School District
zcrm_5436421000135222984,5436421000001034390,Elko County School District
zcrm_5436421000135219673,5436421000001034400,Richland County School District One
zcrm_5436421000135205182,5436421000001034402,Republic School District
zcrm_5436421000135232038,5436421000001034441,Denver Public Schools
zcrm_5436421000135230113,5436421000001034448,Bullitt County Public School District
zcrm_5436421000135203996,5436421000001288429,St. James Parish Schools
zcrm_5436421000135206581,5436421000001288492,Fort Worth Independent School District
zcrm_5436421000135057979,5436421000001289269,Rockport-Fulton Independent School District
zcrm_5436421000135209477,5436421000002175008,Humble Independent School District
zcrm_5436421000135232604,5436421000006329027,Osceola County School District
zcrm_5436421000135233182,5436421000006954255,Capistrano Unified School District
zcrm_5436421000135227033,5436421000006954297,Colorado Springs School District 11
zcrm_5436421000135214988,5436421000006956197,North Kansas City Schools
zcrm_5436421000135222553,5436421000006956222,Oklahoma City Public School District
zcrm_5436421000135227141,5436421000006956340,Santa Rosa County Schools
zcrm_5436421000135211026,5436421000001033293,Eagle County School District
zcrm_5436421000135221169,5436421000001033314,Spartanburg County School District 2
zcrm_5436421000135214495,5436421000001033315,Greenville County School District
zcrm_5436421000135218170,5436421000001033390,Seminole County Public School District
zcrm_5436421000135229148,5436421000001033391,Hillsborough County Public School District
zcrm_5436421000135208053,5436421000001033409,Castleberry Independent School District
zcrm_5436421000135207949,5436421000001033446,Keller Independent School District
zcrm_5436421000135227560,5436421000001033468,Klein Independent School District
zcrm_5436421000135200004,5436421000001033501,Academy School District
zcrm_5436421000135203166,5436421000001033818,Marion County Public School District
zcrm_5436421000135201657,5436421000001033819,Mansfield Independent School District
zcrm_5436421000135206008,5436421000001033832,Plum Borough School District
zcrm_5436421000135208512,5436421000001033853,Tempe Union High School District
zcrm_5436421000135225154,5436421000001033863,Burbank Unified School District
zcrm_5436421000135232625,5436421000001033894,School District of Lee County
zcrm_5436421000135204061,5436421000001033898,Poudre School District
zcrm_5436421000135227132,5436421000001033904,San Bernardino City Unified School District
zcrm_5436421000135226140,5436421000001033912,Thompson School District R2-J
zcrm_5436421000135225639,5436421000001033913,Lexington County School District One
zcrm_5436421000135200949,5436421000001033916,School District of Palm Beach County
zcrm_5436421000135211659,5436421000001033943,Floresville Independent School District
zcrm_5436421000135208002,5436421000001033960,Houston Independent School District
zcrm_5436421000135213605,5436421000001033979,Metro Nashville Public Schools
zcrm_5436421000135206163,5436421000001033990,Kingsville Independent School District
zcrm_5436421000135224495,5436421000001034008,Terrebonne Parish School District
zcrm_5436421000135208513,5436421000001034009,Frenship Independent School District
zcrm_5436421000135223023,5436421000001034033,Summit School District
zcrm_5436421000135202103,5436421000001034324,Rutherford County School District
zcrm_5436421000135205586,5436421000001034347,Melissa Independent School District
zcrm_5436421000135233080,5436421000001034362,Huntley Community School District 158
zcrm_5436421000135224988,5436421000001034382,Wylie Independent School District
zcrm_5436421000135214673,5436421000001034400,Richland County School District One
zcrm_5436421000135205012,5436421000001034402,Republic School District
zcrm_5436421000135229979,5436421000001034441,Denver Public Schools
zcrm_5436421000135229019,5436421000001034448,Bullitt County Public School District
zcrm_5436421000135200456,5436421000001288492,Fort Worth Independent School District
zcrm_5436421000135201656,5436421000002175008,Humble Independent School District
zcrm_5436421000135232476,5436421000006329027,Osceola County School District
zcrm_5436421000135220133,5436421000006954255,Capistrano Unified School District
zcrm_5436421000135227001,5436421000006954297,Colorado Springs School District 11
zcrm_5436421000135214985,5436421000006956197,North Kansas City Schools
zcrm_5436421000135220473,5436421000006956222,Oklahoma City Public School District
zcrm_5436421000135226593,5436421000006956340,Santa Rosa County Schools
zcrm_5436421000135221140,5436421000001033314,Spartanburg County School District 2
zcrm_5436421000135211046,5436421000001033315,Greenville County School District
zcrm_5436421000135216615,5436421000001033390,Seminole County Public School District
zcrm_5436421000135229104,5436421000001033391,Hillsborough County Public School District
zcrm_5436421000135206943,5436421000001033409,Castleberry Independent School District
zcrm_5436421000135207687,5436421000001033446,Keller Independent School District
zcrm_5436421000135226603,5436421000001033468,Klein Independent School District
zcrm_5436421000135201572,5436421000001033819,Mansfield Independent School District
zcrm_5436421000135206007,5436421000001033832,Plum Borough School District
zcrm_5436421000135204974,5436421000001033853,Tempe Union High School District
zcrm_5436421000135224551,5436421000001033863,Burbank Unified School District
zcrm_5436421000135232527,5436421000001033894,School District of Lee County
zcrm_5436421000135201684,5436421000001033898,Poudre School District
zcrm_5436421000135227097,5436421000001033904,San Bernardino City Unified School District
zcrm_5436421000135223474,5436421000001033912,Thompson School District R2-J
zcrm_5436421000135225090,5436421000001033913,Lexington County School District One
zcrm_5436421000135200501,5436421000001033916,School District of Palm Beach County
zcrm_5436421000135211535,5436421000001033943,Floresville Independent School District
zcrm_5436421000135207117,5436421000001033960,Houston Independent School District
zcrm_5436421000135210593,5436421000001033979,Metro Nashville Public Schools
zcrm_5436421000135205968,5436421000001033990,Kingsville Independent School District
zcrm_5436421000135223180,5436421000001034008,Terrebonne Parish School District
zcrm_5436421000135208087,5436421000001034009,Frenship Independent School District
zcrm_5436421000135211590,5436421000001034033,Summit School District
zcrm_5436421000135201668,5436421000001034324,Rutherford County School District
zcrm_5436421000135205573,5436421000001034347,Melissa Independent School District
zcrm_5436421000135233066,5436421000001034362,Huntley Community School District 158
zcrm_5436421000135224653,5436421000001034382,Wylie Independent School District
zcrm_5436421000135214579,5436421000001034400,Richland County School District One
zcrm_5436421000135204663,5436421000001034402,Republic School District
zcrm_5436421000135226535,5436421000001034441,Denver Public Schools
zcrm_5436421000135228646,5436421000001034448,Bullitt County Public School District
zcrm_5436421000135232147,5436421000006329027,Osceola County School District
zcrm_5436421000135226940,5436421000006954297,Colorado Springs School District 11
zcrm_5436421000135214984,5436421000006956197,North Kansas City Schools
zcrm_5436421000135214507,5436421000006956222,Oklahoma City Public School District
zcrm_5436421000135226536,5436421000006956340,Santa Rosa County Schools
zcrm_5436421000135221092,5436421000001033314,Spartanburg County School District 2
zcrm_5436421000135208985,5436421000001033315,Greenville County School District
zcrm_5436421000135216561,5436421000001033390,Seminole County Public School District
zcrm_5436421000135228542,5436421000001033391,Hillsborough County Public School District
zcrm_5436421000135204446,5436421000001033409,Castleberry Independent School District
zcrm_5436421000135207681,5436421000001033446,Keller Independent School District
zcrm_5436421000135225979,5436421000001033468,Klein Independent School District
zcrm_5436421000135201483,5436421000001033819,Mansfield Independent School District
zcrm_5436421000135204598,5436421000001033832,Plum Borough School District
zcrm_5436421000135201606,5436421000001033853,Tempe Union High School District
zcrm_5436421000135224014,5436421000001033863,Burbank Unified School District
zcrm_5436421000135232525,5436421000001033894,School District of Lee County
zcrm_5436421000135226505,5436421000001033904,San Bernardino City Unified School District
zcrm_5436421000135220523,5436421000001033912,Thompson School District R2-J
zcrm_5436421000135224946,5436421000001033913,Lexington County School District One
zcrm_5436421000135211515,5436421000001033943,Floresville Independent School District
zcrm_5436421000135206977,5436421000001033960,Houston Independent School District
zcrm_5436421000135208956,5436421000001033979,Metro Nashville Public Schools
zcrm_5436421000135205522,5436421000001033990,Kingsville Independent School District
zcrm_5436421000135222019,5436421000001034008,Terrebonne Parish School District
zcrm_5436421000135205073,5436421000001034009,Frenship Independent School District
zcrm_5436421000135205553,5436421000001034347,Melissa Independent School District
zcrm_5436421000135233064,5436421000001034362,Huntley Community School District 158
zcrm_5436421000135224591,5436421000001034382,Wylie Independent School District
zcrm_5436421000135210510,5436421000001034400,Richland County School District One
zcrm_5436421000135220606,5436421000001034441,Denver Public Schools
zcrm_5436421000135228168,5436421000001034448,Bullitt County Public School District
zcrm_5436421000135232146,5436421000006329027,Osceola County School District
zcrm_5436421000135226679,5436421000006954297,Colorado Springs School District 11
zcrm_5436421000135214672,5436421000006956197,North Kansas City Schools
zcrm_5436421000135211128,5436421000006956222,Oklahoma City Public School District
zcrm_5436421000135226477,5436421000006956340,Santa Rosa County Schools
zcrm_5436421000135221082,5436421000001033314,Spartanburg County School District 2
zcrm_5436421000135207121,5436421000001033315,Greenville County School District
zcrm_5436421000135211947,5436421000001033356,Jarrell Independent School District
zcrm_5436421000135214005,5436421000001033390,Seminole County Public School District
zcrm_5436421000135228531,5436421000001033391,Hillsborough County Public School District
zcrm_5436421000135202621,5436421000001033409,Castleberry Independent School District
zcrm_5436421000135207665,5436421000001033446,Keller Independent School District
zcrm_5436421000135225676,5436421000001033468,Klein Independent School District
zcrm_5436421000135201148,5436421000001033819,Mansfield Independent School District
zcrm_5436421000135201561,5436421000001033853,Tempe Union High School District
zcrm_5436421000135223940,5436421000001033863,Burbank Unified School District
zcrm_5436421000135232524,5436421000001033894,School District of Lee County
zcrm_5436421000135226504,5436421000001033904,San Bernardino City Unified School District
zcrm_5436421000135219598,5436421000001033912,Thompson School District R2-J
zcrm_5436421000135224664,5436421000001033913,Lexington County School District One
zcrm_5436421000135207610,5436421000001033943,Floresville Independent School District
zcrm_5436421000135206131,5436421000001033960,Houston Independent School District
zcrm_5436421000135208454,5436421000001033979,Metro Nashville Public Schools
zcrm_5436421000135205069,5436421000001033990,Kingsville Independent School District
zcrm_5436421000135221627,5436421000001034008,Terrebonne Parish School District
zcrm_5436421000135205059,5436421000001034009,Frenship Independent School District
zcrm_5436421000135202477,5436421000001034347,Melissa Independent School District
zcrm_5436421000135233063,5436421000001034362,Huntley Community School District 158
zcrm_5436421000135221091,5436421000001034382,Wylie Independent School District
zcrm_5436421000135208176,5436421000001034400,Richland County School District One
zcrm_5436421000135220587,5436421000001034441,Denver Public Schools
zcrm_5436421000135228037,5436421000001034448,Bullitt County Public School District
zcrm_5436421000135232113,5436421000006329027,Osceola County School District
zcrm_5436421000135226672,5436421000006954297,Colorado Springs School District 11
zcrm_5436421000135214658,5436421000006956197,North Kansas City Schools
zcrm_5436421000135209676,5436421000006956222,Oklahoma City Public School District
zcrm_5436421000135226159,5436421000006956340,Santa Rosa County Schools
zcrm_5436421000135221081,5436421000001033314,Spartanburg County School District 2
zcrm_5436421000135207017,5436421000001033315,Greenville County School District
zcrm_5436421000135201574,5436421000001033390,Seminole County Public School District
zcrm_5436421000135228440,5436421000001033391,Hillsborough County Public School District
zcrm_5436421000135201618,5436421000001033409,Castleberry Independent School District
zcrm_5436421000135207664,5436421000001033446,Keller Independent School District
zcrm_5436421000135225577,5436421000001033468,Klein Independent School District
zcrm_5436421000135201027,5436421000001033819,Mansfield Independent School District
zcrm_5436421000135201026,5436421000001033853,Tempe Union High School District
zcrm_5436421000135223523,5436421000001033863,Burbank Unified School District
zcrm_5436421000135232515,5436421000001033894,School District of Lee County
zcrm_5436421000135226132,5436421000001033904,San Bernardino City Unified School District
zcrm_5436421000135210033,5436421000001033912,Thompson School District R2-J
zcrm_5436421000135224565,5436421000001033913,Lexington County School District One
zcrm_5436421000135207167,5436421000001033943,Floresville Independent School District
zcrm_5436421000135205989,5436421000001033960,Houston Independent School District
zcrm_5436421000135205962,5436421000001033979,Metro Nashville Public Schools
zcrm_5436421000135204525,5436421000001033990,Kingsville Independent School District
zcrm_5436421000135221074,5436421000001034008,Terrebonne Parish School District
zcrm_5436421000135204959,5436421000001034009,Frenship Independent School District
zcrm_5436421000135202010,5436421000001034347,Melissa Independent School District
zcrm_5436421000135233061,5436421000001034362,Huntley Community School District 158
zcrm_5436421000135214084,5436421000001034382,Wylie Independent School District
zcrm_5436421000135203082,5436421000001034400,Richland County School District One
zcrm_5436421000135220584,5436421000001034441,Denver Public Schools
zcrm_5436421000135226529,5436421000001034448,Bullitt County Public School District
zcrm_5436421000135232043,5436421000006329027,Osceola County School District
zcrm_5436421000135226664,5436421000006954297,Colorado Springs School District 11
zcrm_5436421000135214648,5436421000006956197,North Kansas City Schools
zcrm_5436421000135208547,5436421000006956222,Oklahoma City Public School District
zcrm_5436421000135226082,5436421000006956340,Santa Rosa County Schools
zcrm_5436421000135219622,5436421000001033314,Spartanburg County School District 2
zcrm_5436421000135203061,5436421000001033315,Greenville County School District
zcrm_5436421000135200525,5436421000001033390,Seminole County Public School District
zcrm_5436421000135220539,5436421000001033391,Hillsborough County Public School District
zcrm_5436421000135200549,5436421000001033409,Castleberry Independent School District
zcrm_5436421000135207645,5436421000001033446,Keller Independent School District
zcrm_5436421000135225491,5436421000001033468,Klein Independent School District
zcrm_5436421000135201009,5436421000001033819,Mansfield Independent School District
zcrm_5436421000135232075,5436421000001033844,South Butler County School District
zcrm_5436421000135200992,5436421000001033853,Tempe Union High School District
zcrm_5436421000135223153,5436421000001033863,Burbank Unified School District
zcrm_5436421000135232511,5436421000001033894,School District of Lee County
zcrm_5436421000135225680,5436421000001033904,San Bernardino City Unified School District
zcrm_5436421000135205183,5436421000001033912,Thompson School District R2-J
zcrm_5436421000135224110,5436421000001033913,Lexington County School District One
zcrm_5436421000135203613,5436421000001033943,Floresville Independent School District
zcrm_5436421000135205973,5436421000001033960,Houston Independent School District
zcrm_5436421000135205439,5436421000001033979,Metro Nashville Public Schools
zcrm_5436421000135204170,5436421000001033990,Kingsville Independent School District
zcrm_5436421000135221050,5436421000001034008,Terrebonne Parish School District
zcrm_5436421000135204108,5436421000001034009,Frenship Independent School District
zcrm_5436421000135233059,5436421000001034362,Huntley Community School District 158
zcrm_5436421000135209114,5436421000001034382,Wylie Independent School District
zcrm_5436421000135202047,5436421000001034400,Richland County School District One
zcrm_5436421000135220506,5436421000001034441,Denver Public Schools
zcrm_5436421000135225677,5436421000001034448,Bullitt County Public School District
zcrm_5436421000135231971,5436421000006329027,Osceola County School District
zcrm_5436421000135226620,5436421000006954297,Colorado Springs School District 11
zcrm_5436421000135214629,5436421000006956197,North Kansas City Schools
zcrm_5436421000135208493,5436421000006956222,Oklahoma City Public School District
zcrm_5436421000135226022,5436421000006956340,Santa Rosa County Schools
zcrm_5436421000135202565,5436421000001033315,Greenville County School District
zcrm_5436421000135220479,5436421000001033391,Hillsborough County Public School District
zcrm_5436421000135200068,5436421000001033409,Castleberry Independent School District
zcrm_5436421000135207627,5436421000001033446,Keller Independent School District
zcrm_5436421000135225457,5436421000001033468,Klein Independent School District
zcrm_5436421000135200585,5436421000001033819,Mansfield Independent School District
zcrm_5436421000135227631,5436421000001033844,South Butler County School District
zcrm_5436421000135222018,5436421000001033863,Burbank Unified School District
zcrm_5436421000135232466,5436421000001033894,School District of Lee County
zcrm_5436421000135225560,5436421000001033904,San Bernardino City Unified School District
zcrm_5436421000135202099,5436421000001033912,Thompson School District R2-J
zcrm_5436421000135222186,5436421000001033913,Lexington County School District One
zcrm_5436421000135203473,5436421000001033943,Floresville Independent School District
zcrm_5436421000135205961,5436421000001033960,Houston Independent School District
zcrm_5436421000135204137,5436421000001033979,Metro Nashville Public Schools
zcrm_5436421000135203062,5436421000001033990,Kingsville Independent School District
zcrm_5436421000135220953,5436421000001034008,Terrebonne Parish School District
zcrm_5436421000135203973,5436421000001034009,Frenship Independent School District
zcrm_5436421000135233052,5436421000001034362,Huntley Community School District 158
zcrm_5436421000135206973,5436421000001034382,Wylie Independent School District
zcrm_5436421000135220463,5436421000001034441,Denver Public Schools
zcrm_5436421000135224600,5436421000001034448,Bullitt County Public School District
zcrm_5436421000135231963,5436421000006329027,Osceola County School District
zcrm_5436421000135223047,5436421000006954297,Colorado Springs School District 11
zcrm_5436421000135214595,5436421000006956197,North Kansas City Schools
zcrm_5436421000135206096,5436421000006956222,Oklahoma City Public School District
zcrm_5436421000135225595,5436421000006956340,Santa Rosa County Schools
zcrm_5436421000135219950,5436421000001033391,Hillsborough County Public School District
zcrm_5436421000135207621,5436421000001033446,Keller Independent School District
zcrm_5436421000135225186,5436421000001033468,Klein Independent School District
zcrm_5436421000135201140,5436421000001033844,South Butler County School District
zcrm_5436421000135221176,5436421000001033863,Burbank Unified School District
zcrm_5436421000135232459,5436421000001033894,School District of Lee County
zcrm_5436421000135225537,5436421000001033904,San Bernardino City Unified School District
zcrm_5436421000135201509,5436421000001033912,Thompson School District R2-J
zcrm_5436421000135222103,5436421000001033913,Lexington County School District One
zcrm_5436421000135203440,5436421000001033943,Floresville Independent School District
zcrm_5436421000135204983,5436421000001033960,Houston Independent School District
zcrm_5436421000135215645,5436421000001034008,Terrebonne Parish School District
zcrm_5436421000135203017,5436421000001034009,Frenship Independent School District
zcrm_5436421000135233051,5436421000001034362,Huntley Community School District 158
zcrm_5436421000135202063,5436421000001034382,Wylie Independent School District
zcrm_5436421000135220178,5436421000001034441,Denver Public Schools
zcrm_5436421000135224021,5436421000001034448,Bullitt County Public School District
zcrm_5436421000135231959,5436421000006329027,Osceola County School District
zcrm_5436421000135223003,5436421000006954297,Colorado Springs School District 11
zcrm_5436421000135210494,5436421000006956197,North Kansas City Schools
zcrm_5436421000135204993,5436421000006956222,Oklahoma City Public School District
zcrm_5436421000135221672,5436421000006956340,Santa Rosa County Schools
zcrm_5436421000135218033,5436421000001033391,Hillsborough County Public School District
zcrm_5436421000135207613,5436421000001033446,Keller Independent School District
zcrm_5436421000135225176,5436421000001033468,Klein Independent School District
zcrm_5436421000135200592,5436421000001033844,South Butler County School District
zcrm_5436421000135221168,5436421000001033863,Burbank Unified School District
zcrm_5436421000135232455,5436421000001033894,School District of Lee County
zcrm_5436421000135225534,5436421000001033904,San Bernardino City Unified School District
zcrm_5436421000135200958,5436421000001033912,Thompson School District R2-J
zcrm_5436421000135216022,5436421000001033913,Lexington County School District One
zcrm_5436421000135204050,5436421000001033960,Houston Independent School District
zcrm_5436421000135215643,5436421000001034008,Terrebonne Parish School District
zcrm_5436421000135202943,5436421000001034009,Frenship Independent School District
zcrm_5436421000135233047,5436421000001034362,Huntley Community School District 158
zcrm_5436421000135201632,5436421000001034382,Wylie Independent School District
zcrm_5436421000135220172,5436421000001034441,Denver Public Schools
zcrm_5436421000135221631,5436421000001034448,Bullitt County Public School District
zcrm_5436421000135231680,5436421000006329027,Osceola County School District
zcrm_5436421000135222687,5436421000006954297,Colorado Springs School District 11
zcrm_5436421000135206651,5436421000006956197,North Kansas City Schools
zcrm_5436421000135204632,5436421000006956222,Oklahoma City Public School District
zcrm_5436421000135220949,5436421000006956340,Santa Rosa County Schools
zcrm_5436421000135217470,5436421000001033391,Hillsborough County Public School District
zcrm_5436421000135207507,5436421000001033446,Keller Independent School District
zcrm_5436421000135224665,5436421000001033468,Klein Independent School District
zcrm_5436421000135200551,5436421000001033844,South Butler County School District
zcrm_5436421000135221161,5436421000001033863,Burbank Unified School District
zcrm_5436421000135232446,5436421000001033894,School District of Lee County
zcrm_5436421000135225493,5436421000001033904,San Bernardino City Unified School District
zcrm_5436421000135200652,5436421000001033912,Thompson School District R2-J
zcrm_5436421000135214563,5436421000001033913,Lexington County School District One
zcrm_5436421000135201938,5436421000001033960,Houston Independent School District
zcrm_5436421000135204473,5436421000001034008,Terrebonne Parish School District
zcrm_5436421000135202609,5436421000001034009,Frenship Independent School District
zcrm_5436421000135233044,5436421000001034362,Huntley Community School District 158
zcrm_5436421000135201571,5436421000001034382,Wylie Independent School District
zcrm_5436421000135220107,5436421000001034441,Denver Public Schools
zcrm_5436421000135221172,5436421000001034448,Bullitt County Public School District
zcrm_5436421000135231666,5436421000006329027,Osceola County School District
zcrm_5436421000135222655,5436421000006954297,Colorado Springs School District 11
zcrm_5436421000135205679,5436421000006956197,North Kansas City Schools
zcrm_5436421000135202455,5436421000006956222,Oklahoma City Public School District
zcrm_5436421000135219974,5436421000006956340,Santa Rosa County Schools
zcrm_5436421000135216612,5436421000001033391,Hillsborough County Public School District
zcrm_5436421000135207460,5436421000001033446,Keller Independent School District
zcrm_5436421000135224180,5436421000001033468,Klein Independent School District
zcrm_5436421000135200448,5436421000001033844,South Butler County School District
zcrm_5436421000135232186,5436421000001033894,School District of Lee County
zcrm_5436421000135225441,5436421000001033904,San Bernardino City Unified School District
zcrm_5436421000135200615,5436421000001033912,Thompson School District R2-J
zcrm_5436421000135208168,5436421000001033913,Lexington County School District One
zcrm_5436421000135202449,5436421000001034009,Frenship Independent School District
zcrm_5436421000135233042,5436421000001034362,Huntley Community School District 158
zcrm_5436421000135201081,5436421000001034382,Wylie Independent School District
zcrm_5436421000135220072,5436421000001034441,Denver Public Schools
zcrm_5436421000135221025,5436421000001034448,Bullitt County Public School District
zcrm_5436421000135231631,5436421000006329027,Osceola County School District
zcrm_5436421000135222654,5436421000006954297,Colorado Springs School District 11
zcrm_5436421000135204641,5436421000006956197,North Kansas City Schools
zcrm_5436421000135210667,5436421000006956340,Santa Rosa County Schools
zcrm_5436421000135214032,5436421000001033391,Hillsborough County Public School District
zcrm_5436421000135207454,5436421000001033446,Keller Independent School District
zcrm_5436421000135224134,5436421000001033468,Klein Independent School District
zcrm_5436421000135200122,5436421000001033844,South Butler County School District
zcrm_5436421000135232149,5436421000001033894,School District of Lee County
zcrm_5436421000135225152,5436421000001033904,San Bernardino City Unified School District
zcrm_5436421000135200577,5436421000001033912,Thompson School District R2-J
zcrm_5436421000135204566,5436421000001033913,Lexington County School District One
zcrm_5436421000135202150,5436421000001034009,Frenship Independent School District
zcrm_5436421000135233032,5436421000001034362,Huntley Community School District 158
zcrm_5436421000135200960,5436421000001034382,Wylie Independent School District
zcrm_5436421000135215003,5436421000001034441,Denver Public Schools
zcrm_5436421000135213548,5436421000001034448,Bullitt County Public School District
zcrm_5436421000135231583,5436421000006329027,Osceola County School District
zcrm_5436421000135222625,5436421000006954297,Colorado Springs School District 11
zcrm_5436421000135202991,5436421000006956197,North Kansas City Schools
zcrm_5436421000135209646,5436421000006956340,Santa Rosa County Schools
zcrm_5436421000135214019,5436421000001033391,Hillsborough County Public School District
zcrm_5436421000135207440,5436421000001033446,Keller Independent School District
zcrm_5436421000135224059,5436421000001033468,Klein Independent School District
zcrm_5436421000135232133,5436421000001033894,School District of Lee County
zcrm_5436421000135225047,5436421000001033904,San Bernardino City Unified School District
zcrm_5436421000135200489,5436421000001033912,Thompson School District R2-J
zcrm_5436421000135203010,5436421000001033913,Lexington County School District One
zcrm_5436421000135202113,5436421000001034009,Frenship Independent School District
zcrm_5436421000135233020,5436421000001034362,Huntley Community School District 158
zcrm_5436421000135200950,5436421000001034382,Wylie Independent School District
zcrm_5436421000135213951,5436421000001034441,Denver Public Schools
zcrm_5436421000135231579,5436421000006329027,Osceola County School District
zcrm_5436421000135219160,5436421000006954297,Colorado Springs School District 11
zcrm_5436421000135201001,5436421000006956197,North Kansas City Schools
zcrm_5436421000135209569,5436421000006956340,Santa Rosa County Schools
zcrm_5436421000135213987,5436421000001033391,Hillsborough County Public School District
zcrm_5436421000135207438,5436421000001033446,Keller Independent School District
zcrm_5436421000135223452,5436421000001033468,Klein Independent School District
zcrm_5436421000135232072,5436421000001033894,School District of Lee County
zcrm_5436421000135225042,5436421000001033904,San Bernardino City Unified School District
zcrm_5436421000135200168,5436421000001033912,Thompson School District R2-J
zcrm_5436421000135202619,5436421000001033913,Lexington County School District One
zcrm_5436421000135202031,5436421000001034009,Frenship Independent School District
zcrm_5436421000135233012,5436421000001034362,Huntley Community School District 158
zcrm_5436421000135200650,5436421000001034382,Wylie Independent School District
zcrm_5436421000135213675,5436421000001034441,Denver Public Schools
zcrm_5436421000135231172,5436421000006329027,Osceola County School District
zcrm_5436421000135219120,5436421000006954297,Colorado Springs School District 11
zcrm_5436421000135200626,5436421000006956197,North Kansas City Schools
zcrm_5436421000135209447,5436421000006956340,Santa Rosa County Schools
zcrm_5436421000135213948,5436421000001033391,Hillsborough County Public School District
zcrm_5436421000135203951,5436421000001033446,Keller Independent School District
zcrm_5436421000135222557,5436421000001033468,Klein Independent School District
zcrm_5436421000135232061,5436421000001033894,School District of Lee County
zcrm_5436421000135224651,5436421000001033904,San Bernardino City Unified School District
zcrm_5436421000135057996,5436421000001033912,Thompson School District R2-J
zcrm_5436421000135201962,5436421000001034009,Frenship Independent School District
zcrm_5436421000135233011,5436421000001034362,Huntley Community School District 158
zcrm_5436421000135200611,5436421000001034382,Wylie Independent School District
zcrm_5436421000135211106,5436421000001034441,Denver Public Schools
zcrm_5436421000135231171,5436421000006329027,Osceola County School District
zcrm_5436421000135219093,5436421000006954297,Colorado Springs School District 11
zcrm_5436421000135209136,5436421000006956340,Santa Rosa County Schools
zcrm_5436421000135213942,5436421000001033391,Hillsborough County Public School District
zcrm_5436421000135203676,5436421000001033446,Keller Independent School District
zcrm_5436421000135222502,5436421000001033468,Klein Independent School District
zcrm_5436421000135232057,5436421000001033894,School District of Lee County
zcrm_5436421000135224467,5436421000001033904,San Bernardino City Unified School District
zcrm_5436421000135201586,5436421000001034009,Frenship Independent School District
zcrm_5436421000135232991,5436421000001034362,Huntley Community School District 158
zcrm_5436421000135200584,5436421000001034382,Wylie Independent School District
zcrm_5436421000135210037,5436421000001034441,Denver Public Schools
zcrm_5436421000135231170,5436421000006329027,Osceola County School District
zcrm_5436421000135219076,5436421000006954297,Colorado Springs School District 11
zcrm_5436421000135204183,5436421000006956340,Santa Rosa County Schools
zcrm_5436421000135213609,5436421000001033391,Hillsborough County Public School District
zcrm_5436421000135203634,5436421000001033446,Keller Independent School District
zcrm_5436421000135222468,5436421000001033468,Klein Independent School District
zcrm_5436421000135232002,5436421000001033894,School District of Lee County
zcrm_5436421000135224159,5436421000001033904,San Bernardino City Unified School District
zcrm_5436421000135201457,5436421000001034009,Frenship Independent School District
zcrm_5436421000135232988,5436421000001034362,Huntley Community School District 158
zcrm_5436421000135200492,5436421000001034382,Wylie Independent School District
zcrm_5436421000135207997,5436421000001034441,Denver Public Schools
zcrm_5436421000135231086,5436421000006329027,Osceola County School District
zcrm_5436421000135219070,5436421000006954297,Colorado Springs School District 11
zcrm_5436421000135210043,5436421000001033391,Hillsborough County Public School District
zcrm_5436421000135203612,5436421000001033446,Keller Independent School District
zcrm_5436421000135222154,5436421000001033468,Klein Independent School District
zcrm_5436421000135231681,5436421000001033894,School District of Lee County
zcrm_5436421000135224145,5436421000001033904,San Bernardino City Unified School District
zcrm_5436421000135201075,5436421000001034009,Frenship Independent School District
zcrm_5436421000135232984,5436421000001034362,Huntley Community School District 158
zcrm_5436421000135207993,5436421000001034441,Denver Public Schools
zcrm_5436421000135230455,5436421000006329027,Osceola County School District
zcrm_5436421000135219057,5436421000006954297,Colorado Springs School District 11
zcrm_5436421000135206659,5436421000001033391,Hillsborough County Public School District
zcrm_5436421000135203594,5436421000001033446,Keller Independent School District
zcrm_5436421000135222138,5436421000001033468,Klein Independent School District
zcrm_5436421000135231679,5436421000001033894,School District of Lee County
zcrm_5436421000135224143,5436421000001033904,San Bernardino City Unified School District
zcrm_5436421000135200979,5436421000001034009,Frenship Independent School District
zcrm_5436421000135232982,5436421000001034362,Huntley Community School District 158
zcrm_5436421000135205053,5436421000001034441,Denver Public Schools
zcrm_5436421000135230028,5436421000006329027,Osceola County School District
zcrm_5436421000135219046,5436421000006954297,Colorado Springs School District 11
zcrm_5436421000135202976,5436421000001033391,Hillsborough County Public School District
zcrm_5436421000135222136,5436421000001033468,Klein Independent School District
zcrm_5436421000135231636,5436421000001033894,School District of Lee County
zcrm_5436421000135224054,5436421000001033904,San Bernardino City Unified School District
zcrm_5436421000135200941,5436421000001034009,Frenship Independent School District
zcrm_5436421000135232981,5436421000001034362,Huntley Community School District 158
zcrm_5436421000135202056,5436421000001034441,Denver Public Schools
zcrm_5436421000135229945,5436421000006329027,Osceola County School District
zcrm_5436421000135218995,5436421000006954297,Colorado Springs School District 11
zcrm_5436421000135221961,5436421000001033468,Klein Independent School District
zcrm_5436421000135231633,5436421000001033894,School District of Lee County
zcrm_5436421000135224047,5436421000001033904,San Bernardino City Unified School District
zcrm_5436421000135231183,5436421000001034362,Huntley Community School District 158
zcrm_5436421000135201510,5436421000001034441,Denver Public Schools
zcrm_5436421000135229640,5436421000006329027,Osceola County School District
zcrm_5436421000135218959,5436421000006954297,Colorado Springs School District 11
zcrm_5436421000135221663,5436421000001033468,Klein Independent School District
zcrm_5436421000135231629,5436421000001033894,School District of Lee County
zcrm_5436421000135224020,5436421000001033904,San Bernardino City Unified School District
zcrm_5436421000135229472,5436421000001034362,Huntley Community School District 158
zcrm_5436421000135201123,5436421000001034441,Denver Public Schools
zcrm_5436421000135229638,5436421000006329027,Osceola County School District
zcrm_5436421000135218685,5436421000006954297,Colorado Springs School District 11
zcrm_5436421000135221639,5436421000001033468,Klein Independent School District
zcrm_5436421000135231628,5436421000001033894,School District of Lee County
zcrm_5436421000135224013,5436421000001033904,San Bernardino City Unified School District
zcrm_5436421000135228093,5436421000001034362,Huntley Community School District 158
zcrm_5436421000135201088,5436421000001034441,Denver Public Schools
zcrm_5436421000135229605,5436421000006329027,Osceola County School District
zcrm_5436421000135218674,5436421000006954297,Colorado Springs School District 11
zcrm_5436421000135221509,5436421000001033468,Klein Independent School District
zcrm_5436421000135231617,5436421000001033894,School District of Lee County
zcrm_5436421000135224010,5436421000001033904,San Bernardino City Unified School District
zcrm_5436421000135227581,5436421000001034362,Huntley Community School District 158
zcrm_5436421000135201071,5436421000001034441,Denver Public Schools
zcrm_5436421000135229596,5436421000006329027,Osceola County School District
zcrm_5436421000135218661,5436421000006954297,Colorado Springs School District 11
zcrm_5436421000135221100,5436421000001033468,Klein Independent School District
zcrm_5436421000135231612,5436421000001033894,School District of Lee County
zcrm_5436421000135223670,5436421000001033904,San Bernardino City Unified School District
zcrm_5436421000135227481,5436421000001034362,Huntley Community School District 158
zcrm_5436421000135201049,5436421000001034441,Denver Public Schools
zcrm_5436421000135229439,5436421000006329027,Osceola County School District
zcrm_5436421000135215601,5436421000006954297,Colorado Springs School District 11
zcrm_5436421000135221011,5436421000001033468,Klein Independent School District
zcrm_5436421000135231603,5436421000001033894,School District of Lee County
zcrm_5436421000135223438,5436421000001033904,San Bernardino City Unified School District
zcrm_5436421000135226065,5436421000001034362,Huntley Community School District 158
zcrm_5436421000135201032,5436421000001034441,Denver Public Schools
zcrm_5436421000135229180,5436421000006329027,Osceola County School District
zcrm_5436421000135211609,5436421000006954297,Colorado Springs School District 11
zcrm_5436421000135220989,5436421000001033468,Klein Independent School District
zcrm_5436421000135231585,5436421000001033894,School District of Lee County
zcrm_5436421000135223137,5436421000001033904,San Bernardino City Unified School District
zcrm_5436421000135225506,5436421000001034362,Huntley Community School District 158
zcrm_5436421000135201012,5436421000001034441,Denver Public Schools
zcrm_5436421000135229155,5436421000006329027,Osceola County School District
zcrm_5436421000135211553,5436421000006954297,Colorado Springs School District 11
zcrm_5436421000135214452,5436421000001033468,Klein Independent School District
zcrm_5436421000135231547,5436421000001033894,School District of Lee County
zcrm_5436421000135223123,5436421000001033904,San Bernardino City Unified School District
zcrm_5436421000135224630,5436421000001034362,Huntley Community School District 158
zcrm_5436421000135200998,5436421000001034441,Denver Public Schools
zcrm_5436421000135229151,5436421000006329027,Osceola County School District
zcrm_5436421000135211541,5436421000006954297,Colorado Springs School District 11
zcrm_5436421000135210518,5436421000001033468,Klein Independent School District
zcrm_5436421000135231513,5436421000001033894,School District of Lee County
zcrm_5436421000135222580,5436421000001033904,San Bernardino City Unified School District
zcrm_5436421000135222112,5436421000001034362,Huntley Community School District 158
zcrm_5436421000135200996,5436421000001034441,Denver Public Schools
zcrm_5436421000135229144,5436421000006329027,Osceola County School District
zcrm_5436421000135211528,5436421000006954297,Colorado Springs School District 11
zcrm_5436421000135208979,5436421000001033468,Klein Independent School District
zcrm_5436421000135231499,5436421000001033894,School District of Lee County
zcrm_5436421000135222577,5436421000001033904,San Bernardino City Unified School District
zcrm_5436421000135221492,5436421000001034362,Huntley Community School District 158
zcrm_5436421000135200995,5436421000001034441,Denver Public Schools
zcrm_5436421000135229110,5436421000006329027,Osceola County School District
zcrm_5436421000135211504,5436421000006954297,Colorado Springs School District 11
zcrm_5436421000135207122,5436421000001033468,Klein Independent School District
zcrm_5436421000135231496,5436421000001033894,School District of Lee County
zcrm_5436421000135222481,5436421000001033904,San Bernardino City Unified School District
zcrm_5436421000135221099,5436421000001034362,Huntley Community School District 158
zcrm_5436421000135200961,5436421000001034441,Denver Public Schools
zcrm_5436421000135228457,5436421000006329027,Osceola County School District
zcrm_5436421000135211481,5436421000006954297,Colorado Springs School District 11
zcrm_5436421000135206608,5436421000001033468,Klein Independent School District
zcrm_5436421000135231458,5436421000001033894,School District of Lee County
zcrm_5436421000135222005,5436421000001033904,San Bernardino City Unified School District
zcrm_5436421000135220941,5436421000001034362,Huntley Community School District 158
zcrm_5436421000135200667,5436421000001034441,Denver Public Schools
zcrm_5436421000135228113,5436421000006329027,Osceola County School District
zcrm_5436421000135207968,5436421000006954297,Colorado Springs School District 11
zcrm_5436421000135205639,5436421000001033468,Klein Independent School District
zcrm_5436421000135231174,5436421000001033894,School District of Lee County
zcrm_5436421000135221616,5436421000001033904,San Bernardino City Unified School District
zcrm_5436421000135220676,5436421000001034362,Huntley Community School District 158
zcrm_5436421000135200602,5436421000001034441,Denver Public Schools
zcrm_5436421000135228049,5436421000006329027,Osceola County School District
zcrm_5436421000135207967,5436421000006954297,Colorado Springs School District 11
zcrm_5436421000135205535,5436421000001033468,Klein Independent School District
zcrm_5436421000135231151,5436421000001033894,School District of Lee County
zcrm_5436421000135221615,5436421000001033904,San Bernardino City Unified School District
zcrm_5436421000135219965,5436421000001034362,Huntley Community School District 158
zcrm_5436421000135200576,5436421000001034441,Denver Public Schools
zcrm_5436421000135227982,5436421000006329027,Osceola County School District
zcrm_5436421000135207957,5436421000006954297,Colorado Springs School District 11
zcrm_5436421000135205476,5436421000001033468,Klein Independent School District
zcrm_5436421000135231139,5436421000001033894,School District of Lee County
zcrm_5436421000135221614,5436421000001033904,San Bernardino City Unified School District
zcrm_5436421000135219636,5436421000001034362,Huntley Community School District 158
zcrm_5436421000135200545,5436421000001034441,Denver Public Schools
zcrm_5436421000135227659,5436421000006329027,Osceola County School District
zcrm_5436421000135207955,5436421000006954297,Colorado Springs School District 11
zcrm_5436421000135205058,5436421000001033468,Klein Independent School District
zcrm_5436421000135231111,5436421000001033894,School District of Lee County
zcrm_5436421000135221561,5436421000001033904,San Bernardino City Unified School District
zcrm_5436421000135219528,5436421000001034362,Huntley Community School District 158
zcrm_5436421000135200515,5436421000001034441,Denver Public Schools
zcrm_5436421000135227133,5436421000006329027,Osceola County School District
zcrm_5436421000135207951,5436421000006954297,Colorado Springs School District 11
zcrm_5436421000135204953,5436421000001033468,Klein Independent School District
zcrm_5436421000135231100,5436421000001033894,School District of Lee County
zcrm_5436421000135221530,5436421000001033904,San Bernardino City Unified School District
zcrm_5436421000135218564,5436421000001034362,Huntley Community School District 158
zcrm_5436421000135200498,5436421000001034441,Denver Public Schools
zcrm_5436421000135226544,5436421000006329027,Osceola County School District
zcrm_5436421000135207950,5436421000006954297,Colorado Springs School District 11
zcrm_5436421000135204001,5436421000001033468,Klein Independent School District
zcrm_5436421000135231078,5436421000001033894,School District of Lee County
zcrm_5436421000135221132,5436421000001033904,San Bernardino City Unified School District
zcrm_5436421000135217624,5436421000001034362,Huntley Community School District 158
zcrm_5436421000135200495,5436421000001034441,Denver Public Schools
zcrm_5436421000135226445,5436421000006329027,Osceola County School District
zcrm_5436421000135207686,5436421000006954297,Colorado Springs School District 11
zcrm_5436421000135203116,5436421000001033468,Klein Independent School District
zcrm_5436421000135231076,5436421000001033894,School District of Lee County
zcrm_5436421000135221103,5436421000001033904,San Bernardino City Unified School District
zcrm_5436421000135217134,5436421000001034362,Huntley Community School District 158
zcrm_5436421000135200476,5436421000001034441,Denver Public Schools
zcrm_5436421000135226139,5436421000006329027,Osceola County School District
zcrm_5436421000135207678,5436421000006954297,Colorado Springs School District 11
zcrm_5436421000135202636,5436421000001033468,Klein Independent School District
zcrm_5436421000135231074,5436421000001033894,School District of Lee County
zcrm_5436421000135221089,5436421000001033904,San Bernardino City Unified School District
zcrm_5436421000135215035,5436421000001034362,Huntley Community School District 158
zcrm_5436421000135200165,5436421000001034441,Denver Public Schools
zcrm_5436421000135226121,5436421000006329027,Osceola County School District
zcrm_5436421000135207677,5436421000006954297,Colorado Springs School District 11
zcrm_5436421000135202626,5436421000001033468,Klein Independent School District
zcrm_5436421000135231072,5436421000001033894,School District of Lee County
zcrm_5436421000135221054,5436421000001033904,San Bernardino City Unified School District
zcrm_5436421000135214053,5436421000001034362,Huntley Community School District 158
zcrm_5436421000135200066,5436421000001034441,Denver Public Schools
zcrm_5436421000135226016,5436421000006329027,Osceola County School District
zcrm_5436421000135207675,5436421000006954297,Colorado Springs School District 11
zcrm_5436421000135202488,5436421000001033468,Klein Independent School District
zcrm_5436421000135231064,5436421000001033894,School District of Lee County
zcrm_5436421000135221046,5436421000001033904,San Bernardino City Unified School District
zcrm_5436421000135213985,5436421000001034362,Huntley Community School District 158
zcrm_5436421000135200052,5436421000001034441,Denver Public Schools
zcrm_5436421000135225559,5436421000006329027,Osceola County School District
zcrm_5436421000135207649,5436421000006954297,Colorado Springs School District 11
zcrm_5436421000135202164,5436421000001033468,Klein Independent School District
zcrm_5436421000135230523,5436421000001033894,School District of Lee County
zcrm_5436421000135220648,5436421000001033904,San Bernardino City Unified School District
zcrm_5436421000135213958,5436421000001034362,Huntley Community School District 158
zcrm_5436421000135200012,5436421000001034441,Denver Public Schools
zcrm_5436421000135225532,5436421000006329027,Osceola County School District
zcrm_5436421000135207646,5436421000006954297,Colorado Springs School District 11
zcrm_5436421000135202119,5436421000001033468,Klein Independent School District
zcrm_5436421000135230522,5436421000001033894,School District of Lee County
zcrm_5436421000135220114,5436421000001033904,San Bernardino City Unified School District
zcrm_5436421000135213956,5436421000001034362,Huntley Community School District 158
zcrm_5436421000135200005,5436421000001034441,Denver Public Schools
zcrm_5436421000135225519,5436421000006329027,Osceola County School District
zcrm_5436421000135207637,5436421000006954297,Colorado Springs School District 11
zcrm_5436421000135201941,5436421000001033468,Klein Independent School District
zcrm_5436421000135230517,5436421000001033894,School District of Lee County
zcrm_5436421000135220113,5436421000001033904,San Bernardino City Unified School District
zcrm_5436421000135213637,5436421000001034362,Huntley Community School District 158
zcrm_5436421000135058000,5436421000001034441,Denver Public Schools
zcrm_5436421000135225450,5436421000006329027,Osceola County School District
zcrm_5436421000135207626,5436421000006954297,Colorado Springs School District 11
zcrm_5436421000135201675,5436421000001033468,Klein Independent School District
zcrm_5436421000135230473,5436421000001033894,School District of Lee County
zcrm_5436421000135219958,5436421000001033904,San Bernardino City Unified School District
zcrm_5436421000135213627,5436421000001034362,Huntley Community School District 158
zcrm_5436421000135225151,5436421000006329027,Osceola County School District
zcrm_5436421000135207623,5436421000006954297,Colorado Springs School District 11
zcrm_5436421000135201642,5436421000001033468,Klein Independent School District
zcrm_5436421000135230471,5436421000001033894,School District of Lee County
zcrm_5436421000135216091,5436421000001033904,San Bernardino City Unified School District
zcrm_5436421000135209020,5436421000001034362,Huntley Community School District 158
zcrm_5436421000135225129,5436421000006329027,Osceola County School District
zcrm_5436421000135207619,5436421000006954297,Colorado Springs School District 11
zcrm_5436421000135201607,5436421000001033468,Klein Independent School District
zcrm_5436421000135230467,5436421000001033894,School District of Lee County
zcrm_5436421000135208077,5436421000001033904,San Bernardino City Unified School District
zcrm_5436421000135225100,5436421000006329027,Osceola County School District
zcrm_5436421000135207617,5436421000006954297,Colorado Springs School District 11
zcrm_5436421000135201558,5436421000001033468,Klein Independent School District
zcrm_5436421000135230466,5436421000001033894,School District of Lee County
zcrm_5436421000135206639,5436421000001033904,San Bernardino City Unified School District
zcrm_5436421000135224973,5436421000006329027,Osceola County School District
zcrm_5436421000135207615,5436421000006954297,Colorado Springs School District 11
zcrm_5436421000135201556,5436421000001033468,Klein Independent School District
zcrm_5436421000135230465,5436421000001033894,School District of Lee County
zcrm_5436421000135205542,5436421000001033904,San Bernardino City Unified School District
zcrm_5436421000135224968,5436421000006329027,Osceola County School District
zcrm_5436421000135207608,5436421000006954297,Colorado Springs School District 11
zcrm_5436421000135201555,5436421000001033468,Klein Independent School District
zcrm_5436421000135230173,5436421000001033894,School District of Lee County
zcrm_5436421000135205459,5436421000001033904,San Bernardino City Unified School District
zcrm_5436421000135224556,5436421000006329027,Osceola County School District
zcrm_5436421000135207603,5436421000006954297,Colorado Springs School District 11
zcrm_5436421000135201538,5436421000001033468,Klein Independent School District
zcrm_5436421000135230169,5436421000001033894,School District of Lee County
zcrm_5436421000135224531,5436421000006329027,Osceola County School District
zcrm_5436421000135207592,5436421000006954297,Colorado Springs School District 11
zcrm_5436421000135201474,5436421000001033468,Klein Independent School District
zcrm_5436421000135230164,5436421000001033894,School District of Lee County
zcrm_5436421000135224517,5436421000006329027,Osceola County School District
zcrm_5436421000135207589,5436421000006954297,Colorado Springs School District 11
zcrm_5436421000135201170,5436421000001033468,Klein Independent School District
zcrm_5436421000135230161,5436421000001033894,School District of Lee County
zcrm_5436421000135224510,5436421000006329027,Osceola County School District
zcrm_5436421000135207568,5436421000006954297,Colorado Springs School District 11
zcrm_5436421000135201163,5436421000001033468,Klein Independent School District
zcrm_5436421000135230155,5436421000001033894,School District of Lee County
zcrm_5436421000135224473,5436421000006329027,Osceola County School District
zcrm_5436421000135207566,5436421000006954297,Colorado Springs School District 11
zcrm_5436421000135201117,5436421000001033468,Klein Independent School District
zcrm_5436421000135230154,5436421000001033894,School District of Lee County
zcrm_5436421000135224034,5436421000006329027,Osceola County School District
zcrm_5436421000135207538,5436421000006954297,Colorado Springs School District 11
zcrm_5436421000135201025,5436421000001033468,Klein Independent School District
zcrm_5436421000135230152,5436421000001033894,School District of Lee County
zcrm_5436421000135224011,5436421000006329027,Osceola County School District
zcrm_5436421000135207537,5436421000006954297,Colorado Springs School District 11
zcrm_5436421000135201015,5436421000001033468,Klein Independent School District
zcrm_5436421000135230151,5436421000001033894,School District of Lee County
zcrm_5436421000135223575,5436421000006329027,Osceola County School District
zcrm_5436421000135207536,5436421000006954297,Colorado Springs School District 11
zcrm_5436421000135201013,5436421000001033468,Klein Independent School District
zcrm_5436421000135230112,5436421000001033894,School District of Lee County
zcrm_5436421000135223112,5436421000006329027,Osceola County School District
zcrm_5436421000135207533,5436421000006954297,Colorado Springs School District 11
zcrm_5436421000135201007,5436421000001033468,Klein Independent School District
zcrm_5436421000135230108,5436421000001033894,School District of Lee County
zcrm_5436421000135222605,5436421000006329027,Osceola County School District
zcrm_5436421000135207531,5436421000006954297,Colorado Springs School District 11
zcrm_5436421000135200993,5436421000001033468,Klein Independent School District
zcrm_5436421000135230089,5436421000001033894,School District of Lee County
zcrm_5436421000135222465,5436421000006329027,Osceola County School District
zcrm_5436421000135207530,5436421000006954297,Colorado Springs School District 11
zcrm_5436421000135200952,5436421000001033468,Klein Independent School District
zcrm_5436421000135230087,5436421000001033894,School District of Lee County
zcrm_5436421000135222167,5436421000006329027,Osceola County School District
zcrm_5436421000135207526,5436421000006954297,Colorado Springs School District 11
zcrm_5436421000135200938,5436421000001033468,Klein Independent School District
zcrm_5436421000135230064,5436421000001033894,School District of Lee County
zcrm_5436421000135221949,5436421000006329027,Osceola County School District
zcrm_5436421000135207522,5436421000006954297,Colorado Springs School District 11
zcrm_5436421000135200621,5436421000001033468,Klein Independent School District
zcrm_5436421000135230036,5436421000001033894,School District of Lee County
zcrm_5436421000135221611,5436421000006329027,Osceola County School District
zcrm_5436421000135207505,5436421000006954297,Colorado Springs School District 11
zcrm_5436421000135200588,5436421000001033468,Klein Independent School District
zcrm_5436421000135230030,5436421000001033894,School District of Lee County
zcrm_5436421000135221557,5436421000006329027,Osceola County School District
zcrm_5436421000135207490,5436421000006954297,Colorado Springs School District 11
zcrm_5436421000135200572,5436421000001033468,Klein Independent School District
zcrm_5436421000135230029,5436421000001033894,School District of Lee County
zcrm_5436421000135221550,5436421000006329027,Osceola County School District
zcrm_5436421000135207487,5436421000006954297,Colorado Springs School District 11
zcrm_5436421000135200536,5436421000001033468,Klein Independent School District
zcrm_5436421000135229983,5436421000001033894,School District of Lee County
zcrm_5436421000135221006,5436421000006329027,Osceola County School District
zcrm_5436421000135207486,5436421000006954297,Colorado Springs School District 11
zcrm_5436421000135200519,5436421000001033468,Klein Independent School District
zcrm_5436421000135229967,5436421000001033894,School District of Lee County
zcrm_5436421000135219592,5436421000006329027,Osceola County School District
zcrm_5436421000135207485,5436421000006954297,Colorado Springs School District 11
zcrm_5436421000135200516,5436421000001033468,Klein Independent School District
zcrm_5436421000135229952,5436421000001033894,School District of Lee County
zcrm_5436421000135216482,5436421000006329027,Osceola County School District
zcrm_5436421000135207448,5436421000006954297,Colorado Springs School District 11
zcrm_5436421000135200513,5436421000001033468,Klein Independent School District
zcrm_5436421000135229950,5436421000001033894,School District of Lee County
zcrm_5436421000135214586,5436421000006329027,Osceola County School District
zcrm_5436421000135207184,5436421000006954297,Colorado Springs School District 11
zcrm_5436421000135200486,5436421000001033468,Klein Independent School District
zcrm_5436421000135229946,5436421000001033894,School District of Lee County
zcrm_5436421000135214027,5436421000006329027,Osceola County School District
zcrm_5436421000135207183,5436421000006954297,Colorado Springs School District 11
zcrm_5436421000135200479,5436421000001033468,Klein Independent School District
zcrm_5436421000135229677,5436421000001033894,School District of Lee County
zcrm_5436421000135210154,5436421000006329027,Osceola County School District
zcrm_5436421000135207182,5436421000006954297,Colorado Springs School District 11
zcrm_5436421000135200473,5436421000001033468,Klein Independent School District
zcrm_5436421000135229662,5436421000001033894,School District of Lee County
zcrm_5436421000135208446,5436421000006329027,Osceola County School District
zcrm_5436421000135207180,5436421000006954297,Colorado Springs School District 11
zcrm_5436421000135200472,5436421000001033468,Klein Independent School District
zcrm_5436421000135229620,5436421000001033894,School District of Lee County
zcrm_5436421000135206135,5436421000006329027,Osceola County School District
zcrm_5436421000135207179,5436421000006954297,Colorado Springs School District 11
zcrm_5436421000135200176,5436421000001033468,Klein Independent School District
zcrm_5436421000135229613,5436421000001033894,School District of Lee County
zcrm_5436421000135205052,5436421000006329027,Osceola County School District
zcrm_5436421000135207174,5436421000006954297,Colorado Springs School District 11
zcrm_5436421000135200149,5436421000001033468,Klein Independent School District
zcrm_5436421000135229612,5436421000001033894,School District of Lee County
zcrm_5436421000135204531,5436421000006329027,Osceola County School District
zcrm_5436421000135207158,5436421000006954297,Colorado Springs School District 11
zcrm_5436421000135200136,5436421000001033468,Klein Independent School District
zcrm_5436421000135229595,5436421000001033894,School District of Lee County
zcrm_5436421000135203969,5436421000006329027,Osceola County School District
zcrm_5436421000135207157,5436421000006954297,Colorado Springs School District 11
zcrm_5436421000135200048,5436421000001033468,Klein Independent School District
zcrm_5436421000135229565,5436421000001033894,School District of Lee County
zcrm_5436421000135203051,5436421000006329027,Osceola County School District
zcrm_5436421000135203949,5436421000006954297,Colorado Springs School District 11
zcrm_5436421000135200038,5436421000001033468,Klein Independent School District
zcrm_5436421000135229564,5436421000001033894,School District of Lee County
zcrm_5436421000135200957,5436421000006329027,Osceola County School District
zcrm_5436421000135203946,5436421000006954297,Colorado Springs School District 11
zcrm_5436421000135057974,5436421000001033468,Klein Independent School District
zcrm_5436421000135229562,5436421000001033894,School District of Lee County
zcrm_5436421000135203944,5436421000006954297,Colorado Springs School District 11
zcrm_5436421000135229559,5436421000001033894,School District of Lee County
zcrm_5436421000135203681,5436421000006954297,Colorado Springs School District 11
zcrm_5436421000135229555,5436421000001033894,School District of Lee County
zcrm_5436421000135203671,5436421000006954297,Colorado Springs School District 11
zcrm_5436421000135229554,5436421000001033894,School District of Lee County
zcrm_5436421000135203667,5436421000006954297,Colorado Springs School District 11
zcrm_5436421000135229553,5436421000001033894,School District of Lee County
zcrm_5436421000135203666,5436421000006954297,Colorado Springs School District 11
zcrm_5436421000135229552,5436421000001033894,School District of Lee County
zcrm_5436421000135203659,5436421000006954297,Colorado Springs School District 11
zcrm_5436421000135229548,5436421000001033894,School District of Lee County
zcrm_5436421000135203657,5436421000006954297,Colorado Springs School District 11
zcrm_5436421000135229547,5436421000001033894,School District of Lee County
zcrm_5436421000135203655,5436421000006954297,Colorado Springs School District 11
zcrm_5436421000135229542,5436421000001033894,School District of Lee County
zcrm_5436421000135203645,5436421000006954297,Colorado Springs School District 11
zcrm_5436421000135229534,5436421000001033894,School District of Lee County
zcrm_5436421000135203643,5436421000006954297,Colorado Springs School District 11
zcrm_5436421000135229504,5436421000001033894,School District of Lee County
zcrm_5436421000135203642,5436421000006954297,Colorado Springs School District 11
zcrm_5436421000135229496,5436421000001033894,School District of Lee County
zcrm_5436421000135203641,5436421000006954297,Colorado Springs School District 11
zcrm_5436421000135229142,5436421000001033894,School District of Lee County
zcrm_5436421000135203640,5436421000006954297,Colorado Springs School District 11
zcrm_5436421000135229124,5436421000001033894,School District of Lee County
zcrm_5436421000135203637,5436421000006954297,Colorado Springs School District 11
zcrm_5436421000135229113,5436421000001033894,School District of Lee County
zcrm_5436421000135203628,5436421000006954297,Colorado Springs School District 11
zcrm_5436421000135229111,5436421000001033894,School District of Lee County
zcrm_5436421000135203626,5436421000006954297,Colorado Springs School District 11
zcrm_5436421000135229106,5436421000001033894,School District of Lee County
zcrm_5436421000135203625,5436421000006954297,Colorado Springs School District 11
zcrm_5436421000135229086,5436421000001033894,School District of Lee County
zcrm_5436421000135203611,5436421000006954297,Colorado Springs School District 11
zcrm_5436421000135229084,5436421000001033894,School District of Lee County
zcrm_5436421000135203608,5436421000006954297,Colorado Springs School District 11
zcrm_5436421000135229083,5436421000001033894,School District of Lee County
zcrm_5436421000135203600,5436421000006954297,Colorado Springs School District 11
zcrm_5436421000135228996,5436421000001033894,School District of Lee County
zcrm_5436421000135203599,5436421000006954297,Colorado Springs School District 11
zcrm_5436421000135228950,5436421000001033894,School District of Lee County
zcrm_5436421000135203580,5436421000006954297,Colorado Springs School District 11
zcrm_5436421000135228486,5436421000001033894,School District of Lee County
zcrm_5436421000135203537,5436421000006954297,Colorado Springs School District 11
zcrm_5436421000135228080,5436421000001033894,School District of Lee County
zcrm_5436421000135203534,5436421000006954297,Colorado Springs School District 11
zcrm_5436421000135228073,5436421000001033894,School District of Lee County
zcrm_5436421000135203505,5436421000006954297,Colorado Springs School District 11
zcrm_5436421000135228067,5436421000001033894,School District of Lee County
zcrm_5436421000135203498,5436421000006954297,Colorado Springs School District 11
zcrm_5436421000135228045,5436421000001033894,School District of Lee County
zcrm_5436421000135203167,5436421000006954297,Colorado Springs School District 11
zcrm_5436421000135227661,5436421000001033894,School District of Lee County
zcrm_5436421000135203164,5436421000006954297,Colorado Springs School District 11
zcrm_5436421000135227500,5436421000001033894,School District of Lee County
zcrm_5436421000135227499,5436421000001033894,School District of Lee County
zcrm_5436421000135227167,5436421000001033894,School District of Lee County
zcrm_5436421000135227085,5436421000001033894,School District of Lee County
zcrm_5436421000135226617,5436421000001033894,School District of Lee County
zcrm_5436421000135226580,5436421000001033894,School District of Lee County
zcrm_5436421000135226463,5436421000001033894,School District of Lee County
zcrm_5436421000135226460,5436421000001033894,School District of Lee County
zcrm_5436421000135226457,5436421000001033894,School District of Lee County
zcrm_5436421000135226137,5436421000001033894,School District of Lee County
zcrm_5436421000135226111,5436421000001033894,School District of Lee County
zcrm_5436421000135226033,5436421000001033894,School District of Lee County
zcrm_5436421000135226019,5436421000001033894,School District of Lee County
zcrm_5436421000135225954,5436421000001033894,School District of Lee County
zcrm_5436421000135225684,5436421000001033894,School District of Lee County
zcrm_5436421000135225678,5436421000001033894,School District of Lee County
zcrm_5436421000135225530,5436421000001033894,School District of Lee County
zcrm_5436421000135225517,5436421000001033894,School District of Lee County
zcrm_5436421000135225130,5436421000001033894,School District of Lee County
zcrm_5436421000135225051,5436421000001033894,School District of Lee County
zcrm_5436421000135224658,5436421000001033894,School District of Lee County
zcrm_5436421000135224657,5436421000001033894,School District of Lee County
zcrm_5436421000135224550,5436421000001033894,School District of Lee County
zcrm_5436421000135224497,5436421000001033894,School District of Lee County
zcrm_5436421000135224165,5436421000001033894,School District of Lee County
zcrm_5436421000135224158,5436421000001033894,School District of Lee County
zcrm_5436421000135224051,5436421000001033894,School District of Lee County
zcrm_5436421000135224030,5436421000001033894,School District of Lee County
zcrm_5436421000135224028,5436421000001033894,School District of Lee County
zcrm_5436421000135224027,5436421000001033894,School District of Lee County
zcrm_5436421000135223944,5436421000001033894,School District of Lee County
zcrm_5436421000135223582,5436421000001033894,School District of Lee County
zcrm_5436421000135223459,5436421000001033894,School District of Lee County
zcrm_5436421000135223457,5436421000001033894,School District of Lee County
zcrm_5436421000135223125,5436421000001033894,School District of Lee County
zcrm_5436421000135222512,5436421000001033894,School District of Lee County
zcrm_5436421000135222486,5436421000001033894,School District of Lee County
zcrm_5436421000135222483,5436421000001033894,School District of Lee County
zcrm_5436421000135222457,5436421000001033894,School District of Lee County
zcrm_5436421000135222451,5436421000001033894,School District of Lee County
zcrm_5436421000135222054,5436421000001033894,School District of Lee County
zcrm_5436421000135222050,5436421000001033894,School District of Lee County
zcrm_5436421000135222029,5436421000001033894,School District of Lee County
zcrm_5436421000135222014,5436421000001033894,School District of Lee County
zcrm_5436421000135221942,5436421000001033894,School District of Lee County
zcrm_5436421000135221617,5436421000001033894,School District of Lee County
zcrm_5436421000135221607,5436421000001033894,School District of Lee County
zcrm_5436421000135221187,5436421000001033894,School District of Lee County
zcrm_5436421000135221177,5436421000001033894,School District of Lee County
zcrm_5436421000135221141,5436421000001033894,School District of Lee County
zcrm_5436421000135221097,5436421000001033894,School District of Lee County
zcrm_5436421000135221094,5436421000001033894,School District of Lee County
zcrm_5436421000135221061,5436421000001033894,School District of Lee County
zcrm_5436421000135221049,5436421000001033894,School District of Lee County
zcrm_5436421000135220544,5436421000001033894,School District of Lee County
zcrm_5436421000135220491,5436421000001033894,School District of Lee County
zcrm_5436421000135220139,5436421000001033894,School District of Lee County
zcrm_5436421000135213989,5436421000001033894,School District of Lee County
zcrm_5436421000135210161,5436421000001033894,School District of Lee County
zcrm_5436421000135209497,5436421000001033894,School District of Lee County
zcrm_5436421000135207047,5436421000001033894,School District of Lee County
zcrm_5436421000135206454,5436421000001033894,School District of Lee County
zcrm_5436421000135205618,5436421000001033894,School District of Lee County
zcrm_5436421000135203093,5436421000001033894,School District of Lee County
zcrm_5436421000135202093,5436421000001033894,School District of Lee County
zcrm_5436421000135202073,5436421000001033894,School District of Lee County
zcrm_5436421000135201655,5436421000001033894,School District of Lee County
zcrm_5436421000135201460,5436421000001033894,School District of Lee County
zcrm_5436421000135201176,5436421000001033894,School District of Lee County
zcrm_5436421000135200671,5436421000001033894,School District of Lee County
zcrm_5436421000135200065,5436421000001033894,School District of Lee County
zcrm_5436421000135204596,5436421000007631276,Bethel Local Schools
zcrm_5436421000135207006,5436421000007631289,Dayton Public Schools
zcrm_5436421000135230040,5436421000007631306,Kenton County School District
zcrm_5436421000135230958,5436421000007631584,North Olmsted City Schools
zcrm_5436421000135217073,5436421000008146238,Sweetwater Union High School District
zcrm_5436421000135230134,5436421000008146376,Cajon Valley Union School District
zcrm_5436421000135218993,5436421000008292163,Escambia County Public Schools
zcrm_5436421000135213140,5436421000008305148,Strasburg-Franklin Local School District
zcrm_5436421000135234503,5436421000011489001,J. Sterling Morton High School District 201
zcrm_5436421000135216555,5436421000016603009,Steamboat Springs School District RE-2
zcrm_5436421000135201105,5436421000017565385,Edinburg Consolidated Independent School District
zcrm_5436421000135203633,5436421000019977315,Glenpool Public School District
zcrm_5436421000135206629,5436421000020393094,Upper Arlington School District
zcrm_5436421000135201975,5436421000020393098,Fairfield City Schools
zcrm_5436421000135203049,5436421000020393103,Cleveland Metropolitan School District
zcrm_5436421000135206586,5436421000020933117,Celina Independent School District
zcrm_5436421000135210649,5436421000021681057,Greenville Independent School District TX
zcrm_5436421000135223519,5436421000023865011,Cherokee County School District
zcrm_5436421000135221009,5436421000024182277,Wichita Falls Independent School District
zcrm_5436421000135201095,5436421000035560694,Englewood City School District
zcrm_5436421000135228657,5436421000036291006,Allen Independent School District
zcrm_5436421000135211127,5436421000036291133,Dallas Independent School District
zcrm_5436421000135209942,5436421000036291175,Sam Rayburn Independent School District
zcrm_5436421000135228125,5436421000037406125,Nassau County School District
zcrm_5436421000135227105,5436421000037534031,Ventura Unified School District
zcrm_5436421000135210558,5436421000039176338,Alachua County Public School District
zcrm_5436421000135210181,5436421000044969058,Taos Municipal School District
zcrm_5436421000135208686,5436421000045491403,Gaston County School District
zcrm_5436421000135207509,5436421000045491407,Colton Joint Unified School District
zcrm_5436421000135207023,5436421000045579120,Upper St Clair School District
zcrm_5436421000135206497,5436421000045662001,Irving Independent School District
zcrm_5436421000135229186,5436421000045972057,Davison Community School District
zcrm_5436421000135219579,5436421000046028024,Fort Bend Independent School District
zcrm_5436421000135211621,5436421000047728165,Paterson City School District
zcrm_5436421000135234684,5436421000047728173,Clifton City School District
zcrm_5436421000135206607,5436421000047728180,Vineland City School District
zcrm_5436421000135211052,5436421000047728185,Perth Amboy City School District
zcrm_5436421000135201126,5436421000047728186,New Brunswick City School District
zcrm_5436421000135212166,5436421000047728190,Howell Township School District
zcrm_5436421000135203606,5436421000047728209,Belleville Town School District
zcrm_5436421000135226599,5436421000047728302,Elmwood Park Borough School District
zcrm_5436421000135214068,5436421000047728308,Clark Township School District
zcrm_5436421000135201481,5436421000047728347,Manville Borough School District
zcrm_5436421000135224570,5436421000047728376,Gloucester City School District
zcrm_5436421000135215537,5436421000047891026,Northern Burlington Regional School District
zcrm_5436421000135219034,5436421000047891139,Delaware Valley Regional School District
zcrm_5436421000135218557,5436421000047891148,Clementon Borough School District
zcrm_5436421000135206676,5436421000007631289,Dayton Public Schools
zcrm_5436421000135229597,5436421000007631306,Kenton County School District
zcrm_5436421000135215455,5436421000007631584,North Olmsted City Schools
zcrm_5436421000135210039,5436421000008146238,Sweetwater Union High School District
zcrm_5436421000135229492,5436421000008146376,Cajon Valley Union School District
zcrm_5436421000135215504,5436421000008292163,Escambia County Public Schools
zcrm_5436421000135234485,5436421000011489001,J. Sterling Morton High School District 201
zcrm_5436421000135206553,5436421000020393094,Upper Arlington School District
zcrm_5436421000135201502,5436421000020393103,Cleveland Metropolitan School District
zcrm_5436421000135205450,5436421000020933117,Celina Independent School District
zcrm_5436421000135207009,5436421000021681057,Greenville Independent School District TX
zcrm_5436421000135221556,5436421000023865011,Cherokee County School District
zcrm_5436421000135209022,5436421000024182277,Wichita Falls Independent School District
zcrm_5436421000135201014,5436421000035560694,Englewood City School District
zcrm_5436421000135228607,5436421000036291006,Allen Independent School District
zcrm_5436421000135211075,5436421000036291133,Dallas Independent School District
zcrm_5436421000135228098,5436421000037406125,Nassau County School District
zcrm_5436421000135226548,5436421000037534031,Ventura Unified School District
zcrm_5436421000135204563,5436421000039176338,Alachua County Public School District
zcrm_5436421000135203597,5436421000045491407,Colton Joint Unified School District
zcrm_5436421000135206024,5436421000045579120,Upper St Clair School District
zcrm_5436421000135205671,5436421000045662001,Irving Independent School District
zcrm_5436421000135219665,5436421000045972057,Davison Community School District
zcrm_5436421000135216526,5436421000046028024,Fort Bend Independent School District
zcrm_5436421000135207107,5436421000047728185,Perth Amboy City School District
zcrm_5436421000135210144,5436421000047728190,Howell Township School District
zcrm_5436421000135204559,5436421000047728207,Morris Township School District
zcrm_5436421000135224963,5436421000047728302,Elmwood Park Borough School District
zcrm_5436421000135215173,5436421000047728304,Madison Borough School District
zcrm_5436421000135201152,5436421000047728347,Manville Borough School District
zcrm_5436421000135220685,5436421000047728376,Gloucester City School District
zcrm_5436421000135211584,5436421000047891133,Passaic County Manchester Regional School District
zcrm_5436421000135219006,5436421000047891139,Delaware Valley Regional School District
zcrm_5436421000135206575,5436421000007631289,Dayton Public Schools
zcrm_5436421000135229524,5436421000007631306,Kenton County School District
zcrm_5436421000135215175,5436421000007631584,North Olmsted City Schools
zcrm_5436421000135227677,5436421000008146376,Cajon Valley Union School District
zcrm_5436421000135211654,5436421000008292163,Escambia County Public Schools
zcrm_5436421000135234479,5436421000011489001,J. Sterling Morton High School District 201
zcrm_5436421000135206139,5436421000020393094,Upper Arlington School District
zcrm_5436421000135201050,5436421000020393103,Cleveland Metropolitan School District
zcrm_5436421000135203066,5436421000020933117,Celina Independent School District
zcrm_5436421000135200092,5436421000021681057,Greenville Independent School District TX
zcrm_5436421000135208110,5436421000024182277,Wichita Falls Independent School District
zcrm_5436421000135200640,5436421000035560694,Englewood City School District
zcrm_5436421000135228586,5436421000036291006,Allen Independent School District
zcrm_5436421000135211072,5436421000036291133,Dallas Independent School District
zcrm_5436421000135227999,5436421000037406125,Nassau County School District
zcrm_5436421000135226108,5436421000037534031,Ventura Unified School District
zcrm_5436421000135218490,5436421000045972057,Davison Community School District
zcrm_5436421000135214462,5436421000046028024,Fort Bend Independent School District
zcrm_5436421000135213177,5436421000047728302,Elmwood Park Borough School District
zcrm_5436421000135215135,5436421000047728304,Madison Borough School District
zcrm_5436421000135218665,5436421000047891139,Delaware Valley Regional School District
zcrm_5436421000135206126,5436421000007631289,Dayton Public Schools
zcrm_5436421000135212964,5436421000007631306,Kenton County School District
zcrm_5436421000135215145,5436421000007631584,North Olmsted City Schools
zcrm_5436421000135227658,5436421000008146376,Cajon Valley Union School District
zcrm_5436421000135207574,5436421000008292163,Escambia County Public Schools
zcrm_5436421000135234463,5436421000011489001,J. Sterling Morton High School District 201
zcrm_5436421000135204177,5436421000020393094,Upper Arlington School District
zcrm_5436421000135200674,5436421000020393103,Cleveland Metropolitan School District
zcrm_5436421000135203057,5436421000020933117,Celina Independent School District
zcrm_5436421000135200562,5436421000035560694,Englewood City School District
zcrm_5436421000135228540,5436421000036291006,Allen Independent School District
zcrm_5436421000135211045,5436421000036291133,Dallas Independent School District
zcrm_5436421000135226616,5436421000037406125,Nassau County School District
zcrm_5436421000135226103,5436421000037534031,Ventura Unified School District
zcrm_5436421000135218465,5436421000045972057,Davison Community School District
zcrm_5436421000135209046,5436421000046028024,Fort Bend Independent School District
zcrm_5436421000135210529,5436421000047728302,Elmwood Park Borough School District
zcrm_5436421000135215566,5436421000047891139,Delaware Valley Regional School District
zcrm_5436421000135206117,5436421000007631289,Dayton Public Schools
zcrm_5436421000135227535,5436421000008146376,Cajon Valley Union School District
zcrm_5436421000135203631,5436421000008292163,Escambia County Public Schools
zcrm_5436421000135234448,5436421000011489001,J. Sterling Morton High School District 201
zcrm_5436421000135204135,5436421000020393094,Upper Arlington School District
zcrm_5436421000135200446,5436421000020393103,Cleveland Metropolitan School District
zcrm_5436421000135202965,5436421000020933117,Celina Independent School District
zcrm_5436421000135057982,5436421000035560694,Englewood City School District
zcrm_5436421000135228519,5436421000036291006,Allen Independent School District
zcrm_5436421000135209972,5436421000036291133,Dallas Independent School District
zcrm_5436421000135226178,5436421000037406125,Nassau County School District
zcrm_5436421000135225615,5436421000037534031,Ventura Unified School District
zcrm_5436421000135218082,5436421000045972057,Davison Community School District
zcrm_5436421000135215565,5436421000047891139,Delaware Valley Regional School District
zcrm_5436421000135206103,5436421000007631289,Dayton Public Schools
zcrm_5436421000135227083,5436421000008146376,Cajon Valley Union School District
zcrm_5436421000135203176,5436421000008292163,Escambia County Public Schools
zcrm_5436421000135234447,5436421000011489001,J. Sterling Morton High School District 201
zcrm_5436421000135204111,5436421000020393094,Upper Arlington School District
zcrm_5436421000135200166,5436421000020393103,Cleveland Metropolitan School District
zcrm_5436421000135202640,5436421000020933117,Celina Independent School District
zcrm_5436421000135057980,5436421000035560694,Englewood City School District
zcrm_5436421000135228514,5436421000036291006,Allen Independent School District
zcrm_5436421000135209682,5436421000036291133,Dallas Independent School District
zcrm_5436421000135223554,5436421000037406125,Nassau County School District
zcrm_5436421000135225613,5436421000037534031,Ventura Unified School District
zcrm_5436421000135217171,5436421000045972057,Davison Community School District
zcrm_5436421000135203610,5436421000047891139,Delaware Valley Regional School District
zcrm_5436421000135205997,5436421000007631289,Dayton Public Schools
zcrm_5436421000135225594,5436421000008146376,Cajon Valley Union School District
zcrm_5436421000135234443,5436421000011489001,J. Sterling Morton High School District 201
zcrm_5436421000135211568,5436421000020393096,Dublin City School District
zcrm_5436421000135200027,5436421000020393103,Cleveland Metropolitan School District
zcrm_5436421000135201506,5436421000020933117,Celina Independent School District
zcrm_5436421000135057969,5436421000035560694,Englewood City School District
zcrm_5436421000135228461,5436421000036291006,Allen Independent School District
zcrm_5436421000135209030,5436421000036291133,Dallas Independent School District
zcrm_5436421000135223441,5436421000037406125,Nassau County School District
zcrm_5436421000135225562,5436421000037534031,Ventura Unified School District
zcrm_5436421000135217125,5436421000045972057,Davison Community School District
zcrm_5436421000135203565,5436421000047891139,Delaware Valley Regional School District
zcrm_5436421000135205946,5436421000007631289,Dayton Public Schools
zcrm_5436421000135225539,5436421000008146376,Cajon Valley Union School District
zcrm_5436421000135234175,5436421000011489001,J. Sterling Morton High School District 201
zcrm_5436421000135207656,5436421000020393096,Dublin City School District
zcrm_5436421000135200017,5436421000020393103,Cleveland Metropolitan School District
zcrm_5436421000135228449,5436421000036291006,Allen Independent School District
zcrm_5436421000135208612,5436421000036291133,Dallas Independent School District
zcrm_5436421000135208643,5436421000037406125,Nassau County School District
zcrm_5436421000135225021,5436421000037534031,Ventura Unified School District
zcrm_5436421000135216461,5436421000045972057,Davison Community School District
zcrm_5436421000135203517,5436421000047891139,Delaware Valley Regional School District
zcrm_5436421000135205667,5436421000007631289,Dayton Public Schools
zcrm_5436421000135223598,5436421000008146376,Cajon Valley Union School District
zcrm_5436421000135231047,5436421000011489001,J. Sterling Morton High School District 201
zcrm_5436421000135207579,5436421000020393096,Dublin City School District
zcrm_5436421000135228186,5436421000036291006,Allen Independent School District
zcrm_5436421000135208158,5436421000036291133,Dallas Independent School District
zcrm_5436421000135208175,5436421000037406125,Nassau County School District
zcrm_5436421000135224553,5436421000037534031,Ventura Unified School District
zcrm_5436421000135216129,5436421000045972057,Davison Community School District
zcrm_5436421000135205588,5436421000007631289,Dayton Public Schools
zcrm_5436421000135219973,5436421000008146376,Cajon Valley Union School District
zcrm_5436421000135231028,5436421000011489001,J. Sterling Morton High School District 201
zcrm_5436421000135203549,5436421000020393096,Dublin City School District
zcrm_5436421000135218582,5436421000036291006,Allen Independent School District
zcrm_5436421000135208054,5436421000036291133,Dallas Independent School District
zcrm_5436421000135208119,5436421000037406125,Nassau County School District
zcrm_5436421000135224539,5436421000037534031,Ventura Unified School District
zcrm_5436421000135215091,5436421000045972057,Davison Community School District
zcrm_5436421000135205155,5436421000007631289,Dayton Public Schools
zcrm_5436421000135208120,5436421000008146376,Cajon Valley Union School District
zcrm_5436421000135231014,5436421000011489001,J. Sterling Morton High School District 201
zcrm_5436421000135203544,5436421000020393096,Dublin City School District
zcrm_5436421000135217525,5436421000036291006,Allen Independent School District
zcrm_5436421000135207004,5436421000036291133,Dallas Independent School District
zcrm_5436421000135208025,5436421000037406125,Nassau County School District
zcrm_5436421000135224045,5436421000037534031,Ventura Unified School District
zcrm_5436421000135215052,5436421000045972057,Davison Community School District
zcrm_5436421000135205140,5436421000007631289,Dayton Public Schools
zcrm_5436421000135206972,5436421000008146376,Cajon Valley Union School District
zcrm_5436421000135230977,5436421000011489001,J. Sterling Morton High School District 201
zcrm_5436421000135203521,5436421000020393096,Dublin City School District
zcrm_5436421000135217083,5436421000036291006,Allen Independent School District
zcrm_5436421000135205943,5436421000036291133,Dallas Independent School District
zcrm_5436421000135205980,5436421000037406125,Nassau County School District
zcrm_5436421000135224044,5436421000037534031,Ventura Unified School District
zcrm_5436421000135201073,5436421000045972057,Davison Community School District
zcrm_5436421000135205091,5436421000007631289,Dayton Public Schools
zcrm_5436421000135204561,5436421000008146376,Cajon Valley Union School District
zcrm_5436421000135230963,5436421000011489001,J. Sterling Morton High School District 201
zcrm_5436421000135203518,5436421000020393096,Dublin City School District
zcrm_5436421000135217071,5436421000036291006,Allen Independent School District
zcrm_5436421000135205683,5436421000036291133,Dallas Independent School District
zcrm_5436421000135205953,5436421000037406125,Nassau County School District
zcrm_5436421000135223587,5436421000037534031,Ventura Unified School District
zcrm_5436421000135205080,5436421000007631289,Dayton Public Schools
zcrm_5436421000135202134,5436421000008146376,Cajon Valley Union School District
zcrm_5436421000135230599,5436421000011489001,J. Sterling Morton High School District 201
zcrm_5436421000135203513,5436421000020393096,Dublin City School District
zcrm_5436421000135217023,5436421000036291006,Allen Independent School District
zcrm_5436421000135205516,5436421000036291133,Dallas Independent School District
zcrm_5436421000135205654,5436421000037406125,Nassau County School District
zcrm_5436421000135223547,5436421000037534031,Ventura Unified School District
zcrm_5436421000135205033,5436421000007631289,Dayton Public Schools
zcrm_5436421000135200522,5436421000008146376,Cajon Valley Union School District
zcrm_5436421000135227054,5436421000011489001,J. Sterling Morton High School District 201
zcrm_5436421000135203510,5436421000020393096,Dublin City School District
zcrm_5436421000135216484,5436421000036291006,Allen Independent School District
zcrm_5436421000135205467,5436421000036291133,Dallas Independent School District
zcrm_5436421000135204578,5436421000037406125,Nassau County School District
zcrm_5436421000135223521,5436421000037534031,Ventura Unified School District
zcrm_5436421000135204969,5436421000007631289,Dayton Public Schools
zcrm_5436421000135227000,5436421000011489001,J. Sterling Morton High School District 201
zcrm_5436421000135203174,5436421000020393096,Dublin City School District
zcrm_5436421000135208959,5436421000036291006,Allen Independent School District
zcrm_5436421000135205449,5436421000036291133,Dallas Independent School District
zcrm_5436421000135204505,5436421000037406125,Nassau County School District
zcrm_5436421000135222169,5436421000037534031,Ventura Unified School District
zcrm_5436421000135204043,5436421000007631289,Dayton Public Schools
zcrm_5436421000135226974,5436421000011489001,J. Sterling Morton High School District 201
zcrm_5436421000135203157,5436421000020393096,Dublin City School District
zcrm_5436421000135206591,5436421000036291006,Allen Independent School District
zcrm_5436421000135203038,5436421000036291133,Dallas Independent School District
zcrm_5436421000135204122,5436421000037406125,Nassau County School District
zcrm_5436421000135222028,5436421000037534031,Ventura Unified School District
zcrm_5436421000135203101,5436421000007631289,Dayton Public Schools
zcrm_5436421000135226676,5436421000011489001,J. Sterling Morton High School District 201
zcrm_5436421000135204643,5436421000036291006,Allen Independent School District
zcrm_5436421000135203036,5436421000036291133,Dallas Independent School District
zcrm_5436421000135202569,5436421000037406125,Nassau County School District
zcrm_5436421000135221622,5436421000037534031,Ventura Unified School District
zcrm_5436421000135202645,5436421000007631289,Dayton Public Schools
zcrm_5436421000135226670,5436421000011489001,J. Sterling Morton High School District 201
zcrm_5436421000135201639,5436421000036291006,Allen Independent School District
zcrm_5436421000135203016,5436421000036291133,Dallas Independent School District
zcrm_5436421000135202566,5436421000037406125,Nassau County School District
zcrm_5436421000135221620,5436421000037534031,Ventura Unified School District
zcrm_5436421000135202642,5436421000007631289,Dayton Public Schools
zcrm_5436421000135222677,5436421000011489001,J. Sterling Morton High School District 201
zcrm_5436421000135201628,5436421000036291006,Allen Independent School District
zcrm_5436421000135201651,5436421000036291133,Dallas Independent School District
zcrm_5436421000135202556,5436421000037406125,Nassau County School District
zcrm_5436421000135221618,5436421000037534031,Ventura Unified School District
zcrm_5436421000135202641,5436421000007631289,Dayton Public Schools
zcrm_5436421000135222653,5436421000011489001,J. Sterling Morton High School District 201
zcrm_5436421000135201624,5436421000036291006,Allen Independent School District
zcrm_5436421000135202090,5436421000037406125,Nassau County School District
zcrm_5436421000135221606,5436421000037534031,Ventura Unified School District
zcrm_5436421000135202632,5436421000007631289,Dayton Public Schools
zcrm_5436421000135222634,5436421000011489001,J. Sterling Morton High School District 201
zcrm_5436421000135201621,5436421000036291006,Allen Independent School District
zcrm_5436421000135221475,5436421000037534031,Ventura Unified School District
zcrm_5436421000135202033,5436421000007631289,Dayton Public Schools
zcrm_5436421000135222633,5436421000011489001,J. Sterling Morton High School District 201
zcrm_5436421000135201616,5436421000036291006,Allen Independent School District
zcrm_5436421000135221146,5436421000037534031,Ventura Unified School District
zcrm_5436421000135201612,5436421000007631289,Dayton Public Schools
zcrm_5436421000135219165,5436421000011489001,J. Sterling Morton High School District 201
zcrm_5436421000135201594,5436421000036291006,Allen Independent School District
zcrm_5436421000135221133,5436421000037534031,Ventura Unified School District
zcrm_5436421000135200955,5436421000007631289,Dayton Public Schools
zcrm_5436421000135219151,5436421000011489001,J. Sterling Morton High School District 201
zcrm_5436421000135201580,5436421000036291006,Allen Independent School District
zcrm_5436421000135221128,5436421000037534031,Ventura Unified School District
zcrm_5436421000135219147,5436421000011489001,J. Sterling Morton High School District 201
zcrm_5436421000135201560,5436421000036291006,Allen Independent School District
zcrm_5436421000135221064,5436421000037534031,Ventura Unified School District
zcrm_5436421000135219137,5436421000011489001,J. Sterling Morton High School District 201
zcrm_5436421000135201557,5436421000036291006,Allen Independent School District
zcrm_5436421000135221041,5436421000037534031,Ventura Unified School District
zcrm_5436421000135219134,5436421000011489001,J. Sterling Morton High School District 201
zcrm_5436421000135201554,5436421000036291006,Allen Independent School District
zcrm_5436421000135218018,5436421000037534031,Ventura Unified School District
zcrm_5436421000135219125,5436421000011489001,J. Sterling Morton High School District 201
zcrm_5436421000135201546,5436421000036291006,Allen Independent School District
zcrm_5436421000135216558,5436421000037534031,Ventura Unified School District
zcrm_5436421000135219117,5436421000011489001,J. Sterling Morton High School District 201
zcrm_5436421000135201462,5436421000036291006,Allen Independent School District
zcrm_5436421000135215952,5436421000037534031,Ventura Unified School District
zcrm_5436421000135219108,5436421000011489001,J. Sterling Morton High School District 201
zcrm_5436421000135201446,5436421000036291006,Allen Independent School District
zcrm_5436421000135215658,5436421000037534031,Ventura Unified School District
zcrm_5436421000135219104,5436421000011489001,J. Sterling Morton High School District 201
zcrm_5436421000135201444,5436421000036291006,Allen Independent School District
zcrm_5436421000135208006,5436421000037534031,Ventura Unified School District
zcrm_5436421000135219092,5436421000011489001,J. Sterling Morton High School District 201
zcrm_5436421000135201443,5436421000036291006,Allen Independent School District
zcrm_5436421000135219090,5436421000011489001,J. Sterling Morton High School District 201
zcrm_5436421000135201080,5436421000036291006,Allen Independent School District
zcrm_5436421000135219078,5436421000011489001,J. Sterling Morton High School District 201
zcrm_5436421000135211677,5436421000031975093,Oak Hills School District
zcrm_5436421000135201079,5436421000036291006,Allen Independent School District
zcrm_5436421000135219073,5436421000011489001,J. Sterling Morton High School District 201
zcrm_5436421000135201047,5436421000036291006,Allen Independent School District
zcrm_5436421000135219064,5436421000011489001,J. Sterling Morton High School District 201
zcrm_5436421000135201043,5436421000036291006,Allen Independent School District
zcrm_5436421000135219061,5436421000011489001,J. Sterling Morton High School District 201
zcrm_5436421000135201042,5436421000036291006,Allen Independent School District
zcrm_5436421000135219052,5436421000011489001,J. Sterling Morton High School District 201
zcrm_5436421000135201041,5436421000036291006,Allen Independent School District
zcrm_5436421000135219001,5436421000011489001,J. Sterling Morton High School District 201
zcrm_5436421000135201002,5436421000036291006,Allen Independent School District
zcrm_5436421000135218987,5436421000011489001,J. Sterling Morton High School District 201
zcrm_5436421000135201000,5436421000036291006,Allen Independent School District
zcrm_5436421000135218979,5436421000011489001,J. Sterling Morton High School District 201
zcrm_5436421000135200964,5436421000036291006,Allen Independent School District
zcrm_5436421000135218966,5436421000011489001,J. Sterling Morton High School District 201
zcrm_5436421000135200956,5436421000036291006,Allen Independent School District
zcrm_5436421000135218943,5436421000011489001,J. Sterling Morton High School District 201
zcrm_5436421000135200666,5436421000036291006,Allen Independent School District
zcrm_5436421000135218675,5436421000011489001,J. Sterling Morton High School District 201
zcrm_5436421000135200612,5436421000036291006,Allen Independent School District
zcrm_5436421000135218671,5436421000011489001,J. Sterling Morton High School District 201
zcrm_5436421000135200591,5436421000036291006,Allen Independent School District
zcrm_5436421000135215621,5436421000011489001,J. Sterling Morton High School District 201
zcrm_5436421000135200589,5436421000036291006,Allen Independent School District
zcrm_5436421000135215588,5436421000011489001,J. Sterling Morton High School District 201
zcrm_5436421000135200559,5436421000036291006,Allen Independent School District
zcrm_5436421000135215582,5436421000011489001,J. Sterling Morton High School District 201
zcrm_5436421000135200541,5436421000036291006,Allen Independent School District
zcrm_5436421000135215575,5436421000011489001,J. Sterling Morton High School District 201
zcrm_5436421000135200540,5436421000036291006,Allen Independent School District
zcrm_5436421000135211566,5436421000011489001,J. Sterling Morton High School District 201
zcrm_5436421000135200517,5436421000036291006,Allen Independent School District
zcrm_5436421000135211559,5436421000011489001,J. Sterling Morton High School District 201
zcrm_5436421000135200457,5436421000036291006,Allen Independent School District
zcrm_5436421000135211525,5436421000011489001,J. Sterling Morton High School District 201
zcrm_5436421000135200447,5436421000036291006,Allen Independent School District
zcrm_5436421000135207676,5436421000011489001,J. Sterling Morton High School District 201
zcrm_5436421000135200442,5436421000036291006,Allen Independent School District
zcrm_5436421000135207641,5436421000011489001,J. Sterling Morton High School District 201
zcrm_5436421000135200187,5436421000036291006,Allen Independent School District
zcrm_5436421000135207600,5436421000011489001,J. Sterling Morton High School District 201
zcrm_5436421000135200138,5436421000036291006,Allen Independent School District
zcrm_5436421000135207594,5436421000011489001,J. Sterling Morton High School District 201
zcrm_5436421000135200130,5436421000036291006,Allen Independent School District
zcrm_5436421000135207578,5436421000011489001,J. Sterling Morton High School District 201
zcrm_5436421000135200117,5436421000036291006,Allen Independent School District
zcrm_5436421000135207575,5436421000011489001,J. Sterling Morton High School District 201
zcrm_5436421000135200077,5436421000036291006,Allen Independent School District
zcrm_5436421000135207545,5436421000011489001,J. Sterling Morton High School District 201
zcrm_5436421000135200060,5436421000036291006,Allen Independent School District
zcrm_5436421000135207544,5436421000011489001,J. Sterling Morton High School District 201
zcrm_5436421000135200057,5436421000036291006,Allen Independent School District
zcrm_5436421000135207527,5436421000011489001,J. Sterling Morton High School District 201
zcrm_5436421000135200003,5436421000036291006,Allen Independent School District
zcrm_5436421000135207503,5436421000011489001,J. Sterling Morton High School District 201
zcrm_5436421000135057971,5436421000036291006,Allen Independent School District
zcrm_5436421000135207495,5436421000011489001,J. Sterling Morton High School District 201
zcrm_5436421000135207493,5436421000011489001,J. Sterling Morton High School District 201
zcrm_5436421000135207175,5436421000011489001,J. Sterling Morton High School District 201
zcrm_5436421000135207164,5436421000011489001,J. Sterling Morton High School District 201
zcrm_5436421000135203954,5436421000011489001,J. Sterling Morton High School District 201
zcrm_5436421000135203674,5436421000011489001,J. Sterling Morton High School District 201
zcrm_5436421000135203595,5436421000011489001,J. Sterling Morton High School District 201
zcrm_5436421000135232566,5436421000047891532,West Cape May Borough School District
zcrm_5436421000135204114,5436421000047891532,West Cape May Borough School District
zcrm_5436421000135226177,5436421000048095001,Greenwich Public Schools
zcrm_5436421000135210153,5436421000048221589,Crowley Independent School District
zcrm_5436421000135213066,5436421000049205090,Windber Area School District
zcrm_5436421000135220588,5436421000049262296,Liberty Public Schools
zcrm_5436421000135220041,5436421000049971383,Temple Independent School District
zcrm_5436421000135210477,5436421000050451036,Broward County School District
zcrm_5436421000135207123,5436421000051010111,Liberty Hill Independent School District
zcrm_5436421000135225683,5436421000052603001,Pickens County School District
zcrm_5436421000135217187,5436421000053297148,Katy Independent School District
zcrm_5436421000135225662,5436421000053300005,Little Ferry Public Schools
zcrm_5436421000135217164,5436421000053634001,Long Beach Unified School District
zcrm_5436421000135210024,5436421000053960141,Harvard Community Unit School District 50
zcrm_5436421000135209584,5436421000055200077,Framingham School District
zcrm_5436421000135227997,5436421000056373173,Sheridan County School District 2
zcrm_5436421000135224624,5436421000056373174,Sheridan County School District 1
zcrm_5436421000135220970,5436421000056373178,Park County School District 1
zcrm_5436421000135225607,5436421000056373191,Hot Springs County School District 1
zcrm_5436421000135219167,5436421000056373193,Big Horn County School District 3
zcrm_5436421000135225472,5436421000056373194,Goshen County School District 1
zcrm_5436421000135201131,5436421000056373197,Fremont County School District 21
zcrm_5436421000135226039,5436421000056373201,Converse County School District 2
zcrm_5436421000135222552,5436421000056373202,Converse County School District 1
zcrm_5436421000135203084,5436421000056373204,Laramie County School District 1
zcrm_5436421000135226659,5436421000056373210,Carbon County School District 1
zcrm_5436421000135222996,5436421000056373363,Mineral Point School District
zcrm_5436421000135200160,5436421000056373364,Lakeland Union High School District
zcrm_5436421000135222968,5436421000056373366,Middleton-Cross Plains School District
zcrm_5436421000135234641,5436421000056373685,Hortonville School District
zcrm_5436421000135203620,5436421000056373740,Durand School District
zcrm_5436421000135213557,5436421000056373838,Raleigh County School District
zcrm_5436421000135226530,5436421000056373845,Nicholas County School District
zcrm_5436421000135210028,5436421000056373847,Monroe County School District
zcrm_5436421000135224613,5436421000056373848,Mingo County School District
zcrm_5436421000135212076,5436421000056373849,Mercer County School District
zcrm_5436421000135224523,5436421000056373853,Marion County School District
zcrm_5436421000135223154,5436421000056373856,Lewis County School District
zcrm_5436421000135209950,5436421000056373860,Harrison County School District
zcrm_5436421000135225183,5436421000056373862,Hancock County School District
zcrm_5436421000135232040,5436421000056373864,Greenbrier County School District
zcrm_5436421000135224522,5436421000056373865,Grant County School District
zcrm_5436421000135209513,5436421000056373875,Berkeley County School District
zcrm_5436421000135225149,5436421000048095001,Greenwich Public Schools
zcrm_5436421000135206140,5436421000048221589,Crowley Independent School District
zcrm_5436421000135210034,5436421000049262296,Liberty Public Schools
zcrm_5436421000135210642,5436421000049971383,Temple Independent School District
zcrm_5436421000135203584,5436421000049971612,Carson City School District
zcrm_5436421000135210123,5436421000050451036,Broward County School District
zcrm_5436421000135225623,5436421000052603001,Pickens County School District
zcrm_5436421000135215080,5436421000053297148,Katy Independent School District
zcrm_5436421000135214445,5436421000053634001,Long Beach Unified School District
zcrm_5436421000135221999,5436421000056373173,Sheridan County School District 2
zcrm_5436421000135230581,5436421000056373179,Platte County School District 1
zcrm_5436421000135200569,5436421000056373191,Hot Springs County School District 1
zcrm_5436421000135219010,5436421000056373193,Big Horn County School District 3
zcrm_5436421000135223995,5436421000056373194,Goshen County School District 1
zcrm_5436421000135200455,5436421000056373197,Fremont County School District 21
zcrm_5436421000135221966,5436421000056373202,Converse County School District 1
zcrm_5436421000135201508,5436421000056373204,Laramie County School District 1
zcrm_5436421000135218982,5436421000056373210,Carbon County School District 1
zcrm_5436421000135215165,5436421000056373363,Mineral Point School District
zcrm_5436421000135203617,5436421000056373366,Middleton-Cross Plains School District
zcrm_5436421000135209976,5436421000056373838,Raleigh County School District
zcrm_5436421000135221451,5436421000056373845,Nicholas County School District
zcrm_5436421000135220125,5436421000056373848,Mingo County School District
zcrm_5436421000135223514,5436421000056373853,Marion County School District
zcrm_5436421000135232001,5436421000056373864,Greenbrier County School District
zcrm_5436421000135226656,5436421000056373872,Brooke County School District
zcrm_5436421000135206174,5436421000056373875,Berkeley County School District
zcrm_5436421000135224599,5436421000048095001,Greenwich Public Schools
zcrm_5436421000135200028,5436421000048221589,Crowley Independent School District
zcrm_5436421000135205625,5436421000049262296,Liberty Public Schools
zcrm_5436421000135209938,5436421000050451036,Broward County School District
zcrm_5436421000135224660,5436421000052603001,Pickens County School District
zcrm_5436421000135209498,5436421000053297148,Katy Independent School District
zcrm_5436421000135211101,5436421000053634001,Long Beach Unified School District
zcrm_5436421000135218574,5436421000056373173,Sheridan County School District 2
zcrm_5436421000135200488,5436421000056373191,Hot Springs County School District 1
zcrm_5436421000135216507,5436421000056373202,Converse County School District 1
zcrm_5436421000135207541,5436421000056373210,Carbon County School District 1
zcrm_5436421000135215125,5436421000056373363,Mineral Point School District
zcrm_5436421000135203568,5436421000056373366,Middleton-Cross Plains School District
zcrm_5436421000135208943,5436421000056373692,Arrowhead Union High School District
zcrm_5436421000135213966,5436421000056373848,Mingo County School District
zcrm_5436421000135211170,5436421000056373853,Marion County School District
zcrm_5436421000135211112,5436421000056373864,Greenbrier County School District
zcrm_5436421000135202506,5436421000056373875,Berkeley County School District
zcrm_5436421000135223586,5436421000048095001,Greenwich Public Schools
zcrm_5436421000135205026,5436421000049262296,Liberty Public Schools
zcrm_5436421000135209035,5436421000050451036,Broward County School District
zcrm_5436421000135224512,5436421000052603001,Pickens County School District
zcrm_5436421000135207113,5436421000053297148,Katy Independent School District
zcrm_5436421000135209462,5436421000053634001,Long Beach Unified School District
zcrm_5436421000135218539,5436421000056373173,Sheridan County School District 2
zcrm_5436421000135200147,5436421000056373191,Hot Springs County School District 1
zcrm_5436421000135201501,5436421000056373202,Converse County School District 1
zcrm_5436421000135203619,5436421000056373210,Carbon County School District 1
zcrm_5436421000135203511,5436421000056373366,Middleton-Cross Plains School District
zcrm_5436421000135208452,5436421000056373692,Arrowhead Union High School District
zcrm_5436421000135211135,5436421000056373848,Mingo County School District
zcrm_5436421000135223178,5436421000048095001,Greenwich Public Schools
zcrm_5436421000135202168,5436421000049262296,Liberty Public Schools
zcrm_5436421000135224504,5436421000052603001,Pickens County School District
zcrm_5436421000135206590,5436421000053297148,Katy Independent School District
zcrm_5436421000135201678,5436421000053634001,Long Beach Unified School District
zcrm_5436421000135218102,5436421000056373173,Sheridan County School District 2
zcrm_5436421000135201030,5436421000056373202,Converse County School District 1
zcrm_5436421000135206585,5436421000056373692,Arrowhead Union High School District
zcrm_5436421000135221055,5436421000048095001,Greenwich Public Schools
zcrm_5436421000135224470,5436421000052603001,Pickens County School District
zcrm_5436421000135204180,5436421000053297148,Katy Independent School District
zcrm_5436421000135217675,5436421000056373173,Sheridan County School District 2
zcrm_5436421000135200440,5436421000056373202,Converse County School District 1
zcrm_5436421000135206567,5436421000056373692,Arrowhead Union High School District
zcrm_5436421000135220507,5436421000048095001,Greenwich Public Schools
zcrm_5436421000135221956,5436421000052603001,Pickens County School District
zcrm_5436421000135217072,5436421000056373173,Sheridan County School District 2
zcrm_5436421000135200169,5436421000056373202,Converse County School District 1
zcrm_5436421000135206147,5436421000056373692,Arrowhead Union High School District
zcrm_5436421000135212122,5436421000048095001,Greenwich Public Schools
zcrm_5436421000135221096,5436421000052603001,Pickens County School District
zcrm_5436421000135217024,5436421000056373173,Sheridan County School District 2
zcrm_5436421000135200159,5436421000056373202,Converse County School District 1
zcrm_5436421000135206104,5436421000056373692,Arrowhead Union High School District
zcrm_5436421000135212088,5436421000048095001,Greenwich Public Schools
zcrm_5436421000135207097,5436421000052603001,Pickens County School District
zcrm_5436421000135217013,5436421000056373173,Sheridan County School District 2
zcrm_5436421000135057989,5436421000056373202,Converse County School District 1
zcrm_5436421000135205656,5436421000056373692,Arrowhead Union High School District
zcrm_5436421000135211068,5436421000048095001,Greenwich Public Schools
zcrm_5436421000135217001,5436421000056373173,Sheridan County School District 2
zcrm_5436421000135057984,5436421000056373202,Converse County School District 1
zcrm_5436421000135204078,5436421000056373692,Arrowhead Union High School District
zcrm_5436421000135209111,5436421000048095001,Greenwich Public Schools
zcrm_5436421000135216056,5436421000056373173,Sheridan County School District 2
zcrm_5436421000135204045,5436421000056373692,Arrowhead Union High School District
zcrm_5436421000135216051,5436421000056373173,Sheridan County School District 2
zcrm_5436421000135202482,5436421000056373692,Arrowhead Union High School District
zcrm_5436421000135215994,5436421000056373173,Sheridan County School District 2
zcrm_5436421000135215104,5436421000056373173,Sheridan County School District 2
zcrm_5436421000135214685,5436421000056373173,Sheridan County School District 2
zcrm_5436421000135224542,5436421000056561882,Mount Mansfield Unified Union School District 401
zcrm_5436421000135218035,5436421000056561883,Mount Ascutney School District 86
zcrm_5436421000135222957,5436421000056561918,Addison Central Unified School District
zcrm_5436421000135221652,5436421000056561922,Addison Northwest Unified School District
zcrm_5436421000135235103,5436421000056561924,Champlain Valley Unified School District
zcrm_5436421000135214505,5436421000056562216,Ysleta Independent School District
zcrm_5436421000135201969,5436421000056562227,Winona Independent School District
zcrm_5436421000135206016,5436421000056562257,Waxahachie Independent School District
zcrm_5436421000135207142,5436421000056562282,United Independent School District
zcrm_5436421000135218439,5436421000056562308,Texas City Independent School District
zcrm_5436421000135216680,5436421000056562309,Texarkana Independent School District
zcrm_5436421000135211032,5436421000056562319,Taft Independent School District
zcrm_5436421000135217983,5436421000056562325,Sulphur Springs Independent School District
zcrm_5436421000135202110,5436421000056562336,Stafford Municipal School District
zcrm_5436421000135218000,5436421000056562350,Socorro Independent School District
zcrm_5436421000135207154,5436421000056562368,Shepherd Independent School District
zcrm_5436421000135205517,5436421000056562379,Scurry-Rosser Independent School District
zcrm_5436421000135228491,5436421000056562381,Schertz-Cibolo-Universal City Independent School District
zcrm_5436421000135214165,5436421000056562791,New Caney Independent School District
zcrm_5436421000135221662,5436421000056562798,Navasota Independent School District
zcrm_5436421000135206018,5436421000056562821,Monahans-Wickett-Pyote Independent School District
zcrm_5436421000135210029,5436421000056562837,Mesquite Independent School District
zcrm_5436421000135210666,5436421000056562850,McKinney Independent School District
zcrm_5436421000135209667,5436421000056562922,Lake Travis Independent School District
zcrm_5436421000135234468,5436421000056562943,Killeen Independent School District
zcrm_5436421000135209607,5436421000056563214,Judson Independent School District
zcrm_5436421000135234686,5436421000056563237,Hutto Independent School District
zcrm_5436421000135206595,5436421000056563238,Hurst-Euless-Bedford Independent School District
zcrm_5436421000135210606,5436421000056563301,Grand Prairie Independent School District
zcrm_5436421000135213981,5436421000056563333,Frisco Independent School District
zcrm_5436421000135206606,5436421000056563341,Forney Independent School District
zcrm_5436421000135200947,5436421000056563349,Farmersville Independent School District
zcrm_5436421000135215528,5436421000056563366,El Paso Independent School District
zcrm_5436421000135206980,5436421000056563375,East Central Independent School District
zcrm_5436421000135223950,5436421000056563399,Del Valle Independent School District
zcrm_5436421000135214138,5436421000056563413,Cypress-Fairbanks Independent School District
zcrm_5436421000135204097,5436421000056563427,Crandall Independent School District
zcrm_5436421000135208670,5436421000056563433,Corpus Christi Independent School District
zcrm_5436421000135221181,5436421000056563437,Conroe Independent School District
zcrm_5436421000135203990,5436421000056563438,Connally Independent School District
zcrm_5436421000135206050,5436421000056563441,Commerce Independent School District
zcrm_5436421000135203089,5436421000056563444,Comal Independent School District
zcrm_5436421000135207140,5436421000056563454,Clint Independent School District
zcrm_5436421000135230084,5436421000056563456,Clear Creek Independent School District
zcrm_5436421000135200557,5436421000056563721,China Spring Independent School District
zcrm_5436421000135207100,5436421000056563740,Cedar Hill Independent School District
zcrm_5436421000135208520,5436421000056563742,Carrollton-Farmers Branch Independent School District
zcrm_5436421000135220598,5436421000056563808,Beaumont Independent School District
zcrm_5436421000135224447,5436421000056563810,Bastrop Independent School District
zcrm_5436421000135224461,5436421000056563840,Alvin Independent School District
zcrm_5436421000135227994,5436421000056563843,Alief Independent School District
zcrm_5436421000135204162,5436421000056563853,Abilene Independent School District
zcrm_5436421000135210061,5436421000056563859,Hays Consolidated Independent School District
zcrm_5436421000135224607,5436421000056563871,Wayne County School District
zcrm_5436421000135206150,5436421000056563883,Sumner County School District
zcrm_5436421000135204136,5436421000056563908,Clarksville-Montgomery County School System
zcrm_5436421000135223612,5436421000056563909,Monroe County School District
zcrm_5436421000135220667,5436421000056563920,Jackson-Madison County School System
zcrm_5436421000135217610,5436421000056564247,Bartlett City School District
zcrm_5436421000135223938,5436421000056564249,Germantown Municipal School District
zcrm_5436421000135214164,5436421000056561385,Williamsburg City Public Schools
zcrm_5436421000135219943,5436421000056561882,Mount Mansfield Unified Union School District 401
zcrm_5436421000135218023,5436421000056561883,Mount Ascutney School District 86
zcrm_5436421000135203685,5436421000056561918,Addison Central Unified School District
zcrm_5436421000135221564,5436421000056561922,Addison Northwest Unified School District
zcrm_5436421000135235101,5436421000056561924,Champlain Valley Unified School District
zcrm_5436421000135214108,5436421000056562216,Ysleta Independent School District
zcrm_5436421000135218005,5436421000056562308,Texas City Independent School District
zcrm_5436421000135209106,5436421000056562309,Texarkana Independent School District
zcrm_5436421000135205167,5436421000056562319,Taft Independent School District
zcrm_5436421000135217632,5436421000056562325,Sulphur Springs Independent School District
zcrm_5436421000135211650,5436421000056562334,Stanton Independent School District
zcrm_5436421000135215674,5436421000056562350,Socorro Independent School District
zcrm_5436421000135204541,5436421000056562368,Shepherd Independent School District
zcrm_5436421000135204448,5436421000056562379,Scurry-Rosser Independent School District
zcrm_5436421000135228485,5436421000056562381,Schertz-Cibolo-Universal City Independent School District
zcrm_5436421000135222649,5436421000056562388,Sanger Independent School District
zcrm_5436421000135208673,5436421000056562791,New Caney Independent School District
zcrm_5436421000135221528,5436421000056562798,Navasota Independent School District
zcrm_5436421000135204095,5436421000056562837,Mesquite Independent School District
zcrm_5436421000135210633,5436421000056562850,McKinney Independent School District
zcrm_5436421000135203126,5436421000056562922,Lake Travis Independent School District
zcrm_5436421000135234466,5436421000056562943,Killeen Independent School District
zcrm_5436421000135200679,5436421000056563214,Judson Independent School District
zcrm_5436421000135234666,5436421000056563237,Hutto Independent School District
zcrm_5436421000135204455,5436421000056563238,Hurst-Euless-Bedford Independent School District
zcrm_5436421000135210535,5436421000056563301,Grand Prairie Independent School District
zcrm_5436421000135209648,5436421000056563333,Frisco Independent School District
zcrm_5436421000135200178,5436421000056563349,Farmersville Independent School District
zcrm_5436421000135211664,5436421000056563366,El Paso Independent School District
zcrm_5436421000135206514,5436421000056563375,East Central Independent School District
zcrm_5436421000135223667,5436421000056563399,Del Valle Independent School District
zcrm_5436421000135213608,5436421000056563413,Cypress-Fairbanks Independent School District
zcrm_5436421000135208667,5436421000056563433,Corpus Christi Independent School District
zcrm_5436421000135210450,5436421000056563437,Conroe Independent School District
zcrm_5436421000135202095,5436421000056563438,Connally Independent School District
zcrm_5436421000135207114,5436421000056563454,Clint Independent School District
zcrm_5436421000135228643,5436421000056563456,Clear Creek Independent School District
zcrm_5436421000135207088,5436421000056563740,Cedar Hill Independent School District
zcrm_5436421000135206030,5436421000056563742,Carrollton-Farmers Branch Independent School District
zcrm_5436421000135220595,5436421000056563808,Beaumont Independent School District
zcrm_5436421000135223962,5436421000056563810,Bastrop Independent School District
zcrm_5436421000135222615,5436421000056563840,Alvin Independent School District
zcrm_5436421000135227135,5436421000056563843,Alief Independent School District
zcrm_5436421000135202978,5436421000056563853,Abilene Independent School District
zcrm_5436421000135209999,5436421000056563859,Hays Consolidated Independent School District
zcrm_5436421000135201174,5436421000056563908,Clarksville-Montgomery County School System
zcrm_5436421000135202945,5436421000056563909,Monroe County School District
zcrm_5436421000135211059,5436421000056563920,Jackson-Madison County School System
zcrm_5436421000135206597,5436421000056564247,Bartlett City School District
zcrm_5436421000135223115,5436421000056564249,Germantown Municipal School District
zcrm_5436421000135218660,5436421000056561882,Mount Mansfield Unified Union School District 401
zcrm_5436421000135217648,5436421000056561883,Mount Ascutney School District 86
zcrm_5436421000135219546,5436421000056561922,Addison Northwest Unified School District
zcrm_5436421000135235100,5436421000056561924,Champlain Valley Unified School District
zcrm_5436421000135209573,5436421000056562216,Ysleta Independent School District
zcrm_5436421000135217940,5436421000056562308,Texas City Independent School District
zcrm_5436421000135201619,5436421000056562309,Texarkana Independent School District
zcrm_5436421000135204669,5436421000056562319,Taft Independent School District
zcrm_5436421000135216679,5436421000056562325,Sulphur Springs Independent School District
zcrm_5436421000135209627,5436421000056562350,Socorro Independent School District
zcrm_5436421000135228464,5436421000056562381,Schertz-Cibolo-Universal City Independent School District
zcrm_5436421000135219113,5436421000056562388,Sanger Independent School District
zcrm_5436421000135206164,5436421000056562791,New Caney Independent School District
zcrm_5436421000135210628,5436421000056562850,McKinney Independent School District
zcrm_5436421000135234460,5436421000056562943,Killeen Independent School District
zcrm_5436421000135208179,5436421000056563301,Grand Prairie Independent School District
zcrm_5436421000135209101,5436421000056563333,Frisco Independent School District
zcrm_5436421000135211517,5436421000056563366,El Paso Independent School District
zcrm_5436421000135206513,5436421000056563375,East Central Independent School District
zcrm_5436421000135223664,5436421000056563399,Del Valle Independent School District
zcrm_5436421000135213606,5436421000056563413,Cypress-Fairbanks Independent School District
zcrm_5436421000135208665,5436421000056563433,Corpus Christi Independent School District
zcrm_5436421000135208552,5436421000056563437,Conroe Independent School District
zcrm_5436421000135200035,5436421000056563438,Connally Independent School District
zcrm_5436421000135206974,5436421000056563454,Clint Independent School District
zcrm_5436421000135218003,5436421000056563456,Clear Creek Independent School District
zcrm_5436421000135201089,5436421000056563740,Cedar Hill Independent School District
zcrm_5436421000135205094,5436421000056563742,Carrollton-Farmers Branch Independent School District
zcrm_5436421000135220586,5436421000056563808,Beaumont Independent School District
zcrm_5436421000135223447,5436421000056563810,Bastrop Independent School District
zcrm_5436421000135222555,5436421000056563840,Alvin Independent School District
zcrm_5436421000135226596,5436421000056563843,Alief Independent School District
zcrm_5436421000135202510,5436421000056563853,Abilene Independent School District
zcrm_5436421000135209941,5436421000056563859,Hays Consolidated Independent School District
zcrm_5436421000135200651,5436421000056563908,Clarksville-Montgomery County School System
zcrm_5436421000135211057,5436421000056563920,Jackson-Madison County School System
zcrm_5436421000135203097,5436421000056564247,Bartlett City School District
zcrm_5436421000135220945,5436421000056564249,Germantown Municipal School District
zcrm_5436421000135217964,5436421000056561882,Mount Mansfield Unified Union School District 401
zcrm_5436421000135215638,5436421000056561883,Mount Ascutney School District 86
zcrm_5436421000135218605,5436421000056561922,Addison Northwest Unified School District
zcrm_5436421000135235098,5436421000056561924,Champlain Valley Unified School District
zcrm_5436421000135205065,5436421000056562216,Ysleta Independent School District
zcrm_5436421000135217619,5436421000056562308,Texas City Independent School District
zcrm_5436421000135201549,5436421000056562309,Texarkana Independent School District
zcrm_5436421000135200470,5436421000056562325,Sulphur Springs Independent School District
zcrm_5436421000135208483,5436421000056562350,Socorro Independent School District
zcrm_5436421000135228460,5436421000056562381,Schertz-Cibolo-Universal City Independent School District
zcrm_5436421000135219055,5436421000056562388,Sanger Independent School District
zcrm_5436421000135205992,5436421000056562791,New Caney Independent School District
zcrm_5436421000135208613,5436421000056562850,McKinney Independent School District
zcrm_5436421000135234672,5436421000056562912,Leakey Independent School District
zcrm_5436421000135234183,5436421000056562943,Killeen Independent School District
zcrm_5436421000135206058,5436421000056563301,Grand Prairie Independent School District
zcrm_5436421000135207962,5436421000056563366,El Paso Independent School District
zcrm_5436421000135206468,5436421000056563375,East Central Independent School District
zcrm_5436421000135223608,5436421000056563399,Del Valle Independent School District
zcrm_5436421000135209585,5436421000056563413,Cypress-Fairbanks Independent School District
zcrm_5436421000135208641,5436421000056563433,Corpus Christi Independent School District
zcrm_5436421000135208125,5436421000056563437,Conroe Independent School District
zcrm_5436421000135057977,5436421000056563438,Connally Independent School District
zcrm_5436421000135206969,5436421000056563454,Clint Independent School District
zcrm_5436421000135214439,5436421000056563456,Clear Creek Independent School District
zcrm_5436421000135204442,5436421000056563742,Carrollton-Farmers Branch Independent School District
zcrm_5436421000135220581,5436421000056563808,Beaumont Independent School District
zcrm_5436421000135223163,5436421000056563810,Bastrop Independent School District
zcrm_5436421000135221494,5436421000056563840,Alvin Independent School District
zcrm_5436421000135226020,5436421000056563843,Alief Independent School District
zcrm_5436421000135208660,5436421000056563859,Hays Consolidated Independent School District
zcrm_5436421000135205095,5436421000056564249,Germantown Municipal School District
zcrm_5436421000135235139,5436421000056564251,Collierville School District
zcrm_5436421000135217644,5436421000056561882,Mount Mansfield Unified Union School District 401
zcrm_5436421000135215103,5436421000056561883,Mount Ascutney School District 86
zcrm_5436421000135217185,5436421000056561922,Addison Northwest Unified School District
zcrm_5436421000135235094,5436421000056561924,Champlain Valley Unified School District
zcrm_5436421000135202589,5436421000056562216,Ysleta Independent School District
zcrm_5436421000135217490,5436421000056562308,Texas City Independent School District
zcrm_5436421000135200493,5436421000056562309,Texarkana Independent School District
zcrm_5436421000135204487,5436421000056562350,Socorro Independent School District
zcrm_5436421000135228459,5436421000056562381,Schertz-Cibolo-Universal City Independent School District
zcrm_5436421000135218976,5436421000056562388,Sanger Independent School District
zcrm_5436421000135205668,5436421000056562791,New Caney Independent School District
zcrm_5436421000135207124,5436421000056562850,McKinney Independent School District
zcrm_5436421000135231048,5436421000056562943,Killeen Independent School District
zcrm_5436421000135205469,5436421000056563301,Grand Prairie Independent School District
zcrm_5436421000135207644,5436421000056563366,El Paso Independent School District
zcrm_5436421000135206187,5436421000056563375,East Central Independent School District
zcrm_5436421000135223465,5436421000056563399,Del Valle Independent School District
zcrm_5436421000135208169,5436421000056563433,Corpus Christi Independent School District
zcrm_5436421000135206549,5436421000056563437,Conroe Independent School District
zcrm_5436421000135206678,5436421000056563454,Clint Independent School District
zcrm_5436421000135206960,5436421000056563456,Clear Creek Independent School District
zcrm_5436421000135220534,5436421000056563808,Beaumont Independent School District
zcrm_5436421000135221568,5436421000056563810,Bastrop Independent School District
zcrm_5436421000135221456,5436421000056563840,Alvin Independent School District
zcrm_5436421000135225612,5436421000056563843,Alief Independent School District
zcrm_5436421000135208637,5436421000056563859,Hays Consolidated Independent School District
zcrm_5436421000135235109,5436421000056564251,Collierville School District
zcrm_5436421000135217596,5436421000056561882,Mount Mansfield Unified Union School District 401
zcrm_5436421000135206655,5436421000056561883,Mount Ascutney School District 86
zcrm_5436421000135217174,5436421000056561922,Addison Northwest Unified School District
zcrm_5436421000135235093,5436421000056561924,Champlain Valley Unified School District
zcrm_5436421000135201576,5436421000056562216,Ysleta Independent School District
zcrm_5436421000135217124,5436421000056562308,Texas City Independent School District
zcrm_5436421000135219975,5436421000056562321,Sweet Home Independent School District
zcrm_5436421000135228443,5436421000056562381,Schertz-Cibolo-Universal City Independent School District
zcrm_5436421000135218956,5436421000056562388,Sanger Independent School District
zcrm_5436421000135205559,5436421000056562791,New Caney Independent School District
zcrm_5436421000135207030,5436421000056562850,McKinney Independent School District
zcrm_5436421000135230964,5436421000056562943,Killeen Independent School District
zcrm_5436421000135205465,5436421000056563301,Grand Prairie Independent School District
zcrm_5436421000135207601,5436421000056563366,El Paso Independent School District
zcrm_5436421000135205958,5436421000056563375,East Central Independent School District
zcrm_5436421000135222446,5436421000056563399,Del Valle Independent School District
zcrm_5436421000135208145,5436421000056563433,Corpus Christi Independent School District
zcrm_5436421000135205672,5436421000056563437,Conroe Independent School District
zcrm_5436421000135206438,5436421000056563454,Clint Independent School District
zcrm_5436421000135202958,5436421000056563456,Clear Creek Independent School District
zcrm_5436421000135220513,5436421000056563808,Beaumont Independent School District
zcrm_5436421000135218143,5436421000056563810,Bastrop Independent School District
zcrm_5436421000135221120,5436421000056563840,Alvin Independent School District
zcrm_5436421000135225526,5436421000056563843,Alief Independent School District
zcrm_5436421000135208138,5436421000056563859,Hays Consolidated Independent School District
zcrm_5436421000135235108,5436421000056564251,Collierville School District
zcrm_5436421000135217527,5436421000056561882,Mount Mansfield Unified Union School District 401
zcrm_5436421000135216580,5436421000056561922,Addison Northwest Unified School District
zcrm_5436421000135235068,5436421000056561924,Champlain Valley Unified School District
zcrm_5436421000135215067,5436421000056562308,Texas City Independent School District
zcrm_5436421000135228183,5436421000056562381,Schertz-Cibolo-Universal City Independent School District
zcrm_5436421000135218950,5436421000056562388,Sanger Independent School District
zcrm_5436421000135205494,5436421000056562791,New Caney Independent School District
zcrm_5436421000135205527,5436421000056562850,McKinney Independent School District
zcrm_5436421000135230651,5436421000056562943,Killeen Independent School District
zcrm_5436421000135210174,5436421000056563258,Hidalgo Independent School District
zcrm_5436421000135204492,5436421000056563301,Grand Prairie Independent School District
zcrm_5436421000135207539,5436421000056563366,El Paso Independent School District
zcrm_5436421000135205511,5436421000056563375,East Central Independent School District
zcrm_5436421000135222159,5436421000056563399,Del Valle Independent School District
zcrm_5436421000135208050,5436421000056563433,Corpus Christi Independent School District
zcrm_5436421000135205485,5436421000056563437,Conroe Independent School District
zcrm_5436421000135206067,5436421000056563454,Clint Independent School District
zcrm_5436421000135202559,5436421000056563456,Clear Creek Independent School District
zcrm_5436421000135220505,5436421000056563808,Beaumont Independent School District
zcrm_5436421000135215023,5436421000056563810,Bastrop Independent School District
zcrm_5436421000135221038,5436421000056563840,Alvin Independent School District
zcrm_5436421000135224088,5436421000056563843,Alief Independent School District
zcrm_5436421000135207984,5436421000056563859,Hays Consolidated Independent School District
zcrm_5436421000135234663,5436421000056564251,Collierville School District
zcrm_5436421000135217079,5436421000056561882,Mount Mansfield Unified Union School District 401
zcrm_5436421000135215121,5436421000056561922,Addison Northwest Unified School District
zcrm_5436421000135235066,5436421000056561924,Champlain Valley Unified School District
zcrm_5436421000135206991,5436421000056562308,Texas City Independent School District
zcrm_5436421000135219948,5436421000056562381,Schertz-Cibolo-Universal City Independent School District
zcrm_5436421000135211672,5436421000056562388,Sanger Independent School District
zcrm_5436421000135205470,5436421000056562791,New Caney Independent School District
zcrm_5436421000135205484,5436421000056562850,McKinney Independent School District
zcrm_5436421000135230647,5436421000056562943,Killeen Independent School District
zcrm_5436421000135201448,5436421000056563301,Grand Prairie Independent School District
zcrm_5436421000135207513,5436421000056563366,El Paso Independent School District
zcrm_5436421000135204495,5436421000056563375,East Central Independent School District
zcrm_5436421000135222022,5436421000056563399,Del Valle Independent School District
zcrm_5436421000135207992,5436421000056563433,Corpus Christi Independent School District
zcrm_5436421000135203098,5436421000056563437,Conroe Independent School District
zcrm_5436421000135206065,5436421000056563454,Clint Independent School District
zcrm_5436421000135202106,5436421000056563456,Clear Creek Independent School District
zcrm_5436421000135220489,5436421000056563808,Beaumont Independent School District
zcrm_5436421000135210687,5436421000056563810,Bastrop Independent School District
zcrm_5436421000135209164,5436421000056563840,Alvin Independent School District
zcrm_5436421000135223470,5436421000056563843,Alief Independent School District
zcrm_5436421000135206142,5436421000056563859,Hays Consolidated Independent School District
zcrm_5436421000135234662,5436421000056564251,Collierville School District
zcrm_5436421000135217075,5436421000056561882,Mount Mansfield Unified Union School District 401
zcrm_5436421000135214598,5436421000056561922,Addison Northwest Unified School District
zcrm_5436421000135235062,5436421000056561924,Champlain Valley Unified School District
zcrm_5436421000135205669,5436421000056562308,Texas City Independent School District
zcrm_5436421000135217561,5436421000056562381,Schertz-Cibolo-Universal City Independent School District
zcrm_5436421000135211561,5436421000056562388,Sanger Independent School District
zcrm_5436421000135205131,5436421000056562791,New Caney Independent School District
zcrm_5436421000135205087,5436421000056562850,McKinney Independent School District
zcrm_5436421000135230634,5436421000056562943,Killeen Independent School District
zcrm_5436421000135207483,5436421000056563366,El Paso Independent School District
zcrm_5436421000135204173,5436421000056563375,East Central Independent School District
zcrm_5436421000135221664,5436421000056563399,Del Valle Independent School District
zcrm_5436421000135207127,5436421000056563433,Corpus Christi Independent School District
zcrm_5436421000135202564,5436421000056563437,Conroe Independent School District
zcrm_5436421000135206048,5436421000056563454,Clint Independent School District
zcrm_5436421000135220476,5436421000056563808,Beaumont Independent School District
zcrm_5436421000135208948,5436421000056563810,Bastrop Independent School District
zcrm_5436421000135205530,5436421000056563840,Alvin Independent School District
zcrm_5436421000135223181,5436421000056563843,Alief Independent School District
zcrm_5436421000135206066,5436421000056563859,Hays Consolidated Independent School District
zcrm_5436421000135216938,5436421000056561882,Mount Mansfield Unified Union School District 401
zcrm_5436421000135209643,5436421000056561922,Addison Northwest Unified School District
zcrm_5436421000135235059,5436421000056561924,Champlain Valley Unified School District
zcrm_5436421000135204539,5436421000056562308,Texas City Independent School District
zcrm_5436421000135216636,5436421000056562381,Schertz-Cibolo-Universal City Independent School District
zcrm_5436421000135211492,5436421000056562388,Sanger Independent School District
zcrm_5436421000135205115,5436421000056562791,New Caney Independent School District
zcrm_5436421000135202470,5436421000056562850,McKinney Independent School District
zcrm_5436421000135230633,5436421000056562943,Killeen Independent School District
zcrm_5436421000135207482,5436421000056563366,El Paso Independent School District
zcrm_5436421000135204126,5436421000056563375,East Central Independent School District
zcrm_5436421000135221552,5436421000056563399,Del Valle Independent School District
zcrm_5436421000135207072,5436421000056563433,Corpus Christi Independent School District
zcrm_5436421000135202478,5436421000056563437,Conroe Independent School District
zcrm_5436421000135206042,5436421000056563454,Clint Independent School District
zcrm_5436421000135220447,5436421000056563808,Beaumont Independent School District
zcrm_5436421000135208492,5436421000056563810,Bastrop Independent School District
zcrm_5436421000135201608,5436421000056563840,Alvin Independent School District
zcrm_5436421000135223144,5436421000056563843,Alief Independent School District
zcrm_5436421000135204656,5436421000056563859,Hays Consolidated Independent School District
zcrm_5436421000135216521,5436421000056561882,Mount Mansfield Unified Union School District 401
zcrm_5436421000135235058,5436421000056561924,Champlain Valley Unified School District
zcrm_5436421000135201985,5436421000056562308,Texas City Independent School District
zcrm_5436421000135214105,5436421000056562381,Schertz-Cibolo-Universal City Independent School District
zcrm_5436421000135207464,5436421000056562388,Sanger Independent School District
zcrm_5436421000135205101,5436421000056562791,New Caney Independent School District
zcrm_5436421000135202178,5436421000056562850,McKinney Independent School District
zcrm_5436421000135230631,5436421000056562943,Killeen Independent School District
zcrm_5436421000135207480,5436421000056563366,El Paso Independent School District
zcrm_5436421000135203122,5436421000056563375,East Central Independent School District
zcrm_5436421000135221480,5436421000056563399,Del Valle Independent School District
zcrm_5436421000135207070,5436421000056563433,Corpus Christi Independent School District
zcrm_5436421000135201529,5436421000056563437,Conroe Independent School District
zcrm_5436421000135205471,5436421000056563454,Clint Independent School District
zcrm_5436421000135220176,5436421000056563808,Beaumont Independent School District
zcrm_5436421000135208467,5436421000056563810,Bastrop Independent School District
zcrm_5436421000135223136,5436421000056563843,Alief Independent School District
zcrm_5436421000135203079,5436421000056563859,Hays Consolidated Independent School District
zcrm_5436421000135216483,5436421000056561882,Mount Mansfield Unified Union School District 401
zcrm_5436421000135235023,5436421000056561924,Champlain Valley Unified School District
zcrm_5436421000135210589,5436421000056562381,Schertz-Cibolo-Universal City Independent School District
zcrm_5436421000135203509,5436421000056562388,Sanger Independent School District
zcrm_5436421000135204650,5436421000056562791,New Caney Independent School District
zcrm_5436421000135200150,5436421000056562850,McKinney Independent School District
zcrm_5436421000135230628,5436421000056562943,Killeen Independent School District
zcrm_5436421000135207187,5436421000056563366,El Paso Independent School District
zcrm_5436421000135203048,5436421000056563375,East Central Independent School District
zcrm_5436421000135221138,5436421000056563399,Del Valle Independent School District
zcrm_5436421000135207069,5436421000056563433,Corpus Christi Independent School District
zcrm_5436421000135205461,5436421000056563454,Clint Independent School District
zcrm_5436421000135220171,5436421000056563808,Beaumont Independent School District
zcrm_5436421000135208095,5436421000056563810,Bastrop Independent School District
zcrm_5436421000135222606,5436421000056563843,Alief Independent School District
zcrm_5436421000135202171,5436421000056563859,Hays Consolidated Independent School District
zcrm_5436421000135216152,5436421000056561882,Mount Mansfield Unified Union School District 401
zcrm_5436421000135235012,5436421000056561924,Champlain Valley Unified School District
zcrm_5436421000135205480,5436421000056562381,Schertz-Cibolo-Universal City Independent School District
zcrm_5436421000135204445,5436421000056562791,New Caney Independent School District
zcrm_5436421000135230625,5436421000056562943,Killeen Independent School District
zcrm_5436421000135207185,5436421000056563366,El Paso Independent School District
zcrm_5436421000135202635,5436421000056563375,East Central Independent School District
zcrm_5436421000135210643,5436421000056563399,Del Valle Independent School District
zcrm_5436421000135207026,5436421000056563433,Corpus Christi Independent School District
zcrm_5436421000135205438,5436421000056563454,Clint Independent School District
zcrm_5436421000135210025,5436421000056563808,Beaumont Independent School District
zcrm_5436421000135206672,5436421000056563810,Bastrop Independent School District
zcrm_5436421000135222121,5436421000056563843,Alief Independent School District
zcrm_5436421000135202022,5436421000056563859,Hays Consolidated Independent School District
zcrm_5436421000135215995,5436421000056561882,Mount Mansfield Unified Union School District 401
zcrm_5436421000135235011,5436421000056561924,Champlain Valley Unified School District
zcrm_5436421000135204185,5436421000056562791,New Caney Independent School District
zcrm_5436421000135230618,5436421000056562943,Killeen Independent School District
zcrm_5436421000135203942,5436421000056563366,El Paso Independent School District
zcrm_5436421000135202053,5436421000056563375,East Central Independent School District
zcrm_5436421000135207139,5436421000056563399,Del Valle Independent School District
zcrm_5436421000135206995,5436421000056563433,Corpus Christi Independent School District
zcrm_5436421000135205185,5436421000056563454,Clint Independent School District
zcrm_5436421000135200987,5436421000056563808,Beaumont Independent School District
zcrm_5436421000135206555,5436421000056563810,Bastrop Independent School District
zcrm_5436421000135221628,5436421000056563843,Alief Independent School District
zcrm_5436421000135201087,5436421000056563859,Hays Consolidated Independent School District
zcrm_5436421000135235009,5436421000056561924,Champlain Valley Unified School District
zcrm_5436421000135204104,5436421000056562791,New Caney Independent School District
zcrm_5436421000135230615,5436421000056562943,Killeen Independent School District
zcrm_5436421000135203669,5436421000056563366,El Paso Independent School District
zcrm_5436421000135202024,5436421000056563375,East Central Independent School District
zcrm_5436421000135206043,5436421000056563399,Del Valle Independent School District
zcrm_5436421000135206638,5436421000056563433,Corpus Christi Independent School District
zcrm_5436421000135205056,5436421000056563454,Clint Independent School District
zcrm_5436421000135206478,5436421000056563810,Bastrop Independent School District
zcrm_5436421000135221179,5436421000056563843,Alief Independent School District
zcrm_5436421000135201033,5436421000056563859,Hays Consolidated Independent School District
zcrm_5436421000135235003,5436421000056561924,Champlain Valley Unified School District
zcrm_5436421000135204068,5436421000056562791,New Caney Independent School District
zcrm_5436421000135215616,5436421000056562943,Killeen Independent School District
zcrm_5436421000135203609,5436421000056563366,El Paso Independent School District
zcrm_5436421000135200050,5436421000056563375,East Central Independent School District
zcrm_5436421000135206021,5436421000056563399,Del Valle Independent School District
zcrm_5436421000135206621,5436421000056563433,Corpus Christi Independent School District
zcrm_5436421000135205025,5436421000056563454,Clint Independent School District
zcrm_5436421000135206102,5436421000056563810,Bastrop Independent School District
zcrm_5436421000135221137,5436421000056563843,Alief Independent School District
zcrm_5436421000135200015,5436421000056563859,Hays Consolidated Independent School District
zcrm_5436421000135235002,5436421000056561924,Champlain Valley Unified School District
zcrm_5436421000135203119,5436421000056562791,New Caney Independent School District
zcrm_5436421000135215564,5436421000056562943,Killeen Independent School District
zcrm_5436421000135203582,5436421000056563366,El Paso Independent School District
zcrm_5436421000135206020,5436421000056563399,Del Valle Independent School District
zcrm_5436421000135206615,5436421000056563433,Corpus Christi Independent School District
zcrm_5436421000135204625,5436421000056563454,Clint Independent School District
zcrm_5436421000135205556,5436421000056563810,Bastrop Independent School District
zcrm_5436421000135214082,5436421000056563843,Alief Independent School District
zcrm_5436421000135235001,5436421000056561924,Champlain Valley Unified School District
zcrm_5436421000135203115,5436421000056562791,New Caney Independent School District
zcrm_5436421000135215550,5436421000056562943,Killeen Independent School District
zcrm_5436421000135203535,5436421000056563366,El Paso Independent School District
zcrm_5436421000135205579,5436421000056563399,Del Valle Independent School District
zcrm_5436421000135206614,5436421000056563433,Corpus Christi Independent School District
zcrm_5436421000135204577,5436421000056563454,Clint Independent School District
zcrm_5436421000135205083,5436421000056563810,Bastrop Independent School District
zcrm_5436421000135214030,5436421000056563843,Alief Independent School District
zcrm_5436421000135234999,5436421000056561924,Champlain Valley Unified School District
zcrm_5436421000135202987,5436421000056562791,New Caney Independent School District
zcrm_5436421000135215517,5436421000056562943,Killeen Independent School District
zcrm_5436421000135205096,5436421000056563399,Del Valle Independent School District
zcrm_5436421000135206603,5436421000056563433,Corpus Christi Independent School District
zcrm_5436421000135204572,5436421000056563454,Clint Independent School District
zcrm_5436421000135204963,5436421000056563810,Bastrop Independent School District
zcrm_5436421000135210104,5436421000056563843,Alief Independent School District
zcrm_5436421000135234997,5436421000056561924,Champlain Valley Unified School District
zcrm_5436421000135202570,5436421000056562791,New Caney Independent School District
zcrm_5436421000135211627,5436421000056562943,Killeen Independent School District
zcrm_5436421000135205049,5436421000056563399,Del Valle Independent School District
zcrm_5436421000135206530,5436421000056563433,Corpus Christi Independent School District
zcrm_5436421000135204506,5436421000056563454,Clint Independent School District
zcrm_5436421000135204956,5436421000056563810,Bastrop Independent School District
zcrm_5436421000135209586,5436421000056563843,Alief Independent School District
zcrm_5436421000135234992,5436421000056561924,Champlain Valley Unified School District
zcrm_5436421000135202450,5436421000056562791,New Caney Independent School District
zcrm_5436421000135211600,5436421000056562943,Killeen Independent School District
zcrm_5436421000135204451,5436421000056563399,Del Valle Independent School District
zcrm_5436421000135206504,5436421000056563433,Corpus Christi Independent School District
zcrm_5436421000135204438,5436421000056563454,Clint Independent School District
zcrm_5436421000135204466,5436421000056563810,Bastrop Independent School District
zcrm_5436421000135208963,5436421000056563843,Alief Independent School District
zcrm_5436421000135234991,5436421000056561924,Champlain Valley Unified School District
zcrm_5436421000135202140,5436421000056562791,New Caney Independent School District
zcrm_5436421000135211562,5436421000056562943,Killeen Independent School District
zcrm_5436421000135204182,5436421000056563399,Del Valle Independent School District
zcrm_5436421000135206489,5436421000056563433,Corpus Christi Independent School District
zcrm_5436421000135204103,5436421000056563454,Clint Independent School District
zcrm_5436421000135204443,5436421000056563810,Bastrop Independent School District
zcrm_5436421000135208067,5436421000056563843,Alief Independent School District
zcrm_5436421000135234988,5436421000056561924,Champlain Valley Unified School District
zcrm_5436421000135202116,5436421000056562791,New Caney Independent School District
zcrm_5436421000135211546,5436421000056562943,Killeen Independent School District
zcrm_5436421000135204166,5436421000056563399,Del Valle Independent School District
zcrm_5436421000135206129,5436421000056563433,Corpus Christi Independent School District
zcrm_5436421000135204100,5436421000056563454,Clint Independent School District
zcrm_5436421000135204113,5436421000056563810,Bastrop Independent School District
zcrm_5436421000135205172,5436421000056563843,Alief Independent School District
zcrm_5436421000135234985,5436421000056561924,Champlain Valley Unified School District
zcrm_5436421000135202037,5436421000056562791,New Caney Independent School District
zcrm_5436421000135211543,5436421000056562943,Killeen Independent School District
zcrm_5436421000135204098,5436421000056563399,Del Valle Independent School District
zcrm_5436421000135206039,5436421000056563433,Corpus Christi Independent School District
zcrm_5436421000135204099,5436421000056563454,Clint Independent School District
zcrm_5436421000135203984,5436421000056563810,Bastrop Independent School District
zcrm_5436421000135202634,5436421000056563843,Alief Independent School District
zcrm_5436421000135234984,5436421000056561924,Champlain Valley Unified School District
zcrm_5436421000135200682,5436421000056562791,New Caney Independent School District
zcrm_5436421000135211493,5436421000056562943,Killeen Independent School District
zcrm_5436421000135202963,5436421000056563399,Del Valle Independent School District
zcrm_5436421000135206037,5436421000056563433,Corpus Christi Independent School District
zcrm_5436421000135203085,5436421000056563454,Clint Independent School District
zcrm_5436421000135203105,5436421000056563810,Bastrop Independent School District
zcrm_5436421000135234979,5436421000056561924,Champlain Valley Unified School District
zcrm_5436421000135200553,5436421000056562791,New Caney Independent School District
zcrm_5436421000135207941,5436421000056562943,Killeen Independent School District
zcrm_5436421000135202686,5436421000056563399,Del Valle Independent School District
zcrm_5436421000135206033,5436421000056563433,Corpus Christi Independent School District
zcrm_5436421000135203080,5436421000056563454,Clint Independent School District
zcrm_5436421000135203006,5436421000056563810,Bastrop Independent School District
zcrm_5436421000135234977,5436421000056561924,Champlain Valley Unified School District
zcrm_5436421000135057975,5436421000056562791,New Caney Independent School District
zcrm_5436421000135207662,5436421000056562943,Killeen Independent School District
zcrm_5436421000135202669,5436421000056563399,Del Valle Independent School District
zcrm_5436421000135206001,5436421000056563433,Corpus Christi Independent School District
zcrm_5436421000135203054,5436421000056563454,Clint Independent School District
zcrm_5436421000135202985,5436421000056563810,Bastrop Independent School District
zcrm_5436421000135234975,5436421000056561924,Champlain Valley Unified School District
zcrm_5436421000135207609,5436421000056562943,Killeen Independent School District
zcrm_5436421000135202511,5436421000056563399,Del Valle Independent School District
zcrm_5436421000135205994,5436421000056563433,Corpus Christi Independent School District
zcrm_5436421000135203032,5436421000056563454,Clint Independent School District
zcrm_5436421000135202622,5436421000056563810,Bastrop Independent School District
zcrm_5436421000135232008,5436421000056564389,Clarendon County School District
zcrm_5436421000135234021,5436421000056564392,Orangeburg County School District
zcrm_5436421000135225575,5436421000056564393,Marion School District 10
zcrm_5436421000135232616,5436421000056564394,Sumter County Consolidated School District
zcrm_5436421000135232685,5436421000056564395,York School District 4
zcrm_5436421000135234169,5436421000056564396,York School District 3
zcrm_5436421000135228462,5436421000056564397,York School District 2
zcrm_5436421000135233168,5436421000056564398,York School District 1
zcrm_5436421000135227472,5436421000056564400,Union County School District
zcrm_5436421000135232544,5436421000056564401,Spartanburg School District 7
zcrm_5436421000135214159,5436421000056564402,Spartanburg School District 5
zcrm_5436421000135228030,5436421000056564403,Spartanburg School District 4
zcrm_5436421000135234095,5436421000056564404,Spartanburg School District 3
zcrm_5436421000135231675,5436421000056564405,Spartanburg School District 1
zcrm_5436421000135232613,5436421000056564406,Saluda County School District
zcrm_5436421000135217539,5436421000056564407,Richland School District 2
zcrm_5436421000135208974,5436421000056564408,Oconee County School District
zcrm_5436421000135233620,5436421000056564409,Newberry County School District
zcrm_5436421000135233021,5436421000056564411,Marlboro County School District
zcrm_5436421000135233062,5436421000056564412,School District Five of Lexington & Richland Counties
zcrm_5436421000135228537,5436421000056564413,Lexington School District 4
zcrm_5436421000135228116,5436421000056564414,Lexington School District 3
zcrm_5436421000135231054,5436421000056564415,Lexington School District 2
zcrm_5436421000135204597,5436421000056564416,Lee County School District
zcrm_5436421000135230546,5436421000056564417,Laurens School District 56
zcrm_5436421000135227621,5436421000056564418,Laurens School District 55
zcrm_5436421000135228541,5436421000056564419,Lancaster County School District
zcrm_5436421000135228956,5436421000056564420,Kershaw County School District
zcrm_5436421000135229616,5436421000056564421,Jasper County School District
zcrm_5436421000135208490,5436421000056564424,Greenwood School District 51
zcrm_5436421000135230606,5436421000056564425,Greenwood School District 50
zcrm_5436421000135229643,5436421000056564426,Georgetown County School District
zcrm_5436421000135228517,5436421000056564428,Florence School District 3
zcrm_5436421000135233596,5436421000056564429,Florence School District 2
zcrm_5436421000135234149,5436421000056564430,Fairfield County School District
zcrm_5436421000135228156,5436421000056564431,Edgefield County School District
zcrm_5436421000135234014,5436421000056564432,Dorchester School District 2
zcrm_5436421000135226524,5436421000056564433,Dillon School District 3
zcrm_5436421000135235065,5436421000056564434,Dillon School District 4
zcrm_5436421000135232994,5436421000056564435,Darlington County School District
zcrm_5436421000135232166,5436421000056564436,Colleton County School District
zcrm_5436421000135223614,5436421000056564438,Chester County School District
zcrm_5436421000135228639,5436421000056564439,Charleston County School District
zcrm_5436421000135230121,5436421000056564440,Calhoun County School District
zcrm_5436421000135218173,5436421000056564441,Berkeley County School District
zcrm_5436421000135228493,5436421000056564442,Barnwell School District 45
zcrm_5436421000135234020,5436421000056564443,Anderson School District 5
zcrm_5436421000135221989,5436421000056564446,Anderson School District 2
zcrm_5436421000135232940,5436421000056564448,Allendale County School District
zcrm_5436421000135233167,5436421000056564449,Aiken County School District
zcrm_5436421000135235034,5436421000056564450,Abbeville County School District
zcrm_5436421000135230954,5436421000056564451,Dorchester School District 4
zcrm_5436421000135215178,5436421000056564453,Westerly School District
zcrm_5436421000135234126,5436421000056564456,Tiverton School District
zcrm_5436421000135212455,5436421000056564457,South Kingstown School District
zcrm_5436421000135215531,5436421000056564460,Providence School District
zcrm_5436421000135212643,5436421000056564463,North Smithfield School District
zcrm_5436421000135208448,5436421000056564734,Exeter-West Greenwich Regional School District
zcrm_5436421000135201011,5436421000056564739,Coventry School District
zcrm_5436421000135220492,5436421000056564742,Burrillville School District
zcrm_5436421000135215462,5436421000056564744,Barrington School District
zcrm_5436421000135226181,5436421000056564749,Wilmington Area School District
zcrm_5436421000135226503,5436421000056564753,Wilkinsburg Borough School District
zcrm_5436421000135211087,5436421000056564762,West Shore School District
zcrm_5436421000135223449,5436421000056564764,West Mifflin Area School District
zcrm_5436421000135227043,5436421000056564766,West Jefferson Hills School District
zcrm_5436421000135213167,5436421000056564767,West Chester Area School District
zcrm_5436421000135208594,5436421000056564768,West Branch Area School District
zcrm_5436421000135208171,5436421000056564776,Warwick School District
zcrm_5436421000135213977,5436421000056564779,Wallingford-Swarthmore School District
zcrm_5436421000135233668,5436421000056564787,Upper Darby School District
zcrm_5436421000135224477,5436421000056564789,United School District
zcrm_5436421000135213481,5436421000056564790,Unionville-Chadds Ford School District
zcrm_5436421000135208517,5436421000056564791,Uniontown Area School District
zcrm_5436421000135214635,5436421000056564792,Union School District
zcrm_5436421000135213530,5436421000056564793,Union City Area School District
zcrm_5436421000135214564,5436421000056564794,Union Area School District
zcrm_5436421000135212063,5436421000056564800,Tulpehocken Area School District
zcrm_5436421000135208960,5436421000056564804,Tredyffrin-Easttown School District
zcrm_5436421000135210050,5436421000056564809,Susquenita School District
zcrm_5436421000135206964,5436421000056564810,Susquehanna Township School District
zcrm_5436421000135210513,5436421000056564814,Sto-Rox School District
zcrm_5436421000135213147,5436421000056564816,Steel Valley School District
zcrm_5436421000135209126,5436421000056564821,Springfield School District
zcrm_5436421000135203106,5436421000056564823,Spring-Ford Area School District
zcrm_5436421000135210587,5436421000056564824,Spring Cove School District
zcrm_5436421000135213001,5436421000056564825,South Western School District
zcrm_5436421000135212628,5436421000056564826,Southmoreland School District
zcrm_5436421000135227964,5436421000056564827,Southeast Delco School District
zcrm_5436421000135233067,5436421000056564828,Southern York County School District
zcrm_5436421000135234008,5436421000056564829,Southern Tioga School District
zcrm_5436421000135221653,5436421000056564834,South Side Area School District
zcrm_5436421000135215475,5436421000056564835,South Eastern School District
zcrm_5436421000135228453,5436421000056564837,South Park School District
zcrm_5436421000135202544,5436421000056564838,South Middleton School District
zcrm_5436421000135213184,5436421000056564840,Souderton Area School District
zcrm_5436421000135228633,5436421000056564842,Solanco School District
zcrm_5436421000135220674,5436421000056564844,Slippery Rock Area School District
zcrm_5436421000135222617,5436421000056564847,Shenango Area School District
zcrm_5436421000135214974,5436421000056564851,Shanksville-Stonycreek School District
zcrm_5436421000135224501,5436421000056564854,Yough School District
zcrm_5436421000135213170,5436421000056564857,Schuylkill Valley School District
zcrm_5436421000135202530,5436421000056564860,Salisbury-Elk Lick School District
zcrm_5436421000135231080,5436421000056564861,Salisbury Township School District
zcrm_5436421000135229633,5436421000056564864,Rose Tree Media School District
zcrm_5436421000135207501,5436421000056564865,Rockwood Area School District
zcrm_5436421000135226166,5436421000056564868,Ringgold School District
zcrm_5436421000135213089,5436421000056564869,Ridley School District
zcrm_5436421000135213024,5436421000056564871,Richland School District
zcrm_5436421000135234534,5436421000056564874,Red Lion Area School District
zcrm_5436421000135234579,5436421000056564875,Reading School District
zcrm_5436421000135205085,5436421000056564877,Quakertown Community School District
zcrm_5436421000135227541,5436421000056564878,Quaker Valley School District
zcrm_5436421000135224112,5436421000056564880,Punxsutawney Area School District
zcrm_5436421000135205071,5436421000056564881,Pottsville Area School District
zcrm_5436421000135212545,5436421000056564883,Pottsgrove School District
zcrm_5436421000135229184,5436421000056564884,Portage Area School District
zcrm_5436421000135205529,5436421000056564886,Pocono Mountain School District
zcrm_5436421000135215452,5436421000056564887,Colonial School District
zcrm_5436421000135231456,5436421000056564888,Pleasant Valley School District
zcrm_5436421000135233652,5436421000056564890,Pittsburgh School District
zcrm_5436421000135213450,5436421000056564892,Phoenixville Area School District
zcrm_5436421000135213069,5436421000056564895,Peters Township School District
zcrm_5436421000135232095,5436421000056564896,Perkiomen Valley School District
zcrm_5436421000135206579,5436421000056564899,Penns Valley Area School District
zcrm_5436421000135210005,5436421000056564901,Pennridge School District
zcrm_5436421000135210620,5436421000056564902,Penncrest School District
zcrm_5436421000135228127,5436421000056564903,Penn-Trafford School District
zcrm_5436421000135213986,5436421000056564904,Penn Manor School District
zcrm_5436421000135213060,5436421000056564905,Penn Hills School District
zcrm_5436421000135213483,5436421000056564906,Penn-Delco School District
zcrm_5436421000135210532,5436421000056564908,Parkland School District
zcrm_5436421000135229627,5436421000056564910,Palmyra Area School District
zcrm_5436421000135229570,5436421000056564911,Palmerton Area School District
zcrm_5436421000135212560,5436421000056564914,Owen J. Roberts School District
zcrm_5436421000135213107,5436421000056564915,Otto-Eldred School District
zcrm_5436421000135218474,5436421000056564916,Oswayo Valley School District
zcrm_5436421000135230450,5436421000056564920,Octorara Area School District
zcrm_5436421000135209088,5436421000056564923,Northwestern Lehigh School District
zcrm_5436421000135224970,5436421000056564925,Northgate School District
zcrm_5436421000135213058,5436421000056564929,Northern Lebanon School District
zcrm_5436421000135232079,5436421000056564930,Northern Cambria School District
zcrm_5436421000135213494,5436421000056564932,Northeastern York School District
zcrm_5436421000135212951,5436421000056564934,Riverside Beaver County School District
zcrm_5436421000135228583,5436421000056564935,Northampton Area School District
zcrm_5436421000135231997,5436421000056564936,North Pocono School District
zcrm_5436421000135212567,5436421000056564938,North Hills School District
zcrm_5436421000135233503,5436421000056564939,North East School District
zcrm_5436421000135221447,5436421000056564942,North Allegheny School District
zcrm_5436421000135211986,5436421000056564943,Norristown Area School District
zcrm_5436421000135218455,5436421000056564944,Newport School District
zcrm_5436421000135225007,5436421000056564946,New Castle Area School District
zcrm_5436421000135209595,5436421000056564948,Woodland Hills School District
zcrm_5436421000135220668,5436421000056564949,Neshannock Township School District
zcrm_5436421000135227985,5436421000056564950,Neshaminy School District
zcrm_5436421000135213469,5436421000056564951,Nazareth Area School District
zcrm_5436421000135232006,5436421000056564954,Muhlenberg School District
zcrm_5436421000135222008,5436421000056564955,Mount Pleasant Area School District
zcrm_5436421000135225166,5436421000056564957,Mountain View School District
zcrm_5436421000135231445,5436421000056564960,Moshannon Valley School District
zcrm_5436421000135227065,5436421000056564962,Moon Area School District
zcrm_5436421000135230602,5436421000056564964,Montoursville Area School District
zcrm_5436421000135211118,5436421000056564965,Montour School District
zcrm_5436421000135232172,5436421000056564970,Milton Area School District
zcrm_5436421000135221067,5436421000056564971,Millville Area School District
zcrm_5436421000135208601,5436421000056564972,Millersburg Area School District
zcrm_5436421000135207953,5436421000056564973,Millcreek Township School District
zcrm_5436421000135217467,5436421000056564975,Midland Borough School District
zcrm_5436421000135223687,5436421000056564978,Mid Valley School District
zcrm_5436421000135230590,5436421000056565238,Mechanicsburg Area School District
zcrm_5436421000135218628,5436421000056565239,McKeesport Area School District
zcrm_5436421000135218513,5436421000056565240,McGuffey School District
zcrm_5436421000135210016,5436421000056565242,Mars Area School District
zcrm_5436421000135213087,5436421000056565243,Marple Newtown School District
zcrm_5436421000135222639,5436421000056565244,Marion Center Area School District
zcrm_5436421000135211187,5436421000056565245,Manheim Township School District
zcrm_5436421000135221640,5436421000056565247,Line Mountain School District
zcrm_5436421000135219989,5436421000056565249,Loyalsock Township School District
zcrm_5436421000135212655,5436421000056565253,Lower Dauphin School District
zcrm_5436421000135230603,5436421000056565254,Littlestown Area School District
zcrm_5436421000135226560,5436421000056565256,Ligonier Valley School District
zcrm_5436421000135218063,5436421000056565258,Lehighton Area School District
zcrm_5436421000135221970,5436421000056565259,Leechburg Area School District
zcrm_5436421000135223097,5436421000056565260,Lebanon School District
zcrm_5436421000135205090,5436421000056565261,Laurel School District
zcrm_5436421000135209940,5436421000056565262,Laurel Highlands School District
zcrm_5436421000135232967,5436421000056565264,Lancaster School District
zcrm_5436421000135226145,5436421000056565265,Lampeter-Strasburg School District
zcrm_5436421000135228179,5436421000056565266,Lakeview School District
zcrm_5436421000135227056,5436421000056565268,Lake-Lehman School District
zcrm_5436421000135221675,5436421000056565269,Lackawanna Trail School District
zcrm_5436421000135212631,5436421000056565273,Keystone Central School District
zcrm_5436421000135212449,5436421000056565275,Kennett Consolidated School District
zcrm_5436421000135213175,5436421000056565281,Jersey Shore Area School District
zcrm_5436421000135212967,5436421000056565282,Jenkintown School District
zcrm_5436421000135206083,5436421000056565286,Interboro School District
zcrm_5436421000135234560,5436421000056565287,Indiana Area School District
zcrm_5436421000135215127,5436421000056565288,Huntingdon Area School District
zcrm_5436421000135218638,5436421000056565289,Hopewell Area School District
zcrm_5436421000135210938,5436421000056565292,Hempfield Area School District
zcrm_5436421000135209620,5436421000056565294,Hazleton Area School District
zcrm_5436421000135213438,5436421000056565295,Haverford Township School District
zcrm_5436421000135210622,5436421000056565296,Hatboro-Horsham School District
zcrm_5436421000135211142,5436421000056565297,Harrisburg City School District
zcrm_5436421000135204016,5436421000056565298,Harmony Area School District
zcrm_5436421000135228042,5436421000056565299,Harbor Creek School District
zcrm_5436421000135220566,5436421000056565301,Hanover Area School District
zcrm_5436421000135208029,5436421000056565302,Hampton Township School District
zcrm_5436421000135210955,5436421000056565303,Hamburg Area School District
zcrm_5436421000135226943,5436421000056565308,Greencastle-Antrim School District
zcrm_5436421000135207570,5436421000056565311,Greensburg Salem School District
zcrm_5436421000135209991,5436421000056565313,Governor Mifflin School District
zcrm_5436421000135219447,5436421000056565314,Glendale School District
zcrm_5436421000135214630,5436421000056565316,General McLane School District
zcrm_5436421000135213575,5436421000056565317,Gateway School District
zcrm_5436421000135233484,5436421000056565318,Garnet Valley School District
zcrm_5436421000135211503,5436421000056565322,Frazier School District
zcrm_5436421000135211089,5436421000056565323,Franklin Regional School District
zcrm_5436421000135224114,5436421000056565325,North Star School District
zcrm_5436421000135213571,5436421000056565327,Fox Chapel Area School District
zcrm_5436421000135220958,5436421000056565329,Fort Cherry School District
zcrm_5436421000135226184,5436421000056565330,Forest Hills School District
zcrm_5436421000135224458,5436421000056565331,Forest City Regional School District
zcrm_5436421000135208496,5436421000056565332,Forbes Road School District
zcrm_5436421000135209981,5436421000056565333,Fleetwood Area School District
zcrm_5436421000135215942,5436421000056565334,Ferndale Area School District
zcrm_5436421000135218668,5436421000056565335,Farrell Area School District
zcrm_5436421000135224960,5436421000056565341,Everett Area School District
zcrm_5436421000135212522,5436421000056565342,Erie City School District
zcrm_5436421000135205179,5436421000056565343,Ephrata Area School District
zcrm_5436421000135215497,5436421000056565346,Elizabethtown Area School District
zcrm_5436421000135225604,5436421000056565347,Elizabeth Forward School District
zcrm_5436421000135228985,5436421000056565348,Easton Area School District
zcrm_5436421000135233143,5436421000056565350,East Stroudsburg Area School District
zcrm_5436421000135231147,5436421000056565354,Eastern Lebanon County School District
zcrm_5436421000135222105,5436421000056565356,East Allegheny School District
zcrm_5436421000135204622,5436421000056565357,Duquesne City School District
zcrm_5436421000135223477,5436421000056565358,Dunmore School District
zcrm_5436421000135226491,5436421000056565359,Downingtown Area School District
zcrm_5436421000135213578,5436421000056565360,Donegal School District
zcrm_5436421000135210166,5436421000056565361,Derry Township School District
zcrm_5436421000135233184,5436421000056565363,Delaware Valley School District
zcrm_5436421000135228685,5436421000056565364,Danville Area School District
zcrm_5436421000135210443,5436421000056565365,Daniel Boone Area School District
zcrm_5436421000135215160,5436421000056565366,Dallastown Area School District
zcrm_5436421000135228627,5436421000056565368,Cumberland Valley School District
zcrm_5436421000135213083,5436421000056565374,Cornwall-Lebanon School District
zcrm_5436421000135212592,5436421000056565375,Cornell School District
zcrm_5436421000135211674,5436421000056565377,Connellsville Area School District
zcrm_5436421000135207535,5436421000056565378,Conneaut School District
zcrm_5436421000135210528,5436421000056565379,Conewago Valley School District
zcrm_5436421000135210052,5436421000056565380,Conestoga Valley School District
zcrm_5436421000135232094,5436421000056565385,Cocalico School District
zcrm_5436421000135213532,5436421000056565386,Coatesville Area School District
zcrm_5436421000135219547,5436421000056565388,Claysburg-Kimmel School District
zcrm_5436421000135214956,5436421000056565389,Clarion Area School District
zcrm_5436421000135235095,5436421000056565390,Clairton City School District
zcrm_5436421000135202523,5436421000056565395,Chartiers-Houston School District
zcrm_5436421000135213012,5436421000056565396,Chartiers Valley School District
zcrm_5436421000135209567,5436421000056565397,Charleroi School District
zcrm_5436421000135209615,5436421000056565398,Chambersburg Area School District
zcrm_5436421000135229995,5436421000056565399,Central York School District
zcrm_5436421000135213038,5436421000056565402,Central Columbia School District
zcrm_5436421000135232956,5436421000056565403,Central Cambria School District
zcrm_5436421000135208011,5436421000056565404,Central Bucks School District
zcrm_5436421000135212037,5436421000056565405,Centennial School District
zcrm_5436421000135223591,5436421000056565406,Catasauqua Area School District
zcrm_5436421000135216964,5436421000056565407,Carlynton School District
zcrm_5436421000135201631,5436421000056565408,Carlisle Area School District
zcrm_5436421000135204977,5436421000056565412,Camp Hill School District
zcrm_5436421000135219980,5436421000056565415,California Area School District
zcrm_5436421000135234580,5436421000056565416,Butler Area School District
zcrm_5436421000135226991,5436421000056565419,Brockway Area School District
zcrm_5436421000135213054,5436421000056565420,Bristol Township School District
zcrm_5436421000135209997,5436421000056565422,Brentwood Borough School District
zcrm_5436421000135212671,5436421000056565424,Brownsville Area School District
zcrm_5436421000135213127,5436421000056565425,Brandywine Heights Area School District
zcrm_5436421000135225593,5436421000056565426,Bradford Area School District
zcrm_5436421000135222532,5436421000056565427,Boyertown Area School District
zcrm_5436421000135213562,5436421000056565429,Blue Mountain School District
zcrm_5436421000135225953,5436421000056565435,Big Beaver Falls Area School District
zcrm_5436421000135206645,5436421000056565436,Bethlehem-Center School District
zcrm_5436421000135212611,5436421000056565437,Bethlehem Area School District
zcrm_5436421000135225611,5436421000056565438,Bethel Park School District
zcrm_5436421000135208535,5436421000056565441,Berlin Brothersvalley School District
zcrm_5436421000135228552,5436421000056565442,Benton Area School District
zcrm_5436421000135230493,5436421000056565446,Bellefonte Area School District
zcrm_5436421000135205168,5436421000056565447,Belle Vernon Area School District
zcrm_5436421000135218529,5436421000056565448,Bedford Area School District
zcrm_5436421000135228000,5436421000056565449,Beaver Area School District
zcrm_5436421000135209671,5436421000056565450,Bangor Area School District
zcrm_5436421000135226044,5436421000056565451,Baldwin-Whitehall School District
zcrm_5436421000135226567,5436421000056565452,Bald Eagle Area School District
zcrm_5436421000135207607,5436421000056565453,Pine-Richland School District
zcrm_5436421000135229944,5436421000056565454,Avonworth School District
zcrm_5436421000135228106,5436421000056565455,Avon Grove School District
zcrm_5436421000135225088,5436421000056565458,Athens Area School District
zcrm_5436421000135216651,5436421000056565460,Apollo-Ridge School District
zcrm_5436421000135205127,5436421000056565461,Annville-Cleona School District
zcrm_5436421000135217102,5436421000056565462,Antietam School District
zcrm_5436421000135218659,5436421000056565463,Ambridge Area School District
zcrm_5436421000135227974,5436421000056565465,Altoona Area School District
zcrm_5436421000135220158,5436421000056565467,Allentown City School District
zcrm_5436421000135232076,5436421000056565468,Allegheny Valley School District
zcrm_5436421000135222667,5436421000056565469,Aliquippa School District
zcrm_5436421000135209939,5436421000056565470,Albert Gallatin Area School District
zcrm_5436421000135216148,5436421000056565473,Central Valley School District
zcrm_5436421000135230533,5436421000056565475,Woodburn School District 103
zcrm_5436421000135226489,5436421000056565479,Warrenton-Hammond School District 30
zcrm_5436421000135227653,5436421000056565483,Umatilla School District 6
zcrm_5436421000135234669,5436421000056565487,Tigard-Tualatin School District 23J
zcrm_5436421000135218679,5436421000056565754,Sisters School District 6
zcrm_5436421000135218472,5436421000056565758,Sherman School District 1
zcrm_5436421000135225169,5436421000056565760,Seaside School District 10
zcrm_5436421000135206957,5436421000056565768,Reynolds School District 7
zcrm_5436421000135210517,5436421000056565773,Portland School District 1J
zcrm_5436421000135231509,5436421000056565786,Oregon City School District 62
zcrm_5436421000135218673,5436421000056565790,Nyssa School District 26
zcrm_5436421000135208563,5436421000056565791,North Powder School District 8J
zcrm_5436421000135234170,5436421000056565793,North Clackamas School District 12
zcrm_5436421000135224170,5436421000056565802,Molalla River School District 35
zcrm_5436421000135218469,5436421000056565803,Mitchell School District 55
zcrm_5436421000135220042,5436421000056565806,Medford School District 549
zcrm_5436421000135224448,5436421000056565807,McMinnville School District 40
zcrm_5436421000135216664,5436421000056565809,Marcola School District 79J
zcrm_5436421000135225165,5436421000056565811,Lowell School District 71
zcrm_5436421000135208455,5436421000056565813,Lincoln County School District
zcrm_5436421000135208955,5436421000056565814,Lebanon Community School District 9
zcrm_5436421000135204041,5436421000056565815,Lakeview School District 7
zcrm_5436421000135230668,5436421000056565822,Joseph School District 6
zcrm_5436421000135223450,5436421000056565829,Hood River County School District 1
zcrm_5436421000135231606,5436421000056565830,Hermiston School District 8
zcrm_5436421000135233023,5436421000056565841,Forest Grove School District 15
zcrm_5436421000135217941,5436421000056565843,Enterprise School District 21
zcrm_5436421000135233640,5436421000056565846,Eugene School District 4J
zcrm_5436421000135230979,5436421000056565847,Estacada School District 108
zcrm_5436421000135208558,5436421000056565849,Elgin School District 23
zcrm_5436421000135205084,5436421000056565865,Creswell School District 40
zcrm_5436421000135216662,5436421000056565868,Harney County School District 4
zcrm_5436421000135227512,5436421000056565877,Central Point School District 6
zcrm_5436421000135209975,5436421000056565879,Central School District 13J
zcrm_5436421000135220557,5436421000056565880,Centennial School District 28J
zcrm_5436421000135217609,5436421000056565888,Blachly School District 090
zcrm_5436421000135228984,5436421000056565889,Bethel School District 52
zcrm_5436421000135232996,5436421000056565894,Baker School District 5J
zcrm_5436421000135224654,5436421000056565898,Ashland School District 5
zcrm_5436421000135228160,5436421000056565911,Hillsboro School District 1J
zcrm_5436421000135215085,5436421000056565918,Falls City School District 57
zcrm_5436421000135216011,5436421000056565920,Fort Cobb-Broxton Schools
zcrm_5436421000135227624,5436421000056565924,Yukon Public Schools
zcrm_5436421000135205582,5436421000056565926,Yale Public Schools
zcrm_5436421000135218017,5436421000056565928,Wyandotte Public Schools
zcrm_5436421000135221034,5436421000056565930,Woodward Public Schools
zcrm_5436421000135222658,5436421000056565931,Woodall Public School
zcrm_5436421000135217459,5436421000056565932,Wister Public Schools
zcrm_5436421000135218117,5436421000056565936,Whitesboro Public Schools
zcrm_5436421000135203648,5436421000056565937,Whitefield Public School
zcrm_5436421000135200646,5436421000056565941,Westville Public Schools
zcrm_5436421000135224148,5436421000056565942,Western Heights Public Schools
zcrm_5436421000135218967,5436421000056565943,Wellston Public Schools
zcrm_5436421000135208506,5436421000056565946,Weatherford Public Schools
zcrm_5436421000135216961,5436421000056565949,Waukomis Public Schools
zcrm_5436421000135217041,5436421000056565951,Watonga Public Schools
zcrm_5436421000135205146,5436421000056565954,Wapanucka Public Schools
zcrm_5436421000135216134,5436421000056565955,Wanette Public Schools
zcrm_5436421000135215036,5436421000056565956,Walters Public Schools
zcrm_5436421000135208603,5436421000056565959,Vinita Public Schools
zcrm_5436421000135219000,5436421000056565966,Vanoss Public Schools
zcrm_5436421000135227956,5436421000056565969,Union Public Schools
zcrm_5436421000135216499,5436421000056565970,Tyrone Public Schools
zcrm_5436421000135216066,5436421000056565975,Turpin Public Schools
zcrm_5436421000135220104,5436421000056565979,Tulsa Public Schools
zcrm_5436421000135219561,5436421000056565985,Mountain View-Gotebo Schools
zcrm_5436421000135219164,5436421000056565989,Temple Public Schools
zcrm_5436421000135229953,5436421000056565990,Tecumseh Public Schools
zcrm_5436421000135216496,5436421000056566254,Stuart Public Schools
zcrm_5436421000135217443,5436421000056566256,Strother Public Schools
zcrm_5436421000135225980,5436421000056566262,Stillwater Public Schools
zcrm_5436421000135219659,5436421000056566265,Sterling Public Schools
zcrm_5436421000135218520,5436421000056566269,South Rock Creek Public School
zcrm_5436421000135217628,5436421000056566274,Silo Public Schools
zcrm_5436421000135202651,5436421000056566278,Shady Point Public School
zcrm_5436421000135219021,5436421000056566281,Sentinel Public Schools
zcrm_5436421000135211631,5436421000056566286,Sapulpa Public Schools
zcrm_5436421000135234009,5436421000056566287,Sand Springs Public Schools
zcrm_5436421000135231657,5436421000056566306,Caney Valley Public Schools
zcrm_5436421000135217533,5436421000056566307,Quinton Public Schools
zcrm_5436421000135230659,5436421000056566309,Putnam City Public Schools
zcrm_5436421000135229551,5436421000056566311,Pryor Public Schools
zcrm_5436421000135228535,5436421000056566314,Preston Public Schools
zcrm_5436421000135220034,5436421000056566327,Peggs Public School
zcrm_5436421000135217600,5436421000056566329,Pawnee Public Schools
zcrm_5436421000135216470,5436421000056566332,Paoli Public Schools
zcrm_5436421000135219531,5436421000056566335,Paden Public Schools
zcrm_5436421000135211679,5436421000056566336,Owasso Public Schools
zcrm_5436421000135219182,5436421000056566341,Lomega Public Schools
zcrm_5436421000135219587,5436421000056566342,Olive Public Schools
zcrm_5436421000135217659,5436421000056566344,Okeene Public Schools
zcrm_5436421000135217590,5436421000056566351,Nowata Public Schools
zcrm_5436421000135232062,5436421000056566354,Norman Public Schools
zcrm_5436421000135217476,5436421000056566356,Ninnekah Public Schools
zcrm_5436421000135215992,5436421000056566359,Navajo Public Schools
zcrm_5436421000135219614,5436421000056566362,Mulhall-Orlando Public Schools
zcrm_5436421000135222626,5436421000056566363,Muldrow Public Schools
zcrm_5436421000135216622,5436421000056566366,Moseley Public School
zcrm_5436421000135219487,5436421000056566367,Morrison Public Schools
zcrm_5436421000135219026,5436421000056566369,Moore Public Schools
zcrm_5436421000135217948,5436421000056566372,Minco Public Schools
zcrm_5436421000135216569,5436421000056566373,Millwood Public Schools
zcrm_5436421000135216575,5436421000056566375,Milburn Public Schools
zcrm_5436421000135211095,5436421000056566376,Midwest City-Del City Schools
zcrm_5436421000135211638,5436421000056566378,Miami Public Schools
zcrm_5436421000135202127,5436421000056566380,Meeker Public Schools
zcrm_5436421000135219478,5436421000056566382,McCord Public School
zcrm_5436421000135221444,5436421000056566383,McAlester Public Schools
zcrm_5436421000135203439,5436421000056566388,Maryetta Public Schools
zcrm_5436421000135206988,5436421000056566389,Marlow Public Schools
zcrm_5436421000135216568,5436421000056566397,Macomb Public Schools
zcrm_5436421000135217614,5436421000056566410,Lexington Public Schools
zcrm_5436421000135219631,5436421000056566411,Leedey Public Schools
zcrm_5436421000135210065,5436421000056566414,Lawton Public Schools
zcrm_5436421000135216978,5436421000056566415,Laverne Public Schools
zcrm_5436421000135202079,5436421000056566420,Krebs Public School
zcrm_5436421000135217184,5436421000056566421,Konawa Public Schools
zcrm_5436421000135230506,5436421000056566425,Kingfisher Public Schools
zcrm_5436421000135215044,5436421000056566429,Keota Public Schools
zcrm_5436421000135211055,5436421000056566436,Jenks Public Schools
zcrm_5436421000135217051,5436421000056566438,Inola Public Schools
zcrm_5436421000135218593,5436421000056566442,Hulbert Public Schools
zcrm_5436421000135207077,5436421000056566443,Hugo Public Schools
zcrm_5436421000135206664,5436421000056566444,Howe Public Schools
zcrm_5436421000135205664,5436421000056566453,Hinton Public Schools
zcrm_5436421000135206953,5436421000056566457,Heavener Public Schools
zcrm_5436421000135204084,5436421000056566462,Hartshorne Public Schools
zcrm_5436421000135216629,5436421000056566465,Hardesty Public Schools
zcrm_5436421000135217532,5436421000056566466,Hanna Public Schools
zcrm_5436421000135220036,5436421000056566468,Gypsy Public School
zcrm_5436421000135235035,5436421000056566470,Guthrie Public Schools
zcrm_5436421000135219667,5436421000056566475,Grand View Public School
zcrm_5436421000135217056,5436421000056566476,Grandfield Public Schools
zcrm_5436421000135217058,5436421000056566477,Gracemont Public Schools
zcrm_5436421000135217173,5436421000056566481,Glencoe Public Schools
zcrm_5436421000135218004,5436421000056566484,Garber Public Schools
zcrm_5436421000135218948,5436421000056566485,Gans Public Schools
zcrm_5436421000135218978,5436421000056566488,Friend Public School
zcrm_5436421000135216999,5436421000056566494,Fort Gibson Public Schools
zcrm_5436421000135217177,5436421000056566497,Flower Mound Public School
zcrm_5436421000135217576,5436421000056566498,Fletcher Public Schools
zcrm_5436421000135218139,5436421000056566760,Fairland Public Schools
zcrm_5436421000135219504,5436421000056566762,Erick Public Schools
zcrm_5436421000135223444,5436421000056566766,Elk City Public Schools
zcrm_5436421000135226097,5436421000056566768,El Reno Public Schools
zcrm_5436421000135219653,5436421000056566769,Edmond Public Schools
zcrm_5436421000135229653,5436421000056566771,Earlsboro Public Schools
zcrm_5436421000135216175,5436421000056566772,Eagletown Public Schools
zcrm_5436421000135231527,5436421000056566773,Durant Public Schools
zcrm_5436421000135217985,5436421000056566777,Drummond Public Schools
zcrm_5436421000135229973,5436421000056566778,Dover Public Schools
zcrm_5436421000135211507,5436421000056566780,Dibble Public Schools
zcrm_5436421000135216112,5436421000056566789,Dale Public Schools
zcrm_5436421000135215985,5436421000056566790,Dahlonegah Public School
zcrm_5436421000135217977,5436421000056566791,Cyril Public Schools
zcrm_5436421000135202462,5436421000056566803,Commerce Public Schools
zcrm_5436421000135209502,5436421000056566805,Collinsville Public Schools
zcrm_5436421000135218568,5436421000056566811,Cleora Public School
zcrm_5436421000135203972,5436421000056566812,Clayton Public Schools
zcrm_5436421000135222631,5436421000056566814,Cimarron Public Schools
zcrm_5436421000135211683,5436421000056566816,Choctaw-Nicoma Park Schools
zcrm_5436421000135231649,5436421000056566817,Chickasha Public Schools
zcrm_5436421000135217154,5436421000056566819,Cherokee Public Schools
zcrm_5436421000135218567,5436421000056566825,Central Public Schools
zcrm_5436421000135216556,5436421000056566827,Cave Springs Public Schools
zcrm_5436421000135223131,5436421000056566828,Catoosa Public Schools
zcrm_5436421000135219988,5436421000056566831,Carnegie Public Schools
zcrm_5436421000135218001,5436421000056566835,Canadian Public Schools
zcrm_5436421000135216122,5436421000056566839,Calera Public Schools
zcrm_5436421000135228001,5436421000056566840,Caddo Public Schools
zcrm_5436421000135221609,5436421000056566841,Cache Public Schools
zcrm_5436421000135218946,5436421000056566844,Burlington Public Schools
zcrm_5436421000135202939,5436421000056566848,Broken Bow Public Schools
zcrm_5436421000135202155,5436421000056566852,Bray-Doyle Public Schools
zcrm_5436421000135219517,5436421000056566853,Braggs Public Schools
zcrm_5436421000135217947,5436421000056566856,Boswell Public Schools
zcrm_5436421000135218944,5436421000056566867,Big Pasture Public Schools
zcrm_5436421000135227681,5436421000056566869,Bethany Public Schools
zcrm_5436421000135206477,5436421000056566871,Bennington Public Schools
zcrm_5436421000135218516,5436421000056566876,Battiest Public Schools
zcrm_5436421000135216976,5436421000056566878,Banner Public School
zcrm_5436421000135218992,5436421000056566883,Arkoma Public Schools
zcrm_5436421000135226439,5436421000056566890,Altus Public Schools
zcrm_5436421000135201493,5436421000056566892,Allen Public Schools
zcrm_5436421000135208113,5436421000056566894,Alex Public Schools
zcrm_5436421000135204516,5436421000056566896,Agra Public Schools
zcrm_5436421000135206999,5436421000056566897,Afton Public Schools
zcrm_5436421000135209628,5436421000056566899,Ada Public Schools
zcrm_5436421000135226517,5436421000056566901,North Rock Creek Public School
zcrm_5436421000135217687,5436421000056566903,Olustee-Eldorado Public Schools
zcrm_5436421000135206145,5436421000056566906,Frontier Public Schools
zcrm_5436421000135216504,5436421000056566907,Thomas-Fay-Custer Unified Schools
zcrm_5436421000135222550,5436421000056566908,Burns Flat-Dill City Schools
zcrm_5436421000135225488,5436421000056566921,Bedford City School District
zcrm_5436421000135204680,5436421000056566926,Mount Vernon City School District
zcrm_5436421000135220050,5436421000056566927,Miami Trace Local School District
zcrm_5436421000135204079,5436421000056566929,Crestline Exempted Village School District
zcrm_5436421000135230612,5436421000056566931,Salem City School District
zcrm_5436421000135227686,5436421000056566932,Jackson Center Local School District
zcrm_5436421000135210681,5436421000056566934,Arcadia Local School District
zcrm_5436421000135223510,5436421000056566937,Gallia County Local School District
zcrm_5436421000135206052,5436421000056566939,Adams County/Ohio Valley Local School District
zcrm_5436421000135231945,5436421000056566941,Otsego Local School District
zcrm_5436421000135206617,5436421000056566942,Northwood Local School District
zcrm_5436421000135228982,5436421000056566945,Elmwood Local School District
zcrm_5436421000135226059,5436421000056566947,Stryker Local School District
zcrm_5436421000135229512,5436421000056566948,North Central Local School District
zcrm_5436421000135224520,5436421000056566957,Chippewa Local School District
zcrm_5436421000135227981,5436421000056566958,Wolf Creek Local School District
zcrm_5436421000135220560,5436421000056566960,Fort Frye Local School District
zcrm_5436421000135225538,5436421000056566962,Carlisle Local School District
zcrm_5436421000135227510,5436421000056566967,Indian Valley Local School District
zcrm_5436421000135214581,5436421000056566968,Garaway Local School District
zcrm_5436421000135221596,5436421000056566969,Weathersfield Local School District
zcrm_5436421000135219490,5436421000056566971,Southington Local School District
zcrm_5436421000135216506,5436421000056566973,Maplewood Local School District
zcrm_5436421000135214986,5436421000056566982,Bristol Local School District
zcrm_5436421000135201461,5436421000056566983,Bloomfield-Mespo Local School District
zcrm_5436421000135222647,5436421000056566985,Springfield Local School District
zcrm_5436421000135212595,5436421000056566987,Nordonia Hills City School District
zcrm_5436421000135233017,5436421000056566988,Mogadore Local School District
zcrm_5436421000135215454,5436421000056566989,Hudson City School District
zcrm_5436421000135220603,5436421000056566992,Coventry Local School District
zcrm_5436421000135220597,5436421000056566993,Copley-Fairlawn City School District
zcrm_5436421000135220512,5436421000056566994,Woodridge Local School District
zcrm_5436421000135225503,5436421000056566997,Plain Local School District
zcrm_5436421000135213477,5436421000056566998,Perry Local School District
zcrm_5436421000135213445,5436421000056567002,Marlington Local School District
zcrm_5436421000135209161,5436421000056567004,Jackson Local School District
zcrm_5436421000135220106,5436421000056567006,Canton Local School District
zcrm_5436421000135206684,5436421000056567008,Hardin-Houston Local School District
zcrm_5436421000135214671,5436421000056567268,Botkins Local School District
zcrm_5436421000135209031,5436421000056567272,Wheelersburg Local School District
zcrm_5436421000135203053,5436421000056567273,Washington-Nile Local School District
zcrm_5436421000135225622,5436421000056567274,Northwest Local School District
zcrm_5436421000135229582,5436421000056567275,Minford Local School District
zcrm_5436421000135202601,5436421000056567276,Green Local School District
zcrm_5436421000135227669,5436421000056567277,Bloom-Vernon Local School District
zcrm_5436421000135223679,5436421000056567278,Woodmore Local School District
zcrm_5436421000135223075,5436421000056567279,Lakota Local School District
zcrm_5436421000135226485,5436421000056567288,Lexington Local School District
zcrm_5436421000135232534,5436421000056567293,Miller City-New Cleveland Local School District
zcrm_5436421000135218477,5436421000056567296,Jennings Local School District
zcrm_5436421000135211150,5436421000056567299,Waterloo Local School District
zcrm_5436421000135221990,5436421000056567300,Streetsboro City School District
zcrm_5436421000135203447,5436421000056567303,James A. Garfield Local School District
zcrm_5436421000135213537,5436421000056567305,Crestwood Local School District
zcrm_5436421000135213169,5436421000056567306,Aurora City School District
zcrm_5436421000135233070,5436421000056567307,Western Local School District
zcrm_5436421000135223138,5436421000056567311,Westfall Local School District
zcrm_5436421000135228044,5436421000056567312,Teays Valley Local School District
zcrm_5436421000135220592,5436421000056567314,Southern Local School District
zcrm_5436421000135221598,5436421000056567316,Wayne Trace Local School District
zcrm_5436421000135200997,5436421000056567322,Danbury Local School District
zcrm_5436421000135210537,5436421000056567326,Maysville Local School District
zcrm_5436421000135203964,5436421000056567327,Franklin Local School District
zcrm_5436421000135202080,5436421000056567332,Morgan Local School District
zcrm_5436421000135216621,5436421000056567338,Newton Local School District
zcrm_5436421000135203587,5436421000056567343,Black River Local School District
zcrm_5436421000135233155,5436421000056567354,Lowellville Local School District
zcrm_5436421000135206081,5436421000056567355,Jackson-Milton Local School District
zcrm_5436421000135225031,5436421000056567357,Boardman Local School District
zcrm_5436421000135213042,5436421000056567358,Austintown Local School District
zcrm_5436421000135219035,5436421000056567359,Madison-Plains Local School District
zcrm_5436421000135220678,5436421000056567360,Jefferson Local School District
zcrm_5436421000135232531,5436421000056567365,Midview Local School District
zcrm_5436421000135221957,5436421000056567366,Keystone Local School District
zcrm_5436421000135225462,5436421000056567368,Columbia Local School District
zcrm_5436421000135203046,5436421000056567370,Avon Lake City School District
zcrm_5436421000135213459,5436421000056567371,Avon Local School District
zcrm_5436421000135213180,5436421000056567379,Licking Heights Local School District
zcrm_5436421000135225581,5436421000056567380,Lakewood Local School District
zcrm_5436421000135222619,5436421000056567382,Symmes Valley Local School District
zcrm_5436421000135215442,5436421000056567388,Madison Local School District
zcrm_5436421000135226942,5436421000056567389,Kirtland Local School District
zcrm_5436421000135202639,5436421000056567391,Danville Local School District
zcrm_5436421000135206654,5436421000056567395,Buckeye Local School District
zcrm_5436421000135211521,5436421000056567397,Western Reserve Local School District
zcrm_5436421000135225026,5436421000056567399,New London Local School District
zcrm_5436421000135223590,5436421000056567402,East Holmes Local School District
zcrm_5436421000135209990,5436421000056567403,Lynchburg-Clay Local School District
zcrm_5436421000135221505,5436421000056567407,Liberty Center Local School District
zcrm_5436421000135216038,5436421000056567408,Holgate Local School District
zcrm_5436421000135206075,5436421000056567409,Conotton Valley Union Local School District
zcrm_5436421000135202957,5436421000056567410,Upper Scioto Valley Local School District
zcrm_5436421000135233564,5436421000056567412,Hardin Northern Local School District
zcrm_5436421000135224955,5436421000056567415,Liberty-Benton Local School District
zcrm_5436421000135225093,5436421000056567422,West Geauga Local School District
zcrm_5436421000135230591,5436421000056567423,Kenston Local School District
zcrm_5436421000135212538,5436421000056567425,Cardinal Local School District
zcrm_5436421000135220571,5436421000056567426,Berkshire Local School District
zcrm_5436421000135202461,5436421000056567430,Fayette Local School District
zcrm_5436421000135206157,5436421000056567431,Evergreen Local School District
zcrm_5436421000135223119,5436421000056567438,Bloom-Carroll Local School District
zcrm_5436421000135232484,5436421000056567441,Perkins Local School District
zcrm_5436421000135220974,5436421000056567444,Edison Local Schools
zcrm_5436421000135212033,5436421000056567445,Olentangy Local School District
zcrm_5436421000135217969,5436421000056567453,Franklin Monroe Local School District
zcrm_5436421000135214086,5436421000056567455,Solon City School District
zcrm_5436421000135213138,5436421000056567463,United Local School District
zcrm_5436421000135226029,5436421000056567464,Southern Local School District
zcrm_5436421000135208151,5436421000056567465,Crestview Local School District
zcrm_5436421000135228126,5436421000056567467,Blanchester Local School District
zcrm_5436421000135220173,5436421000056567468,Felicity-Franklin Local School District
zcrm_5436421000135206653,5436421000056567469,Clermont Northeastern Local School District
zcrm_5436421000135203636,5436421000056567470,Clark-Shawnee Local School District
zcrm_5436421000135224156,5436421000056567472,Northwestern Local School District
zcrm_5436421000135213550,5436421000056567473,Northeastern Local School District
zcrm_5436421000135232537,5436421000056567474,Greenon Local School District
zcrm_5436421000135215568,5436421000056567475,West Liberty-Salem Local School District
zcrm_5436421000135220010,5436421000056567478,Brown Local School District
zcrm_5436421000135233500,5436421000056567479,New Miami Local School District
zcrm_5436421000135224543,5436421000056567481,Western Brown Local School District
zcrm_5436421000135204938,5436421000056567482,Fayetteville-Perry Local School District
zcrm_5436421000135223683,5436421000056567486,St. Clairsville-Richland City School District
zcrm_5436421000135216100,5436421000056567487,Waynesfield-Goshen Local School District
zcrm_5436421000135220494,5436421000056567491,Trimble Local School District
zcrm_5436421000135222521,5436421000056567492,Federal Hocking Local School District
zcrm_5436421000135223155,5436421000056567493,Alexander Local School District
zcrm_5436421000135221658,5436421000056567497,Buckeye Local School District
zcrm_5436421000135202527,5436421000056567499,Hillsdale Local School District
zcrm_5436421000135230587,5436421000056567503,Elida Local School District
zcrm_5436421000135205984,5436421000056567504,Bath Local School District
zcrm_5436421000135231155,5436421000056567505,Allen East Local School District
zcrm_5436421000135230034,5436421000056567508,Wellington Exempted Village School District
zcrm_5436421000135232021,5436421000056567511,Perrysburg Exempted Village School District
zcrm_5436421000135221985,5436421000056567515,Mount Gilead Exempted Village School District
zcrm_5436421000135235129,5436421000056567773,Montpelier Exempted Village School District
zcrm_5436421000135212949,5436421000056567779,Indian Hill Exempted Village School District
zcrm_5436421000135211463,5436421000056567780,Hubbard Exempted Village School District
zcrm_5436421000135225540,5436421000056567782,Greenfield Exempted Village School District
zcrm_5436421000135214471,5436421000056567784,Gibsonburg Exempted Village School District
zcrm_5436421000135213003,5436421000056567789,Chagrin Falls Exempted Village School District
zcrm_5436421000135205998,5436421000056567792,Caldwell Exempted Village School District
zcrm_5436421000135202574,5436421000056567799,Ada Exempted Village School District
zcrm_5436421000135227483,5436421000056567800,Zanesville City School District
zcrm_5436421000135223096,5436421000056567804,Wilmington City School District
zcrm_5436421000135212972,5436421000056567805,Willoughby-Eastlake City School District
zcrm_5436421000135232063,5436421000056567809,West Carrollton City School District
zcrm_5436421000135229163,5436421000056567810,Wellsville Local School District
zcrm_5436421000135212632,5436421000056567812,Warrensville Heights City School District
zcrm_5436421000135213584,5436421000056567816,Troy City School District
zcrm_5436421000135225107,5436421000056567817,Toronto City School District
zcrm_5436421000135234026,5436421000056567818,Toledo City School District
zcrm_5436421000135220661,5436421000056567819,Tiffin City School District
zcrm_5436421000135230498,5436421000056567821,Sylvania City School District
zcrm_5436421000135228146,5436421000056567822,Sycamore Community City School District
zcrm_5436421000135227159,5436421000056567823,Struthers City School District
zcrm_5436421000135208992,5436421000056567827,South Euclid-Lyndhurst City School District
zcrm_5436421000135214962,5436421000056567829,Shaker Heights City School District
zcrm_5436421000135227628,5436421000056567831,St. Marys City School District
zcrm_5436421000135211438,5436421000056567833,Rocky River City School District
zcrm_5436421000135221545,5436421000056567834,Reading Community City School District
zcrm_5436421000135227074,5436421000056567837,Orrville City School District
zcrm_5436421000135213552,5436421000056567839,Norwalk City School District
zcrm_5436421000135213545,5436421000056567841,North Royalton City School District
zcrm_5436421000135220572,5436421000056567846,New Lexington City School District
zcrm_5436421000135225971,5436421000056567848,Newark City School District
zcrm_5436421000135215463,5436421000056567852,Mayfield City School District
zcrm_5436421000135227987,5436421000056567854,Massillon City School District
zcrm_5436421000135224140,5436421000056567855,Martins Ferry City School District
zcrm_5436421000135227675,5436421000056567857,Mariemont City School District
zcrm_5436421000135220170,5436421000056567858,Maple Heights City School District
zcrm_5436421000135228974,5436421000056567859,Mansfield City School District
zcrm_5436421000135220510,5436421000056567860,Lorain City School District
zcrm_5436421000135228051,5436421000056567861,London City School District
zcrm_5436421000135202086,5436421000056567862,Logan-Hocking Local School District
zcrm_5436421000135201127,5436421000056567863,Lima City School District
zcrm_5436421000135200046,5436421000056567869,Huron City School District
zcrm_5436421000135218108,5436421000056567870,Hillsboro City School District
zcrm_5436421000135217504,5436421000056567871,Heath City School District
zcrm_5436421000135227679,5436421000056567873,Greenville City School District
zcrm_5436421000135224144,5436421000056567877,Geneva Area City School District
zcrm_5436421000135208022,5436421000056567878,Garfield Heights City School District
zcrm_5436421000135230607,5436421000056567886,Euclid City School District
zcrm_5436421000135233604,5436421000056567887,Elyria City School District
zcrm_5436421000135207019,5436421000056567891,Delphos City School District
zcrm_5436421000135212515,5436421000056567895,Conneaut Area City School District
zcrm_5436421000135222130,5436421000056567900,Campbell City School District
zcrm_5436421000135221515,5436421000056567901,Cambridge City School District
zcrm_5436421000135205003,5436421000056567904,Brunswick City School District
zcrm_5436421000135213456,5436421000056567905,Brooklyn City School District
zcrm_5436421000135213534,5436421000056567906,Brecksville-Broadview Heights City School District
zcrm_5436421000135213122,5436421000056567909,Berea City School District
zcrm_5436421000135214622,5436421000056567910,Bellevue City School District
zcrm_5436421000135213034,5436421000056567913,Beachwood City School District
zcrm_5436421000135222453,5436421000056567918,Ashland City School District
zcrm_5436421000135215589,5436421000056567920,Akron Public Schools
zcrm_5436421000135213444,5436421000056567922,Monroe Local School District
zcrm_5436421000135215649,5436421000056567926,Wishek Public School District 19
zcrm_5436421000135218479,5436421000056567927,Wing Public School District 28
zcrm_5436421000135219031,5436421000056567928,White Shield School District
zcrm_5436421000135220044,5436421000056567930,West Fargo Public School District 6
zcrm_5436421000135218092,5436421000056567931,Washburn Public School District 4
zcrm_5436421000135218597,5436421000056567932,Warwick Public School District 29
zcrm_5436421000135216472,5436421000056567933,Wahpeton Public School District 37
zcrm_5436421000135208045,5436421000056567934,Valley City Public School District 2
zcrm_5436421000135217465,5436421000056567936,Underwood Public School District 8
zcrm_5436421000135219171,5436421000056567938,Turtle Lake-Mercer Public School District 72
zcrm_5436421000135217146,5436421000056567939,Thompson Public School District 61
zcrm_5436421000135218571,5436421000056567941,Surrey Public School District 41
zcrm_5436421000135217678,5436421000056567943,Starkweather Public School District 44
zcrm_5436421000135219611,5436421000056567944,Stanley Public School District 2
zcrm_5436421000135217039,5436421000056567945,St. John Public School District 3
zcrm_5436421000135218505,5436421000056567946,South Prairie Public School District 70
zcrm_5436421000135216028,5436421000056567947,South Heart Public School District 9
zcrm_5436421000135215115,5436421000056567950,Selfridge Public School District 8
zcrm_5436421000135217181,5436421000056567951,Sawyer Public School District 16
zcrm_5436421000135218135,5436421000056567952,Sargent Central Public School District 6
zcrm_5436421000135216448,5436421000056567956,Pingree-Buchanan Public School District 10
zcrm_5436421000135216000,5436421000056567958,Oberon Public School District 16
zcrm_5436421000135205040,5436421000056567959,Oakes Public School District 41
zcrm_5436421000135216610,5436421000056567960,Northwood Public School District 129
zcrm_5436421000135229082,5436421000056567962,Nesson Public School District 2
zcrm_5436421000135231956,5436421000056567965,Munich Public School District 19
zcrm_5436421000135219023,5436421000056567969,Minto Public School District 20
zcrm_5436421000135233107,5436421000056567971,Minnewaukan Public School District 5
zcrm_5436421000135216487,5436421000056567972,Milnor Public School District 2
zcrm_5436421000135215667,5436421000056567974,Medina Public School District 3
zcrm_5436421000135211501,5436421000056567975,McKenzie County Public School District 1
zcrm_5436421000135216985,5436421000056567977,Max Public School District 50
zcrm_5436421000135223080,5436421000056567979,Mapleton Public School District 7
zcrm_5436421000135200064,5436421000056567980,Maple Valley Public School District 4
zcrm_5436421000135217155,5436421000056567981,Manvel Public School District 125
zcrm_5436421000135227940,5436421000056567983,Mandan Public School District 1
zcrm_5436421000135219077,5436421000056567984,Maddock Public School District 9
zcrm_5436421000135216527,5436421000056567987,Lisbon Public School District 19
zcrm_5436421000135219184,5436421000056567990,Larimore Public School District 44
zcrm_5436421000135217153,5436421000056567991,Langdon-Milton-Osnabrock School District 23
zcrm_5436421000135216047,5436421000056567994,Kulm Public School District 7
zcrm_5436421000135216533,5436421000056567997,Kenmare Public School District 28
zcrm_5436421000135218603,5436421000056568002,Hazelton-Moffit-Braddock Public School District 6
zcrm_5436421000135216520,5436421000056568003,Hatton Public School District 7
zcrm_5436421000135216481,5436421000056568005,Hankinson Public School District 8
zcrm_5436421000135219008,5436421000056568007,Grenora Public School District 99
zcrm_5436421000135204088,5436421000056568008,Grand Forks Public School District 1
zcrm_5436421000135232150,5436421000056568013,Fort Yates Public School District 4
zcrm_5436421000135218136,5436421000056568016,Finley-Sharon Public School District 19
zcrm_5436421000135217971,5436421000056568017,Fairmount Public School District 18
zcrm_5436421000135234678,5436421000056568018,Emerado Public School District 127
zcrm_5436421000135216619,5436421000056568019,Belfield Public School District 13
zcrm_5436421000135216439,5436421000056568021,Eightmile Public School District 6
zcrm_5436421000135217655,5436421000056568283,Drayton Public School District 19
zcrm_5436421000135232472,5436421000056568285,Devils Lake Public School District 1
zcrm_5436421000135234459,5436421000056568289,Burke Central Public School District 36
zcrm_5436421000135218480,5436421000056568292,Bottineau Public School District 1
zcrm_5436421000135217472,5436421000056568298,Apple Creek Public School District 39
zcrm_5436421000135217010,5436421000056568300,Alexander Public School District 2
zcrm_5436421000135232503,5436421000056568302,Grafton Public School District 18
zcrm_5436421000135232987,5436421000056568303,Williston Basin School District 7
zcrm_5436421000135229099,5436421000056568304,Hope-Page Public School District 85
zcrm_5436421000135219175,5436421000056568306,Valley-Edinburg Public School District 118
zcrm_5436421000135215108,5436421000056568307,New Salem-Almont School District
zcrm_5436421000135218180,5436421000056568310,Enderlin Area Public School District 24
zcrm_5436421000135219179,5436421000056568311,Barnes County North Public School District 7
zcrm_5436421000135222664,5436421000056568312,New Rockford-Sheyenne Public School District 2
zcrm_5436421000135216098,5436421000056568314,Litchville-Marion Public School District 46
zcrm_5436421000135217529,5436421000056568316,North Border School District 100
zcrm_5436421000135219585,5436421000056568318,Center-Stanton Public School District 1
zcrm_5436421000135216133,5436421000056568320,Mohall-Lansford-Sherwood Public School District 1
zcrm_5436421000135216145,5436421000056568321,Fessenden-Bowdon Public School District 25
zcrm_5436421000135219186,5436421000056568322,Richardton-Taylor Public School District 34
zcrm_5436421000135216099,5436421000056568323,Towner-Granville-Upham Public School District 60
zcrm_5436421000135217453,5436421000056568324,Mott-Regent Public School District 1
zcrm_5436421000135219495,5436421000056568325,Elgin-New Leipzig Public School District 49
zcrm_5436421000135219574,5436421000056568328,Midkota Public School District 7
zcrm_5436421000135216054,5436421000056568330,Dakota Prairie Public School District 1
zcrm_5436421000135234000,5436421000056568332,Dickinson Public School District 1
zcrm_5436421000135217031,5436421000056568337,Drake Public School District 57
zcrm_5436421000135219483,5436421000056568339,Kindred Public School District 2
zcrm_5436421000135216608,5436421000056568340,Powers Lake Public School District 27
zcrm_5436421000135216519,5436421000056568341,Scranton Public School District 33
zcrm_5436421000135208035,5436421000056568342,Jamestown Public School District 1
zcrm_5436421000135215637,5436421000056568343,Cavalier Public School District 6
zcrm_5436421000135218609,5436421000056568344,Linton Public School District 36
zcrm_5436421000135209076,5436421000056568347,Bismarck Public School District 1
zcrm_5436421000135233970,5436421000056568372,Robeson County Schools
zcrm_5436421000135213968,5436421000056568385,Newton-Conover City Schools
zcrm_5436421000135210538,5436421000056568387,Craven County Schools
zcrm_5436421000135232669,5436421000056568390,Mooresville City Schools
zcrm_5436421000135215058,5436421000056568400,Lenoir County Schools
zcrm_5436421000135200113,5436421000056568404,Johnston County Schools
zcrm_5436421000135233466,5436421000056568420,Forsyth County Schools
zcrm_5436421000135229020,5436421000056568435,Chapel Hill-Carrboro Schools
zcrm_5436421000135231634,5436421000056564389,Clarendon County School District
zcrm_5436421000135233093,5436421000056564392,Orangeburg County School District
zcrm_5436421000135225071,5436421000056564393,Marion School District 10
zcrm_5436421000135232603,5436421000056564394,Sumter County Consolidated School District
zcrm_5436421000135232657,5436421000056564395,York School District 4
zcrm_5436421000135234063,5436421000056564396,York School District 3
zcrm_5436421000135208480,5436421000056564397,York School District 2
zcrm_5436421000135230508,5436421000056564398,York School District 1
zcrm_5436421000135222516,5436421000056564400,Union County School District
zcrm_5436421000135231946,5436421000056564401,Spartanburg School District 7
zcrm_5436421000135210674,5436421000056564402,Spartanburg School District 5
zcrm_5436421000135226547,5436421000056564403,Spartanburg School District 4
zcrm_5436421000135233133,5436421000056564404,Spartanburg School District 3
zcrm_5436421000135224015,5436421000056564405,Spartanburg School District 1
zcrm_5436421000135222065,5436421000056564406,Saluda County School District
zcrm_5436421000135212638,5436421000056564407,Richland School District 2
zcrm_5436421000135208553,5436421000056564408,Oconee County School District
zcrm_5436421000135225461,5436421000056564409,Newberry County School District
zcrm_5436421000135227990,5436421000056564411,Marlboro County School District
zcrm_5436421000135232957,5436421000056564412,School District Five of Lexington & Richland Counties
zcrm_5436421000135224999,5436421000056564413,Lexington School District 4
zcrm_5436421000135210996,5436421000056564415,Lexington School District 2
zcrm_5436421000135226939,5436421000056564417,Laurens School District 56
zcrm_5436421000135227583,5436421000056564418,Laurens School District 55
zcrm_5436421000135211450,5436421000056564419,Lancaster County School District
zcrm_5436421000135213480,5436421000056564420,Kershaw County School District
zcrm_5436421000135209173,5436421000056564421,Jasper County School District
zcrm_5436421000135230640,5436421000056564422,Horry County School District
zcrm_5436421000135221460,5436421000056564423,Greenwood School District 52
zcrm_5436421000135230605,5436421000056564425,Greenwood School District 50
zcrm_5436421000135228529,5436421000056564426,Georgetown County School District
zcrm_5436421000135221665,5436421000056564429,Florence School District 2
zcrm_5436421000135233040,5436421000056564430,Fairfield County School District
zcrm_5436421000135224586,5436421000056564431,Edgefield County School District
zcrm_5436421000135214143,5436421000056564432,Dorchester School District 2
zcrm_5436421000135235036,5436421000056564434,Dillon School District 4
zcrm_5436421000135232510,5436421000056564435,Darlington County School District
zcrm_5436421000135231091,5436421000056564436,Colleton County School District
zcrm_5436421000135220609,5436421000056564439,Charleston County School District
zcrm_5436421000135226011,5436421000056564440,Calhoun County School District
zcrm_5436421000135213992,5436421000056564441,Berkeley County School District
zcrm_5436421000135223963,5436421000056564442,Barnwell School District 45
zcrm_5436421000135233975,5436421000056564443,Anderson School District 5
zcrm_5436421000135219685,5436421000056564449,Aiken County School District
zcrm_5436421000135230584,5436421000056564451,Dorchester School District 4
zcrm_5436421000135215134,5436421000056564453,Westerly School District
zcrm_5436421000135211471,5436421000056564463,North Smithfield School District
zcrm_5436421000135215471,5436421000056564738,Cranston School District
zcrm_5436421000135215130,5436421000056564744,Barrington School District
zcrm_5436421000135207010,5436421000056564753,Wilkinsburg Borough School District
zcrm_5436421000135212971,5436421000056564764,West Mifflin Area School District
zcrm_5436421000135226985,5436421000056564766,West Jefferson Hills School District
zcrm_5436421000135212068,5436421000056564767,West Chester Area School District
zcrm_5436421000135202107,5436421000056564768,West Branch Area School District
zcrm_5436421000135225946,5436421000056564772,Waynesboro Area School District
zcrm_5436421000135204018,5436421000056564779,Wallingford-Swarthmore School District
zcrm_5436421000135228975,5436421000056564787,Upper Darby School District
zcrm_5436421000135219968,5436421000056564789,United School District
zcrm_5436421000135204159,5436421000056564791,Uniontown Area School District
zcrm_5436421000135208061,5436421000056564792,Union School District
zcrm_5436421000135205633,5436421000056564800,Tulpehocken Area School District
zcrm_5436421000135208185,5436421000056564820,Springfield Township School District
zcrm_5436421000135234966,5436421000056564822,Spring Grove Area School District
zcrm_5436421000135205570,5436421000056564826,Southmoreland School District
zcrm_5436421000135210076,5436421000056564827,Southeast Delco School District
zcrm_5436421000135206085,5436421000056564828,Southern York County School District
zcrm_5436421000135232649,5436421000056564829,Southern Tioga School District
zcrm_5436421000135213179,5436421000056564834,South Side Area School District
zcrm_5436421000135212621,5436421000056564842,Solanco School District
zcrm_5436421000135207083,5436421000056564861,Salisbury Township School District
zcrm_5436421000135228986,5436421000056564864,Rose Tree Media School District
zcrm_5436421000135222507,5436421000056564868,Ringgold School District
zcrm_5436421000135234520,5436421000056564874,Red Lion Area School District
zcrm_5436421000135234561,5436421000056564875,Reading School District
zcrm_5436421000135211122,5436421000056564878,Quaker Valley School District
zcrm_5436421000135223170,5436421000056564880,Punxsutawney Area School District
zcrm_5436421000135227181,5436421000056564884,Portage Area School District
zcrm_5436421000135209123,5436421000056564888,Pleasant Valley School District
zcrm_5436421000135209561,5436421000056564890,Pittsburgh School District
zcrm_5436421000135234655,5436421000056564891,Pine Grove Area School District
zcrm_5436421000135209614,5436421000056564892,Phoenixville Area School District
zcrm_5436421000135209598,5436421000056564895,Peters Township School District
zcrm_5436421000135230015,5436421000056564896,Perkiomen Valley School District
zcrm_5436421000135227534,5436421000056564903,Penn-Trafford School District
zcrm_5436421000135209532,5436421000056564905,Penn Hills School District
zcrm_5436421000135201164,5436421000056564906,Penn-Delco School District
zcrm_5436421000135229146,5436421000056564910,Palmyra Area School District
zcrm_5436421000135223644,5436421000056564912,Palisades School District
zcrm_5436421000135210097,5436421000056564914,Owen J. Roberts School District
zcrm_5436421000135204008,5436421000056564915,Otto-Eldred School District
zcrm_5436421000135214619,5436421000056564916,Oswayo Valley School District
zcrm_5436421000135229974,5436421000056564920,Octorara Area School District
zcrm_5436421000135230563,5436421000056564922,Northwestern School District
zcrm_5436421000135215685,5436421000056564925,Northgate School District
zcrm_5436421000135228145,5436421000056564926,Northern York County School District
zcrm_5436421000135218161,5436421000056564930,Northern Cambria School District
zcrm_5436421000135224483,5436421000056564936,North Pocono School District
zcrm_5436421000135225598,5436421000056564939,North East School District
zcrm_5436421000135209572,5436421000056564942,North Allegheny School District
zcrm_5436421000135218111,5436421000056564944,Newport School District
zcrm_5436421000135224940,5436421000056564946,New Castle Area School District
zcrm_5436421000135208645,5436421000056564948,Woodland Hills School District
zcrm_5436421000135227578,5436421000056564950,Neshaminy School District
zcrm_5436421000135210514,5436421000056564951,Nazareth Area School District
zcrm_5436421000135230118,5436421000056564954,Muhlenberg School District
zcrm_5436421000135207156,5436421000056564960,Moshannon Valley School District
zcrm_5436421000135226947,5436421000056564962,Moon Area School District
zcrm_5436421000135229062,5436421000056564970,Milton Area School District
zcrm_5436421000135210056,5436421000056564975,Midland Borough School District
zcrm_5436421000135223631,5436421000056564978,Mid Valley School District
zcrm_5436421000135227077,5436421000056565238,Mechanicsburg Area School District
zcrm_5436421000135216671,5436421000056565239,McKeesport Area School District
zcrm_5436421000135211024,5436421000056565240,McGuffey School District
zcrm_5436421000135209139,5436421000056565243,Marple Newtown School District
zcrm_5436421000135211459,5436421000056565247,Line Mountain School District
zcrm_5436421000135218519,5436421000056565249,Loyalsock Township School District
zcrm_5436421000135230594,5436421000056565254,Littlestown Area School District
zcrm_5436421000135217572,5436421000056565258,Lehighton Area School District
zcrm_5436421000135223027,5436421000056565260,Lebanon School District
zcrm_5436421000135232647,5436421000056565264,Lancaster School District
zcrm_5436421000135224986,5436421000056565265,Lampeter-Strasburg School District
zcrm_5436421000135217442,5436421000056565266,Lakeview School District
zcrm_5436421000135222943,5436421000056565268,Lake-Lehman School District
zcrm_5436421000135212077,5436421000056565275,Kennett Consolidated School District
zcrm_5436421000135215494,5436421000056565287,Indiana Area School District
zcrm_5436421000135215980,5436421000056565289,Hopewell Area School District
zcrm_5436421000135212127,5436421000056565295,Haverford Township School District
zcrm_5436421000135212531,5436421000056565301,Hanover Area School District
zcrm_5436421000135208509,5436421000056565303,Hamburg Area School District
zcrm_5436421000135210059,5436421000056565327,Fox Chapel Area School District
zcrm_5436421000135212941,5436421000056565329,Fort Cherry School District
zcrm_5436421000135204972,5436421000056565331,Forest City Regional School District
zcrm_5436421000135215587,5436421000056565335,Farrell Area School District
zcrm_5436421000135208097,5436421000056565341,Everett Area School District
zcrm_5436421000135211527,5436421000056565346,Elizabethtown Area School District
zcrm_5436421000135221101,5436421000056565347,Elizabeth Forward School District
zcrm_5436421000135213131,5436421000056565350,East Stroudsburg Area School District
zcrm_5436421000135212554,5436421000056565354,Eastern Lebanon County School District
zcrm_5436421000135212512,5436421000056565359,Downingtown Area School District
zcrm_5436421000135209166,5436421000056565361,Derry Township School District
zcrm_5436421000135210506,5436421000056565363,Delaware Valley School District
zcrm_5436421000135216161,5436421000056565364,Danville Area School District
zcrm_5436421000135214547,5436421000056565368,Cumberland Valley School District
zcrm_5436421000135212558,5436421000056565374,Cornwall-Lebanon School District
zcrm_5436421000135207524,5436421000056565378,Conneaut School District
zcrm_5436421000135208130,5436421000056565379,Conewago Valley School District
zcrm_5436421000135212484,5436421000056565386,Coatesville Area School District
zcrm_5436421000135200641,5436421000056565388,Claysburg-Kimmel School District
zcrm_5436421000135235064,5436421000056565390,Clairton City School District
zcrm_5436421000135227058,5436421000056565392,Chestnut Ridge School District
zcrm_5436421000135234946,5436421000056565393,Chester-Upland School District
zcrm_5436421000135206989,5436421000056565397,Charleroi School District
zcrm_5436421000135228070,5436421000056565399,Central York School District
zcrm_5436421000135232047,5436421000056565401,Central Dauphin School District
zcrm_5436421000135225014,5436421000056565403,Central Cambria School District
zcrm_5436421000135216613,5436421000056565407,Carlynton School District
zcrm_5436421000135234683,5436421000056565411,Canon-McMillan School District
zcrm_5436421000135204510,5436421000056565415,California Area School District
zcrm_5436421000135204513,5436421000056565422,Brentwood Borough School District
zcrm_5436421000135209026,5436421000056565424,Brownsville Area School District
zcrm_5436421000135202068,5436421000056565425,Brandywine Heights Area School District
zcrm_5436421000135210582,5436421000056565429,Blue Mountain School District
zcrm_5436421000135202487,5436421000056565436,Bethlehem-Center School District
zcrm_5436421000135222127,5436421000056565438,Bethel Park School District
zcrm_5436421000135212093,5436421000056565444,Bensalem Township School District
zcrm_5436421000135209081,5436421000056565446,Bellefonte Area School District
zcrm_5436421000135215977,5436421000056565448,Bedford Area School District
zcrm_5436421000135223566,5436421000056565451,Baldwin-Whitehall School District
zcrm_5436421000135215953,5436421000056565452,Bald Eagle Area School District
zcrm_5436421000135207557,5436421000056565453,Pine-Richland School District
zcrm_5436421000135224574,5436421000056565454,Avonworth School District
zcrm_5436421000135227480,5436421000056565455,Avon Grove School District
zcrm_5436421000135224948,5436421000056565458,Athens Area School District
zcrm_5436421000135214617,5436421000056565460,Apollo-Ridge School District
zcrm_5436421000135214582,5436421000056565462,Antietam School District
zcrm_5436421000135216442,5436421000056565463,Ambridge Area School District
zcrm_5436421000135222044,5436421000056565465,Altoona Area School District
zcrm_5436421000135210655,5436421000056565467,Allentown City School District
zcrm_5436421000135213160,5436421000056565468,Allegheny Valley School District
zcrm_5436421000135219136,5436421000056565469,Aliquippa School District
zcrm_5436421000135208076,5436421000056565473,Central Valley School District
zcrm_5436421000135227542,5436421000056565475,Woodburn School District 103
zcrm_5436421000135231464,5436421000056565786,Oregon City School District 62
zcrm_5436421000135207976,5436421000056565790,Nyssa School District 26
zcrm_5436421000135221174,5436421000056565802,Molalla River School District 35
zcrm_5436421000135221516,5436421000056565807,McMinnville School District 40
zcrm_5436421000135215057,5436421000056565809,Marcola School District 79J
zcrm_5436421000135223120,5436421000056565829,Hood River County School District 1
zcrm_5436421000135230534,5436421000056565830,Hermiston School District 8
zcrm_5436421000135228972,5436421000056565846,Eugene School District 4J
zcrm_5436421000135230570,5436421000056565847,Estacada School District 108
zcrm_5436421000135213671,5436421000056565868,Harney County School District 4
zcrm_5436421000135225482,5436421000056565877,Central Point School District 6
zcrm_5436421000135221086,5436421000056565898,Ashland School District 5
zcrm_5436421000135228149,5436421000056565911,Hillsboro School District 1J
zcrm_5436421000135225955,5436421000056565924,Yukon Public Schools
zcrm_5436421000135209653,5436421000056565942,Western Heights Public Schools
zcrm_5436421000135204976,5436421000056565946,Weatherford Public Schools
zcrm_5436421000135222652,5436421000056565950,Watts Public Schools
zcrm_5436421000135202173,5436421000056565959,Vinita Public Schools
zcrm_5436421000135218971,5436421000056565966,Vanoss Public Schools
zcrm_5436421000135227536,5436421000056565969,Union Public Schools
zcrm_5436421000135218466,5436421000056565979,Tulsa Public Schools
zcrm_5436421000135218068,5436421000056565985,Mountain View-Gotebo Schools
zcrm_5436421000135219029,5436421000056565989,Temple Public Schools
zcrm_5436421000135211572,5436421000056566252,Sweetwater Public Schools
zcrm_5436421000135201940,5436421000056566256,Strother Public Schools
zcrm_5436421000135223994,5436421000056566262,Stillwater Public Schools
zcrm_5436421000135215020,5436421000056566269,South Rock Creek Public School
zcrm_5436421000135227665,5436421000056566287,Sand Springs Public Schools
zcrm_5436421000135217592,5436421000056566306,Caney Valley Public Schools
zcrm_5436421000135215519,5436421000056566309,Putnam City Public Schools
zcrm_5436421000135220075,5436421000056566311,Pryor Public Schools
zcrm_5436421000135205178,5436421000056566334,Panama Public Schools
zcrm_5436421000135207670,5436421000056566336,Owasso Public Schools
zcrm_5436421000135218584,5436421000056566342,Olive Public Schools
zcrm_5436421000135217641,5436421000056566344,Okeene Public Schools
zcrm_5436421000135232031,5436421000056566354,Norman Public Schools
zcrm_5436421000135217113,5436421000056566356,Ninnekah Public Schools
zcrm_5436421000135219154,5436421000056566363,Muldrow Public Schools
zcrm_5436421000135215111,5436421000056566367,Morrison Public Schools
zcrm_5436421000135218961,5436421000056566369,Moore Public Schools
zcrm_5436421000135208567,5436421000056566373,Millwood Public Schools
zcrm_5436421000135215991,5436421000056566413,LeFlore Public Schools
zcrm_5436421000135205632,5436421000056566425,Kingfisher Public Schools
zcrm_5436421000135209989,5436421000056566436,Jenks Public Schools
zcrm_5436421000135216117,5436421000056566438,Inola Public Schools
zcrm_5436421000135218588,5436421000056566442,Hulbert Public Schools
zcrm_5436421000135205560,5436421000056566443,Hugo Public Schools
zcrm_5436421000135202136,5436421000056566444,Howe Public Schools
zcrm_5436421000135206979,5436421000056566477,Gracemont Public Schools
zcrm_5436421000135221973,5436421000056566768,El Reno Public Schools
zcrm_5436421000135213949,5436421000056566769,Edmond Public Schools
zcrm_5436421000135230081,5436421000056566773,Durant Public Schools
zcrm_5436421000135206667,5436421000056566777,Drummond Public Schools
zcrm_5436421000135217663,5436421000056566778,Dover Public Schools
zcrm_5436421000135222666,5436421000056566779,Dickson Public Schools
zcrm_5436421000135202126,5436421000056566789,Dale Public Schools
zcrm_5436421000135206662,5436421000056566805,Collinsville Public Schools
zcrm_5436421000135211490,5436421000056566816,Choctaw-Nicoma Park Schools
zcrm_5436421000135208507,5436421000056566828,Catoosa Public Schools
zcrm_5436421000135217555,5436421000056566840,Caddo Public Schools
zcrm_5436421000135202592,5436421000056566848,Broken Bow Public Schools
zcrm_5436421000135206503,5436421000056566853,Braggs Public Schools
zcrm_5436421000135218553,5436421000056566865,Bishop Public School
zcrm_5436421000135220650,5436421000056566869,Bethany Public Schools
zcrm_5436421000135225509,5436421000056566884,Ardmore Public Schools
zcrm_5436421000135221445,5436421000056566890,Altus Public Schools
zcrm_5436421000135204602,5436421000056566899,Ada Public Schools
zcrm_5436421000135217507,5436421000056566901,North Rock Creek Public School
zcrm_5436421000135204031,5436421000056566906,Frontier Public Schools
zcrm_5436421000135217677,5436421000056566908,Burns Flat-Dill City Schools
zcrm_5436421000135219947,5436421000056566921,Bedford City School District
zcrm_5436421000135223059,5436421000056566931,Salem City School District
zcrm_5436421000135215968,5436421000056566932,Jackson Center Local School District
zcrm_5436421000135216682,5436421000056566937,Gallia County Local School District
zcrm_5436421000135201638,5436421000056566939,Adams County/Ohio Valley Local School District
zcrm_5436421000135222092,5436421000056566945,Elmwood Local School District
zcrm_5436421000135218086,5436421000056566947,Stryker Local School District
zcrm_5436421000135220180,5436421000056566956,Dalton Local School District
zcrm_5436421000135204943,5436421000056566957,Chippewa Local School District
zcrm_5436421000135208570,5436421000056566960,Fort Frye Local School District
zcrm_5436421000135221633,5436421000056566962,Carlisle Local School District
zcrm_5436421000135200032,5436421000056566968,Garaway Local School District
zcrm_5436421000135217524,5436421000056566971,Southington Local School District
zcrm_5436421000135203545,5436421000056566985,Springfield Local School District
zcrm_5436421000135220528,5436421000056566993,Copley-Fairlawn City School District
zcrm_5436421000135213017,5436421000056566994,Woodridge Local School District
zcrm_5436421000135213451,5436421000056566997,Plain Local School District
zcrm_5436421000135223126,5436421000056567274,Northwest Local School District
zcrm_5436421000135218155,5436421000056567292,Ottoville Local School District
zcrm_5436421000135221558,5436421000056567293,Miller City-New Cleveland Local School District
zcrm_5436421000135221001,5436421000056567300,Streetsboro City School District
zcrm_5436421000135221499,5436421000056567307,Western Local School District
zcrm_5436421000135221165,5436421000056567311,Westfall Local School District
zcrm_5436421000135228023,5436421000056567312,Teays Valley Local School District
zcrm_5436421000135203963,5436421000056567327,Franklin Local School District
zcrm_5436421000135224536,5436421000056567357,Boardman Local School District
zcrm_5436421000135219032,5436421000056567359,Madison-Plains Local School District
zcrm_5436421000135229941,5436421000056567365,Midview Local School District
zcrm_5436421000135213051,5436421000056567366,Keystone Local School District
zcrm_5436421000135203045,5436421000056567370,Avon Lake City School District
zcrm_5436421000135223532,5436421000056567380,Lakewood Local School District
zcrm_5436421000135210580,5436421000056567382,Symmes Valley Local School District
zcrm_5436421000135215458,5436421000056567389,Kirtland Local School District
zcrm_5436421000135202513,5436421000056567395,Buckeye Local School District
zcrm_5436421000135227039,5436421000056567401,West Holmes Local School District
zcrm_5436421000135215672,5436421000056567408,Holgate Local School District
zcrm_5436421000135205035,5436421000056567409,Conotton Valley Union Local School District
zcrm_5436421000135202448,5436421000056567415,Liberty-Benton Local School District
zcrm_5436421000135213004,5436421000056567422,West Geauga Local School District
zcrm_5436421000135205159,5436421000056567426,Berkshire Local School District
zcrm_5436421000135222093,5436421000056567438,Bloom-Carroll Local School District
zcrm_5436421000135228502,5436421000056567441,Perkins Local School District
zcrm_5436421000135205575,5436421000056567453,Franklin Monroe Local School District
zcrm_5436421000135212593,5436421000056567455,Solon City School District
zcrm_5436421000135204604,5436421000056567468,Felicity-Franklin Local School District
zcrm_5436421000135222004,5436421000056567474,Greenon Local School District
zcrm_5436421000135221085,5436421000056567481,Western Brown Local School District
zcrm_5436421000135205947,5436421000056567493,Alexander Local School District
zcrm_5436421000135212645,5436421000056567497,Buckeye Local School District
zcrm_5436421000135226950,5436421000056567503,Elida Local School District
zcrm_5436421000135227556,5436421000056567508,Wellington Exempted Village School District
zcrm_5436421000135218522,5436421000056567515,Mount Gilead Exempted Village School District
zcrm_5436421000135205601,5436421000056567782,Greenfield Exempted Village School District
zcrm_5436421000135201086,5436421000056567789,Chagrin Falls Exempted Village School District
zcrm_5436421000135225470,5436421000056567800,Zanesville City School District
zcrm_5436421000135219040,5436421000056567804,Wilmington City School District
zcrm_5436421000135226129,5436421000056567810,Wellsville Local School District
zcrm_5436421000135208499,5436421000056567812,Warrensville Heights City School District
zcrm_5436421000135213136,5436421000056567816,Troy City School District
zcrm_5436421000135210991,5436421000056567818,Toledo City School District
zcrm_5436421000135229052,5436421000056567821,Sylvania City School District
zcrm_5436421000135228137,5436421000056567822,Sycamore Community City School District
zcrm_5436421000135212530,5436421000056567823,Struthers City School District
zcrm_5436421000135218011,5436421000056567831,St. Marys City School District
zcrm_5436421000135216638,5436421000056567834,Reading Community City School District
zcrm_5436421000135222117,5436421000056567857,Mariemont City School District
zcrm_5436421000135213007,5436421000056567858,Maple Heights City School District
zcrm_5436421000135213563,5436421000056567859,Mansfield City School District
zcrm_5436421000135210598,5436421000056567860,Lorain City School District
zcrm_5436421000135222458,5436421000056567861,London City School District
zcrm_5436421000135217475,5436421000056567870,Hillsboro City School District
zcrm_5436421000135225454,5436421000056567873,Greenville City School District
zcrm_5436421000135208139,5436421000056567877,Geneva Area City School District
zcrm_5436421000135230601,5436421000056567886,Euclid City School District
zcrm_5436421000135206457,5436421000056567888,East Palestine City School District
zcrm_5436421000135219952,5436421000056567901,Cambridge City School District
zcrm_5436421000135212441,5436421000056567906,Brecksville-Broadview Heights City School District
zcrm_5436421000135212982,5436421000056567910,Bellevue City School District
zcrm_5436421000135200049,5436421000056567913,Beachwood City School District
zcrm_5436421000135211456,5436421000056567922,Monroe Local School District
zcrm_5436421000135219015,5436421000056567928,White Shield School District
zcrm_5436421000135208581,5436421000056567930,West Fargo Public School District 6
zcrm_5436421000135216949,5436421000056567931,Washburn Public School District 4
zcrm_5436421000135208560,5436421000056567933,Wahpeton Public School District 37
zcrm_5436421000135216153,5436421000056567939,Thompson Public School District 61
zcrm_5436421000135216677,5436421000056567945,St. John Public School District 3
zcrm_5436421000135218091,5436421000056567946,South Prairie Public School District 70
zcrm_5436421000135216027,5436421000056567947,South Heart Public School District 9
zcrm_5436421000135205184,5436421000056567952,Sargent Central Public School District 6
zcrm_5436421000135219172,5436421000056567962,Nesson Public School District 2
zcrm_5436421000135232039,5436421000056567971,Minnewaukan Public School District 5
zcrm_5436421000135203945,5436421000056567975,McKenzie County Public School District 1
zcrm_5436421000135215097,5436421000056567981,Manvel Public School District 125
zcrm_5436421000135227493,5436421000056567983,Mandan Public School District 1
zcrm_5436421000135219066,5436421000056568000,Hettinger Public School District 13
zcrm_5436421000135218602,5436421000056568002,Hazelton-Moffit-Braddock Public School District 6
zcrm_5436421000135230172,5436421000056568013,Fort Yates Public School District 4
zcrm_5436421000135217548,5436421000056568017,Fairmount Public School District 18
zcrm_5436421000135232151,5436421000056568285,Devils Lake Public School District 1
zcrm_5436421000135206467,5436421000056568292,Bottineau Public School District 1
zcrm_5436421000135232529,5436421000056568303,Williston Basin School District 7
zcrm_5436421000135215641,5436421000056568304,Hope-Page Public School District 85
zcrm_5436421000135234964,5436421000056568308,North Star School District
zcrm_5436421000135215089,5436421000056568311,Barnes County North Public School District 7
zcrm_5436421000135227130,5436421000056568326,Northern Cass Public School District 97
zcrm_5436421000135218077,5436421000056568328,Midkota Public School District 7
zcrm_5436421000135217938,5436421000056568339,Kindred Public School District 2
zcrm_5436421000135208009,5436421000056568347,Bismarck Public School District 1
zcrm_5436421000135229561,5436421000056568372,Robeson County Schools
zcrm_5436421000135229586,5436421000056568390,Mooresville City Schools
zcrm_5436421000135233453,5436421000056568420,Forsyth County Schools
zcrm_5436421000135221673,5436421000056568435,Chapel Hill-Carrboro Schools
zcrm_5436421000135202586,5436421000056564389,Clarendon County School District
zcrm_5436421000135232973,5436421000056564392,Orangeburg County School District
zcrm_5436421000135231627,5436421000056564394,Sumter County Consolidated School District
zcrm_5436421000135228634,5436421000056564395,York School District 4
zcrm_5436421000135228604,5436421000056564396,York School District 3
zcrm_5436421000135228064,5436421000056564398,York School District 1
zcrm_5436421000135229162,5436421000056564401,Spartanburg School District 7
zcrm_5436421000135223996,5436421000056564403,Spartanburg School District 4
zcrm_5436421000135225097,5436421000056564404,Spartanburg School District 3
zcrm_5436421000135221040,5436421000056564405,Spartanburg School District 1
zcrm_5436421000135210458,5436421000056564407,Richland School District 2
zcrm_5436421000135208111,5436421000056564408,Oconee County School District
zcrm_5436421000135223569,5436421000056564409,Newberry County School District
zcrm_5436421000135209662,5436421000056564411,Marlboro County School District
zcrm_5436421000135232668,5436421000056564412,School District Five of Lexington & Richland Counties
zcrm_5436421000135223642,5436421000056564413,Lexington School District 4
zcrm_5436421000135226667,5436421000056564417,Laurens School District 56
zcrm_5436421000135221520,5436421000056564418,Laurens School District 55
zcrm_5436421000135211469,5436421000056564420,Kershaw County School District
zcrm_5436421000135230577,5436421000056564422,Horry County School District
zcrm_5436421000135210453,5436421000056564423,Greenwood School District 52
zcrm_5436421000135230604,5436421000056564425,Greenwood School District 50
zcrm_5436421000135222517,5436421000056564426,Georgetown County School District
zcrm_5436421000135214129,5436421000056564431,Edgefield County School District
zcrm_5436421000135210562,5436421000056564432,Dorchester School District 2
zcrm_5436421000135219594,5436421000056564435,Darlington County School District
zcrm_5436421000135228182,5436421000056564436,Colleton County School District
zcrm_5436421000135214150,5436421000056564439,Charleston County School District
zcrm_5436421000135224109,5436421000056564440,Calhoun County School District
zcrm_5436421000135210134,5436421000056564441,Berkeley County School District
zcrm_5436421000135211110,5436421000056564443,Anderson School District 5
zcrm_5436421000135219515,5436421000056564449,Aiken County School District
zcrm_5436421000135223015,5436421000056564451,Dorchester School District 4
zcrm_5436421000135215133,5436421000056564453,Westerly School District
zcrm_5436421000135235138,5436421000056564473,Jamestown School District
zcrm_5436421000135211472,5436421000056564764,West Mifflin Area School District
zcrm_5436421000135212046,5436421000056564767,West Chester Area School District
zcrm_5436421000135213685,5436421000056564787,Upper Darby School District
zcrm_5436421000135216475,5436421000056564789,United School District
zcrm_5436421000135202580,5436421000056564792,Union School District
zcrm_5436421000135208136,5436421000056564827,Southeast Delco School District
zcrm_5436421000135222009,5436421000056564829,Southern Tioga School District
zcrm_5436421000135210621,5436421000056564834,South Side Area School District
zcrm_5436421000135233576,5436421000056564856,Scranton School District
zcrm_5436421000135200638,5436421000056564861,Salisbury Township School District
zcrm_5436421000135214647,5436421000056564864,Rose Tree Media School District
zcrm_5436421000135213503,5436421000056564868,Ringgold School District
zcrm_5436421000135215184,5436421000056564874,Red Lion Area School District
zcrm_5436421000135231031,5436421000056564875,Reading School District
zcrm_5436421000135208135,5436421000056564878,Quaker Valley School District
zcrm_5436421000135233600,5436421000056564894,Philadelphia City School District
zcrm_5436421000135209537,5436421000056564896,Perkiomen Valley School District
zcrm_5436421000135224992,5436421000056564903,Penn-Trafford School District
zcrm_5436421000135200634,5436421000056564906,Penn-Delco School District
zcrm_5436421000135229114,5436421000056564910,Palmyra Area School District
zcrm_5436421000135217566,5436421000056564912,Palisades School District
zcrm_5436421000135207075,5436421000056564914,Owen J. Roberts School District
zcrm_5436421000135201100,5436421000056564915,Otto-Eldred School District
zcrm_5436421000135222571,5436421000056564920,Octorara Area School District
zcrm_5436421000135222991,5436421000056564922,Northwestern School District
zcrm_5436421000135214623,5436421000056564925,Northgate School District
zcrm_5436421000135225463,5436421000056564926,Northern York County School District
zcrm_5436421000135220977,5436421000056564936,North Pocono School District
zcrm_5436421000135208033,5436421000056564939,North East School District
zcrm_5436421000135204565,5436421000056564942,North Allegheny School District
zcrm_5436421000135216031,5436421000056564946,New Castle Area School District
zcrm_5436421000135226532,5436421000056564950,Neshaminy School District
zcrm_5436421000135208687,5436421000056564951,Nazareth Area School District
zcrm_5436421000135230070,5436421000056564954,Muhlenberg School District
zcrm_5436421000135204478,5436421000056564960,Moshannon Valley School District
zcrm_5436421000135223099,5436421000056564962,Moon Area School District
zcrm_5436421000135228601,5436421000056564970,Milton Area School District
zcrm_5436421000135226946,5436421000056565238,Mechanicsburg Area School District
zcrm_5436421000135216039,5436421000056565239,McKeesport Area School District
zcrm_5436421000135210130,5436421000056565247,Line Mountain School District
zcrm_5436421000135215187,5436421000056565254,Littlestown Area School District
zcrm_5436421000135217498,5436421000056565258,Lehighton Area School District
zcrm_5436421000135222973,5436421000056565260,Lebanon School District
zcrm_5436421000135232592,5436421000056565264,Lancaster School District
zcrm_5436421000135222030,5436421000056565265,Lampeter-Strasburg School District
zcrm_5436421000135217441,5436421000056565266,Lakeview School District
zcrm_5436421000135210027,5436421000056565295,Haverford Township School District
zcrm_5436421000135226049,5436421000056565299,Harbor Creek School District
zcrm_5436421000135201584,5436421000056565327,Fox Chapel Area School District
zcrm_5436421000135212569,5436421000056565329,Fort Cherry School District
zcrm_5436421000135215508,5436421000056565335,Farrell Area School District
zcrm_5436421000135203989,5436421000056565341,Everett Area School District
zcrm_5436421000135207453,5436421000056565346,Elizabethtown Area School District
zcrm_5436421000135209605,5436421000056565350,East Stroudsburg Area School District
zcrm_5436421000135203987,5436421000056565354,Eastern Lebanon County School District
zcrm_5436421000135212175,5436421000056565359,Downingtown Area School District
zcrm_5436421000135215574,5436421000056565362,Derry Area School District
zcrm_5436421000135204504,5436421000056565368,Cumberland Valley School District
zcrm_5436421000135212483,5436421000056565374,Cornwall-Lebanon School District
zcrm_5436421000135210175,5436421000056565386,Coatesville Area School District
zcrm_5436421000135213514,5436421000056565391,Chichester School District
zcrm_5436421000135207945,5436421000056565392,Chestnut Ridge School District
zcrm_5436421000135223969,5436421000056565399,Central York School District
zcrm_5436421000135229171,5436421000056565401,Central Dauphin School District
zcrm_5436421000135213452,5436421000056565407,Carlynton School District
zcrm_5436421000135234682,5436421000056565411,Canon-McMillan School District
zcrm_5436421000135202138,5436421000056565415,California Area School District
zcrm_5436421000135202034,5436421000056565422,Brentwood Borough School District
zcrm_5436421000135208671,5436421000056565444,Bensalem Township School District
zcrm_5436421000135214966,5436421000056565448,Bedford Area School District
zcrm_5436421000135222518,5436421000056565451,Baldwin-Whitehall School District
zcrm_5436421000135207556,5436421000056565453,Pine-Richland School District
zcrm_5436421000135205686,5436421000056565454,Avonworth School District
zcrm_5436421000135226170,5436421000056565455,Avon Grove School District
zcrm_5436421000135221455,5436421000056565458,Athens Area School District
zcrm_5436421000135216104,5436421000056565463,Ambridge Area School District
zcrm_5436421000135209105,5436421000056565465,Altoona Area School District
zcrm_5436421000135201653,5436421000056565467,Allentown City School District
zcrm_5436421000135205148,5436421000056565468,Allegheny Valley School District
zcrm_5436421000135215441,5436421000056565469,Aliquippa School District
zcrm_5436421000135204121,5436421000056565473,Central Valley School District
zcrm_5436421000135226594,5436421000056565475,Woodburn School District 103
zcrm_5436421000135211591,5436421000056565477,Willamina School District 30J
zcrm_5436421000135228009,5436421000056565786,Oregon City School District 62
zcrm_5436421000135206095,5436421000056565807,McMinnville School District 40
zcrm_5436421000135221150,5436421000056565829,Hood River County School District 1
zcrm_5436421000135228644,5436421000056565846,Eugene School District 4J
zcrm_5436421000135224987,5436421000056565877,Central Point School District 6
zcrm_5436421000135228147,5436421000056565911,Hillsboro School District 1J
zcrm_5436421000135225518,5436421000056565924,Yukon Public Schools
zcrm_5436421000135226482,5436421000056565969,Union Public Schools
zcrm_5436421000135216675,5436421000056565979,Tulsa Public Schools
zcrm_5436421000135227096,5436421000056566287,Sand Springs Public Schools
zcrm_5436421000135216147,5436421000056566306,Caney Valley Public Schools
zcrm_5436421000135211676,5436421000056566309,Putnam City Public Schools
zcrm_5436421000135207624,5436421000056566336,Owasso Public Schools
zcrm_5436421000135229523,5436421000056566354,Norman Public Schools
zcrm_5436421000135218687,5436421000056566363,Muldrow Public Schools
zcrm_5436421000135211623,5436421000056566369,Moore Public Schools
zcrm_5436421000135200151,5436421000056566413,LeFlore Public Schools
zcrm_5436421000135204988,5436421000056566425,Kingfisher Public Schools
zcrm_5436421000135209481,5436421000056566436,Jenks Public Schools
zcrm_5436421000135210660,5436421000056566768,El Reno Public Schools
zcrm_5436421000135208177,5436421000056566769,Edmond Public Schools
zcrm_5436421000135228682,5436421000056566773,Durant Public Schools
zcrm_5436421000135218975,5436421000056566779,Dickson Public Schools
zcrm_5436421000135219128,5436421000056566797,Coyle Public Schools
zcrm_5436421000135206062,5436421000056566805,Collinsville Public Schools
zcrm_5436421000135211489,5436421000056566816,Choctaw-Nicoma Park Schools
zcrm_5436421000135203025,5436421000056566828,Catoosa Public Schools
zcrm_5436421000135216146,5436421000056566850,Briggs Public School
zcrm_5436421000135204503,5436421000056566869,Bethany Public Schools
zcrm_5436421000135234664,5436421000056566881,Asher Public Schools
zcrm_5436421000135222128,5436421000056566884,Ardmore Public Schools
zcrm_5436421000135206674,5436421000056566890,Altus Public Schools
zcrm_5436421000135204476,5436421000056566899,Ada Public Schools
zcrm_5436421000135215077,5436421000056566901,North Rock Creek Public School
zcrm_5436421000135209548,5436421000056566917,Old Fort Local School District
zcrm_5436421000135219521,5436421000056566921,Bedford City School District
zcrm_5436421000135204128,5436421000056566945,Elmwood Local School District
zcrm_5436421000135205020,5436421000056566971,Southington Local School District
zcrm_5436421000135212174,5436421000056566994,Woodridge Local School District
zcrm_5436421000135208439,5436421000056567307,Western Local School District
zcrm_5436421000135202536,5436421000056567311,Westfall Local School District
zcrm_5436421000135225453,5436421000056567312,Teays Valley Local School District
zcrm_5436421000135221093,5436421000056567357,Boardman Local School District
zcrm_5436421000135203471,5436421000056567359,Madison-Plains Local School District
zcrm_5436421000135206525,5436421000056567365,Midview Local School District
zcrm_5436421000135203152,5436421000056567389,Kirtland Local School District
zcrm_5436421000135205157,5436421000056567408,Holgate Local School District
zcrm_5436421000135200670,5436421000056567426,Berkshire Local School District
zcrm_5436421000135217160,5436421000056567474,Greenon Local School District
zcrm_5436421000135212003,5436421000056567497,Buckeye Local School District
zcrm_5436421000135219150,5436421000056567503,Elida Local School District
zcrm_5436421000135202509,5436421000056567782,Greenfield Exempted Village School District
zcrm_5436421000135200521,5436421000056567800,Zanesville City School District
zcrm_5436421000135215473,5436421000056567804,Wilmington City School District
zcrm_5436421000135225967,5436421000056567810,Wellsville Local School District
zcrm_5436421000135207499,5436421000056567814,Wapakoneta City School District
zcrm_5436421000135219660,5436421000056567821,Sylvania City School District
zcrm_5436421000135227632,5436421000056567822,Sycamore Community City School District
zcrm_5436421000135215629,5436421000056567831,St. Marys City School District
zcrm_5436421000135215946,5436421000056567834,Reading Community City School District
zcrm_5436421000135226993,5436421000056567836,Port Clinton City School District
zcrm_5436421000135212146,5436421000056567858,Maple Heights City School District
zcrm_5436421000135206133,5436421000056567860,Lorain City School District
zcrm_5436421000135203968,5436421000056567861,London City School District
zcrm_5436421000135217162,5436421000056567870,Hillsboro City School District
zcrm_5436421000135224585,5436421000056567873,Greenville City School District
zcrm_5436421000135227079,5436421000056567886,Euclid City School District
zcrm_5436421000135212138,5436421000056567906,Brecksville-Broadview Heights City School District
zcrm_5436421000135206445,5436421000056567910,Bellevue City School District
zcrm_5436421000135203467,5436421000056567928,White Shield School District
zcrm_5436421000135208162,5436421000056567930,West Fargo Public School District 6
zcrm_5436421000135205983,5436421000056567933,Wahpeton Public School District 37
zcrm_5436421000135217033,5436421000056567955,Rolette Public School District 29
zcrm_5436421000135215647,5436421000056567962,Nesson Public School District 2
zcrm_5436421000135231957,5436421000056567971,Minnewaukan Public School District 5
zcrm_5436421000135203604,5436421000056567975,McKenzie County Public School District 1
zcrm_5436421000135230171,5436421000056568013,Fort Yates Public School District 4
zcrm_5436421000135231548,5436421000056568285,Devils Lake Public School District 1
zcrm_5436421000135232522,5436421000056568303,Williston Basin School District 7
zcrm_5436421000135234660,5436421000056568308,North Star School District
zcrm_5436421000135205658,5436421000056568339,Kindred Public School District 2
zcrm_5436421000135227668,5436421000056568372,Robeson County Schools
zcrm_5436421000135228018,5436421000056568390,Mooresville City Schools
zcrm_5436421000135233171,5436421000056568420,Forsyth County Schools
zcrm_5436421000135208548,5436421000056568435,Chapel Hill-Carrboro Schools
zcrm_5436421000135228079,5436421000056564392,Orangeburg County School District
zcrm_5436421000135229150,5436421000056564394,Sumter County Consolidated School District
zcrm_5436421000135228536,5436421000056564395,York School District 4
zcrm_5436421000135228505,5436421000056564396,York School District 3
zcrm_5436421000135226523,5436421000056564398,York School District 1
zcrm_5436421000135226012,5436421000056564401,Spartanburg School District 7
zcrm_5436421000135223956,5436421000056564403,Spartanburg School District 4
zcrm_5436421000135221029,5436421000056564404,Spartanburg School District 3
zcrm_5436421000135209984,5436421000056564405,Spartanburg School District 1
zcrm_5436421000135208020,5436421000056564408,Oconee County School District
zcrm_5436421000135223479,5436421000056564409,Newberry County School District
zcrm_5436421000135209654,5436421000056564411,Marlboro County School District
zcrm_5436421000135232541,5436421000056564412,School District Five of Lexington & Richland Counties
zcrm_5436421000135211444,5436421000056564418,Laurens School District 55
zcrm_5436421000135204662,5436421000056564420,Kershaw County School District
zcrm_5436421000135215555,5436421000056564422,Horry County School District
zcrm_5436421000135226639,5436421000056564425,Greenwood School District 50
zcrm_5436421000135208041,5436421000056564426,Georgetown County School District
zcrm_5436421000135213663,5436421000056564431,Edgefield County School District
zcrm_5436421000135208580,5436421000056564432,Dorchester School District 2
zcrm_5436421000135219492,5436421000056564435,Darlington County School District
zcrm_5436421000135204019,5436421000056564436,Colleton County School District
zcrm_5436421000135230641,5436421000056564437,Chesterfield County School District
zcrm_5436421000135213653,5436421000056564439,Charleston County School District
zcrm_5436421000135210964,5436421000056564443,Anderson School District 5
zcrm_5436421000135216552,5436421000056564449,Aiken County School District
zcrm_5436421000135222985,5436421000056564451,Dorchester School District 4
zcrm_5436421000135235074,5436421000056564473,Jamestown School District
zcrm_5436421000135210004,5436421000056564764,West Mifflin Area School District
zcrm_5436421000135202998,5436421000056564767,West Chester Area School District
zcrm_5436421000135212587,5436421000056564787,Upper Darby School District
zcrm_5436421000135216124,5436421000056564789,United School District
zcrm_5436421000135202480,5436421000056564792,Union School District
zcrm_5436421000135215596,5436421000056564801,Troy Area School District
zcrm_5436421000135220655,5436421000056564829,Southern Tioga School District
zcrm_5436421000135209089,5436421000056564834,South Side Area School District
zcrm_5436421000135205599,5436421000056564856,Scranton School District
zcrm_5436421000135214578,5436421000056564864,Rose Tree Media School District
zcrm_5436421000135209460,5436421000056564868,Ringgold School District
zcrm_5436421000135230943,5436421000056564875,Reading School District
zcrm_5436421000135205976,5436421000056564878,Quaker Valley School District
zcrm_5436421000135217996,5436421000056564894,Philadelphia City School District
zcrm_5436421000135226569,5436421000056564910,Palmyra Area School District
zcrm_5436421000135200632,5436421000056564914,Owen J. Roberts School District
zcrm_5436421000135200452,5436421000056564915,Otto-Eldred School District
zcrm_5436421000135212610,5436421000056564920,Octorara Area School District
zcrm_5436421000135223571,5436421000056564926,Northern York County School District
zcrm_5436421000135213050,5436421000056564936,North Pocono School District
zcrm_5436421000135205129,5436421000056564939,North East School District
zcrm_5436421000135212548,5436421000056564946,New Castle Area School District
zcrm_5436421000135225997,5436421000056564950,Neshaminy School District
zcrm_5436421000135207061,5436421000056564951,Nazareth Area School District
zcrm_5436421000135229556,5436421000056564954,Muhlenberg School District
zcrm_5436421000135215161,5436421000056564962,Moon Area School District
zcrm_5436421000135228524,5436421000056564970,Milton Area School District
zcrm_5436421000135226661,5436421000056565238,Mechanicsburg Area School District
zcrm_5436421000135215005,5436421000056565239,McKeesport Area School District
zcrm_5436421000135203461,5436421000056565254,Littlestown Area School District
zcrm_5436421000135216954,5436421000056565258,Lehighton Area School District
zcrm_5436421000135222636,5436421000056565260,Lebanon School District
zcrm_5436421000135232558,5436421000056565264,Lancaster School District
zcrm_5436421000135221500,5436421000056565265,Lampeter-Strasburg School District
zcrm_5436421000135201543,5436421000056565327,Fox Chapel Area School District
zcrm_5436421000135208494,5436421000056565329,Fort Cherry School District
zcrm_5436421000135208954,5436421000056565350,East Stroudsburg Area School District
zcrm_5436421000135209964,5436421000056565359,Downingtown Area School District
zcrm_5436421000135212452,5436421000056565374,Cornwall-Lebanon School District
zcrm_5436421000135206630,5436421000056565386,Coatesville Area School District
zcrm_5436421000135221056,5436421000056565399,Central York School District
zcrm_5436421000135213159,5436421000056565401,Central Dauphin School District
zcrm_5436421000135205463,5436421000056565407,Carlynton School District
zcrm_5436421000135234647,5436421000056565411,Canon-McMillan School District
zcrm_5436421000135205660,5436421000056565448,Bedford Area School District
zcrm_5436421000135211125,5436421000056565451,Baldwin-Whitehall School District
zcrm_5436421000135207159,5436421000056565453,Pine-Richland School District
zcrm_5436421000135224952,5436421000056565455,Avon Grove School District
zcrm_5436421000135224187,5436421000056565475,Woodburn School District 103
zcrm_5436421000135225642,5436421000056565786,Oregon City School District 62
zcrm_5436421000135210140,5436421000056565829,Hood River County School District 1
zcrm_5436421000135218497,5436421000056565846,Eugene School District 4J
zcrm_5436421000135221660,5436421000056565877,Central Point School District 6
zcrm_5436421000135228138,5436421000056565911,Hillsboro School District 1J
zcrm_5436421000135225504,5436421000056565924,Yukon Public Schools
zcrm_5436421000135223609,5436421000056565969,Union Public Schools
zcrm_5436421000135216074,5436421000056565979,Tulsa Public Schools
zcrm_5436421000135224508,5436421000056566287,Sand Springs Public Schools
zcrm_5436421000135207622,5436421000056566336,Owasso Public Schools
zcrm_5436421000135229487,5436421000056566354,Norman Public Schools
zcrm_5436421000135211661,5436421000056566363,Muldrow Public Schools
zcrm_5436421000135209186,5436421000056566436,Jenks Public Schools
zcrm_5436421000135207125,5436421000056566768,El Reno Public Schools
zcrm_5436421000135206460,5436421000056566769,Edmond Public Schools
zcrm_5436421000135224978,5436421000056566773,Durant Public Schools
zcrm_5436421000135219067,5436421000056566775,Duke Public Schools
zcrm_5436421000135218951,5436421000056566779,Dickson Public Schools
zcrm_5436421000135207567,5436421000056566816,Choctaw-Nicoma Park Schools
zcrm_5436421000135221000,5436421000056566884,Ardmore Public Schools
zcrm_5436421000135206502,5436421000056566890,Altus Public Schools
zcrm_5436421000135202543,5436421000056566901,North Rock Creek Public School
zcrm_5436421000135217627,5436421000056566921,Bedford City School District
zcrm_5436421000135223633,5436421000056567312,Teays Valley Local School District
zcrm_5436421000135221083,5436421000056567357,Boardman Local School District
zcrm_5436421000135216131,5436421000056567474,Greenon Local School District
zcrm_5436421000135215560,5436421000056567503,Elida Local School District
zcrm_5436421000135200154,5436421000056567800,Zanesville City School District
zcrm_5436421000135218612,5436421000056567821,Sylvania City School District
zcrm_5436421000135226573,5436421000056567822,Sycamore Community City School District
zcrm_5436421000135214657,5436421000056567831,St. Marys City School District
zcrm_5436421000135214650,5436421000056567834,Reading Community City School District
zcrm_5436421000135212140,5436421000056567858,Maple Heights City School District
zcrm_5436421000135226979,5436421000056567886,Euclid City School District
zcrm_5436421000135204144,5436421000056567910,Bellevue City School District
zcrm_5436421000135203144,5436421000056567928,White Shield School District
zcrm_5436421000135207018,5436421000056567930,West Fargo Public School District 6
zcrm_5436421000135218580,5436421000056567971,Minnewaukan Public School District 5
zcrm_5436421000135203603,5436421000056567975,McKenzie County Public School District 1
zcrm_5436421000135218492,5436421000056568013,Fort Yates Public School District 4
zcrm_5436421000135219107,5436421000056568280,Edgeley Public School District 3
zcrm_5436421000135232451,5436421000056568303,Williston Basin School District 7
zcrm_5436421000135203047,5436421000056568372,Robeson County Schools
zcrm_5436421000135226026,5436421000056568390,Mooresville City Schools
zcrm_5436421000135232173,5436421000056568420,Forsyth County Schools
zcrm_5436421000135227487,5436421000056564392,Orangeburg County School District
zcrm_5436421000135227634,5436421000056564394,Sumter County Consolidated School District
zcrm_5436421000135211066,5436421000056564395,York School District 4
zcrm_5436421000135228056,5436421000056564396,York School District 3
zcrm_5436421000135224181,5436421000056564398,York School District 1
zcrm_5436421000135225156,5436421000056564401,Spartanburg School District 7
zcrm_5436421000135221517,5436421000056564403,Spartanburg School District 4
zcrm_5436421000135207119,5436421000056564408,Oconee County School District
zcrm_5436421000135223175,5436421000056564409,Newberry County School District
zcrm_5436421000135232135,5436421000056564412,School District Five of Lexington & Richland Counties
zcrm_5436421000135208485,5436421000056564418,Laurens School District 55
zcrm_5436421000135202969,5436421000056564420,Kershaw County School District
zcrm_5436421000135211668,5436421000056564422,Horry County School District
zcrm_5436421000135226635,5436421000056564425,Greenwood School District 50
zcrm_5436421000135202141,5436421000056564426,Georgetown County School District
zcrm_5436421000135205634,5436421000056564432,Dorchester School District 2
zcrm_5436421000135219176,5436421000056564435,Darlington County School District
zcrm_5436421000135230568,5436421000056564437,Chesterfield County School District
zcrm_5436421000135210647,5436421000056564439,Charleston County School District
zcrm_5436421000135209454,5436421000056564443,Anderson School District 5
zcrm_5436421000135216529,5436421000056564449,Aiken County School District
zcrm_5436421000135222974,5436421000056564451,Dorchester School District 4
zcrm_5436421000135209061,5436421000056564787,Upper Darby School District
zcrm_5436421000135215944,5436421000056564789,United School District
zcrm_5436421000135211686,5436421000056564801,Troy Area School District
zcrm_5436421000135208616,5436421000056564868,Ringgold School District
zcrm_5436421000135215503,5436421000056564875,Reading School District
zcrm_5436421000135209165,5436421000056564894,Philadelphia City School District
zcrm_5436421000135234543,5436421000056564898,Pennsbury School District
zcrm_5436421000135226568,5436421000056564910,Palmyra Area School District
zcrm_5436421000135057962,5436421000056564915,Otto-Eldred School District
zcrm_5436421000135222079,5436421000056564926,Northern York County School District
zcrm_5436421000135212167,5436421000056564936,North Pocono School District
zcrm_5436421000135210590,5436421000056564946,New Castle Area School District
zcrm_5436421000135224462,5436421000056564950,Neshaminy School District
zcrm_5436421000135206544,5436421000056564951,Nazareth Area School District
zcrm_5436421000135225952,5436421000056564954,Muhlenberg School District
zcrm_5436421000135203117,5436421000056564970,Milton Area School District
zcrm_5436421000135214952,5436421000056565239,McKeesport Area School District
zcrm_5436421000135216544,5436421000056565258,Lehighton Area School District
zcrm_5436421000135222630,5436421000056565260,Lebanon School District
zcrm_5436421000135232538,5436421000056565264,Lancaster School District
zcrm_5436421000135218056,5436421000056565265,Lampeter-Strasburg School District
zcrm_5436421000135201507,5436421000056565327,Fox Chapel Area School District
zcrm_5436421000135208953,5436421000056565350,East Stroudsburg Area School District
zcrm_5436421000135206550,5436421000056565359,Downingtown Area School District
zcrm_5436421000135204449,5436421000056565386,Coatesville Area School District
zcrm_5436421000135209629,5436421000056565401,Central Dauphin School District
zcrm_5436421000135203067,5436421000056565407,Carlynton School District
zcrm_5436421000135203630,5436421000056565453,Pine-Richland School District
zcrm_5436421000135224680,5436421000056565455,Avon Grove School District
zcrm_5436421000135222165,5436421000056565475,Woodburn School District 103
zcrm_5436421000135225546,5436421000056565786,Oregon City School District 62
zcrm_5436421000135209087,5436421000056565846,Eugene School District 4J
zcrm_5436421000135202489,5436421000056565877,Central Point School District 6
zcrm_5436421000135227532,5436421000056565911,Hillsboro School District 1J
zcrm_5436421000135225138,5436421000056565924,Yukon Public Schools
zcrm_5436421000135223559,5436421000056565969,Union Public Schools
zcrm_5436421000135213665,5436421000056565979,Tulsa Public Schools
zcrm_5436421000135204146,5436421000056566287,Sand Springs Public Schools
zcrm_5436421000135207170,5436421000056566336,Owasso Public Schools
zcrm_5436421000135229450,5436421000056566354,Norman Public Schools
zcrm_5436421000135207667,5436421000056566363,Muldrow Public Schools
zcrm_5436421000135217939,5436421000056566773,Durant Public Schools
zcrm_5436421000135207492,5436421000056566779,Dickson Public Schools
zcrm_5436421000135205608,5436421000056566890,Altus Public Schools
zcrm_5436421000135216006,5436421000056566921,Bedford City School District
zcrm_5436421000135213472,5436421000056566984,Twinsburg City School District
zcrm_5436421000135208464,5436421000056567474,Greenon Local School District
zcrm_5436421000135217537,5436421000056567821,Sylvania City School District
zcrm_5436421000135225582,5436421000056567822,Sycamore Community City School District
zcrm_5436421000135223094,5436421000056567886,Euclid City School District
zcrm_5436421000135204955,5436421000056567930,West Fargo Public School District 6
zcrm_5436421000135201135,5436421000056568013,Fort Yates Public School District 4
zcrm_5436421000135229154,5436421000056568303,Williston Basin School District 7
zcrm_5436421000135225672,5436421000056568390,Mooresville City Schools
zcrm_5436421000135231671,5436421000056568420,Forsyth County Schools
zcrm_5436421000135212994,5436421000056568521,Valley Stream Union Free School District 24
zcrm_5436421000135229508,5436421000056568809,St. Regis Falls Central School District
zcrm_5436421000135213555,5436421000056568852,Saratoga Springs City School District
zcrm_5436421000135207561,5436421000056568882,Manchester-Shortsville Central School District
zcrm_5436421000135225603,5436421000056568930,Van Hornesville-Owen D. Young Central School District
zcrm_5436421000135214557,5436421000056568960,North Colonie Central School District
zcrm_5436421000135233960,5436421000056569421,Gates-Chili Central School District
zcrm_5436421000135220663,5436421000056569811,Brunswick-Brittonkill Central School District
zcrm_5436421000135208046,5436421000056569830,Belleville Henderson Central School District
zcrm_5436421000135214997,5436421000056569904,Tucumcari Public Schools
zcrm_5436421000135209009,5436421000056569905,Truth or Consequences Schools
zcrm_5436421000135218565,5436421000056569906,Texico Municipal Schools
zcrm_5436421000135231450,5436421000056569910,Silver City Consolidated Schools
zcrm_5436421000135211675,5436421000056569912,Santa Fe Public Schools
zcrm_5436421000135209626,5436421000056569922,Pojoaque Valley Public Schools
zcrm_5436421000135215002,5436421000056569923,Peefbfbdasco Independent Schools
zcrm_5436421000135215659,5436421000056569925,Mesa Vista Consolidated Schools
zcrm_5436421000135217988,5436421000056569926,Mountainair Public Schools
zcrm_5436421000135230505,5436421000056569929,Mora Independent Schools
zcrm_5436421000135230044,5436421000056569934,Loving Municipal Schools
zcrm_5436421000135234539,5436421000056569937,Lordsburg Municipal Schools
zcrm_5436421000135218038,5436421000056569939,West Las Vegas Public Schools
zcrm_5436421000135209508,5436421000056569943,Jemez Valley Public Schools
zcrm_5436421000135233985,5436421000056569948,Hobbs Municipal Schools
zcrm_5436421000135204616,5436421000056569949,Hatch Valley Municipal Schools
zcrm_5436421000135205037,5436421000056569951,Grants-Cibola County Schools
zcrm_5436421000135232659,5436421000056569953,Gallup-McKinley County Schools
zcrm_5436421000135232167,5436421000056569957,Farmington Municipal Schools
zcrm_5436421000135220078,5436421000056569960,Espaefbfbdola Municipal Schools
zcrm_5436421000135206010,5436421000056569966,Deming Public Schools
zcrm_5436421000135208654,5436421000056569975,Central Consolidated Schools
zcrm_5436421000135234138,5436421000056569977,Carlsbad Municipal Schools
zcrm_5436421000135203024,5436421000056569979,Bloomfield Municipal Schools
zcrm_5436421000135230181,5436421000056569980,Bernalillo Public Schools
zcrm_5436421000135232577,5436421000056569982,Aztec Municipal Schools
zcrm_5436421000135233174,5436421000056569985,Albuquerque Public Schools
zcrm_5436421000135209544,5436421000056569986,Alamogordo Public Schools
zcrm_5436421000135232680,5436421000056569987,Rio Rancho Public Schools
zcrm_5436421000135213187,5436421000056570327,Lincoln-Woodstock School District
zcrm_5436421000135214500,5436421000056570337,Inter-Lakes School District
zcrm_5436421000135222962,5436421000056570383,Derry School District
zcrm_5436421000135206542,5436421000056570423,Storey County School District
zcrm_5436421000135204027,5436421000056570424,Pershing County School District
zcrm_5436421000135207654,5436421000056570428,Esmeralda County School District
zcrm_5436421000135204485,5436421000056570527,Fort Calhoun Community Schools
zcrm_5436421000135203589,5436421000056570832,Douglas County West Community Schools
zcrm_5436421000135206611,5436421000056570850,North Bend Central Public Schools
zcrm_5436421000135220500,5436421000056570863,Norris School District 160
zcrm_5436421000135216181,5436421000056570911,Whitehall Elementary School District
zcrm_5436421000135219648,5436421000056570914,Westby School District 3
zcrm_5436421000135218663,5436421000056570916,West Valley Elementary School District
zcrm_5436421000135227445,5436421000056570918,Victor Public School
zcrm_5436421000135216942,5436421000056570920,Valier High School District
zcrm_5436421000135219445,5436421000056570926,Troy Elementary School District
zcrm_5436421000135215062,5436421000056570932,Three Forks Elementary School District
zcrm_5436421000135218591,5436421000056570934,Thompson Falls Elementary School District
zcrm_5436421000135218656,5436421000056570936,Target Range Elementary School District
zcrm_5436421000135219578,5436421000056570937,Sweet Grass County High School District
zcrm_5436421000135218506,5436421000056570942,Sunburst Schools
zcrm_5436421000135217551,5436421000056570943,Centerville High School District
zcrm_5436421000135219994,5436421000056570957,Shelby Elementary School District
zcrm_5436421000135232448,5436421000056570958,Seeley Lake Elementary School District
zcrm_5436421000135220018,5436421000056570986,Power Elementary School District
zcrm_5436421000135221587,5436421000056570994,Polson Elementary School District
zcrm_5436421000135219628,5436421000056571006,Park City High School District
zcrm_5436421000135218097,5436421000056571015,Moore Elementary School District
zcrm_5436421000135216173,5436421000056571019,Missoula Elementary School District
zcrm_5436421000135218165,5436421000056571026,Medicine Lake School District #7
zcrm_5436421000135219080,5436421000056571036,Lone Rock Elementary School District
zcrm_5436421000135219627,5436421000056571056,Kila Elementary School District
zcrm_5436421000135223567,5436421000056571333,Hellgate Elementary School District
zcrm_5436421000135234642,5436421000056571334,Helena High School District
zcrm_5436421000135219605,5436421000056571336,Hays-Lodge Pole K-12 Schools
zcrm_5436421000135220946,5436421000056571337,Havre High School District
zcrm_5436421000135218581,5436421000056571338,Havre Elementary School District
zcrm_5436421000135230101,5436421000056571346,Hamilton School District #3
zcrm_5436421000135227671,5436421000056571351,Great Falls Elementary School District
zcrm_5436421000135216164,5436421000056571371,Fromberg School District #6
zcrm_5436421000135219017,5436421000056571383,Olney-Bissell Elementary School District
zcrm_5436421000135225645,5436421000056571384,Evergreen Elementary School District
zcrm_5436421000135218509,5436421000056571389,Fair-Mont-Egan Elementary School District
zcrm_5436421000135219573,5436421000056571390,Fairfield High School District
zcrm_5436421000135219523,5436421000056571401,Drummond Elementary School District
zcrm_5436421000135224666,5436421000056571405,DeSmet Elementary School District
zcrm_5436421000135222672,5436421000056571409,Deer Park Elementary School District
zcrm_5436421000135219683,5436421000056571437,Clinton Elementary School District
zcrm_5436421000135219670,5436421000056571440,Circle Elementary School District
zcrm_5436421000135221170,5436421000056571442,Choteau Elementary School District
zcrm_5436421000135217665,5436421000056571449,Cayuse Prairie Elementary School District
zcrm_5436421000135215024,5436421000056571464,Brockton Elementary School District
zcrm_5436421000135216623,5436421000056571467,Broadview Elementary School District
zcrm_5436421000135219048,5436421000056571473,Boulder Elementary School District
zcrm_5436421000135219642,5436421000056571474,Bonner Elementary School District
zcrm_5436421000135222574,5436421000056571489,Belgrade High School District
zcrm_5436421000135226480,5436421000056571490,Belgrade Elementary School District
zcrm_5436421000135216453,5436421000056571492,Beaverhead County High School District
zcrm_5436421000135217179,5436421000056571502,Augusta Elementary School District
zcrm_5436421000135224442,5436421000056571503,Arrowhead Elementary School District
zcrm_5436421000135219102,5436421000056571506,Anderson Elementary School District
zcrm_5436421000135217544,5436421000056571508,Anaconda Elementary School District
zcrm_5436421000135216594,5436421000056571509,Amsterdam Elementary School District
zcrm_5436421000135218608,5436421000056571513,Absarokee Elementary School District
zcrm_5436421000135216509,5436421000056571515,Shields Valley Elementary School District
zcrm_5436421000135206125,5436421000056571517,Big Sky School District
zcrm_5436421000135217667,5436421000056571521,Chester-Joplin-Inverness Elementary School District
zcrm_5436421000135219166,5436421000056571523,North Star Elementary School District
zcrm_5436421000135215074,5436421000056571528,Ashland Elementary School District
zcrm_5436421000135216563,5436421000056571530,Broadus Elementary School District
zcrm_5436421000135216634,5436421000056571534,Somers Elementary School District
zcrm_5436421000135229618,5436421000056571542,Windsor C-1 School District
zcrm_5436421000135234570,5436421000056571543,Willow Springs R-IV School District
zcrm_5436421000135234471,5436421000056571544,Willard R-II School District
zcrm_5436421000135216988,5436421000056571546,Wheatland R-II School District
zcrm_5436421000135219457,5436421000056571549,Osage County R-III School District
zcrm_5436421000135229443,5436421000056571554,Wellsville-Middletown R-I School District
zcrm_5436421000135214961,5436421000056571559,Kingston K-14 School District
zcrm_5436421000135233090,5436421000056571561,Warsaw R-IX School District
zcrm_5436421000135227090,5436421000056571562,Warren County R-III School District
zcrm_5436421000135234158,5436421000056571563,Warrensburg R-VI School District
zcrm_5436421000135217038,5436421000056571568,Verona R-VII School District
zcrm_5436421000135201540,5436421000056571831,Union Star R-II School District
zcrm_5436421000135232444,5436421000056571833,Twin Rivers R-X School District
zcrm_5436421000135211511,5436421000056571835,Troy R-III School District
zcrm_5436421000135228136,5436421000056571836,East Newton County R-VI School District
zcrm_5436421000135219553,5436421000056571842,Tarkio R-I School District
zcrm_5436421000135233599,5436421000056571848,Sullivan C-2 School District
zcrm_5436421000135200129,5436421000056571849,Success R-VI School District
zcrm_5436421000135218562,5436421000056571851,Strasburg C-3 School District
zcrm_5436421000135201615,5436421000056571852,Strafford R-VI School District
zcrm_5436421000135208156,5436421000056571856,Stewartsville C-2 School District
zcrm_5436421000135232505,5436421000056571858,Ste. Genevieve County R-II School District
zcrm_5436421000135211040,5436421000056571860,St. Louis City School District
zcrm_5436421000135210093,5436421000056571864,St. Clair R-XIII School District
zcrm_5436421000135226578,5436421000056571865,Francis Howell R-III School District
zcrm_5436421000135206540,5436421000056571866,Springfield R-XII School District
zcrm_5436421000135204606,5436421000056571869,Sparta R-III School District
zcrm_5436421000135218140,5436421000056571872,Southland C-9 School District
zcrm_5436421000135200141,5436421000056571878,South Callaway County R-II School District
zcrm_5436421000135217950,5436421000056571881,Silex R-I School District
zcrm_5436421000135201963,5436421000056571882,Sikeston R-VI School District
zcrm_5436421000135206496,5436421000056571886,Shelby County R-IV School District
zcrm_5436421000135230630,5436421000056571891,Sedalia 200 School District
zcrm_5436421000135208154,5436421000056571892,Schuyler County R-I School District
zcrm_5436421000135230973,5436421000056571893,School of The Osage School District
zcrm_5436421000135202974,5436421000056571901,St. Joseph School District
zcrm_5436421000135234171,5436421000056571905,Rockwood R-VI School District
zcrm_5436421000135206510,5436421000056571907,Riverview Gardens School District
zcrm_5436421000135216589,5436421000056571909,Risco R-II School District
zcrm_5436421000135207000,5436421000056571913,Richmond R-XVI School District
zcrm_5436421000135219635,5436421000056571916,Richards R-V School District
zcrm_5436421000135206574,5436421000056571919,Reeds Spring R-IV School District
zcrm_5436421000135208961,5436421000056571921,Raymondville R-VII School District
zcrm_5436421000135227967,5436421000056571923,Puxico R-VIII School District
zcrm_5436421000135200954,5436421000056571931,Pleasant Hope R-VI School District
zcrm_5436421000135231954,5436421000056571932,Pleasant Hill R-III School District
zcrm_5436421000135230107,5436421000056571933,Clinton County R-III School District
zcrm_5436421000135219139,5436421000056571934,Platte County R-III School District
zcrm_5436421000135200655,5436421000056571938,Pierce City R-VI School District
zcrm_5436421000135209636,5436421000056571941,Perry County 32 School District
zcrm_5436421000135216498,5436421000056571943,North Pemiscot County R-I School District
zcrm_5436421000135226453,5436421000056571944,Raymore-Peculiar R-II School District
zcrm_5436421000135220540,5436421000056571948,Parkway C-2 School District
zcrm_5436421000135232630,5436421000056571949,Park Hill School District
zcrm_5436421000135234163,5436421000056571952,Meramec Valley R-III School District
zcrm_5436421000135210048,5436421000056571953,Ozark R-VI School District
zcrm_5436421000135208015,5436421000056571964,Odessa R-VII School District
zcrm_5436421000135218138,5436421000056571972,Northeast Randolph County R-IV School District
zcrm_5436421000135219540,5436421000056571974,North Harrison R-III School District
zcrm_5436421000135217482,5436421000056571975,North Callaway County R-I School District
zcrm_5436421000135216971,5436421000056571979,Nodaway-Holt R-VII School District
zcrm_5436421000135219443,5436421000056571982,Newtown-Harris R-III School District
zcrm_5436421000135220622,5436421000056571989,Nevada R-V School District
zcrm_5436421000135222942,5436421000056572004,Monett R-I School District
zcrm_5436421000135220546,5436421000056572009,Milan C-2 School District
zcrm_5436421000135234128,5436421000056572016,Mehlville R-IX School District
zcrm_5436421000135215026,5436421000056572017,Meadville R-IV School District
zcrm_5436421000135224081,5436421000056572018,McDonald County R-I School District
zcrm_5436421000135216531,5436421000056572023,Marquand-Zion R-VI School District
zcrm_5436421000135204989,5436421000056572027,Marion C. Early R-V School District
zcrm_5436421000135217543,5436421000056572034,Madison C-3 School District
zcrm_5436421000135232441,5436421000056572040,Lonedell R-XIV School District
zcrm_5436421000135210467,5436421000056572041,Logan-Rogersville R-VIII School District
zcrm_5436421000135209952,5436421000056572044,Lindbergh School District
zcrm_5436421000135202156,5436421000056572046,Licking R-VIII School District
zcrm_5436421000135220035,5436421000056572051,Leopold R-III School District
zcrm_5436421000135230483,5436421000056572052,Leeton R-X School District
zcrm_5436421000135233974,5436421000056572054,Lee's Summit R-VII School District
zcrm_5436421000135202560,5436421000056572060,Laquey R-V School District
zcrm_5436421000135233660,5436421000056572062,Ladue School District
zcrm_5436421000135218627,5436421000056572063,Laclede County C-5 School District
zcrm_5436421000135217579,5436421000056572066,Oregon-Howell R-III School District
zcrm_5436421000135200939,5436421000056572067,Knob Noster R-VIII School District
zcrm_5436421000135210438,5436421000056572068,Kirkwood R-VII School District
zcrm_5436421000135202678,5436421000056572070,Kirbyville R-VI School District
zcrm_5436421000135219461,5436421000056572075,Kelso C-7 School District
zcrm_5436421000135210469,5436421000056572077,Kansas City 33 School District
zcrm_5436421000135216990,5436421000056572078,Clark County R-I School District
zcrm_5436421000135232092,5436421000056572340,Jasper County R-V School District
zcrm_5436421000135226005,5436421000056572343,Jackson R-II School District
zcrm_5436421000135228941,5436421000056572345,Independence 30 School District
zcrm_5436421000135231167,5436421000056572346,Scott City R-I School District
zcrm_5436421000135217050,5436421000056572349,Hume R-VIII School District
zcrm_5436421000135218115,5436421000056572354,Glenwood R-VIII School District
zcrm_5436421000135216572,5436421000056572355,Junction Hill C-12 School District
zcrm_5436421000135220548,5436421000056572356,Houston R-I School District
zcrm_5436421000135231010,5436421000056572359,Holden R-III School District
zcrm_5436421000135230982,5436421000056572362,Lafayette County C-1 School District
zcrm_5436421000135219634,5436421000056572365,Hickory County R-I School District
zcrm_5436421000135203943,5436421000056572371,Hartville R-II School District
zcrm_5436421000135233584,5436421000056572372,Harrisonville R-IX School District
zcrm_5436421000135202555,5436421000056572373,Harrisburg R-VIII School District
zcrm_5436421000135234051,5436421000056572375,Hannibal 60 School District
zcrm_5436421000135214101,5436421000056572376,Hancock Place School District
zcrm_5436421000135214534,5436421000056572377,Hamilton R-II School District
zcrm_5436421000135215118,5436421000056572380,Hale R-I School District
zcrm_5436421000135204059,5436421000056572382,Greenville R-II School District
zcrm_5436421000135214628,5436421000056572384,Green Ridge R-VIII School District
zcrm_5436421000135217105,5436421000056572385,Green Forest R-II School District
zcrm_5436421000135234073,5436421000056572389,Grain Valley R-V School District
zcrm_5436421000135216595,5436421000056572390,Golden City R-III School District
zcrm_5436421000135217152,5436421000056572392,Gilman City R-IV School District
zcrm_5436421000135206144,5436421000056572400,Fulton 58 School District
zcrm_5436421000135214967,5436421000056572406,Fort Osage R-I School District
zcrm_5436421000135208082,5436421000056572407,Forsyth R-III School District
zcrm_5436421000135204534,5436421000056572408,Fordland R-III School District
zcrm_5436421000135220066,5436421000056572410,Ferguson-Florissant R-II School District
zcrm_5436421000135229997,5436421000056572412,Mid-Buchanan County R-V School District
zcrm_5436421000135210021,5436421000056572413,Farmington R-VII School District
zcrm_5436421000135219981,5436421000056572416,Fair Play R-II School District
zcrm_5436421000135233621,5436421000056572419,Excelsior Springs 40 School District
zcrm_5436421000135205612,5436421000056572425,Knox County R-I School District
zcrm_5436421000135230115,5436421000056572426,East Buchanan County C-1 School District
zcrm_5436421000135205488,5436421000056572435,Dixon R-I School District
zcrm_5436421000135219939,5436421000056572442,Lakeland R-III School District
zcrm_5436421000135232032,5436421000056572446,Crawford County R-2 School District
zcrm_5436421000135219998,5436421000056572449,Sherwood Cass R-VIII School District
zcrm_5436421000135206100,5436421000056572458,Blair Oaks R-II School District
zcrm_5436421000135217526,5436421000056572459,Cole Camp R-I School District
zcrm_5436421000135202587,5436421000056572462,Clever R-V School District
zcrm_5436421000135233612,5436421000056572464,Clayton School District
zcrm_5436421000135206115,5436421000056572470,Charleston R-I School District
zcrm_5436421000135220027,5436421000056572473,Chadwick R-I School District
zcrm_5436421000135233984,5436421000056572475,Fort Zumwalt R-II School District
zcrm_5436421000135207631,5436421000056572480,Caruthersville 18 School District
zcrm_5436421000135211487,5436421000056572482,Carrollton R-VII School District
zcrm_5436421000135227983,5436421000056572483,Carl Junction R-I School District
zcrm_5436421000135204607,5436421000056572484,Nell Holcomb R-IV School District
zcrm_5436421000135233635,5436421000056572485,Cape Girardeau 63 School District
zcrm_5436421000135208459,5436421000056572494,Cabool R-IV School District
zcrm_5436421000135218530,5436421000056572495,Butler R-V School District
zcrm_5436421000135216503,5436421000056572500,Brunswick R-II School District
zcrm_5436421000135229066,5436421000056572502,Brookfield R-III School District
zcrm_5436421000135229684,5436421000056572504,Brentwood School District
zcrm_5436421000135210543,5436421000056572508,Branson R-IV School District
zcrm_5436421000135216035,5436421000056572511,Bowling Green R-I School District
zcrm_5436421000135232663,5436421000056572515,North St. Francis County R-I School District
zcrm_5436421000135233651,5436421000056572518,Blue Springs R-IV School District
zcrm_5436421000135203649,5436421000056572519,Blue Eye R-V School District
zcrm_5436421000135217513,5436421000056572524,Bevier C-4 School District
zcrm_5436421000135232447,5436421000056572525,Bernie R-XIII School District
zcrm_5436421000135201008,5436421000056572526,Scott County R-IV School District
zcrm_5436421000135219967,5436421000056572532,Bakersfield R-IV School District
zcrm_5436421000135219633,5436421000056572533,Avilla R-XIII School District
zcrm_5436421000135206116,5436421000056572539,Arcadia Valley R-II School District
zcrm_5436421000135204535,5436421000056572541,Alton R-IV School District
zcrm_5436421000135208526,5436421000056572544,Albany R-III School District
zcrm_5436421000135227678,5436421000056572548,Columbia 93 School District
zcrm_5436421000135227996,5436421000056572549,New Madrid County R-I School District
zcrm_5436421000135203953,5436421000056572550,Portageville School District
zcrm_5436421000135208514,5436421000056572552,Maries County R-II School District
zcrm_5436421000135209156,5436421000056572554,Yazoo City Municipal School District
zcrm_5436421000135194831,5436421000056572557,West Tallahatchie School
zcrm_5436421000135223104,5436421000056572559,Webster County School District
zcrm_5436421000135232631,5436421000056572566,Tunica County School District
zcrm_5436421000135227052,5436421000056572567,Tishomingo County Schools
zcrm_5436421000135194362,5436421000056572582,Poplarville Separate School District
zcrm_5436421000135194769,5436421000056572583,Pontotoc City Schools
zcrm_5436421000135210523,5436421000056572584,Pontotoc County Schools
zcrm_5436421000135218521,5436421000056568809,St. Regis Falls Central School District
zcrm_5436421000135206546,5436421000056568930,Van Hornesville-Owen D. Young Central School District
zcrm_5436421000135212596,5436421000056568960,North Colonie Central School District
zcrm_5436421000135210682,5436421000056569421,Gates-Chili Central School District
zcrm_5436421000135208149,5436421000056569811,Brunswick-Brittonkill Central School District
zcrm_5436421000135216079,5436421000056569906,Texico Municipal Schools
zcrm_5436421000135230510,5436421000056569910,Silver City Consolidated Schools
zcrm_5436421000135211673,5436421000056569912,Santa Fe Public Schools
zcrm_5436421000135201133,5436421000056569923,Peefbfbdasco Independent Schools
zcrm_5436421000135215951,5436421000056569929,Mora Independent Schools
zcrm_5436421000135209650,5436421000056569948,Hobbs Municipal Schools
zcrm_5436421000135232641,5436421000056569953,Gallup-McKinley County Schools
zcrm_5436421000135220982,5436421000056569957,Farmington Municipal Schools
zcrm_5436421000135209175,5436421000056569960,Espaefbfbdola Municipal Schools
zcrm_5436421000135205510,5436421000056569966,Deming Public Schools
zcrm_5436421000135204560,5436421000056569975,Central Consolidated Schools
zcrm_5436421000135220950,5436421000056569980,Bernalillo Public Schools
zcrm_5436421000135220183,5436421000056569985,Albuquerque Public Schools
zcrm_5436421000135204627,5436421000056569986,Alamogordo Public Schools
zcrm_5436421000135232675,5436421000056569987,Rio Rancho Public Schools
zcrm_5436421000135208524,5436421000056570863,Norris School District 160
zcrm_5436421000135220014,5436421000056570918,Victor Public School
zcrm_5436421000135218126,5436421000056570936,Target Range Elementary School District
zcrm_5436421000135216141,5436421000056570948,St. Regis School District
zcrm_5436421000135217963,5436421000056570957,Shelby Elementary School District
zcrm_5436421000135219682,5436421000056571333,Hellgate Elementary School District
zcrm_5436421000135219025,5436421000056571335,Helena Flats Elementary School District
zcrm_5436421000135219589,5436421000056571337,Havre High School District
zcrm_5436421000135217081,5436421000056571338,Havre Elementary School District
zcrm_5436421000135218984,5436421000056571339,Harrison Public School
zcrm_5436421000135227645,5436421000056571351,Great Falls Elementary School District
zcrm_5436421000135206576,5436421000056571384,Evergreen Elementary School District
zcrm_5436421000135216105,5436421000056571405,DeSmet Elementary School District
zcrm_5436421000135219103,5436421000056571409,Deer Park Elementary School District
zcrm_5436421000135217574,5436421000056571437,Clinton Elementary School District
zcrm_5436421000135219049,5436421000056571446,Charlo Elementary School District
zcrm_5436421000135222129,5436421000056571489,Belgrade High School District
zcrm_5436421000135219503,5436421000056571490,Belgrade Elementary School District
zcrm_5436421000135216998,5436421000056571503,Arrowhead Elementary School District
zcrm_5436421000135204991,5436421000056571517,Big Sky School District
zcrm_5436421000135206661,5436421000056571534,Somers Elementary School District
zcrm_5436421000135208984,5436421000056571542,Windsor C-1 School District
zcrm_5436421000135211639,5436421000056571543,Willow Springs R-IV School District
zcrm_5436421000135231019,5436421000056571544,Willard R-II School District
zcrm_5436421000135217637,5436421000056571549,Osage County R-III School District
zcrm_5436421000135202486,5436421000056571559,Kingston K-14 School District
zcrm_5436421000135226492,5436421000056571562,Warren County R-III School District
zcrm_5436421000135226092,5436421000056571563,Warrensburg R-VI School District
zcrm_5436421000135234553,5436421000056571567,Morgan County R-II School District
zcrm_5436421000135229465,5436421000056571833,Twin Rivers R-X School District
zcrm_5436421000135208017,5436421000056571841,Thayer R-II School District
zcrm_5436421000135219074,5436421000056571846,Sunrise R-IX School District
zcrm_5436421000135224590,5436421000056571848,Sullivan C-2 School District
zcrm_5436421000135206578,5436421000056571858,Ste. Genevieve County R-II School District
zcrm_5436421000135210493,5436421000056571860,St. Louis City School District
zcrm_5436421000135223504,5436421000056571865,Francis Howell R-III School District
zcrm_5436421000135206473,5436421000056571866,Springfield R-XII School District
zcrm_5436421000135204009,5436421000056571881,Silex R-I School District
zcrm_5436421000135207516,5436421000056571889,Seneca R-VII School District
zcrm_5436421000135230573,5436421000056571891,Sedalia 200 School District
zcrm_5436421000135226971,5436421000056571893,School of The Osage School District
zcrm_5436421000135204005,5436421000056571902,Cole County R-I School District
zcrm_5436421000135233941,5436421000056571905,Rockwood R-VI School District
zcrm_5436421000135205464,5436421000056571907,Riverview Gardens School District
zcrm_5436421000135205487,5436421000056571909,Risco R-II School District
zcrm_5436421000135216128,5436421000056571916,Richards R-V School District
zcrm_5436421000135202644,5436421000056571919,Reeds Spring R-IV School District
zcrm_5436421000135219007,5436421000056571934,Platte County R-III School District
zcrm_5436421000135208629,5436421000056571941,Perry County 32 School District
zcrm_5436421000135209474,5436421000056571944,Raymore-Peculiar R-II School District
zcrm_5436421000135232497,5436421000056571949,Park Hill School District
zcrm_5436421000135207484,5436421000056571973,North Platte County R-I School District
zcrm_5436421000135217030,5436421000056571975,North Callaway County R-I School District
zcrm_5436421000135226185,5436421000056572016,Mehlville R-IX School District
zcrm_5436421000135216107,5436421000056572036,Macks Creek R-V School District
zcrm_5436421000135216473,5436421000056572039,Lone Jack C-6 School District
zcrm_5436421000135217499,5436421000056572040,Lonedell R-XIV School District
zcrm_5436421000135208099,5436421000056572041,Logan-Rogersville R-VIII School District
zcrm_5436421000135204675,5436421000056572044,Lindbergh School District
zcrm_5436421000135217037,5436421000056572052,Leeton R-X School District
zcrm_5436421000135229963,5436421000056572062,Ladue School District
zcrm_5436421000135201102,5436421000056572063,Laclede County C-5 School District
zcrm_5436421000135219576,5436421000056572340,Jasper County R-V School District
zcrm_5436421000135225478,5436421000056572343,Jackson R-II School District
zcrm_5436421000135200467,5436421000056572346,Scott City R-I School District
zcrm_5436421000135207028,5436421000056572354,Glenwood R-VIII School District
zcrm_5436421000135202611,5436421000056572356,Houston R-I School District
zcrm_5436421000135211514,5436421000056572362,Lafayette County C-1 School District
zcrm_5436421000135217492,5436421000056572365,Hickory County R-I School District
zcrm_5436421000135234056,5436421000056572369,Hazelwood School District
zcrm_5436421000135204987,5436421000056572375,Hannibal 60 School District
zcrm_5436421000135200007,5436421000056572376,Hancock Place School District
zcrm_5436421000135225108,5436421000056572387,Grandview R-II School District
zcrm_5436421000135233569,5436421000056572389,Grain Valley R-V School District
zcrm_5436421000135219520,5436421000056572410,Ferguson-Florissant R-II School District
zcrm_5436421000135205109,5436421000056572419,Excelsior Springs 40 School District
zcrm_5436421000135219185,5436421000056572449,Sherwood Cass R-VIII School District
zcrm_5436421000135205060,5436421000056572458,Blair Oaks R-II School District
zcrm_5436421000135216641,5436421000056572459,Cole Camp R-I School District
zcrm_5436421000135220453,5436421000056572464,Clayton School District
zcrm_5436421000135220574,5436421000056572475,Fort Zumwalt R-II School District
zcrm_5436421000135203149,5436421000056572480,Caruthersville 18 School District
zcrm_5436421000135224006,5436421000056572483,Carl Junction R-I School District
zcrm_5436421000135217631,5436421000056572495,Butler R-V School District
zcrm_5436421000135219938,5436421000056572502,Brookfield R-III School District
zcrm_5436421000135225665,5436421000056572504,Brentwood School District
zcrm_5436421000135229682,5436421000056572515,North St. Francis County R-I School District
zcrm_5436421000135218614,5436421000056572518,Blue Springs R-IV School District
zcrm_5436421000135201141,5436421000056572524,Bevier C-4 School District
zcrm_5436421000135208983,5436421000056572532,Bakersfield R-IV School District
zcrm_5436421000135202503,5436421000056572535,Ava R-I School District
zcrm_5436421000135224579,5436421000056572548,Columbia 93 School District
zcrm_5436421000135209053,5436421000056572549,New Madrid County R-I School District
zcrm_5436421000135194786,5436421000056572554,Yazoo City Municipal School District
zcrm_5436421000135225498,5436421000056572556,Western Line School District
zcrm_5436421000135127287,5436421000056572557,West Tallahatchie School
zcrm_5436421000135194442,5436421000056572559,Webster County School District
zcrm_5436421000135216966,5436421000056572566,Tunica County School District
zcrm_5436421000135194795,5436421000056572567,Tishomingo County Schools
zcrm_5436421000135127169,5436421000056572582,Poplarville Separate School District
zcrm_5436421000135194361,5436421000056572583,Pontotoc City Schools
zcrm_5436421000135194768,5436421000056572584,Pontotoc County Schools
zcrm_5436421000135225091,5436421000056572847,Pearl Public School District
zcrm_5436421000135194761,5436421000056572849,Okolona Separate School District
zcrm_5436421000135194335,5436421000056572852,North Pike School District
zcrm_5436421000135194333,5436421000056572853,North Panola School District
zcrm_5436421000135223638,5436421000056572857,Neshoba County School District
zcrm_5436421000135227004,5436421000056572869,Lee County School District
zcrm_5436421000135194250,5436421000056572875,Lafayette County School District
zcrm_5436421000135127194,5436421000056572881,Itawamba County School District
zcrm_5436421000135194734,5436421000056572882,Humphreys County School District
zcrm_5436421000135127221,5436421000056572884,Hollandale School District
zcrm_5436421000135127212,5436421000056572887,Hattiesburg Public School District
zcrm_5436421000135127235,5436421000056572898,Enterprise School District
zcrm_5436421000135127238,5436421000056572912,Choctaw County School District
zcrm_5436421000135194462,5436421000056572921,Bay St. Louis-Waveland School District
zcrm_5436421000135194461,5436421000056572923,Attala County School District
zcrm_5436421000135127183,5436421000056572930,Winona-Montgomery County Consolidated School District
zcrm_5436421000135230538,5436421000056572931,Holmes County Consolidated School District
zcrm_5436421000135232442,5436421000056572935,North Bolivar Consolidated School District
zcrm_5436421000135228510,5436421000056572953,Watertown-Mayer Public School District
zcrm_5436421000135205975,5436421000056572957,Wabasha-Kellogg Public School District
zcrm_5436421000135219072,5436421000056572960,Ulen-Hitterdal Public School District
zcrm_5436421000135232615,5436421000056572971,South Washington County School District
zcrm_5436421000135205687,5436421000056572973,St. Louis Park Public School District
zcrm_5436421000135204066,5436421000056572984,South St. Paul Public School District
zcrm_5436421000135232687,5436421000056573018,Paynesville Public School District
zcrm_5436421000135219556,5436421000056573030,North Branch Public Schools
zcrm_5436421000135219626,5436421000056573042,Mora Public School District
zcrm_5436421000135222671,5436421000056573066,Littlefork-Big Falls School District
zcrm_5436421000135229004,5436421000056573067,Little Falls Public School District
zcrm_5436421000135234504,5436421000056573069,Lewiston-Altura Public School District
zcrm_5436421000135220100,5436421000056573075,Lakeville Public School District
zcrm_5436421000135218485,5436421000056573357,Hermantown Public School District
zcrm_5436421000135202657,5436421000056573368,Granada-Huntley-East Chain
zcrm_5436421000135210575,5436421000056573387,Elk River School District
zcrm_5436421000135205468,5436421000056573396,Detroit Lakes Public School District
zcrm_5436421000135209645,5436421000056573415,Eastern Carver County Public Schools
zcrm_5436421000135224631,5436421000056573422,Cambridge-Isanti Public School District
zcrm_5436421000135224480,5436421000056573425,Butterfield Public School District
zcrm_5436421000135222643,5436421000056573428,Browns Valley Public School District
zcrm_5436421000135230680,5436421000056573430,Brooklyn Center School District
zcrm_5436421000135232564,5436421000056573434,Bloomington Public School District
zcrm_5436421000135232652,5436421000056573437,Bird Island-Olivia-Lake Lillian Public School District
zcrm_5436421000135219173,5436421000056573439,Bertha-Hewitt Public School District
zcrm_5436421000135218119,5436421000056573446,Barnesville Public School District
zcrm_5436421000135219674,5436421000056573451,Anoka-Hennepin Public School District
zcrm_5436421000135205134,5436421000056573472,Plainview-Elgin-Millville Community Schools
zcrm_5436421000135231541,5436421000056573476,Renville County West School District
zcrm_5436421000135232570,5436421000056573478,Clinton-Graceville-Beardsley District 2888
zcrm_5436421000135232607,5436421000056573481,Blue Earth Area Public Schools
zcrm_5436421000135229992,5436421000056573490,Greenbush-Middle River School District
zcrm_5436421000135230102,5436421000056573500,Murray County Central School District
zcrm_5436421000135205662,5436421000056573504,Buffalo Lake-Hector-Stewart Public Schools
zcrm_5436421000135212130,5436421000056573572,Standish-Sterling Community School District
zcrm_5436421000135234109,5436421000056573577,Lake Shore Public Schools
zcrm_5436421000135212114,5436421000056573587,Sodus Township School District 5
zcrm_5436421000135211145,5436421000056573865,River Rouge School District
zcrm_5436421000135212467,5436421000056573914,Oak Park City School District
zcrm_5436421000135211038,5436421000056573919,Northview Public School District
zcrm_5436421000135207008,5436421000056573932,New Buffalo Area School District
zcrm_5436421000135211457,5436421000056573963,Mason County Eastern District
zcrm_5436421000135229121,5436421000056573965,Mason Consolidated Schools
zcrm_5436421000135207054,5436421000056573981,Madison Public Schools
zcrm_5436421000135212110,5436421000056573987,Livonia Public Schools
zcrm_5436421000135212099,5436421000056574004,Lakeview School District
zcrm_5436421000135211179,5436421000056574005,Lakeshore School District
zcrm_5436421000135217598,5436421000056574009,Laingsburg Community School District
zcrm_5436421000135234116,5436421000056574019,Kalamazoo Public School District
zcrm_5436421000135211990,5436421000056574025,Ironwood Area Schools
zcrm_5436421000135214597,5436421000056574050,Hartford Public School District
zcrm_5436421000135227076,5436421000056574058,Hamtramck Public Schools
zcrm_5436421000135212007,5436421000056574368,Ecorse Public School District
zcrm_5436421000135214610,5436421000056574375,East Grand Rapids Public School District
zcrm_5436421000135206053,5436421000056574384,Delton-Kellogg School District
zcrm_5436421000135210163,5436421000056574396,Corunna Public School District
zcrm_5436421000135203022,5436421000056574405,Coleman Community School District
zcrm_5436421000135216064,5436421000056574431,Carson City-Crystal Area School District
zcrm_5436421000135212152,5436421000056574458,Brandon School District
zcrm_5436421000135212115,5436421000056574472,Benzie County Central School
zcrm_5436421000135218467,5436421000056574474,Bentley Community Schools
zcrm_5436421000135234546,5436421000056574480,Beaverton Rural Schools
zcrm_5436421000135211167,5436421000056574506,Allendale Public School District
zcrm_5436421000135203120,5436421000056574519,Superior Central Schools
zcrm_5436421000135233471,5436421000056574534,Worcester School District
zcrm_5436421000135234061,5436421000056574535,Woburn School District
zcrm_5436421000135225466,5436421000056574538,Winchendon School District
zcrm_5436421000135214099,5436421000056574543,Weymouth School District
zcrm_5436421000135211000,5436421000056574544,Westwood School District
zcrm_5436421000135211519,5436421000056574545,Westport School District
zcrm_5436421000135202984,5436421000056574552,West Bridgewater School District
zcrm_5436421000135213519,5436421000056574553,West Boylston School District
zcrm_5436421000135233632,5436421000056574555,Wellesley School District
zcrm_5436421000135214601,5436421000056574556,Webster School District
zcrm_5436421000135220482,5436421000056574558,Watertown School District
zcrm_5436421000135225685,5436421000056574562,Waltham School District
zcrm_5436421000135218030,5436421000056574565,Wakefield School District
zcrm_5436421000135214186,5436421000056574566,Wachusett School District
zcrm_5436421000135215450,5436421000056574567,Uxbridge School District
zcrm_5436421000135214970,5436421000056574569,Triton School District
zcrm_5436421000135234060,5436421000056574576,Swampscott School District
zcrm_5436421000135220186,5436421000056574579,Sudbury School District
zcrm_5436421000135209594,5436421000056574583,Springfield School District
zcrm_5436421000135233540,5436421000056574585,Southbridge School District
zcrm_5436421000135233116,5436421000056574589,Somerville School District
zcrm_5436421000135234037,5436421000056574593,Shrewsbury School District
zcrm_5436421000135215547,5436421000056574594,Sherborn School District
zcrm_5436421000135212674,5436421000056574599,Saugus School District
zcrm_5436421000135232048,5436421000056574607,Revere School District
zcrm_5436421000135233972,5436421000056574608,Reading School District
zcrm_5436421000135219099,5436421000056574609,Randolph School District
zcrm_5436421000135218952,5436421000056574610,Ralph C. Mahar School District
zcrm_5436421000135210482,5436421000056574611,Quincy School District
zcrm_5436421000135233479,5436421000056574873,Pittsfield School District
zcrm_5436421000135233949,5436421000056574884,Old Rochester School District
zcrm_5436421000135214589,5436421000056574887,Norwell School District
zcrm_5436421000135214559,5436421000056574888,Norton School District
zcrm_5436421000135213098,5436421000056574889,Northbridge School District
zcrm_5436421000135213997,5436421000056574893,North Reading School District
zcrm_5436421000135207021,5436421000056574896,North Attleborough School District
zcrm_5436421000135233559,5436421000056574897,North Andover School District
zcrm_5436421000135224567,5436421000056574898,North Adams School District
zcrm_5436421000135214463,5436421000056574901,Newburyport School District
zcrm_5436421000135234031,5436421000056574904,Needham School District
zcrm_5436421000135220126,5436421000056574905,Natick School District
zcrm_5436421000135233507,5436421000056574908,Nantucket School District
zcrm_5436421000135213020,5436421000056574912,Mohawk Trail School District
zcrm_5436421000135227479,5436421000056574913,Milton School District
zcrm_5436421000135233465,5436421000056574916,Milford School District
zcrm_5436421000135233680,5436421000056574919,Methuen School District
zcrm_5436421000135220134,5436421000056574922,Medway School District
zcrm_5436421000135214541,5436421000056574923,Medford School District
zcrm_5436421000135233597,5436421000056574927,Masconomet School District
zcrm_5436421000135233983,5436421000056574930,Marlborough School District
zcrm_5436421000135234605,5436421000056574932,Marblehead School District
zcrm_5436421000135234607,5436421000056574933,Mansfield School District
zcrm_5436421000135234630,5436421000056574934,Malden School District
zcrm_5436421000135214978,5436421000056574937,Lunenburg School District
zcrm_5436421000135214603,5436421000056574940,Longmeadow School District
zcrm_5436421000135228475,5436421000056574942,Lincoln-Sudbury School District
zcrm_5436421000135215549,5436421000056574944,Lexington School District
zcrm_5436421000135214959,5436421000056574947,Lenox School District
zcrm_5436421000135213149,5436421000056574958,Holyoke School District
zcrm_5436421000135233568,5436421000056574959,Holliston School District
zcrm_5436421000135205646,5436421000056574962,Hingham School District
zcrm_5436421000135215464,5436421000056574966,Harvard School District
zcrm_5436421000135212518,5436421000056574969,Hampshire School District
zcrm_5436421000135204022,5436421000056574970,Hampden-Wilbraham School District
zcrm_5436421000135226590,5436421000056574974,Groton-Dunstable School District
zcrm_5436421000135212653,5436421000056574975,Greenfield School District
zcrm_5436421000135215959,5436421000056574978,Gosnold School District
zcrm_5436421000135233538,5436421000056574979,Gloucester School District
zcrm_5436421000135213096,5436421000056574980,Gill-Montague School District
zcrm_5436421000135214620,5436421000056574981,Georgetown School District
zcrm_5436421000135213593,5436421000056574983,Gardner School District
zcrm_5436421000135208651,5436421000056574985,Freetown-Lakeville School District
zcrm_5436421000135214529,5436421000056574988,Foxborough School District
zcrm_5436421000135233570,5436421000056574991,Fall River School District
zcrm_5436421000135233656,5436421000056574993,Everett School District
zcrm_5436421000135212975,5436421000056575002,Dudley-Charlton Regional School District
zcrm_5436421000135234135,5436421000056575009,Dedham School District
zcrm_5436421000135207989,5436421000056575011,Danvers School District
zcrm_5436421000135218113,5436421000056575015,Cohasset School District
zcrm_5436421000135233630,5436421000056575018,Chicopee School District
zcrm_5436421000135233999,5436421000056575025,Cambridge School District
zcrm_5436421000135233991,5436421000056575027,Brookline School District
zcrm_5436421000135233951,5436421000056575029,Brockton School District
zcrm_5436421000135214606,5436421000056575033,Braintree School District
zcrm_5436421000135234053,5436421000056575034,Boxford School District
zcrm_5436421000135213013,5436421000056575038,Berlin-Boylston School District
zcrm_5436421000135221109,5436421000056575041,Belmont School District
zcrm_5436421000135234029,5436421000056575044,Bedford School District
zcrm_5436421000135213100,5436421000056575045,Avon School District
zcrm_5436421000135224455,5436421000056575046,Auburn School District
zcrm_5436421000135233549,5436421000056575048,Ashland School District
zcrm_5436421000135213035,5436421000056575049,Ashburnham-Westminster School District
zcrm_5436421000135233572,5436421000056575050,Arlington School District
zcrm_5436421000135234582,5436421000056575051,Andover School District
zcrm_5436421000135205571,5436421000056575052,Amherst-Pelham School District
zcrm_5436421000135208602,5436421000056575054,Amesbury School District
zcrm_5436421000135233554,5436421000056575055,Agawam School District
zcrm_5436421000135220599,5436421000056575056,Hoosac Valley School District
zcrm_5436421000135221461,5436421000056575057,Acushnet School District
zcrm_5436421000135210107,5436421000056575067,Quabbin School District
zcrm_5436421000135229022,5436421000056575100,St. George Public Schools
zcrm_5436421000135220046,5436421000056575103,Regional School Unit 22
zcrm_5436421000135230120,5436421000056575109,Regional School Unit 78
zcrm_5436421000135233087,5436421000056575111,Regional School Unit 10
zcrm_5436421000135207634,5436421000056575113,Regional School Unit 14
zcrm_5436421000135223146,5436421000056575117,Regional School Unit 38
zcrm_5436421000135224939,5436421000056575119,Regional School Unit 19
zcrm_5436421000135224122,5436421000056575120,Regional School Unit 23
zcrm_5436421000135220043,5436421000056575379,Regional School Unit 34
zcrm_5436421000135229125,5436421000056575381,Regional School Unit 18
zcrm_5436421000135222589,5436421000056575384,Regional School Unit 02
zcrm_5436421000135224990,5436421000056575385,Regional School Unit 16
zcrm_5436421000135221952,5436421000056575389,School Administrative District 75
zcrm_5436421000135232540,5436421000056575393,School Administrative District 68
zcrm_5436421000135231596,5436421000056575394,School Administrative District 60
zcrm_5436421000135234444,5436421000056575395,School Administrative District 57
zcrm_5436421000135227029,5436421000056575397,School Administrative District 54
zcrm_5436421000135230476,5436421000056575401,School Administrative District 64
zcrm_5436421000135229462,5436421000056575404,School Administrative District 58
zcrm_5436421000135221162,5436421000056575408,School Administrative District 52
zcrm_5436421000135224603,5436421000056575419,Westbrook School Department
zcrm_5436421000135222155,5436421000056575435,South Portland School Department
zcrm_5436421000135217522,5436421000056575441,School Administrative District 07
zcrm_5436421000135230184,5436421000056575446,School Administrative District 42
zcrm_5436421000135224071,5436421000056575449,School Administrative District 03
zcrm_5436421000135219684,5436421000056575452,School Administrative District 33
zcrm_5436421000135231523,5436421000056575453,School Administrative District 32
zcrm_5436421000135215544,5436421000056575461,School Administrative District 20
zcrm_5436421000135222522,5436421000056575462,School Administrative District 01
zcrm_5436421000135225497,5436421000056575464,School Administrative District 17
zcrm_5436421000135226126,5436421000056575465,School Administrative District 15
zcrm_5436421000135231618,5436421000056575467,School Administrative District 13
zcrm_5436421000135230446,5436421000056575479,Pleasant Ridge Plantation
zcrm_5436421000135222527,5436421000056575491,Mount Desert Community School District
zcrm_5436421000135204447,5436421000056575495,Millinocket Dvhool Department
zcrm_5436421000135208621,5436421000056575511,Kittery School District
zcrm_5436421000135219661,5436421000056575524,Greenbush School District
zcrm_5436421000135228578,5436421000056575527,Gorham School District
zcrm_5436421000135216620,5436421000056575537,Easton School Department
zcrm_5436421000135226553,5436421000056575558,Brunswick School Department
zcrm_5436421000135228612,5436421000056575562,Brewer School Department
zcrm_5436421000135234440,5436421000056575600,West Carroll Parish School District
zcrm_5436421000135231607,5436421000056575601,West Baton Rouge Parish School District
zcrm_5436421000135230182,5436421000056575602,Webster Parish School District
zcrm_5436421000135220501,5436421000056575604,Vermilion Parish School District
zcrm_5436421000135232618,5436421000056575605,Union Parish School District
zcrm_5436421000135212488,5436421000056575607,Tangipahoa Parish School District
zcrm_5436421000135232654,5436421000056575609,St. Martin Parish School District
zcrm_5436421000135206029,5436421000056575611,St. John the Baptist Parish School District
zcrm_5436421000135220154,5436421000056575612,St. Helena Parish School District
zcrm_5436421000135212150,5436421000056575613,Richland Parish School District
zcrm_5436421000135229464,5436421000056575614,Red River Parish School District
zcrm_5436421000135211165,5436421000056575616,Pointe Coupee Parish School District
zcrm_5436421000135231063,5436421000056575617,Plaquemines Parish School District
zcrm_5436421000135234574,5436421000056575619,Orleans Parish School District
zcrm_5436421000135230516,5436421000056575620,Natchitoches Parish School District
zcrm_5436421000135212486,5436421000056575622,Monroe City School District
zcrm_5436421000135213457,5436421000056575626,Jefferson Parish School District
zcrm_5436421000135220591,5436421000056575885,Jackson Parish School District
zcrm_5436421000135212491,5436421000056575886,Iberia Parish School District
zcrm_5436421000135231495,5436421000056575891,De Soto Parish School District
zcrm_5436421000135234523,5436421000056575892,Concordia Parish School District
zcrm_5436421000135233491,5436421000056575895,Cameron Parish School District
zcrm_5436421000135227988,5436421000056575896,Caldwell Parish School District
zcrm_5436421000135217110,5436421000056575897,Calcasieu Parish School District
zcrm_5436421000135221654,5436421000056575898,Caddo Parish School District
zcrm_5436421000135233114,5436421000056575899,Bossier Parish School District
zcrm_5436421000135224555,5436421000056575901,Bienville Parish School District
zcrm_5436421000135211470,5436421000056575902,Beauregard Parish School District
zcrm_5436421000135221175,5436421000056575903,Avoyelles Parish School District
zcrm_5436421000135229445,5436421000056575905,Assumption Parish School District
zcrm_5436421000135211177,5436421000056575907,Allen Parish School District
zcrm_5436421000135220621,5436421000056575908,Baker City School District
zcrm_5436421000135230489,5436421000056575911,Woodford County School District
zcrm_5436421000135216969,5436421000056575912,Wolfe County School District
zcrm_5436421000135230174,5436421000056575913,Williamstown Independent School District
zcrm_5436421000135213454,5436421000056575914,Williamsburg Independent School District
zcrm_5436421000135227142,5436421000056575915,Whitley County School District
zcrm_5436421000135230681,5436421000056575916,Webster County School District
zcrm_5436421000135213551,5436421000056575917,Wayne County School District
zcrm_5436421000135224981,5436421000056575918,Washington County School District
zcrm_5436421000135228649,5436421000056575919,Warren County School District
zcrm_5436421000135221995,5436421000056575920,Walton-Verona Independent School District
zcrm_5436421000135228167,5436421000056575921,Union County School District
zcrm_5436421000135213130,5436421000056575922,Trimble County School District
zcrm_5436421000135224540,5436421000056575923,Trigg County School District
zcrm_5436421000135225105,5436421000056575924,Todd County School District
zcrm_5436421000135213500,5436421000056575925,Taylor County School District
zcrm_5436421000135231610,5436421000056575927,Southgate Independent School District
zcrm_5436421000135212536,5436421000056575928,Somerset Independent School District
zcrm_5436421000135230593,5436421000056575929,Simpson County School District
zcrm_5436421000135228177,5436421000056575930,Shelby County School District
zcrm_5436421000135217606,5436421000056575932,Science Hill Independent School District
zcrm_5436421000135226577,5436421000056575933,Russellville Independent School District
zcrm_5436421000135217642,5436421000056575934,Russell County School District
zcrm_5436421000135214592,5436421000056575935,Russell Independent School District
zcrm_5436421000135222177,5436421000056575936,Rowan County School District
zcrm_5436421000135213095,5436421000056575939,Raceland-Worthington Independent School District
zcrm_5436421000135228955,5436421000056575940,Pulaski County School District
zcrm_5436421000135215465,5436421000056575941,Powell County School District
zcrm_5436421000135211028,5436421000056575942,Pineville Independent School District
zcrm_5436421000135212961,5436421000056575943,Pikeville Independent School District
zcrm_5436421000135212559,5436421000056575944,Pike County School District
zcrm_5436421000135223042,5436421000056575945,Perry County School District
zcrm_5436421000135212986,5436421000056575947,Paintsville Independent School District
zcrm_5436421000135215495,5436421000056575948,Paducah Independent School District
zcrm_5436421000135212608,5436421000056575949,Owsley County School District
zcrm_5436421000135215439,5436421000056575950,Owen County School District
zcrm_5436421000135228099,5436421000056575951,Oldham County School District
zcrm_5436421000135215488,5436421000056575953,Nicholas County School District
zcrm_5436421000135226027,5436421000056575954,Newport Independent School District
zcrm_5436421000135211667,5436421000056575955,Nelson County School District
zcrm_5436421000135225136,5436421000056575956,Murray Independent School District
zcrm_5436421000135224163,5436421000056575957,Morgan County School District
zcrm_5436421000135227943,5436421000056575958,Montgomery County School District
zcrm_5436421000135213056,5436421000056575959,Monroe County School District
zcrm_5436421000135212987,5436421000056575960,Middlesboro Independent School District
zcrm_5436421000135225135,5436421000056575961,Metcalfe County School District
zcrm_5436421000135212952,5436421000056575962,Mercer County School District
zcrm_5436421000135222660,5436421000056575963,Menifee County School District
zcrm_5436421000135212605,5436421000056575964,Meade County School District
zcrm_5436421000135230179,5436421000056575967,McCracken County School District
zcrm_5436421000135225957,5436421000056575968,Mayfield Independent School District
zcrm_5436421000135229456,5436421000056575969,Mason County School District
zcrm_5436421000135224977,5436421000056575971,Marshall County School District
zcrm_5436421000135234592,5436421000056575972,Marion County School District
zcrm_5436421000135229545,5436421000056575973,Magoffin County School District
zcrm_5436421000135228133,5436421000056575974,Madison County School District
zcrm_5436421000135213485,5436421000056575975,Lyon County School District
zcrm_5436421000135226570,5436421000056575977,Logan County School District
zcrm_5436421000135212534,5436421000056575978,Livingston County School District
zcrm_5436421000135223520,5436421000056575979,Lincoln County School District
zcrm_5436421000135217062,5436421000056575980,Lewis County School District
zcrm_5436421000135221123,5436421000056575981,Letcher County School District
zcrm_5436421000135218604,5436421000056575982,Leslie County School District
zcrm_5436421000135213461,5436421000056575983,Lee County School District
zcrm_5436421000135213577,5436421000056575985,Laurel County School District
zcrm_5436421000135224649,5436421000056575986,Larue County School District
zcrm_5436421000135232158,5436421000056575987,Knox County School District
zcrm_5436421000135215171,5436421000056575988,Knott County School District
zcrm_5436421000135220659,5436421000056575990,Jessamine County School District
zcrm_5436421000135216086,5436421000056575991,Jenkins Independent School District
zcrm_5436421000135212543,5436421000056575994,Jackson Independent School District
zcrm_5436421000135233006,5436421000056575995,Hopkins County School District
zcrm_5436421000135217547,5436421000056575996,Hickman County School District
zcrm_5436421000135232521,5436421000056575997,Henry County School District
zcrm_5436421000135233084,5436421000056575998,Henderson County School District
zcrm_5436421000135212121,5436421000056575999,Hazard Independent School District
zcrm_5436421000135227515,5436421000056576000,Hart County School District
zcrm_5436421000135225686,5436421000056576001,Harrison County School District
zcrm_5436421000135227637,5436421000056576002,Harlan County School District
zcrm_5436421000135213463,5436421000056576004,Hardin County School District
zcrm_5436421000135234074,5436421000056576005,Hancock County School District
zcrm_5436421000135213186,5436421000056576006,Greenup County School District
zcrm_5436421000135212635,5436421000056576007,Green County School District
zcrm_5436421000135223006,5436421000056576008,Grayson County School District
zcrm_5436421000135227635,5436421000056576009,Graves County School District
zcrm_5436421000135231106,5436421000056576010,Grant County School District
zcrm_5436421000135225054,5436421000056576011,Glasgow Independent School District
zcrm_5436421000135233950,5436421000056576016,Fort Thomas Independent School District
zcrm_5436421000135229948,5436421000056576017,Franklin County School District
zcrm_5436421000135231143,5436421000056576018,Frankfort Independent School District
zcrm_5436421000135226032,5436421000056576019,Floyd County School District
zcrm_5436421000135218127,5436421000056576020,Fleming County School District
zcrm_5436421000135233003,5436421000056576021,Fayette County School District
zcrm_5436421000135224537,5436421000056576023,Estill County School District
zcrm_5436421000135231684,5436421000056576024,Erlanger-Elsmere Independent School District
zcrm_5436421000135224037,5436421000056576025,Eminence Independent School District
zcrm_5436421000135231972,5436421000056576027,Elizabethtown Independent School District
zcrm_5436421000135212524,5436421000056576028,Edmonson County School District
zcrm_5436421000135215496,5436421000056576029,East Bernstadt Independent School District
zcrm_5436421000135208557,5436421000056576030,Dayton Independent School District
zcrm_5436421000135217089,5436421000056576031,Dawson Springs Independent School District
zcrm_5436421000135234033,5436421000056576032,Daviess County School District
zcrm_5436421000135232456,5436421000056576033,Danville Independent School District
zcrm_5436421000135212663,5436421000056576035,Crittenden County School District
zcrm_5436421000135233955,5436421000056576036,Covington Independent School District
zcrm_5436421000135226997,5436421000056576037,Corbin Independent School District
zcrm_5436421000135216479,5436421000056576038,Cloverport Independent School District
zcrm_5436421000135221185,5436421000056576039,Clinton County School District
zcrm_5436421000135212988,5436421000056576041,Clark County School District
zcrm_5436421000135225146,5436421000056576042,Christian County School District
zcrm_5436421000135221450,5436421000056576043,Caverna Independent School District
zcrm_5436421000135215170,5436421000056576045,Carter County School District
zcrm_5436421000135224154,5436421000056576048,Campbellsville Independent School District
zcrm_5436421000135215448,5436421000056576050,Calloway County School District
zcrm_5436421000135221938,5436421000056576051,Caldwell County School District
zcrm_5436421000135212955,5436421000056576055,Breathitt County School District
zcrm_5436421000135212985,5436421000056576056,Bracken County School District
zcrm_5436421000135229015,5436421000056576058,Boyd County School District
zcrm_5436421000135230458,5436421000056576059,Bowling Green Independent School District
zcrm_5436421000135213018,5436421000056576060,Bourbon County School District
zcrm_5436421000135229560,5436421000056576061,Berea Independent School District
zcrm_5436421000135228674,5436421000056576062,Bellevue Independent School District
zcrm_5436421000135212614,5436421000056576063,Bell County School District
zcrm_5436421000135226135,5436421000056576064,Beechwood Independent School District
zcrm_5436421000135213114,5436421000056576065,Bath County School District
zcrm_5436421000135227020,5436421000056576067,Bardstown Independent School District
zcrm_5436421000135218042,5436421000056576068,Barbourville Independent School District
zcrm_5436421000135221087,5436421000056576069,Ballard County School District
zcrm_5436421000135215522,5436421000056576070,Augusta Independent School District
zcrm_5436421000135222119,5436421000056576071,Ashland Independent School District
zcrm_5436421000135225630,5436421000056576072,Anderson County School District
zcrm_5436421000135223152,5436421000056576073,Anchorage Independent School District
zcrm_5436421000135225541,5436421000056576074,Muhlenberg County School District
zcrm_5436421000135226465,5436421000056576075,Allen County School District
zcrm_5436421000135222006,5436421000056576076,Adair County School District
zcrm_5436421000135226563,5436421000056576077,Woodson Unified School District 366
zcrm_5436421000135216543,5436421000056576079,Wichita Unified School District 259
zcrm_5436421000135225184,5436421000056576081,Wellsville Unified School District 289
zcrm_5436421000135226043,5436421000056576082,Wellington Unified School District 353
zcrm_5436421000135216125,5436421000056576084,Valley Heights Unified School District 498
zcrm_5436421000135208128,5436421000056576089,Uniontown Unified School District 235
zcrm_5436421000135227122,5436421000056576090,Ulysses Unified School District 214
zcrm_5436421000135233669,5436421000056576091,Turner Unified School District 202
zcrm_5436421000135216578,5436421000056576092,Troy Public Schools Unified School District 429
zcrm_5436421000135234572,5436421000056576094,Topeka Public Schools Unified School District 501
zcrm_5436421000135224450,5436421000056576095,Tonganoxie Unified School District 464
zcrm_5436421000135205951,5436421000056576096,Shawnee Heights Unified School District 450
zcrm_5436421000135216684,5436421000056576100,Stockton Unified School District 271
zcrm_5436421000135209475,5436421000056576102,Blue Valley Unified School District 229
zcrm_5436421000135235127,5436421000056576110,Silver Lake Unified School District 372
zcrm_5436421000135210568,5436421000056576115,Seaman Unified School District 345
zcrm_5436421000135219620,5436421000056576117,Satanta Unified School District 507
zcrm_5436421000135216950,5436421000056576130,Pretty Prairie Unified School District 311
zcrm_5436421000135232619,5436421000056576131,Pratt Unified School District 382
zcrm_5436421000135208004,5436421000056576393,Piper-Kansas City Unified School District 203
zcrm_5436421000135219020,5436421000056576394,Phillipsburg Unified School District 325
zcrm_5436421000135209122,5436421000056576408,Olathe Unified School District 233
zcrm_5436421000135205631,5436421000056576417,Mulvane Unified School District 263
zcrm_5436421000135217563,5436421000056576420,Marmaton Valley Unified School District 256
zcrm_5436421000135205525,5436421000056576425,Marais des Cygnes Valley Unified School District 456
zcrm_5436421000135228949,5436421000056576432,Manhattan-Ogden Unified School District 383
zcrm_5436421000135213646,5436421000056576433,Maize Unified School District 266
zcrm_5436421000135221584,5436421000056576436,Lyons Unified School District 405
zcrm_5436421000135211523,5436421000056576438,Louisburg Unified School District 416
zcrm_5436421000135201485,5436421000056576443,Liberal Unified School District 480
zcrm_5436421000135219652,5436421000056576444,Lewis Unified School District 502
zcrm_5436421000135217515,5436421000056576445,Leroy-Gridley Unified School District 245
zcrm_5436421000135221953,5436421000056576446,Leoti Unified School District 467
zcrm_5436421000135204004,5436421000056576447,Bluestem Unified School District 205
zcrm_5436421000135233615,5436421000056576448,Leavenworth Unified School District 453
zcrm_5436421000135221159,5436421000056576451,Lansing Unified School District 469
zcrm_5436421000135201040,5436421000056576459,Kingman-Norwich Unified School District 331
zcrm_5436421000135234113,5436421000056576462,Kansas City Unified School District 500
zcrm_5436421000135210946,5436421000056576463,Geary County Schools Unified School District 475
zcrm_5436421000135229149,5436421000056576467,Iola Unified School District 257
zcrm_5436421000135226980,5436421000056576475,West Elk Unified School District 282
zcrm_5436421000135216947,5436421000056576476,South Brown County Unified School District 430
zcrm_5436421000135230464,5436421000056576479,Holcomb Unified School District 363
zcrm_5436421000135226973,5436421000056576487,Hays Unified School District 489
zcrm_5436421000135218083,5436421000056576494,Kiowa County Unified School District 422
zcrm_5436421000135216048,5436421000056576495,Greeley County Schools Unified School District 200
zcrm_5436421000135209968,5436421000056576500,Goddard Unified School District 265
zcrm_5436421000135205132,5436421000056576502,Girard Unified School District 248
zcrm_5436421000135233520,5436421000056576504,Gardner Edgerton Unified School District 231
zcrm_5436421000135233653,5436421000056576507,Fort Leavenworth Unified School District 207
zcrm_5436421000135225487,5436421000056576508,Frontenac Public Schools Unified School District 249
zcrm_5436421000135202980,5436421000056576509,Fredonia Unified School District 484
zcrm_5436421000135206461,5436421000056576512,Fort Scott Unified School District 234
zcrm_5436421000135222999,5436421000056576513,Eureka Unified School District 389
zcrm_5436421000135225072,5436421000056576519,Ellis Unified School District 388
zcrm_5436421000135211538,5436421000056576521,Ell-Saline Unified School District 307
zcrm_5436421000135234043,5436421000056576528,Dodge City Unified School District 443
zcrm_5436421000135201097,5436421000056576531,Derby Unified School District 260
zcrm_5436421000135202098,5436421000056576539,Columbus Unified School District 493
zcrm_5436421000135226479,5436421000056576546,North Jackson Unified School District 335
zcrm_5436421000135217679,5436421000056576548,Cheylin Unified School District 103
zcrm_5436421000135217172,5436421000056576566,Altoona-Midway Unified School District 387
zcrm_5436421000135222523,5436421000056576573,Beloit Unified School District 273
zcrm_5436421000135205638,5436421000056576584,Labette County Unified School District 506
zcrm_5436421000135227050,5436421000056576586,Wabaunsee Unified School District 329
zcrm_5436421000135210577,5436421000056576588,Auburn-Washburn Unified School District 437
zcrm_5436421000135208511,5436421000056576590,Nemaha Unified School District 115
zcrm_5436421000135232440,5436421000056576602,Marysville Unified School District 364
zcrm_5436421000135205521,5436421000056576604,Central Heights Unified School District 288
zcrm_5436421000135214665,5436421000056576612,Southeast of Saline Unified School District 306
zcrm_5436421000135218678,5436421000056576625,West Monona Community School District
zcrm_5436421000135218009,5436421000056576627,West Lyon Community School District
zcrm_5436421000135203504,5436421000056576933,Sidney Community School District
zcrm_5436421000135220155,5436421000056576935,West Fork Community School District
zcrm_5436421000135218078,5436421000056576938,Schleswig Community School District
zcrm_5436421000135217972,5436421000056576945,Rock Valley Community School District
zcrm_5436421000135194347,5436421000056572847,Pearl Public School District
zcrm_5436421000135194760,5436421000056572849,Okolona Separate School District
zcrm_5436421000135194334,5436421000056572852,North Pike School District
zcrm_5436421000135194332,5436421000056572853,North Panola School District
zcrm_5436421000135194324,5436421000056572857,Neshoba County School District
zcrm_5436421000135223048,5436421000056572869,Lee County School District
zcrm_5436421000135194249,5436421000056572875,Lafayette County School District
zcrm_5436421000135077957,5436421000056572881,Itawamba County School District
zcrm_5436421000135077952,5436421000056572882,Humphreys County School District
zcrm_5436421000135077947,5436421000056572884,Hollandale School District
zcrm_5436421000135077940,5436421000056572887,Hattiesburg Public School District
zcrm_5436421000135077907,5436421000056572898,Enterprise School District
zcrm_5436421000135127173,5436421000056572912,Choctaw County School District
zcrm_5436421000135077820,5436421000056572921,Bay St. Louis-Waveland School District
zcrm_5436421000135127254,5436421000056572923,Attala County School District
zcrm_5436421000135077794,5436421000056572930,Winona-Montgomery County Consolidated School District
zcrm_5436421000135194456,5436421000056572931,Holmes County Consolidated School District
zcrm_5436421000135127189,5436421000056572935,North Bolivar Consolidated School District
zcrm_5436421000135217986,5436421000056572953,Watertown-Mayer Public School District
zcrm_5436421000135232551,5436421000056572971,South Washington County School District
zcrm_5436421000135232443,5436421000056573004,Red Lake Falls Public School District
zcrm_5436421000135230017,5436421000056573018,Paynesville Public School District
zcrm_5436421000135234638,5436421000056573029,North St. Paul-Maplewood-Oakdale School District
zcrm_5436421000135218583,5436421000056573030,North Branch Public Schools
zcrm_5436421000135217009,5436421000056573042,Mora Public School District
zcrm_5436421000135222187,5436421000056573067,Little Falls Public School District
zcrm_5436421000135231009,5436421000056573069,Lewiston-Altura Public School District
zcrm_5436421000135206583,5436421000056573075,Lakeville Public School District
zcrm_5436421000135217589,5436421000056573357,Hermantown Public School District
zcrm_5436421000135208073,5436421000056573387,Elk River School District
zcrm_5436421000135201592,5436421000056573422,Cambridge-Isanti Public School District
zcrm_5436421000135229961,5436421000056573434,Bloomington Public School District
zcrm_5436421000135218643,5436421000056573451,Anoka-Hennepin Public School District
zcrm_5436421000135229646,5436421000056573457,Walker-Hackensack-Akeley School District
zcrm_5436421000135218055,5436421000056573461,Lester Prairie Public School District
zcrm_5436421000135219506,5436421000056573476,Renville County West School District
zcrm_5436421000135218060,5436421000056573478,Clinton-Graceville-Beardsley District 2888
zcrm_5436421000135202463,5436421000056573481,Blue Earth Area Public Schools
zcrm_5436421000135221072,5436421000056573500,Murray County Central School District
zcrm_5436421000135209108,5436421000056573914,Oak Park City School District
zcrm_5436421000135207106,5436421000056573965,Mason Consolidated Schools
zcrm_5436421000135206532,5436421000056573987,Livonia Public Schools
zcrm_5436421000135217466,5436421000056574009,Laingsburg Community School District
zcrm_5436421000135211129,5436421000056574019,Kalamazoo Public School District
zcrm_5436421000135226632,5436421000056574058,Hamtramck Public Schools
zcrm_5436421000135201542,5436421000056574396,Corunna Public School District
zcrm_5436421000135227046,5436421000056574480,Beaverton Rural Schools
zcrm_5436421000135210509,5436421000056574534,Worcester School District
zcrm_5436421000135221095,5436421000056574562,Waltham School District
zcrm_5436421000135216458,5436421000056574565,Wakefield School District
zcrm_5436421000135214483,5436421000056574569,Triton School District
zcrm_5436421000135215545,5436421000056574581,Stoughton School District
zcrm_5436421000135208650,5436421000056574583,Springfield School District
zcrm_5436421000135214171,5436421000056574593,Shrewsbury School District
zcrm_5436421000135211449,5436421000056574599,Saugus School District
zcrm_5436421000135228101,5436421000056574607,Revere School District
zcrm_5436421000135218669,5436421000056574609,Randolph School District
zcrm_5436421000135206507,5436421000056574896,North Attleborough School District
zcrm_5436421000135233483,5436421000056574897,North Andover School District
zcrm_5436421000135219003,5436421000056574900,Newton School District
zcrm_5436421000135212561,5436421000056574901,Newburyport School District
zcrm_5436421000135220058,5436421000056574904,Needham School District
zcrm_5436421000135234940,5436421000056574907,Narragansett School District
zcrm_5436421000135206524,5436421000056574913,Milton School District
zcrm_5436421000135210474,5436421000056574927,Masconomet School District
zcrm_5436421000135205616,5436421000056574940,Longmeadow School District
zcrm_5436421000135214478,5436421000056574942,Lincoln-Sudbury School District
zcrm_5436421000135207038,5436421000056574946,Leominster School District
zcrm_5436421000135208976,5436421000056574959,Holliston School District
zcrm_5436421000135200468,5436421000056574970,Hampden-Wilbraham School District
zcrm_5436421000135207150,5436421000056574974,Groton-Dunstable School District
zcrm_5436421000135212065,5436421000056574975,Greenfield School District
zcrm_5436421000135212028,5436421000056574983,Gardner School District
zcrm_5436421000135202951,5436421000056574985,Freetown-Lakeville School District
zcrm_5436421000135214090,5436421000056574991,Fall River School District
zcrm_5436421000135233542,5436421000056574993,Everett School District
zcrm_5436421000135204945,5436421000056575011,Danvers School District
zcrm_5436421000135204517,5436421000056575015,Cohasset School District
zcrm_5436421000135214088,5436421000056575018,Chicopee School District
zcrm_5436421000135221466,5436421000056575025,Cambridge School District
zcrm_5436421000135233553,5436421000056575027,Brookline School District
zcrm_5436421000135214087,5436421000056575033,Braintree School District
zcrm_5436421000135221975,5436421000056575046,Auburn School District
zcrm_5436421000135233557,5436421000056575050,Arlington School District
zcrm_5436421000135203966,5436421000056575057,Acushnet School District
zcrm_5436421000135215500,5436421000056575072,St. Marys County Public Schools
zcrm_5436421000135214456,5436421000056575103,Regional School Unit 22
zcrm_5436421000135216486,5436421000056575109,Regional School Unit 78
zcrm_5436421000135208965,5436421000056575379,Regional School Unit 34
zcrm_5436421000135224584,5436421000056575381,Regional School Unit 18
zcrm_5436421000135221585,5436421000056575384,Regional School Unit 02
zcrm_5436421000135231988,5436421000056575393,School Administrative District 68
zcrm_5436421000135214497,5436421000056575394,School Administrative District 60
zcrm_5436421000135230657,5436421000056575395,School Administrative District 57
zcrm_5436421000135208632,5436421000056575408,School Administrative District 52
zcrm_5436421000135207144,5436421000056575419,Westbrook School Department
zcrm_5436421000135210531,5436421000056575435,South Portland School Department
zcrm_5436421000135205507,5436421000056575449,School Administrative District 03
zcrm_5436421000135217979,5436421000056575453,School Administrative District 32
zcrm_5436421000135210487,5436421000056575462,School Administrative District 01
zcrm_5436421000135224489,5436421000056575464,School Administrative District 17
zcrm_5436421000135223677,5436421000056575465,School Administrative District 15
zcrm_5436421000135216587,5436421000056575467,School Administrative District 13
zcrm_5436421000135228498,5436421000056575527,Gorham School District
zcrm_5436421000135221446,5436421000056575556,Cape Elizabeth School Department
zcrm_5436421000135215123,5436421000056575600,West Carroll Parish School District
zcrm_5436421000135230157,5436421000056575601,West Baton Rouge Parish School District
zcrm_5436421000135212154,5436421000056575602,Webster Parish School District
zcrm_5436421000135212006,5436421000056575604,Vermilion Parish School District
zcrm_5436421000135223134,5436421000056575605,Union Parish School District
zcrm_5436421000135216037,5436421000056575606,Tensas Parish School District
zcrm_5436421000135225148,5436421000056575609,St. Martin Parish School District
zcrm_5436421000135234517,5436421000056575610,St. Landry Parish School District
zcrm_5436421000135227682,5436421000056575614,Red River Parish School District
zcrm_5436421000135211146,5436421000056575616,Pointe Coupee Parish School District
zcrm_5436421000135229645,5436421000056575617,Plaquemines Parish School District
zcrm_5436421000135234569,5436421000056575619,Orleans Parish School District
zcrm_5436421000135230178,5436421000056575620,Natchitoches Parish School District
zcrm_5436421000135213049,5436421000056575626,Jefferson Parish School District
zcrm_5436421000135227587,5436421000056575891,De Soto Parish School District
zcrm_5436421000135212447,5436421000056575897,Calcasieu Parish School District
zcrm_5436421000135214022,5436421000056575898,Caddo Parish School District
zcrm_5436421000135232576,5436421000056575899,Bossier Parish School District
zcrm_5436421000135221182,5436421000056575901,Bienville Parish School District
zcrm_5436421000135220669,5436421000056575905,Assumption Parish School District
zcrm_5436421000135223549,5436421000056575911,Woodford County School District
zcrm_5436421000135216467,5436421000056575912,Wolfe County School District
zcrm_5436421000135219617,5436421000056575913,Williamstown Independent School District
zcrm_5436421000135212584,5436421000056575914,Williamsburg Independent School District
zcrm_5436421000135224598,5436421000056575915,Whitley County School District
zcrm_5436421000135226653,5436421000056575916,Webster County School District
zcrm_5436421000135213549,5436421000056575917,Wayne County School District
zcrm_5436421000135212606,5436421000056575918,Washington County School District
zcrm_5436421000135223610,5436421000056575919,Warren County School District
zcrm_5436421000135213489,5436421000056575920,Walton-Verona Independent School District
zcrm_5436421000135221078,5436421000056575921,Union County School District
zcrm_5436421000135201484,5436421000056575923,Trigg County School District
zcrm_5436421000135225104,5436421000056575924,Todd County School District
zcrm_5436421000135212540,5436421000056575925,Taylor County School District
zcrm_5436421000135217078,5436421000056575927,Southgate Independent School District
zcrm_5436421000135230552,5436421000056575929,Simpson County School District
zcrm_5436421000135227465,5436421000056575930,Shelby County School District
zcrm_5436421000135217011,5436421000056575932,Science Hill Independent School District
zcrm_5436421000135213005,5436421000056575933,Russellville Independent School District
zcrm_5436421000135217450,5436421000056575934,Russell County School District
zcrm_5436421000135213462,5436421000056575935,Russell Independent School District
zcrm_5436421000135212660,5436421000056575936,Rowan County School District
zcrm_5436421000135205011,5436421000056575939,Raceland-Worthington Independent School District
zcrm_5436421000135218657,5436421000056575940,Pulaski County School District
zcrm_5436421000135202027,5436421000056575942,Pineville Independent School District
zcrm_5436421000135211979,5436421000056575944,Pike County School District
zcrm_5436421000135211968,5436421000056575945,Perry County School District
zcrm_5436421000135212607,5436421000056575949,Owsley County School District
zcrm_5436421000135228089,5436421000056575951,Oldham County School District
zcrm_5436421000135207972,5436421000056575953,Nicholas County School District
zcrm_5436421000135213006,5436421000056575954,Newport Independent School District
zcrm_5436421000135213119,5436421000056575956,Murray Independent School District
zcrm_5436421000135213134,5436421000056575958,Montgomery County School District
zcrm_5436421000135212528,5436421000056575961,Metcalfe County School District
zcrm_5436421000135211651,5436421000056575963,Menifee County School District
zcrm_5436421000135228476,5436421000056575967,McCracken County School District
zcrm_5436421000135208056,5436421000056575968,Mayfield Independent School District
zcrm_5436421000135222002,5436421000056575969,Mason County School District
zcrm_5436421000135213093,5436421000056575970,Martin County School District
zcrm_5436421000135224532,5436421000056575971,Marshall County School District
zcrm_5436421000135226663,5436421000056575972,Marion County School District
zcrm_5436421000135221529,5436421000056575973,Magoffin County School District
zcrm_5436421000135228010,5436421000056575974,Madison County School District
zcrm_5436421000135226531,5436421000056575977,Logan County School District
zcrm_5436421000135221057,5436421000056575979,Lincoln County School District
zcrm_5436421000135213117,5436421000056575980,Lewis County School District
zcrm_5436421000135213052,5436421000056575981,Letcher County School District
zcrm_5436421000135213595,5436421000056575982,Leslie County School District
zcrm_5436421000135213564,5436421000056575985,Laurel County School District
zcrm_5436421000135229674,5436421000056575987,Knox County School District
zcrm_5436421000135234558,5436421000056575989,Johnson County School District
zcrm_5436421000135212648,5436421000056575990,Jessamine County School District
zcrm_5436421000135210653,5436421000056575991,Jenkins Independent School District
zcrm_5436421000135229679,5436421000056575995,Hopkins County School District
zcrm_5436421000135216973,5436421000056575996,Hickman County School District
zcrm_5436421000135221043,5436421000056575997,Henry County School District
zcrm_5436421000135227626,5436421000056575998,Henderson County School District
zcrm_5436421000135225098,5436421000056576000,Hart County School District
zcrm_5436421000135222510,5436421000056576001,Harrison County School District
zcrm_5436421000135224087,5436421000056576002,Harlan County School District
zcrm_5436421000135212683,5436421000056576004,Hardin County School District
zcrm_5436421000135215447,5436421000056576008,Grayson County School District
zcrm_5436421000135224638,5436421000056576009,Graves County School District
zcrm_5436421000135228961,5436421000056576010,Grant County School District
zcrm_5436421000135221624,5436421000056576011,Glasgow Independent School District
zcrm_5436421000135215183,5436421000056576013,Gallatin County School District
zcrm_5436421000135226459,5436421000056576016,Fort Thomas Independent School District
zcrm_5436421000135228652,5436421000056576017,Franklin County School District
zcrm_5436421000135229611,5436421000056576018,Frankfort Independent School District
zcrm_5436421000135212582,5436421000056576019,Floyd County School District
zcrm_5436421000135213455,5436421000056576020,Fleming County School District
zcrm_5436421000135232673,5436421000056576021,Fayette County School District
zcrm_5436421000135217651,5436421000056576023,Estill County School District
zcrm_5436421000135221481,5436421000056576024,Erlanger-Elsmere Independent School District
zcrm_5436421000135212963,5436421000056576025,Eminence Independent School District
zcrm_5436421000135225147,5436421000056576027,Elizabethtown Independent School District
zcrm_5436421000135207611,5436421000056576029,East Bernstadt Independent School District
zcrm_5436421000135216049,5436421000056576031,Dawson Springs Independent School District
zcrm_5436421000135231462,5436421000056576032,Daviess County School District
zcrm_5436421000135225629,5436421000056576033,Danville Independent School District
zcrm_5436421000135204664,5436421000056576035,Crittenden County School District
zcrm_5436421000135233954,5436421000056576036,Covington Independent School District
zcrm_5436421000135211603,5436421000056576037,Corbin Independent School District
zcrm_5436421000135209007,5436421000056576038,Cloverport Independent School District
zcrm_5436421000135213045,5436421000056576039,Clinton County School District
zcrm_5436421000135212035,5436421000056576041,Clark County School District
zcrm_5436421000135213153,5436421000056576042,Christian County School District
zcrm_5436421000135215456,5436421000056576044,Casey County School District
zcrm_5436421000135211685,5436421000056576045,Carter County School District
zcrm_5436421000135219595,5436421000056576048,Campbellsville Independent School District
zcrm_5436421000135213105,5436421000056576051,Caldwell County School District
zcrm_5436421000135229006,5436421000056576058,Boyd County School District
zcrm_5436421000135212669,5436421000056576059,Bowling Green Independent School District
zcrm_5436421000135212565,5436421000056576060,Bourbon County School District
zcrm_5436421000135228038,5436421000056576061,Berea Independent School District
zcrm_5436421000135212443,5436421000056576063,Bell County School District
zcrm_5436421000135213497,5436421000056576064,Beechwood Independent School District
zcrm_5436421000135226662,5436421000056576067,Bardstown Independent School District
zcrm_5436421000135217473,5436421000056576068,Barbourville Independent School District
zcrm_5436421000135213108,5436421000056576069,Ballard County School District
zcrm_5436421000135212618,5436421000056576071,Ashland Independent School District
zcrm_5436421000135214973,5436421000056576072,Anderson County School District
zcrm_5436421000135213495,5436421000056576073,Anchorage Independent School District
zcrm_5436421000135223580,5436421000056576074,Muhlenberg County School District
zcrm_5436421000135226031,5436421000056576075,Allen County School District
zcrm_5436421000135213487,5436421000056576076,Adair County School District
zcrm_5436421000135211061,5436421000056576079,Wichita Unified School District 259
zcrm_5436421000135222466,5436421000056576081,Wellsville Unified School District 289
zcrm_5436421000135208042,5436421000056576102,Blue Valley Unified School District 229
zcrm_5436421000135209963,5436421000056576115,Seaman Unified School District 345
zcrm_5436421000135205013,5436421000056576393,Piper-Kansas City Unified School District 203
zcrm_5436421000135202143,5436421000056576417,Mulvane Unified School District 263
zcrm_5436421000135210488,5436421000056576432,Manhattan-Ogden Unified School District 383
zcrm_5436421000135211035,5436421000056576433,Maize Unified School District 266
zcrm_5436421000135211483,5436421000056576438,Louisburg Unified School District 416
zcrm_5436421000135221122,5436421000056576451,Lansing Unified School District 469
zcrm_5436421000135220619,5436421000056576462,Kansas City Unified School District 500
zcrm_5436421000135227651,5436421000056576467,Iola Unified School District 257
zcrm_5436421000135225187,5436421000056576479,Holcomb Unified School District 363
zcrm_5436421000135205589,5436421000056576500,Goddard Unified School District 265
zcrm_5436421000135206588,5436421000056576508,Frontenac Public Schools Unified School District 249
zcrm_5436421000135202656,5436421000056576512,Fort Scott Unified School District 234
zcrm_5436421000135234122,5436421000056576517,Emporia Unified School District 253
zcrm_5436421000135215100,5436421000056576519,Ellis Unified School District 388
zcrm_5436421000135233654,5436421000056576528,Dodge City Unified School District 443
zcrm_5436421000135219140,5436421000056576544,Clearwater Unified School District 264
zcrm_5436421000135216150,5436421000056576568,Brewster Unified School District 314
zcrm_5436421000135201645,5436421000056576588,Auburn-Washburn Unified School District 437
zcrm_5436421000135229043,5436421000056576602,Marysville Unified School District 364
zcrm_5436421000135217535,5436421000056576627,West Lyon Community School District
zcrm_5436421000135194346,5436421000056572847,Pearl Public School District
zcrm_5436421000135127198,5436421000056572849,Okolona Separate School District
zcrm_5436421000135127250,5436421000056572852,North Pike School District
zcrm_5436421000135077454,5436421000056572853,North Panola School District
zcrm_5436421000135194323,5436421000056572857,Neshoba County School District
zcrm_5436421000135194746,5436421000056572869,Lee County School District
zcrm_5436421000135194248,5436421000056572875,Lafayette County School District
zcrm_5436421000135077956,5436421000056572881,Itawamba County School District
zcrm_5436421000135077284,5436421000056572882,Humphreys County School District
zcrm_5436421000135077946,5436421000056572884,Hollandale School District
zcrm_5436421000135077939,5436421000056572887,Hattiesburg Public School District
zcrm_5436421000135077906,5436421000056572898,Enterprise School District
zcrm_5436421000135194716,5436421000056572911,Claiborne County School District
zcrm_5436421000135077848,5436421000056572912,Choctaw County School District
zcrm_5436421000135077819,5436421000056572921,Bay St. Louis-Waveland School District
zcrm_5436421000135077816,5436421000056572923,Attala County School District
zcrm_5436421000135077793,5436421000056572930,Winona-Montgomery County Consolidated School District
zcrm_5436421000135194455,5436421000056572931,Holmes County Consolidated School District
zcrm_5436421000135077779,5436421000056572935,North Bolivar Consolidated School District
zcrm_5436421000135232445,5436421000056572971,South Washington County School District
zcrm_5436421000135230478,5436421000056573004,Red Lake Falls Public School District
zcrm_5436421000135224001,5436421000056573018,Paynesville Public School District
zcrm_5436421000135230565,5436421000056573029,North St. Paul-Maplewood-Oakdale School District
zcrm_5436421000135215950,5436421000056573030,North Branch Public Schools
zcrm_5436421000135203056,5436421000056573042,Mora Public School District
zcrm_5436421000135221586,5436421000056573067,Little Falls Public School District
zcrm_5436421000135227041,5436421000056573069,Lewiston-Altura Public School District
zcrm_5436421000135217122,5436421000056573357,Hermantown Public School District
zcrm_5436421000135206594,5436421000056573387,Elk River School District
zcrm_5436421000135223103,5436421000056573430,Brooklyn Center School District
zcrm_5436421000135215986,5436421000056573434,Bloomington Public School District
zcrm_5436421000135208529,5436421000056573451,Anoka-Hennepin Public School District
zcrm_5436421000135202499,5436421000056573457,Walker-Hackensack-Akeley School District
zcrm_5436421000135216948,5436421000056574009,Laingsburg Community School District
zcrm_5436421000135218942,5436421000056574058,Hamtramck Public Schools
zcrm_5436421000135211973,5436421000056574480,Beaverton Rural Schools
zcrm_5436421000135202973,5436421000056574534,Worcester School District
zcrm_5436421000135214522,5436421000056574562,Waltham School District
zcrm_5436421000135214115,5436421000056574565,Wakefield School District
zcrm_5436421000135206013,5436421000056574583,Springfield School District
zcrm_5436421000135211443,5436421000056574599,Saugus School District
zcrm_5436421000135224566,5436421000056574607,Revere School District
zcrm_5436421000135214508,5436421000056574897,North Andover School District
zcrm_5436421000135214113,5436421000056574904,Needham School District
zcrm_5436421000135202986,5436421000056574913,Milton School District
zcrm_5436421000135205643,5436421000056574927,Masconomet School District
zcrm_5436421000135205569,5436421000056574959,Holliston School District
zcrm_5436421000135212023,5436421000056574975,Greenfield School District
zcrm_5436421000135210092,5436421000056574991,Fall River School District
zcrm_5436421000135214448,5436421000056574993,Everett School District
zcrm_5436421000135219680,5436421000056575046,Auburn School District
zcrm_5436421000135220101,5436421000056575050,Arlington School District
zcrm_5436421000135211602,5436421000056575072,St. Marys County Public Schools
zcrm_5436421000135207060,5436421000056575381,Regional School Unit 18
zcrm_5436421000135221065,5436421000056575391,School Administrative District 72
zcrm_5436421000135217161,5436421000056575393,School Administrative District 68
zcrm_5436421000135230614,5436421000056575395,School Administrative District 57
zcrm_5436421000135208133,5436421000056575435,South Portland School Department
zcrm_5436421000135223669,5436421000056575464,School Administrative District 17
zcrm_5436421000135228439,5436421000056575527,Gorham School District
zcrm_5436421000135203980,5436421000056575556,Cape Elizabeth School Department
zcrm_5436421000135211970,5436421000056575600,West Carroll Parish School District
zcrm_5436421000135230106,5436421000056575601,West Baton Rouge Parish School District
zcrm_5436421000135211468,5436421000056575604,Vermilion Parish School District
zcrm_5436421000135221063,5436421000056575605,Union Parish School District
zcrm_5436421000135202062,5436421000056575609,St. Martin Parish School District
zcrm_5436421000135230970,5436421000056575610,St. Landry Parish School District
zcrm_5436421000135221655,5436421000056575617,Plaquemines Parish School District
zcrm_5436421000135234556,5436421000056575619,Orleans Parish School District
zcrm_5436421000135229549,5436421000056575620,Natchitoches Parish School District
zcrm_5436421000135212445,5436421000056575626,Jefferson Parish School District
zcrm_5436421000135224042,5436421000056575891,De Soto Parish School District
zcrm_5436421000135209085,5436421000056575897,Calcasieu Parish School District
zcrm_5436421000135212470,5436421000056575898,Caddo Parish School District
zcrm_5436421000135231460,5436421000056575899,Bossier Parish School District
zcrm_5436421000135218572,5436421000056575911,Woodford County School District
zcrm_5436421000135212576,5436421000056575912,Wolfe County School District
zcrm_5436421000135218049,5436421000056575913,Williamstown Independent School District
zcrm_5436421000135221625,5436421000056575915,Whitley County School District
zcrm_5436421000135223049,5436421000056575916,Webster County School District
zcrm_5436421000135208595,5436421000056575918,Washington County School District
zcrm_5436421000135217990,5436421000056575919,Warren County School District
zcrm_5436421000135213565,5436421000056575921,Union County School District
zcrm_5436421000135200120,5436421000056575923,Trigg County School District
zcrm_5436421000135213071,5436421000056575924,Todd County School District
zcrm_5436421000135210617,5436421000056575925,Taylor County School District
zcrm_5436421000135226938,5436421000056575929,Simpson County School District
zcrm_5436421000135226443,5436421000056575930,Shelby County School District
zcrm_5436421000135213067,5436421000056575932,Science Hill Independent School District
zcrm_5436421000135212601,5436421000056575934,Russell County School District
zcrm_5436421000135205940,5436421000056575936,Rowan County School District
zcrm_5436421000135218181,5436421000056575940,Pulaski County School District
zcrm_5436421000135211477,5436421000056575944,Pike County School District
zcrm_5436421000135228069,5436421000056575951,Oldham County School District
zcrm_5436421000135212619,5436421000056575958,Montgomery County School District
zcrm_5436421000135211552,5436421000056575963,Menifee County School District
zcrm_5436421000135226028,5436421000056575967,McCracken County School District
zcrm_5436421000135203002,5436421000056575968,Mayfield Independent School District
zcrm_5436421000135212989,5436421000056575969,Mason County School District
zcrm_5436421000135212578,5436421000056575971,Marshall County School District
zcrm_5436421000135215166,5436421000056575972,Marion County School District
zcrm_5436421000135213046,5436421000056575973,Magoffin County School District
zcrm_5436421000135227947,5436421000056575974,Madison County School District
zcrm_5436421000135202515,5436421000056575976,Ludlow Independent School District
zcrm_5436421000135224541,5436421000056575977,Logan County School District
zcrm_5436421000135212546,5436421000056575979,Lincoln County School District
zcrm_5436421000135227643,5436421000056575987,Knox County School District
zcrm_5436421000135230679,5436421000056575989,Johnson County School District
zcrm_5436421000135212062,5436421000056575990,Jessamine County School District
zcrm_5436421000135202025,5436421000056575991,Jenkins Independent School District
zcrm_5436421000135212551,5436421000056575995,Hopkins County School District
zcrm_5436421000135215652,5436421000056575996,Hickman County School District
zcrm_5436421000135221042,5436421000056575997,Henry County School District
zcrm_5436421000135223150,5436421000056575998,Henderson County School District
zcrm_5436421000135225095,5436421000056576000,Hart County School District
zcrm_5436421000135213008,5436421000056576001,Harrison County School District
zcrm_5436421000135212585,5436421000056576002,Harlan County School District
zcrm_5436421000135212586,5436421000056576004,Hardin County School District
zcrm_5436421000135221950,5436421000056576009,Graves County School District
zcrm_5436421000135223122,5436421000056576010,Grant County School District
zcrm_5436421000135221570,5436421000056576011,Glasgow Independent School District
zcrm_5436421000135221053,5436421000056576016,Fort Thomas Independent School District
zcrm_5436421000135228132,5436421000056576017,Franklin County School District
zcrm_5436421000135212574,5436421000056576018,Frankfort Independent School District
zcrm_5436421000135204686,5436421000056576019,Floyd County School District
zcrm_5436421000135212591,5436421000056576020,Fleming County School District
zcrm_5436421000135232655,5436421000056576021,Fayette County School District
zcrm_5436421000135216084,5436421000056576023,Estill County School District
zcrm_5436421000135220665,5436421000056576024,Erlanger-Elsmere Independent School District
zcrm_5436421000135212552,5436421000056576025,Eminence Independent School District
zcrm_5436421000135231457,5436421000056576032,Daviess County School District
zcrm_5436421000135224018,5436421000056576033,Danville Independent School District
zcrm_5436421000135213010,5436421000056576036,Covington Independent School District
zcrm_5436421000135205938,5436421000056576042,Christian County School District
zcrm_5436421000135217087,5436421000056576048,Campbellsville Independent School District
zcrm_5436421000135228981,5436421000056576058,Boyd County School District
zcrm_5436421000135212668,5436421000056576059,Bowling Green Independent School District
zcrm_5436421000135227160,5436421000056576061,Berea Independent School District
zcrm_5436421000135223019,5436421000056576067,Bardstown Independent School District
zcrm_5436421000135217021,5436421000056576068,Barbourville Independent School District
zcrm_5436421000135208564,5436421000056576072,Anderson County School District
zcrm_5436421000135221939,5436421000056576074,Muhlenberg County School District
zcrm_5436421000135213583,5436421000056576075,Allen County School District
zcrm_5436421000135218448,5436421000056576081,Wellsville Unified School District 289
zcrm_5436421000135202995,5436421000056576102,Blue Valley Unified School District 229
zcrm_5436421000135203090,5436421000056576393,Piper-Kansas City Unified School District 203
zcrm_5436421000135207585,5436421000056576438,Louisburg Unified School District 416
zcrm_5436421000135210122,5436421000056576451,Lansing Unified School District 469
zcrm_5436421000135221079,5436421000056576467,Iola Unified School District 257
zcrm_5436421000135204941,5436421000056576479,Holcomb Unified School District 363
zcrm_5436421000135202118,5436421000056576500,Goddard Unified School District 265
zcrm_5436421000135210490,5436421000056576528,Dodge City Unified School District 443
zcrm_5436421000135201452,5436421000056576588,Auburn-Washburn Unified School District 437
zcrm_5436421000135222640,5436421000056576597,Rock Hills Unified School District 107
zcrm_5436421000135223618,5436421000056576602,Marysville Unified School District 364
zcrm_5436421000135215584,5436421000056576925,South Winneshiek Community School District
zcrm_5436421000135231025,5436421000056576930,Sioux City Community School District
zcrm_5436421000135127161,5436421000056572847,Pearl Public School District
zcrm_5436421000135077295,5436421000056572849,Okolona Separate School District
zcrm_5436421000135077777,5436421000056572852,North Pike School District
zcrm_5436421000135077324,5436421000056572853,North Panola School District
zcrm_5436421000135194322,5436421000056572857,Neshoba County School District
zcrm_5436421000135194745,5436421000056572869,Lee County School District
zcrm_5436421000135194247,5436421000056572875,Lafayette County School District
zcrm_5436421000135077955,5436421000056572881,Itawamba County School District
zcrm_5436421000135077267,5436421000056572882,Humphreys County School District
zcrm_5436421000135077945,5436421000056572884,Hollandale School District
zcrm_5436421000135077938,5436421000056572887,Hattiesburg Public School District
zcrm_5436421000135077428,5436421000056572898,Enterprise School District
zcrm_5436421000135127193,5436421000056572911,Claiborne County School District
zcrm_5436421000135077847,5436421000056572912,Choctaw County School District
zcrm_5436421000135077815,5436421000056572923,Attala County School District
zcrm_5436421000135077289,5436421000056572930,Winona-Montgomery County Consolidated School District
zcrm_5436421000135127184,5436421000056572931,Holmes County Consolidated School District
zcrm_5436421000135077762,5436421000056572935,North Bolivar Consolidated School District
zcrm_5436421000135232141,5436421000056572971,South Washington County School District
zcrm_5436421000135217049,5436421000056573018,Paynesville Public School District
zcrm_5436421000135222952,5436421000056573029,North St. Paul-Maplewood-Oakdale School District
zcrm_5436421000135215017,5436421000056573357,Hermantown Public School District
zcrm_5436421000135230579,5436421000056573374,Frazee-Vergas Public School District
zcrm_5436421000135222632,5436421000056573430,Brooklyn Center School District
zcrm_5436421000135206522,5436421000056573434,Bloomington Public School District
zcrm_5436421000135205014,5436421000056573451,Anoka-Hennepin Public School District
zcrm_5436421000135216632,5436421000056574009,Laingsburg Community School District
zcrm_5436421000135215169,5436421000056574058,Hamtramck Public Schools
zcrm_5436421000135212473,5436421000056574562,Waltham School District
zcrm_5436421000135204537,5436421000056574583,Springfield School District
zcrm_5436421000135211442,5436421000056574599,Saugus School District
zcrm_5436421000135220083,5436421000056574607,Revere School District
zcrm_5436421000135214079,5436421000056574904,Needham School District
zcrm_5436421000135210167,5436421000056574993,Everett School District
zcrm_5436421000135219603,5436421000056575046,Auburn School District
zcrm_5436421000135211509,5436421000056575072,St. Marys County Public Schools
zcrm_5436421000135201590,5436421000056575381,Regional School Unit 18
zcrm_5436421000135217085,5436421000056575393,School Administrative District 68
zcrm_5436421000135227006,5436421000056575395,School Administrative District 57
zcrm_5436421000135222160,5436421000056575464,School Administrative District 17
zcrm_5436421000135229537,5436421000056575601,West Baton Rouge Parish School District
zcrm_5436421000135211447,5436421000056575604,Vermilion Parish School District
zcrm_5436421000135219542,5436421000056575605,Union Parish School District
zcrm_5436421000135230588,5436421000056575610,St. Landry Parish School District
zcrm_5436421000135221534,5436421000056575617,Plaquemines Parish School District
zcrm_5436421000135219062,5436421000056575619,Orleans Parish School District
zcrm_5436421000135229525,5436421000056575620,Natchitoches Parish School District
zcrm_5436421000135209492,5436421000056575626,Jefferson Parish School District
zcrm_5436421000135223110,5436421000056575891,De Soto Parish School District
zcrm_5436421000135208472,5436421000056575897,Calcasieu Parish School District
zcrm_5436421000135209526,5436421000056575898,Caddo Parish School District
zcrm_5436421000135229981,5436421000056575899,Bossier Parish School District
zcrm_5436421000135216485,5436421000056575911,Woodford County School District
zcrm_5436421000135217960,5436421000056575913,Williamstown Independent School District
zcrm_5436421000135213453,5436421000056575915,Whitley County School District
zcrm_5436421000135223008,5436421000056575916,Webster County School District
zcrm_5436421000135206458,5436421000056575918,Washington County School District
zcrm_5436421000135216063,5436421000056575919,Warren County School District
zcrm_5436421000135213163,5436421000056575921,Union County School District
zcrm_5436421000135201598,5436421000056575924,Todd County School District
zcrm_5436421000135226652,5436421000056575929,Simpson County School District
zcrm_5436421000135225056,5436421000056575930,Shelby County School District
zcrm_5436421000135204512,5436421000056575932,Science Hill Independent School District
zcrm_5436421000135209678,5436421000056575934,Russell County School District
zcrm_5436421000135211148,5436421000056575944,Pike County School District
zcrm_5436421000135227638,5436421000056575951,Oldham County School District
zcrm_5436421000135212612,5436421000056575958,Montgomery County School District
zcrm_5436421000135211488,5436421000056575963,Menifee County School District
zcrm_5436421000135222461,5436421000056575967,McCracken County School District
zcrm_5436421000135202505,5436421000056575968,Mayfield Independent School District
zcrm_5436421000135201681,5436421000056575969,Mason County School District
zcrm_5436421000135227684,5436421000056575974,Madison County School District
zcrm_5436421000135221626,5436421000056575977,Logan County School District
zcrm_5436421000135223073,5436421000056575989,Johnson County School District
zcrm_5436421000135213515,5436421000056575996,Hickman County School District
zcrm_5436421000135214154,5436421000056575997,Henry County School District
zcrm_5436421000135222462,5436421000056575998,Henderson County School District
zcrm_5436421000135221131,5436421000056576000,Hart County School District
zcrm_5436421000135212580,5436421000056576002,Harlan County School District
zcrm_5436421000135213510,5436421000056576009,Graves County School District
zcrm_5436421000135221147,5436421000056576010,Grant County School District
zcrm_5436421000135216029,5436421000056576011,Glasgow Independent School District
zcrm_5436421000135213135,5436421000056576016,Fort Thomas Independent School District
zcrm_5436421000135225950,5436421000056576017,Franklin County School District
zcrm_5436421000135232638,5436421000056576021,Fayette County School District
zcrm_5436421000135212667,5436421000056576023,Estill County School District
zcrm_5436421000135213516,5436421000056576024,Erlanger-Elsmere Independent School District
zcrm_5436421000135231150,5436421000056576032,Daviess County School District
zcrm_5436421000135212590,5436421000056576033,Danville Independent School District
zcrm_5436421000135211991,5436421000056576036,Covington Independent School District
zcrm_5436421000135200975,5436421000056576042,Christian County School District
zcrm_5436421000135216676,5436421000056576048,Campbellsville Independent School District
zcrm_5436421000135228166,5436421000056576058,Boyd County School District
zcrm_5436421000135209517,5436421000056576059,Bowling Green Independent School District
zcrm_5436421000135213102,5436421000056576061,Berea Independent School District
zcrm_5436421000135212581,5436421000056576068,Barbourville Independent School District
zcrm_5436421000135057997,5436421000056576072,Anderson County School District
zcrm_5436421000135212526,5436421000056576074,Muhlenberg County School District
zcrm_5436421000135217106,5436421000056576081,Wellsville Unified School District 289
zcrm_5436421000135201545,5436421000056576451,Lansing Unified School District 469
zcrm_5436421000135219499,5436421000056576467,Iola Unified School District 257
zcrm_5436421000135209493,5436421000056576528,Dodge City Unified School District 443
zcrm_5436421000135201060,5436421000056576588,Auburn-Washburn Unified School District 437
zcrm_5436421000135215068,5436421000056576602,Marysville Unified School District 364
zcrm_5436421000135077445,5436421000056572847,Pearl Public School District
zcrm_5436421000135077308,5436421000056572852,North Pike School District
zcrm_5436421000135127260,5436421000056572857,Neshoba County School District
zcrm_5436421000135194288,5436421000056572869,Lee County School District
zcrm_5436421000135127257,5436421000056572875,Lafayette County School District
zcrm_5436421000135077954,5436421000056572881,Itawamba County School District
zcrm_5436421000135077731,5436421000056572887,Hattiesburg Public School District
zcrm_5436421000135077378,5436421000056572898,Enterprise School District
zcrm_5436421000135077849,5436421000056572911,Claiborne County School District
zcrm_5436421000135077846,5436421000056572912,Choctaw County School District
zcrm_5436421000135077756,5436421000056572923,Attala County School District
zcrm_5436421000135077792,5436421000056572931,Holmes County Consolidated School District
zcrm_5436421000135232077,5436421000056572971,South Washington County School District
zcrm_5436421000135207652,5436421000056573029,North St. Paul-Maplewood-Oakdale School District
zcrm_5436421000135223046,5436421000056573374,Frazee-Vergas Public School District
zcrm_5436421000135219030,5436421000056573430,Brooklyn Center School District
zcrm_5436421000135215102,5436421000056574009,Laingsburg Community School District
zcrm_5436421000135211451,5436421000056574562,Waltham School District
zcrm_5436421000135202585,5436421000056574583,Springfield School District
zcrm_5436421000135234949,5436421000056574600,Sandwich School District
zcrm_5436421000135201185,5436421000056574607,Revere School District
zcrm_5436421000135219449,5436421000056575046,Auburn School District
zcrm_5436421000135211485,5436421000056575072,St. Marys County Public Schools
zcrm_5436421000135201169,5436421000056575381,Regional School Unit 18
zcrm_5436421000135222078,5436421000056575464,School Administrative District 17
zcrm_5436421000135229500,5436421000056575601,West Baton Rouge Parish School District
zcrm_5436421000135211446,5436421000056575604,Vermilion Parish School District
zcrm_5436421000135200078,5436421000056575605,Union Parish School District
zcrm_5436421000135230555,5436421000056575610,St. Landry Parish School District
zcrm_5436421000135218945,5436421000056575619,Orleans Parish School District
zcrm_5436421000135227687,5436421000056575620,Natchitoches Parish School District
zcrm_5436421000135206622,5436421000056575626,Jefferson Parish School District
zcrm_5436421000135220632,5436421000056575891,De Soto Parish School District
zcrm_5436421000135205462,5436421000056575897,Calcasieu Parish School District
zcrm_5436421000135204044,5436421000056575898,Caddo Parish School District
zcrm_5436421000135229490,5436421000056575899,Bossier Parish School District
zcrm_5436421000135214971,5436421000056575911,Woodford County School District
zcrm_5436421000135217458,5436421000056575913,Williamstown Independent School District
zcrm_5436421000135205963,5436421000056575918,Washington County School District
zcrm_5436421000135215628,5436421000056575919,Warren County School District
zcrm_5436421000135211147,5436421000056575921,Union County School District
zcrm_5436421000135201469,5436421000056575924,Todd County School District
zcrm_5436421000135223020,5436421000056575929,Simpson County School District
zcrm_5436421000135222100,5436421000056575930,Shelby County School District
zcrm_5436421000135227158,5436421000056575951,Oldham County School District
zcrm_5436421000135209172,5436421000056575958,Montgomery County School District
zcrm_5436421000135203579,5436421000056575963,Menifee County School District
zcrm_5436421000135221088,5436421000056575967,McCracken County School District
zcrm_5436421000135226136,5436421000056575974,Madison County School District
zcrm_5436421000135217517,5436421000056575977,Logan County School District
zcrm_5436421000135215480,5436421000056575989,Johnson County School District
zcrm_5436421000135206176,5436421000056575996,Hickman County School District
zcrm_5436421000135214091,5436421000056575997,Henry County School District
zcrm_5436421000135222099,5436421000056575998,Henderson County School District
zcrm_5436421000135202629,5436421000056576000,Hart County School District
zcrm_5436421000135210440,5436421000056576002,Harlan County School District
zcrm_5436421000135213488,5436421000056576009,Graves County School District
zcrm_5436421000135221066,5436421000056576010,Grant County School District
zcrm_5436421000135212983,5436421000056576011,Glasgow Independent School District
zcrm_5436421000135225555,5436421000056576017,Franklin County School District
zcrm_5436421000135232633,5436421000056576021,Fayette County School District
zcrm_5436421000135211005,5436421000056576023,Estill County School District
zcrm_5436421000135212523,5436421000056576024,Erlanger-Elsmere Independent School District
zcrm_5436421000135229614,5436421000056576032,Daviess County School District
zcrm_5436421000135214993,5436421000056576048,Campbellsville Independent School District
zcrm_5436421000135227172,5436421000056576058,Boyd County School District
zcrm_5436421000135217520,5436421000056576467,Iola Unified School District 257
zcrm_5436421000135215084,5436421000056576952,Pleasant Valley Community School District
zcrm_5436421000135218093,5436421000056576953,Perry Community School District
zcrm_5436421000135229528,5436421000056576959,Osage Community School District
zcrm_5436421000135207443,5436421000056576962,Ogden Community School District
zcrm_5436421000135204469,5436421000056576969,North Scott Community School District
zcrm_5436421000135217169,5436421000056576973,North Linn Community School District
zcrm_5436421000135215559,5436421000056576974,Central Springs Community School District
zcrm_5436421000135215651,5436421000056576986,Moulton-Udell Community School District
zcrm_5436421000135215083,5436421000056576987,Morning Sun Community School District
zcrm_5436421000135204160,5436421000056576990,Monticello Community School District
zcrm_5436421000135219493,5436421000056576992,Midland Community School District
zcrm_5436421000135230091,5436421000056576994,Melcher-Dallas Community School District
zcrm_5436421000135202502,5436421000056576995,Mediapolis Community School District
zcrm_5436421000135208144,5436421000056576999,Marshalltown Community School District
zcrm_5436421000135217474,5436421000056577000,Marcus-Meriden-Cleghorn Community School District
zcrm_5436421000135217564,5436421000056577005,East Mills Community School District
zcrm_5436421000135220149,5436421000056577011,Lone Tree Community School District
zcrm_5436421000135222646,5436421000056577014,North Cedar Community School District
zcrm_5436421000135215009,5436421000056577016,Le Mars Community School District
zcrm_5436421000135202962,5436421000056577022,Knoxville Community School District
zcrm_5436421000135233492,5436421000056577032,Iowa City Community School District
zcrm_5436421000135220498,5436421000056577036,Humboldt Community School District
zcrm_5436421000135205657,5436421000056577041,Hartley-Melvin-Sanborn Community School District
zcrm_5436421000135218065,5436421000056577052,Graettinger-Terril Community School District
zcrm_5436421000135215113,5436421000056577054,Gladbrook-Reinbeck Community School District
zcrm_5436421000135216534,5436421000056577057,George-Little Rock Community School District
zcrm_5436421000135215948,5436421000056577059,Galva-Holstein Community School District
zcrm_5436421000135206017,5436421000056577060,Fremont-Mills Community School District
zcrm_5436421000135211941,5436421000056577062,Fort Dodge Community School District
zcrm_5436421000135200669,5436421000056577078,Durant Community School District
zcrm_5436421000135219027,5436421000056577086,Delwood Community School District
zcrm_5436421000135234154,5436421000056577092,Council Bluffs Community School District
zcrm_5436421000135209006,5436421000056577095,Columbus Community School District
zcrm_5436421000135218464,5436421000056577102,Clay Central-Everly Community School District
zcrm_5436421000135216118,5436421000056577103,Clarksville Community School District
zcrm_5436421000135229626,5436421000056577104,Clarke Community School District
zcrm_5436421000135202664,5436421000056577122,Cardinal Community School District
zcrm_5436421000135219109,5436421000056577138,Belle Plaine Community School District
zcrm_5436421000135214989,5436421000056577142,Ballard Community School District
zcrm_5436421000135216522,5436421000056577147,Ar-We-Va Community School District
zcrm_5436421000135231970,5436421000056577408,Anamosa Community School District
zcrm_5436421000135202167,5436421000056577413,Algona Community School District
zcrm_5436421000135222656,5436421000056577414,Alburnett Community School District
zcrm_5436421000135221578,5436421000056577428,South Central Calhoun Community School District
zcrm_5436421000135214664,5436421000056577431,Okoboji Community School District
zcrm_5436421000135206462,5436421000056577435,Whitko Community School Corporation
zcrm_5436421000135209176,5436421000056577445,Wayne Township Metropolitan School District
zcrm_5436421000135220504,5436421000056577446,Washington Township Metropolitan School District
zcrm_5436421000135227975,5436421000056577454,Vincennes Community School Corporation
zcrm_5436421000135204086,5436421000056577474,Springs Valley Community School Corporation
zcrm_5436421000135204550,5436421000056577477,Southwest Dubois County School Corporation
zcrm_5436421000135204075,5436421000056577480,Southwestern Jefferson County Consolidated Schools
zcrm_5436421000135214136,5436421000056577487,Southeast Fountain School Corporation
zcrm_5436421000135205028,5436421000056577493,South Montgomery Community School Corporation
zcrm_5436421000135201068,5436421000056577497,South Harrison Community Schools
zcrm_5436421000135213636,5436421000056577499,South Bend Community School Corporation
zcrm_5436421000135207050,5436421000056577512,Rochester Community School Corporation
zcrm_5436421000135205567,5436421000056577513,Rising Sun-Ohio County Community Schools
zcrm_5436421000135214656,5436421000056577519,Porter Township School Corporation
zcrm_5436421000135217046,5436421000056577522,Plymouth Community School Corporation
zcrm_5436421000135208462,5436421000056577525,Pioneer Regional School Corporation
zcrm_5436421000135232171,5436421000056577526,Pike Township Metropolitan School District
zcrm_5436421000135215982,5436421000056577527,Pike County School Corporation
zcrm_5436421000135228520,5436421000056577529,Perry Township Metropolitan School District
zcrm_5436421000135211094,5436421000056577530,Penn-Harris-Madison School Corporation
zcrm_5436421000135224577,5436421000056577533,Oregon-Davis School Corporation
zcrm_5436421000135223061,5436421000056577538,Northern Wells Community Schools
zcrm_5436421000135214119,5436421000056577553,North Knox School Corporation
zcrm_5436421000135205967,5436421000056577556,North Daviess Community Schools
zcrm_5436421000135229687,5436421000056577561,New Durham Township Metropolitan School District
zcrm_5436421000135210113,5436421000056577565,Munster School Town
zcrm_5436421000135206044,5436421000056577570,Eastern Pulaski Community School Corporation
zcrm_5436421000135225621,5436421000056577574,Mississinewa Community School Corporation
zcrm_5436421000135220600,5436421000056577575,Mishawaka School City
zcrm_5436421000135209174,5436421000056577580,Martinsville Schools Metropolitan School District
zcrm_5436421000135210015,5436421000056577592,Lawrence Township Metropolitan School District
zcrm_5436421000135234577,5436421000056577593,La Porte Community School Corporation
zcrm_5436421000135209665,5436421000056577600,Knox Community School Corporation
zcrm_5436421000135233544,5436421000056577606,Hobart School City
zcrm_5436421000135220470,5436421000056577611,Hammond School City
zcrm_5436421000135226042,5436421000056577616,Greenwood Community School Corporation
zcrm_5436421000135209157,5436421000056577623,Gary Community School Corporation
zcrm_5436421000135206545,5436421000056577624,Garrett-Keyser-Butler Community Schools
zcrm_5436421000135233968,5436421000056577627,Franklin Township Community School Corporation
zcrm_5436421000135218635,5436421000056577635,Evansville-Vanderburgh School Corporation
zcrm_5436421000135209068,5436421000056577641,Randolph Eastern School Corporation
zcrm_5436421000135224152,5436421000056577643,Eastern Hancock County Community School Corporation
zcrm_5436421000135206118,5436421000056577644,Eastern Greene County School District
zcrm_5436421000135222668,5436421000056577645,DeKalb County Eastern Community School District
zcrm_5436421000135210613,5436421000056577651,City of East Chicago School District
zcrm_5436421000135223653,5436421000056577922,Whitley County Consolidated Schools
zcrm_5436421000135225535,5436421000056577928,Clark-Pleasant Community School Corporation
zcrm_5436421000135205948,5436421000056577930,Perry Central Community School Corporation
zcrm_5436421000135213963,5436421000056577934,Center Grove Community School Corporation
zcrm_5436421000135204960,5436421000056577936,Carroll Consolidated School Corporation
zcrm_5436421000135204450,5436421000056577940,C. A. Beard Memorial School Corporation
zcrm_5436421000135210949,5436421000056577942,Brownsburg Community School Corporation
zcrm_5436421000135224562,5436421000056577943,Brown County County School Corporation
zcrm_5436421000135209633,5436421000056577946,Boone Township Metropolitan School District
zcrm_5436421000135219116,5436421000056577957,Barr-Reeve Community School Corporation
zcrm_5436421000135215576,5436421000056577958,Avon Community School Corporation
zcrm_5436421000135208038,5436421000056577959,South Dearborn Community School Corporation
zcrm_5436421000135205543,5436421000056577962,Attica Consolidated School Corporation
zcrm_5436421000135211120,5436421000056577972,Yorkville Community Unit School District 115
zcrm_5436421000135209055,5436421000056577973,Zion-Benton Township High School District 126
zcrm_5436421000135217584,5436421000056577975,Zeigler-Royalton Community Unit School District 188
zcrm_5436421000135206119,5436421000056577976,Worth School District 127
zcrm_5436421000135232588,5436421000056577979,Wood River-Hartford Elementary School District 15
zcrm_5436421000135205590,5436421000056577982,Wolf Branch School District 113
zcrm_5436421000135227673,5436421000056577983,Winthrop Harbor School District 1
zcrm_5436421000135227449,5436421000056577984,Winnetka School District 36
zcrm_5436421000135235124,5436421000056577986,Winfield School District 34
zcrm_5436421000135230098,5436421000056577988,Winchester Community Unit School District 1
zcrm_5436421000135203107,5436421000056577989,Wilmington Community Unit School District 209U
zcrm_5436421000135231940,5436421000056577991,Willow Springs School District 108
zcrm_5436421000135208007,5436421000056577994,Williamsfield Community Unit School District 210
zcrm_5436421000135231512,5436421000056577998,Wheeling Community Consolidated School District 21
zcrm_5436421000135233628,5436421000056577999,Community Unit School District 200
zcrm_5436421000135232489,5436421000056578002,Western Springs School District 101
zcrm_5436421000135233976,5436421000056578005,West Northfield School District 31
zcrm_5436421000135233626,5436421000056578006,Indian Prairie Community Unit School District 204
zcrm_5436421000135208576,5436421000056578007,West Lincoln-Broadwell Elementary School District 92
zcrm_5436421000135211183,5436421000056578009,West Chicago School District 33
zcrm_5436421000135202447,5436421000056578010,Calumet City School District 155
zcrm_5436421000135217616,5436421000056578012,Waverly Community Unit School District 6
zcrm_5436421000135235136,5436421000056578013,Waukegan Community Unit School District 60
zcrm_5436421000135210570,5436421000056578014,Wauconda Community Unit School District 118
zcrm_5436421000135203629,5436421000056578015,Waterloo Community Unit School District 5
zcrm_5436421000135229665,5436421000056578016,Washington School District 52
zcrm_5436421000135222064,5436421000056578018,Washington Community High School District 308
zcrm_5436421000135229947,5436421000056578020,Warsaw Community Unit School District 316
zcrm_5436421000135202558,5436421000056578021,Warrensburg-Latham Community Unit District 11
zcrm_5436421000135234086,5436421000056578022,Warren Township High School District 121
zcrm_5436421000135217065,5436421000056578023,Warren Community Unit School District 205
zcrm_5436421000135202683,5436421000056578034,Vienna High School District 133
zcrm_5436421000135205070,5436421000056578035,Vienna School District 55
zcrm_5436421000135202531,5436421000056578037,Vandalia Community Unit School District 203
zcrm_5436421000135233494,5436421000056578039,Valley View Community Unit School District 365U
zcrm_5436421000135217022,5436421000056578042,United Township High School District 30
zcrm_5436421000135209959,5436421000056578046,Troy Community Consolidated School District 30C
zcrm_5436421000135207176,5436421000056578053,Cumberland Community Unit School District 77
zcrm_5436421000135234953,5436421000056578055,Thornton Township High School District 205
zcrm_5436421000135233986,5436421000056578056,Thornton Fractional Township High School District 215
zcrm_5436421000135203033,5436421000056578065,Sunset Ridge School District 29
zcrm_5436421000135213015,5436421000056578066,Sunnybrook School District 171
zcrm_5436421000135232954,5436421000056578069,Sullivan Community Unit School District 300
zcrm_5436421000135214651,5436421000056578070,Streator Township High School District 40
zcrm_5436421000135203008,5436421000056578074,Stewardson-Strasburg Community Unit District 5A
zcrm_5436421000135231614,5436421000056578085,St. George Community Consolidated School District 258
zcrm_5436421000135216183,5436421000056578086,St. Elmo Community Unit School District 202
zcrm_5436421000135231632,5436421000056578087,St. Charles Community Unit School District 303
zcrm_5436421000135230627,5436421000056578090,Springfield School District 186
zcrm_5436421000135234123,5436421000056578096,Burbank School District 111
zcrm_5436421000135206944,5436421000056578098,South Holland School District 151
zcrm_5436421000135207132,5436421000056578104,Smithton Community Consolidated School District 130
zcrm_5436421000135203072,5436421000056578107,Silvis School District 34
zcrm_5436421000135207638,5436421000056578112,Sherrard Community Unit School District 200
zcrm_5436421000135223044,5436421000056578114,Indian Creek Community Unit District 425
zcrm_5436421000135205557,5436421000056578118,Selmaville Community Consolidated School District 10
zcrm_5436421000135218957,5436421000056578125,Sandoval Community Unit School District 501
zcrm_5436421000135206631,5436421000056578127,Salem Community High School District 600
zcrm_5436421000135234119,5436421000056578134,Schaumburg Community Consolidated School District 54
zcrm_5436421000135228107,5436421000056578149,Robinson Community Unit School District 2
zcrm_5436421000135233617,5436421000056578157,River Trails School District 26
zcrm_5436421000135225034,5436421000056578162,Ridgeland School District 122
zcrm_5436421000135210635,5436421000056578422,Rich Township High School District 227
zcrm_5436421000135223074,5436421000056578424,Reed Custer Community Unit School District 255U
zcrm_5436421000135229539,5436421000056578425,Red Bud Community Unit School District 132
zcrm_5436421000135211141,5436421000056578426,Reavis Township High School District 220
zcrm_5436421000135214684,5436421000056578427,Rantoul Township High School District 193
zcrm_5436421000135233528,5436421000056578439,Princeton High School District 500
zcrm_5436421000135220533,5436421000056578441,Adlai E. Stevenson High School District 125
zcrm_5436421000135214981,5436421000056578446,Pontiac Township High School District 90
zcrm_5436421000135214646,5436421000056578460,Southwestern Community Unit School District 9
zcrm_5436421000135233662,5436421000056578481,Palos Community Consolidated School District 118
zcrm_5436421000135217091,5436421000056578485,Palestine Community Unit School District 3
zcrm_5436421000135234040,5436421000056578487,Palatine Community Consolidated School District 15
zcrm_5436421000135224068,5436421000056578491,Orion Community Unit School District 223
zcrm_5436421000135229483,5436421000056578492,Oregon Community Unit School District 220
zcrm_5436421000135216082,5436421000056578495,Olympia Community Unit School District 16
zcrm_5436421000135209075,5436421000056578496,O'Fallon Township High School District 203
zcrm_5436421000135232029,5436421000056578499,Ohio Community Consolidated School District 17
zcrm_5436421000135231187,5436421000056578500,Oglesby Elementary School District 125
zcrm_5436421000135220483,5436421000056578505,Oak Park and River Forest District 200
zcrm_5436421000135209610,5436421000056578506,Oak Park Elementary School District 97
zcrm_5436421000135205482,5436421000056578512,Northfield Township High School District 225
zcrm_5436421000135209658,5436421000056578519,McLean County Unit School District 5
zcrm_5436421000135209033,5436421000056578521,Niles Township Community High School District 219
zcrm_5436421000135216002,5436421000056578532,Neoga Community Unit School District 3
zcrm_5436421000135216023,5436421000056578534,Nashville Community High School District 99
zcrm_5436421000135233965,5436421000056578537,Mundelein Consolidated High School District 120
zcrm_5436421000135233966,5436421000056578538,Mundelein Elementary School District 75
zcrm_5436421000135229502,5436421000056578548,Morton Grove School District 70
zcrm_5436421000135234164,5436421000056578562,Minooka Community Consolidated School District 201
zcrm_5436421000135229480,5436421000056578565,Fairfield Community High School District 225
zcrm_5436421000135209647,5436421000056578570,Meridian Community Unit School District 223
zcrm_5436421000135202648,5436421000056578572,Mendota Township High School District 280
zcrm_5436421000135232578,5436421000056578588,Maroa-Forsyth Community Unit School District 2
zcrm_5436421000135232976,5436421000056578592,Marengo Community High School District 154
zcrm_5436421000135232946,5436421000056578593,Kaneland Community Unit School District 302
zcrm_5436421000135208542,5436421000056578595,Manteno Community Unit School District 5
zcrm_5436421000135231665,5436421000056578597,Manhattan School District 114
zcrm_5436421000135233994,5436421000056578599,Maine Township High School District 207
zcrm_5436421000135221473,5436421000056578600,Mahomet-Seymour Community Unit School District 3
zcrm_5436421000135208109,5436421000056578604,Lyons Township High School District 204
zcrm_5436421000135209945,5436421000056578605,Lyons School District 103
zcrm_5436421000135234597,5436421000056578609,Lombard School District 44
zcrm_5436421000135233575,5436421000056578610,Lockport Township High School District 205
zcrm_5436421000135232627,5436421000056578614,Lincolnwood School District 74
zcrm_5436421000135222650,5436421000056578617,Lincoln Community High School District 404
zcrm_5436421000135232590,5436421000056578619,Limestone Community High School District 310
zcrm_5436421000135231132,5436421000056578620,Limestone Walters Community Consolidated School District 316
zcrm_5436421000135231537,5436421000056578621,Leland Community Unit School District 1
zcrm_5436421000135235019,5436421000056578623,Libertyville Community High School District 128
zcrm_5436421000135234174,5436421000056578624,Libertyville School District 70
zcrm_5436421000135233674,5436421000056578626,Leyden Community High School District 212
zcrm_5436421000135218146,5436421000056578627,Lexington Community Unit School District 7
zcrm_5436421000135222637,5436421000056578628,Le Roy Community Unit School District 2
zcrm_5436421000135228173,5436421000056578630,Lemont Township High School District 210
zcrm_5436421000135229460,5436421000056578632,Lebanon Community Unit School District 9
zcrm_5436421000135234591,5436421000056578635,LaSalle-Peru Township High School District 120
zcrm_5436421000135234540,5436421000056578637,Laraway Community Consolidated School District 70C
zcrm_5436421000135234017,5436421000056578639,Lake Zurich Community Unit School District 95
zcrm_5436421000135210555,5436421000056578641,Lake Park Community High School District 108
zcrm_5436421000135209466,5436421000056578643,Lake Forest School District 67
zcrm_5436421000135218613,5436421000056578645,La Moille Community Unit School District 303
zcrm_5436421000135206032,5436421000056578646,LaGrange School District 105
zcrm_5436421000135234049,5436421000056578647,LaGrange School District 102
zcrm_5436421000135232542,5436421000056578650,Komarek School District 94
zcrm_5436421000135226046,5436421000056578651,Knoxville Community Unit School District 202
zcrm_5436421000135234181,5436421000056578652,Hiawatha Community Unit School District 426
zcrm_5436421000135225080,5436421000056578653,Kirby School District 140
zcrm_5436421000135233967,5436421000056578656,Kildeer Countryside Community Consolidated School District 96
zcrm_5436421000135211537,5436421000056578657,Kewanee Community Unit School District 229
zcrm_5436421000135233493,5436421000056578658,Kenilworth School District 38
zcrm_5436421000135233622,5436421000056578660,Keeneyville School District 20
zcrm_5436421000135207666,5436421000056578661,Kansas Community Unit School District 3
zcrm_5436421000135234082,5436421000056578662,Kankakee School District 111
zcrm_5436421000135232961,5436421000056578664,Joliet Township High School District 204
zcrm_5436421000135226004,5436421000056578665,Joliet Public School District 86
zcrm_5436421000135228102,5436421000056578930,Itasca School District 10
zcrm_5436421000135222183,5436421000056578935,Illini Bluffs Community Unit School District 327
zcrm_5436421000135227955,5436421000056578936,Hutsonville Community Unit School District 1
zcrm_5436421000135234012,5436421000056578944,Hinsdale Township High School District 86
zcrm_5436421000135230564,5436421000056578946,Hinckley-Big Rock Community Unit School District 429
zcrm_5436421000135231136,5436421000056578947,Hillside School District 93
zcrm_5436421000135234156,5436421000056578950,Township High School District 113
zcrm_5436421000135230501,5436421000056578952,High Mount School District 116
zcrm_5436421000135209983,5436421000056578963,Harrisburg Community Unit School District 3
zcrm_5436421000135220469,5436421000056578964,Harlem Unit School District 122
zcrm_5436421000135217594,5436421000056578975,Grayville Community Unit School District 1
zcrm_5436421000135230486,5436421000056578979,Grant Park Community Unit School District 6
zcrm_5436421000135209099,5436421000056578980,Grant Community High School District 124
zcrm_5436421000135213104,5436421000056578989,Glencoe School District 35
zcrm_5436421000135208949,5436421000056578992,Gillespie Community Unit School District 7
zcrm_5436421000135228134,5436421000056578993,Gifford Community Consolidated School District 188
zcrm_5436421000135208579,5436421000056578998,Geneva Community Unit School District 304
zcrm_5436421000135230682,5436421000056578999,Geneseo Community Unit School District 228
zcrm_5436421000135229183,5436421000056579006,Galena Unit School District 120
zcrm_5436421000135219554,5436421000056579007,Galatia Community Unit School District 1
zcrm_5436421000135222036,5436421000056579008,Freeport School District 145
zcrm_5436421000135232554,5436421000056579010,Freeburg Community High School District 77
zcrm_5436421000135231544,5436421000056579013,Franklin Community Unit School District 1
zcrm_5436421000135216069,5436421000056579015,Fox River Grove Consolidated School District 3
zcrm_5436421000135213116,5436421000056579018,Forest Ridge School District 142
zcrm_5436421000135222038,5436421000056579019,Forest Park School District 91
zcrm_5436421000135227963,5436421000056579020,Flossmoor School District 161
zcrm_5436421000135231995,5436421000056579028,Fairmont School District 89
zcrm_5436421000135210985,5436421000056579033,Evanston Township High School District 202
zcrm_5436421000135222939,5436421000056579034,Evanston Community Consolidated School District 65
zcrm_5436421000135232582,5436421000056579036,Eswood Community Consolidated District 269
zcrm_5436421000135231444,5436421000056579038,Emmons School District 33
zcrm_5436421000135234011,5436421000056579042,Elmhurst School District 205
zcrm_5436421000135233661,5436421000056579043,DuPage High School District 88
zcrm_5436421000135200543,5436421000056579044,Tri-Valley Community Unit School District 3
zcrm_5436421000135233574,5436421000056579046,Community Consolidated School District 59
zcrm_5436421000135210609,5436421000056579047,School District U-46
zcrm_5436421000135211131,5436421000056579050,Effingham Community Unit School District 40
zcrm_5436421000135210473,5436421000056579051,Edwardsville Community Unit School District 7
zcrm_5436421000135217480,5436421000056579052,Edwards County Community Unit School District 1
zcrm_5436421000135206479,5436421000056579053,Lindop School District 92
zcrm_5436421000135218558,5436421000056579055,Edgar County Community Unit District 6
zcrm_5436421000135212123,5436421000056579056,East St. Louis School District 189
zcrm_5436421000135203109,5436421000056579057,Richland County Community Unit School District 1
zcrm_5436421000135222087,5436421000056579059,East Peoria School District 86
zcrm_5436421000135234010,5436421000056579061,East Moline School District 37
zcrm_5436421000135200131,5436421000056579064,East Alton-Wood River Community High School District 14
zcrm_5436421000135218561,5436421000056579066,Earlville Community Unit School District 9
zcrm_5436421000135210654,5436421000056579071,Dupo Community Unit School District 196
zcrm_5436421000135235014,5436421000056579080,Dieterich Community Unit School District 30
zcrm_5436421000135208505,5436421000056579082,De Soto Consolidated School District 86
zcrm_5436421000135233649,5436421000056579083,Des Plaines Community Consolidated School District 62
zcrm_5436421000135219669,5436421000056579084,Depue Community Unit School District 103
zcrm_5436421000135217582,5436421000056579085,Delavan Community Unit School District 703
zcrm_5436421000135205042,5436421000056579086,DeLand-Weldon Community Unit School District 57
zcrm_5436421000135233527,5436421000056579087,DeKalb Community Unit School District 428
zcrm_5436421000135234608,5436421000056579088,Deerfield School District 109
zcrm_5436421000135211117,5436421000056579091,Decatur School District 61
zcrm_5436421000135234100,5436421000056579098,Community High School District 155
zcrm_5436421000135212178,5436421000056579105,Ford Heights School District 169
zcrm_5436421000135204593,5436421000056579109,Oakwood Community Unit School District 76
zcrm_5436421000135206124,5436421000056579111,Columbia Community Unit School District 4
zcrm_5436421000135208477,5436421000056579112,Colona School District 190
zcrm_5436421000135207642,5436421000056579113,Collinsville Community Unit School District 10
zcrm_5436421000135234058,5436421000056579116,Community Consolidated School District 93
zcrm_5436421000135216678,5436421000056579118,Central Community Unit School District 4
zcrm_5436421000135219480,5436421000056579120,Clay City Community Unit District 10
zcrm_5436421000135209609,5436421000056579123,Cicero School District 99
zcrm_5436421000135223071,5436421000056579124,Chicago Ridge School District 127-5
zcrm_5436421000135208575,5436421000056579126,Chester-East Lincoln Community CSD 61
zcrm_5436421000135234603,5436421000056579128,Charleston Community Unit School District 1
zcrm_5436421000135216065,5436421000056579134,Centralia High School District 200
zcrm_5436421000135210035,5436421000056579147,Community Unit School District 300
zcrm_5436421000135234626,5436421000056579151,Consolidated High School District 230
zcrm_5436421000135210602,5436421000056579152,Carbondale Community High School District 165
zcrm_5436421000135233603,5436421000056579153,Carbondale Elementary School District 95
zcrm_5436421000135206580,5436421000056579159,Calumet Public School District 132
zcrm_5436421000135232572,5436421000056579160,Lincoln Elementary School District 156
zcrm_5436421000135211016,5436421000056579162,Cahokia Community Unit School District 187
zcrm_5436421000135208121,5436421000056579163,Byron Community Unit School District 226
zcrm_5436421000135207041,5436421000056579167,Central Community Unit School District 301
zcrm_5436421000135206940,5436421000056579169,Buncombe Consolidated School District 43
zcrm_5436421000135057964,5436421000056579175,Indian Springs School District 109
zcrm_5436421000135234107,5436421000056579176,Bremen Community High School District 228
zcrm_5436421000135214123,5436421000056579435,Bradley-Bourbonnais Consolidated High School District 307
zcrm_5436421000135233634,5436421000056579439,Bourbonnais School District 53
zcrm_5436421000135209117,5436421000056579441,Community High School District 218
zcrm_5436421000135209623,5436421000056579442,Cook County School District 130
zcrm_5436421000135209660,5436421000056579443,Bloomington School District 87
zcrm_5436421000135222680,5436421000056579445,Bloom Township High School District 206
zcrm_5436421000135214489,5436421000056579453,Benton Consolidated High School District 103
zcrm_5436421000135233645,5436421000056579455,Bensenville School District 2
zcrm_5436421000135205153,5436421000056579461,Belleville School District 118
zcrm_5436421000135202007,5436421000056579462,Belle Valley School District 119
zcrm_5436421000135234115,5436421000056579464,Marseilles Elementary School District 150
zcrm_5436421000135211080,5436421000056579471,Barrington Community Unit School District 220
zcrm_5436421000135210576,5436421000056579473,Ball-Chatham Community Unit School District 5
zcrm_5436421000135234057,5436421000056579474,Avoca School District 37
zcrm_5436421000135233990,5436421000056579487,Township High School District 214
zcrm_5436421000135233655,5436421000056579488,Arlington Heights School District 25
zcrm_5436421000135223655,5436421000056579489,Summit School District 104
zcrm_5436421000135211076,5436421000056579490,Argo Community High School District 217
zcrm_5436421000135235133,5436421000056579493,Arbor Park School District 145
zcrm_5436421000135233488,5436421000056579494,Aptakisic-Tripp Community Consolidated School District
zcrm_5436421000135200608,5436421000056579497,Annawan Community Unit School District 226
zcrm_5436421000135205490,5436421000056579509,Akin Community Consolidated School District 91
zcrm_5436421000135218016,5436421000056579512,Woodlawn Unit District 209
zcrm_5436421000135233008,5436421000056579519,Odin Public School District 722
zcrm_5436421000135216019,5436421000056579525,Illini West High School District 307
zcrm_5436421000135207034,5436421000056579526,Thompsonville Community Unit School District 174
zcrm_5436421000135224457,5436421000056579529,Schuyler-Industry Community Unit School District 5
zcrm_5436421000135206005,5436421000056579535,Monmouth-Roseville Community Unit School District 238
zcrm_5436421000135223065,5436421000056579536,West Prairie Community Unit School District 103
zcrm_5436421000135223553,5436421000056579538,Okaw Valley Community Unit School District 302
zcrm_5436421000135202144,5436421000056579540,Christopher Community Unit School District 99
zcrm_5436421000135232587,5436421000056579542,Lewistown Community Unit School District 97
zcrm_5436421000135216645,5436421000056579546,Shiloh Community Unit School District 1
zcrm_5436421000135210978,5436421000056579548,North Shore School District 112
zcrm_5436421000135222583,5436421000056579551,Illini Central Community Unit School District 189
zcrm_5436421000135204985,5436421000056579553,North Chicago School District 187
zcrm_5436421000135231982,5436421000056579562,Gallatin Community Unit School District 7
zcrm_5436421000135232550,5436421000056579563,Farmington Central Community Unit School District 265
zcrm_5436421000135207024,5436421000056579565,Joppa-Maple Grove Unit District 38
zcrm_5436421000135205574,5436421000056579576,West Jefferson School District 253
zcrm_5436421000135218454,5436421000056579580,Valley School District 262
zcrm_5436421000135222180,5436421000056579586,St. Maries Joint School District 41
zcrm_5436421000135228990,5436421000056579599,Pocatello School District 25
zcrm_5436421000135216043,5436421000056579609,Murtaugh Joint School District 418
zcrm_5436421000135229002,5436421000056579612,Moscow School District 281
zcrm_5436421000135227474,5436421000056579614,Middleton School District 134
zcrm_5436421000135222674,5436421000056579615,Meridian Joint School District 2
zcrm_5436421000135222482,5436421000056579622,Lakeland Joint School District 272
zcrm_5436421000135224123,5436421000056579627,Kamiah Joint School District 304
zcrm_5436421000135216968,5436421000056579628,Horseshoe Bend School District 73
zcrm_5436421000135217178,5436421000056579631,Hansen School District 415
zcrm_5436421000135205518,5436421000056579632,Hagerman Joint School District 233
zcrm_5436421000135217622,5436421000056579636,Genesee Joint School District 282
zcrm_5436421000135219624,5436421000056579637,Fruitland School District 373
zcrm_5436421000135223617,5436421000056579639,Filer School District 413
zcrm_5436421000135208516,5436421000056579646,Coeur d'Alene School District 271
zcrm_5436421000135205650,5436421000056579649,Castleford School District 417
zcrm_5436421000135216637,5436421000056579652,Cambridge Joint School District 432
zcrm_5436421000135228530,5436421000056579653,Camas County School District 121
zcrm_5436421000135230558,5436421000056579655,Buhl Joint School District 412
zcrm_5436421000135224582,5436421000056579659,Blaine County School District 61
zcrm_5436421000135221535,5436421000056579662,Basin School District 72
zcrm_5436421000135216667,5436421000056579664,Salmon River School District 243
zcrm_5436421000135225553,5436421000056579666,American Falls Joint School District 381
zcrm_5436421000135218116,5436421000056579668,Whitepine Joint School District 288
zcrm_5436421000135232667,5436421000056579672,Worth County School District
zcrm_5436421000135205964,5436421000056579673,Wilkinson County School District
zcrm_5436421000135221682,5436421000056579674,Wilkes County School District
zcrm_5436421000135209624,5436421000056579675,Wilcox County School District
zcrm_5436421000135228590,5436421000056579678,Wheeler County School District
zcrm_5436421000135224046,5436421000056579680,Wayne County School District
zcrm_5436421000135231975,5436421000056579681,Washington County School District
zcrm_5436421000135219444,5436421000056579682,Warren County School District
zcrm_5436421000135233138,5436421000056579683,Ware County School District
zcrm_5436421000135220994,5436421000056579943,Vidalia City School District
zcrm_5436421000135234105,5436421000056579944,Valdosta City School District
zcrm_5436421000135210017,5436421000056579945,Upson County School District
zcrm_5436421000135215996,5436421000056579951,Towns County School District
zcrm_5436421000135221680,5436421000056579952,Toombs County School District
zcrm_5436421000135234019,5436421000056579953,Tift County School District
zcrm_5436421000135226081,5436421000056579954,Thomasville City School District
zcrm_5436421000135233134,5436421000056579956,Terrell County School District
zcrm_5436421000135211073,5436421000056579958,Taylor County School District
zcrm_5436421000135228615,5436421000056579959,Tattnall County School District
zcrm_5436421000135218615,5436421000056579960,Taliaferro County School District
zcrm_5436421000135229046,5436421000056579962,Sumter County School District
zcrm_5436421000135215678,5436421000056579963,Stewart County School District
zcrm_5436421000135231112,5436421000056579964,Stephens County School District
zcrm_5436421000135231049,5436421000056579965,Social Circle City School District
zcrm_5436421000135229503,5436421000056579966,Seminole County School District
zcrm_5436421000135233078,5436421000056579969,Rome City School District
zcrm_5436421000135205174,5436421000056579971,Randolph County School District
zcrm_5436421000135223656,5436421000056579972,Rabun County School District
zcrm_5436421000135234016,5436421000056579974,Putnam County School District
zcrm_5436421000135210478,5436421000056579976,Polk County School District
zcrm_5436421000135232953,5436421000056579978,Pickens County School District
zcrm_5436421000135224951,5436421000056579979,Pelham City School District
zcrm_5436421000135234530,5436421000056579980,Peach County School District
zcrm_5436421000135214072,5436421000056579981,Paulding County School District
zcrm_5436421000135232975,5436421000056579984,Newton County School District
zcrm_5436421000135214499,5436421000056579985,Muscogee County School District
zcrm_5436421000135231676,5436421000056579986,Murray County School District
zcrm_5436421000135233961,5436421000056579987,Morgan County School District
zcrm_5436421000135231096,5436421000056579990,Mitchell County School District
zcrm_5436421000135229122,5436421000056579991,Miller County School District
zcrm_5436421000135227547,5436421000056579992,McIntosh County School District
zcrm_5436421000135210559,5436421000056579994,Marion County School District
zcrm_5436421000135206601,5436421000056579995,Marietta City School District
zcrm_5436421000135217005,5436421000056579997,Macon County School District
zcrm_5436421000135233071,5436421000056579998,Lumpkin County School District
zcrm_5436421000135233034,5436421000056579999,Lowndes County School District
zcrm_5436421000135225167,5436421000056580000,Long County School District
zcrm_5436421000135222992,5436421000056580001,Lincoln County School District
zcrm_5436421000135233121,5436421000056580002,Liberty County School District
zcrm_5436421000135229598,5436421000056580004,Lanier County School District
zcrm_5436421000135221593,5436421000056580005,Lamar County School District
zcrm_5436421000135227662,5436421000056580006,Jones County School District
zcrm_5436421000135219649,5436421000056580007,Johnson County School District
zcrm_5436421000135224554,5436421000056580010,Jefferson City School District
zcrm_5436421000135231466,5436421000056580011,Jeff Davis County School District
zcrm_5436421000135233129,5436421000056580013,Jackson County School District
zcrm_5436421000135207489,5436421000056580015,Houston County School District
zcrm_5436421000135209048,5436421000056580016,Henry County School District
zcrm_5436421000135234179,5436421000056580017,Heard County School District
zcrm_5436421000135233594,5436421000056580019,Harris County School District
zcrm_5436421000135210499,5436421000056580023,Habersham County School District
zcrm_5436421000135232128,5436421000056580025,Spalding County School District
zcrm_5436421000135235082,5436421000056580026,Greene County School District
zcrm_5436421000135232612,5436421000056580027,Gordon County School District
zcrm_5436421000135210530,5436421000056580028,Glynn County School District
zcrm_5436421000135234034,5436421000056580032,Fulton County School District
zcrm_5436421000135232059,5436421000056580033,Franklin County School District
zcrm_5436421000135234137,5436421000056580034,Forsyth County School District
zcrm_5436421000135210599,5436421000056580035,Floyd County School District
zcrm_5436421000135234622,5436421000056580036,Fayette County School District
zcrm_5436421000135225667,5436421000056580038,Evans County School District
zcrm_5436421000135233185,5436421000056580039,Emanuel County School District
zcrm_5436421000135215631,5436421000056580041,Effingham County School District
zcrm_5436421000135234583,5436421000056580045,Dublin City School District
zcrm_5436421000135234050,5436421000056580046,Douglas County School District
zcrm_5436421000135231035,5436421000056580049,Dodge County School District
zcrm_5436421000135233146,5436421000056580050,DeKalb County School District
zcrm_5436421000135233676,5436421000056580052,Decatur City School District
zcrm_5436421000135234102,5436421000056580054,Dalton City School District
zcrm_5436421000135233455,5436421000056580056,Crisp County School District
zcrm_5436421000135231026,5436421000056580057,Crawford County School District
zcrm_5436421000135232512,5436421000056580058,Coweta County School District
zcrm_5436421000135232485,5436421000056580059,Cook County School District
zcrm_5436421000135229090,5436421000056580060,Commerce City School District
zcrm_5436421000135230598,5436421000056580062,Colquitt County School District
zcrm_5436421000135232517,5436421000056580063,Coffee County School District
zcrm_5436421000135211123,5436421000056580064,Cobb County School District
zcrm_5436421000135232157,5436421000056580065,Clinch County School District
zcrm_5436421000135233675,5436421000056580066,Clayton County School District
zcrm_5436421000135233441,5436421000056580068,Clarke County School District
zcrm_5436421000135234531,5436421000056580069,Chickamauga City School District
zcrm_5436421000135209137,5436421000056580070,Cherokee County School District
zcrm_5436421000135209666,5436421000056580071,Chattooga County School District
zcrm_5436421000135232589,5436421000056580072,Chattahoochee County School District
zcrm_5436421000135211043,5436421000056580073,Chatham County School District
zcrm_5436421000135203113,5436421000056580074,Charlton County School District
zcrm_5436421000135232547,5436421000056580075,Catoosa County School District
zcrm_5436421000135231660,5436421000056580076,Cartersville City School District
zcrm_5436421000135231461,5436421000056580077,Carrollton City School District
zcrm_5436421000135233686,5436421000056580078,Carroll County School District
zcrm_5436421000135232628,5436421000056580080,Camden County School District
zcrm_5436421000135215961,5436421000056580081,Calhoun County School District
zcrm_5436421000135226449,5436421000056580082,Calhoun City School District
zcrm_5436421000135232469,5436421000056580083,Butts County School District
zcrm_5436421000135232012,5436421000056580084,Burke County School District
zcrm_5436421000135232938,5436421000056580085,Bulloch County School District
zcrm_5436421000135234112,5436421000056580086,Buford City School District
zcrm_5436421000135233658,5436421000056580087,Bryan County School District
zcrm_5436421000135230099,5436421000056580088,Brooks County School District
zcrm_5436421000135229517,5436421000056580089,Bremen City School District
zcrm_5436421000135228962,5436421000056580091,Bleckley County School District
zcrm_5436421000135233953,5436421000056580092,Bibb County School District
zcrm_5436421000135231962,5436421000056580095,Bartow County School District
zcrm_5436421000135232581,5436421000056580096,Barrow County School District
zcrm_5436421000135229477,5436421000056580097,Banks County School District
zcrm_5436421000135232088,5436421000056580098,Baldwin County School District
zcrm_5436421000135229536,5436421000056580100,Bacon County School District
zcrm_5436421000135211649,5436421000056580102,Appling County School District
zcrm_5436421000135234584,5436421000056580103,Troup County School District
zcrm_5436421000135231533,5436421000056580106,Wakulla County School District
zcrm_5436421000135220664,5436421000056580109,Suwannee County School District
zcrm_5436421000135220558,5436421000056580111,St. Lucie County School District
zcrm_5436421000135213972,5436421000056580112,St. Johns County School District
zcrm_5436421000135232962,5436421000056580113,Sarasota County School District
zcrm_5436421000135234146,5436421000056580114,Putnam County School District
zcrm_5436421000135234632,5436421000056580115,Polk County School District
zcrm_5436421000135233105,5436421000056580116,Pinellas County School District
zcrm_5436421000135234168,5436421000056580117,Pasco County School District
zcrm_5436421000135233672,5436421000056580120,Martin County School District
zcrm_5436421000135233137,5436421000056580121,Manatee County School District
zcrm_5436421000135230080,5436421000056580124,Levy County School District
zcrm_5436421000135233173,5436421000056580125,Leon County School District
zcrm_5436421000135233443,5436421000056580129,Jackson County School District
zcrm_5436421000135218620,5436421000056580131,Holmes County School District
zcrm_5436421000135234596,5436421000056580132,Highlands County School District
zcrm_5436421000135204521,5436421000056580133,Hendry County School District
zcrm_5436421000135221642,5436421000056580134,Hardee County School District
zcrm_5436421000135209083,5436421000056580136,Gulf County School District
zcrm_5436421000135221645,5436421000056580138,Gilchrist County School District
zcrm_5436421000135223594,5436421000056580139,Gadsden County School District
zcrm_5436421000135232970,5436421000056580141,Flagler County School District
zcrm_5436421000135228451,5436421000056580142,Duval County School District
zcrm_5436421000135206086,5436421000056580144,DeSoto County School District
zcrm_5436421000135220161,5436421000056580145,Dade County School District
zcrm_5436421000135228979,5436421000056580146,Columbia County School District
zcrm_5436421000135219508,5436421000056580147,Collier County School District
zcrm_5436421000135233104,5436421000056580148,Clay County School District
zcrm_5436421000135221656,5436421000056580149,Citrus County School District
zcrm_5436421000135234627,5436421000056580150,Charlotte County School District
zcrm_5436421000135234080,5436421000056580152,Brevard County School District
zcrm_5436421000135209102,5436421000056580154,Bay County School District
zcrm_5436421000135226968,5436421000056580155,Baker County School District
zcrm_5436421000135212617,5436421000056580477,Regional High School District 08
zcrm_5436421000135231517,5436421000056580478,Regional High School District 07
zcrm_5436421000135214166,5436421000056580479,Regional High School District 05
zcrm_5436421000135213479,5436421000056580481,Regional High School District 01
zcrm_5436421000135231126,5436421000056580482,Regional High School District 11
zcrm_5436421000135232491,5436421000056580589,Regional High School District 19
zcrm_5436421000135216670,5436421000056580590,Woodlin School District R-104
zcrm_5436421000135201591,5436421000056580591,Woodland Park School District RE-2
zcrm_5436421000135231021,5436421000056580592,Windsor School District RE-4
zcrm_5436421000135204557,5436421000056580594,Wiggins School District RE-50J
zcrm_5436421000135229103,5436421000056580596,Westminster Public School District
zcrm_5436421000135205655,5436421000056580597,Custer County School District C-1
zcrm_5436421000135219126,5436421000056580598,Weldon Valley School District RE-20J
zcrm_5436421000135231562,5436421000056580606,Telluride School District R-1
zcrm_5436421000135219544,5436421000056580607,Swink School District 33
zcrm_5436421000135234981,5436421000056580610,Prairie School District RE-11
zcrm_5436421000135230074,5436421000056580611,Valley School District RE-1
zcrm_5436421000135235021,5436421000056580614,Silverton School District 1
zcrm_5436421000135208649,5436421000056580617,Widefield School District 3
zcrm_5436421000135229987,5436421000056580618,Sargent School District RE-33J
zcrm_5436421000135217500,5436421000056580619,Sangre de Cristo School District RE-22J
zcrm_5436421000135223966,5436421000056580621,Salida School District R-32
zcrm_5436421000135217992,5436421000056580622,Mountain Valley School District RE-1
zcrm_5436421000135215683,5436421000056580623,Rocky Ford School District R-2
zcrm_5436421000135216538,5436421000056580626,Rangely School District RE-4
zcrm_5436421000135227664,5436421000056580628,Pueblo City School District 60
zcrm_5436421000135218098,5436421000056580630,Peyton School District 23-JT
zcrm_5436421000135219656,5436421000056580633,Ouray School District R-1
zcrm_5436421000135219075,5436421000056580634,Otis School District R-3
zcrm_5436421000135231159,5436421000056580635,South Routt School District RE-3
zcrm_5436421000135218623,5436421000056580636,Norwood School District R-2J
zcrm_5436421000135232682,5436421000056580638,Lewis-Palmer School District 38
zcrm_5436421000135227978,5436421000056580641,Moffat County School District RE-1
zcrm_5436421000135219463,5436421000056580642,Moffat School District 2
zcrm_5436421000135218090,5436421000056580643,Miami-Yoder School District 60-JT
zcrm_5436421000135217069,5436421000056580648,Manzanola School District 3J
zcrm_5436421000135224125,5436421000056580649,Manitou Springs School District 14
zcrm_5436421000135234151,5436421000056580651,St. Vrain Valley School District RE 1J
zcrm_5436421000135216013,5436421000056580652,Lone Star School District 101
zcrm_5436421000135234594,5436421000056580653,Littleton School District 6
zcrm_5436421000135215972,5436421000056580654,Limon School District RE-4J
zcrm_5436421000135219601,5436421000056580659,East Otero School District R-1
zcrm_5436421000135226483,5436421000056580661,West Grand School District 1-JT
zcrm_5436421000135215045,5436421000056580663,Kiowa School District C-2
zcrm_5436421000135229578,5436421000056580665,Platte Valley School District RE-7
zcrm_5436421000135234475,5436421000056580668,Johnstown-Milliken School District RE-5J
zcrm_5436421000135211607,5436421000056580669,Jefferson County School District R-1
zcrm_5436421000135232943,5436421000056580670,Ignacio School District 11-JT
zcrm_5436421000135215677,5436421000056580671,Genoa-Hugo School District C-113
zcrm_5436421000135217595,5436421000056580672,Holyoke School District RE-1J
zcrm_5436421000135204629,5436421000056580673,Holly School District RE-3
zcrm_5436421000135219488,5436421000056580677,Haxtun School District RE-2J
zcrm_5436421000135234041,5436421000056580678,Harrison School District 2
zcrm_5436421000135223127,5436421000056580680,Gunnison Watershed School District RE-1J
zcrm_5436421000135211126,5436421000056580682,Greeley School District 6
zcrm_5436421000135224486,5436421000056580683,Garfield County School District 16
zcrm_5436421000135219618,5436421000056580684,Mesa County Valley School District 51
zcrm_5436421000135233571,5436421000056580687,Roaring Fork School District RE-1
zcrm_5436421000135217495,5436421000056580688,Gilpin County School District RE-1
zcrm_5436421000135231647,5436421000056580689,Weld County School District RE-1
zcrm_5436421000135216545,5436421000056580690,Sierra Grande School District R-30
zcrm_5436421000135215527,5436421000056580691,Fowler School District R-4J
zcrm_5436421000135203108,5436421000056580692,Fountain School District 8
zcrm_5436421000135220185,5436421000056580693,Fort Morgan School District RE-3
zcrm_5436421000135209973,5436421000056580695,Fremont School District RE-2
zcrm_5436421000135232567,5436421000056580697,School District 49
zcrm_5436421000135225153,5436421000056580955,Park County School District RE-2
zcrm_5436421000135219953,5436421000056580957,Englewood School District 1
zcrm_5436421000135224004,5436421000056580959,Elbert School District 200
zcrm_5436421000135232569,5436421000056580963,Durango School District 9-R
zcrm_5436421000135233643,5436421000056580964,Douglas County School District RE-1
zcrm_5436421000135204017,5436421000056580969,Deer Trail School District 26J
zcrm_5436421000135205136,5436421000056580970,De Beque School District 49-JT
zcrm_5436421000135217077,5436421000056580971,Crowley County School District RE-1-J
zcrm_5436421000135208150,5436421000056580972,Cripple Creek-Victor School District RE-1
zcrm_5436421000135217098,5436421000056580976,Plateau Valley School District 50
zcrm_5436421000135234111,5436421000056580978,Cheyenne Mountain School District 12
zcrm_5436421000135233041,5436421000056580979,Cherry Creek School District 5
zcrm_5436421000135231538,5436421000056580981,Center School District 26-JT
zcrm_5436421000135217015,5436421000056580986,Burlington School District RE-6J
zcrm_5436421000135218447,5436421000056580990,Briggsdale School District RE-10
zcrm_5436421000135217128,5436421000056580991,Branson Reorganized School District 82
zcrm_5436421000135230039,5436421000056580992,Boulder Valley School District RE-2
zcrm_5436421000135218150,5436421000056580993,Bethune School District R-5
zcrm_5436421000135210106,5436421000056580997,Adams-Arapahoe School District 28J
zcrm_5436421000135209074,5436421000056580998,Ault-Highland School District RE-9
zcrm_5436421000135216546,5436421000056581002,South Conejos School District RE-10
zcrm_5436421000135218476,5436421000056581005,Aguilar Reorganized School District 6
zcrm_5436421000135216166,5436421000056581006,Agate School District 300
zcrm_5436421000135231524,5436421000056581007,Adams County School District 14
zcrm_5436421000135219539,5436421000056581008,Liberty School District J-4
zcrm_5436421000135219651,5436421000056581009,Idalia School District RJ-3
zcrm_5436421000135217656,5436421000056581013,Big Oak Flat-Groveland Unified School District
zcrm_5436421000135220487,5436421000056581014,Val Verde Unified School District
zcrm_5436421000135226153,5436421000056581015,Golden Plains Unified School District
zcrm_5436421000135232013,5436421000056581017,Yuba City Unified School District
zcrm_5436421000135228952,5436421000056581019,Yreka Union Elementary School District
zcrm_5436421000135232175,5436421000056581021,Woodville Elementary School District
zcrm_5436421000135228046,5436421000056581023,Woodland Joint Unified School District
zcrm_5436421000135226100,5436421000056581024,Winton School District
zcrm_5436421000135231519,5436421000056581027,Wilsona Elementary School District
zcrm_5436421000135215031,5436421000056581028,Wilmar Union Elementary School District
zcrm_5436421000135233683,5436421000056581030,Willow Grove Union Elementary School District
zcrm_5436421000135224076,5436421000056581032,Laytonville Unified School District
zcrm_5436421000135225481,5436421000056581033,Willits Unified School District
zcrm_5436421000135234147,5436421000056581035,William S. Hart Union High School District
zcrm_5436421000135227640,5436421000056581036,Whittier Union High School District
zcrm_5436421000135224479,5436421000056581038,Whitmore Union Elementary School District
zcrm_5436421000135223988,5436421000056581039,Wheatland Union High School District
zcrm_5436421000135219044,5436421000056581044,Westmorland Union Elementary School District
zcrm_5436421000135227002,5436421000056581045,Westminster School District
zcrm_5436421000135228095,5436421000056581046,Western Placer Unified School District
zcrm_5436421000135210677,5436421000056581047,Westside Union Elementary School District
zcrm_5436421000135212149,5436421000056581048,West Park Elementary School District
zcrm_5436421000135230672,5436421000056581050,Weed Union Elementary School District
zcrm_5436421000135215558,5436421000056576974,Central Springs Community School District
zcrm_5436421000135204181,5436421000056576999,Marshalltown Community School District
zcrm_5436421000135215090,5436421000056577000,Marcus-Meriden-Cleghorn Community School District
zcrm_5436421000135218664,5436421000056577019,Lamoni Community School District
zcrm_5436421000135214944,5436421000056577032,Iowa City Community School District
zcrm_5436421000135215662,5436421000056577052,Graettinger-Terril Community School District
zcrm_5436421000135214618,5436421000056577059,Galva-Holstein Community School District
zcrm_5436421000135234153,5436421000056577092,Council Bluffs Community School District
zcrm_5436421000135206537,5436421000056577142,Ballard Community School District
zcrm_5436421000135214676,5436421000056577408,Anamosa Community School District
zcrm_5436421000135234646,5436421000056577430,Union Community School District
zcrm_5436421000135227938,5436421000056577454,Vincennes Community School Corporation
zcrm_5436421000135213601,5436421000056577499,South Bend Community School Corporation
zcrm_5436421000135204944,5436421000056577519,Porter Township School Corporation
zcrm_5436421000135214092,5436421000056577522,Plymouth Community School Corporation
zcrm_5436421000135220077,5436421000056577526,Pike Township Metropolitan School District
zcrm_5436421000135215116,5436421000056577527,Pike County School Corporation
zcrm_5436421000135209552,5436421000056577529,Perry Township Metropolitan School District
zcrm_5436421000135200683,5436421000056577530,Penn-Harris-Madison School Corporation
zcrm_5436421000135205112,5436421000056577533,Oregon-Davis School Corporation
zcrm_5436421000135222972,5436421000056577538,Northern Wells Community Schools
zcrm_5436421000135202607,5436421000056577561,New Durham Township Metropolitan School District
zcrm_5436421000135214112,5436421000056577606,Hobart School City
zcrm_5436421000135209954,5436421000056577611,Hammond School City
zcrm_5436421000135221604,5436421000056577627,Franklin Township Community School Corporation
zcrm_5436421000135215663,5436421000056577643,Eastern Hancock County Community School Corporation
zcrm_5436421000135223597,5436421000056577922,Whitley County Consolidated Schools
zcrm_5436421000135220962,5436421000056577928,Clark-Pleasant Community School Corporation
zcrm_5436421000135209680,5436421000056577934,Center Grove Community School Corporation
zcrm_5436421000135208089,5436421000056577942,Brownsburg Community School Corporation
zcrm_5436421000135219087,5436421000056577957,Barr-Reeve Community School Corporation
zcrm_5436421000135215525,5436421000056577958,Avon Community School Corporation
zcrm_5436421000135207981,5436421000056577959,South Dearborn Community School Corporation
zcrm_5436421000135204603,5436421000056577973,Zion-Benton Township High School District 126
zcrm_5436421000135229632,5436421000056577979,Wood River-Hartford Elementary School District 15
zcrm_5436421000135204479,5436421000056577982,Wolf Branch School District 113
zcrm_5436421000135225641,5436421000056577984,Winnetka School District 36
zcrm_5436421000135203684,5436421000056577987,Windsor Community Unit School District 1
zcrm_5436421000135230480,5436421000056577991,Willow Springs School District 108
zcrm_5436421000135211065,5436421000056577998,Wheeling Community Consolidated School District 21
zcrm_5436421000135225528,5436421000056577999,Community Unit School District 200
zcrm_5436421000135231987,5436421000056578002,Western Springs School District 101
zcrm_5436421000135207111,5436421000056578006,Indian Prairie Community Unit School District 204
zcrm_5436421000135211164,5436421000056578009,West Chicago School District 33
zcrm_5436421000135235134,5436421000056578013,Waukegan Community Unit School District 60
zcrm_5436421000135222161,5436421000056578016,Washington School District 52
zcrm_5436421000135218081,5436421000056578018,Washington Community High School District 308
zcrm_5436421000135222075,5436421000056578020,Warsaw Community Unit School District 316
zcrm_5436421000135209652,5436421000056578022,Warren Township High School District 121
zcrm_5436421000135200499,5436421000056578034,Vienna High School District 133
zcrm_5436421000135210145,5436421000056578039,Valley View Community Unit School District 365U
zcrm_5436421000135214942,5436421000056578042,United Township High School District 30
zcrm_5436421000135208554,5436421000056578046,Troy Community Consolidated School District 30C
zcrm_5436421000135226549,5436421000056578069,Sullivan Community Unit School District 300
zcrm_5436421000135202979,5436421000056578070,Streator Township High School District 40
zcrm_5436421000135205489,5436421000056578085,St. George Community Consolidated School District 258
zcrm_5436421000135204148,5436421000056578087,St. Charles Community Unit School District 303
zcrm_5436421000135211576,5436421000056578090,Springfield School District 186
zcrm_5436421000135209005,5436421000056578096,Burbank School District 111
zcrm_5436421000135204617,5436421000056578134,Schaumburg Community Consolidated School District 54
zcrm_5436421000135224563,5436421000056578162,Ridgeland School District 122
zcrm_5436421000135210578,5436421000056578422,Rich Township High School District 227
zcrm_5436421000135215615,5436421000056578424,Reed Custer Community Unit School District 255U
zcrm_5436421000135207076,5436421000056578426,Reavis Township High School District 220
zcrm_5436421000135235132,5436421000056578436,Prospect Heights School District 23
zcrm_5436421000135231555,5436421000056578439,Princeton High School District 500
zcrm_5436421000135220531,5436421000056578441,Adlai E. Stevenson High School District 125
zcrm_5436421000135208606,5436421000056578460,Southwestern Community Unit School District 9
zcrm_5436421000135222679,5436421000056578478,Paris-Union School District 95
zcrm_5436421000135233154,5436421000056578487,Palatine Community Consolidated School District 15
zcrm_5436421000135217613,5436421000056578492,Oregon Community Unit School District 220
zcrm_5436421000135211662,5436421000056578497,O'Fallon Community Consolidated School District 90
zcrm_5436421000135223556,5436421000056578500,Oglesby Elementary School District 125
zcrm_5436421000135210111,5436421000056578505,Oak Park and River Forest District 200
zcrm_5436421000135214554,5436421000056578534,Nashville Community High School District 99
zcrm_5436421000135214551,5436421000056578537,Mundelein Consolidated High School District 120
zcrm_5436421000135208973,5436421000056578562,Minooka Community Consolidated School District 201
zcrm_5436421000135218441,5436421000056578565,Fairfield Community High School District 225
zcrm_5436421000135222966,5436421000056578576,McHenry Community High School District 156
zcrm_5436421000135235060,5436421000056578583,Massac Unit School District 1
zcrm_5436421000135231604,5436421000056578588,Maroa-Forsyth Community Unit School District 2
zcrm_5436421000135224500,5436421000056578592,Marengo Community High School District 154
zcrm_5436421000135232684,5436421000056578593,Kaneland Community Unit School District 302
zcrm_5436421000135206529,5436421000056578595,Manteno Community Unit School District 5
zcrm_5436421000135225460,5436421000056578597,Manhattan School District 114
zcrm_5436421000135232623,5436421000056578599,Maine Township High School District 207
zcrm_5436421000135206945,5436421000056578604,Lyons Township High School District 204
zcrm_5436421000135232064,5436421000056578614,Lincolnwood School District 74
zcrm_5436421000135234545,5436421000056578616,Lincoln Way Community High School District 210
zcrm_5436421000135218997,5436421000056578617,Lincoln Community High School District 404
zcrm_5436421000135231590,5436421000056578619,Limestone Community High School District 310
zcrm_5436421000135218442,5436421000056578621,Leland Community Unit School District 1
zcrm_5436421000135232037,5436421000056578624,Libertyville School District 70
zcrm_5436421000135232666,5436421000056578626,Leyden Community High School District 212
zcrm_5436421000135214568,5436421000056578627,Lexington Community Unit School District 7
zcrm_5436421000135219082,5436421000056578628,Le Roy Community Unit School District 2
zcrm_5436421000135221537,5436421000056578630,Lemont Township High School District 210
zcrm_5436421000135234483,5436421000056578635,LaSalle-Peru Township High School District 120
zcrm_5436421000135234526,5436421000056578637,Laraway Community Consolidated School District 70C
zcrm_5436421000135209486,5436421000056578639,Lake Zurich Community Unit School District 95
zcrm_5436421000135233506,5436421000056578647,LaGrange School District 102
zcrm_5436421000135229065,5436421000056578650,Komarek School District 94
zcrm_5436421000135216026,5436421000056578651,Knoxville Community Unit School District 202
zcrm_5436421000135205100,5436421000056578653,Kirby School District 140
zcrm_5436421000135232614,5436421000056578656,Kildeer Countryside Community Consolidated School District 96
zcrm_5436421000135211496,5436421000056578657,Kewanee Community Unit School District 229
zcrm_5436421000135232050,5436421000056578658,Kenilworth School District 38
zcrm_5436421000135232660,5436421000056578660,Keeneyville School District 20
zcrm_5436421000135203520,5436421000056578661,Kansas Community Unit School District 3
zcrm_5436421000135225529,5436421000056578662,Kankakee School District 111
zcrm_5436421000135232960,5436421000056578664,Joliet Township High School District 204
zcrm_5436421000135224684,5436421000056578665,Joliet Public School District 86
zcrm_5436421000135218160,5436421000056578935,Illini Bluffs Community Unit School District 327
zcrm_5436421000135209618,5436421000056578944,Hinsdale Township High School District 86
zcrm_5436421000135230487,5436421000056578947,Hillside School District 93
zcrm_5436421000135210164,5436421000056578950,Township High School District 113
zcrm_5436421000135230095,5436421000056578952,High Mount School District 116
zcrm_5436421000135234598,5436421000056578957,Hawthorn Community Consolidated School District 73
zcrm_5436421000135208609,5436421000056578963,Harrisburg Community Unit School District 3
zcrm_5436421000135219060,5436421000056578965,Hardin County Community Unit School District 1
zcrm_5436421000135231454,5436421000056578978,Grass Lake School District 36
zcrm_5436421000135212072,5436421000056578989,Glencoe School District 35
zcrm_5436421000135201643,5436421000056578998,Geneva Community Unit School District 304
zcrm_5436421000135232082,5436421000056579010,Freeburg Community High School District 77
zcrm_5436421000135225024,5436421000056579020,Flossmoor School District 161
zcrm_5436421000135227540,5436421000056579028,Fairmont School District 89
zcrm_5436421000135206069,5436421000056579033,Evanston Township High School District 202
zcrm_5436421000135211632,5436421000056579034,Evanston Community Consolidated School District 65
zcrm_5436421000135222104,5436421000056579043,DuPage High School District 88
zcrm_5436421000135205606,5436421000056579047,School District U-46
zcrm_5436421000135211513,5436421000056579049,Egyptian Community Unit School District 5
zcrm_5436421000135214992,5436421000056579052,Edwards County Community Unit School District 1
zcrm_5436421000135210186,5436421000056579056,East St. Louis School District 189
zcrm_5436421000135202130,5436421000056579057,Richland County Community Unit School District 1
zcrm_5436421000135219590,5436421000056579059,East Peoria School District 86
zcrm_5436421000135216653,5436421000056579061,East Moline School District 37
zcrm_5436421000135205491,5436421000056579071,Dupo Community Unit School District 196
zcrm_5436421000135233541,5436421000056579083,Des Plaines Community Consolidated School District 62
zcrm_5436421000135211027,5436421000056579087,DeKalb Community Unit School District 428
zcrm_5436421000135209978,5436421000056579098,Community High School District 155
zcrm_5436421000135207166,5436421000056579113,Collinsville Community Unit School District 10
zcrm_5436421000135233534,5436421000056579116,Community Consolidated School District 93
zcrm_5436421000135203592,5436421000056579128,Charleston Community Unit School District 1
zcrm_5436421000135204077,5436421000056579134,Centralia High School District 200
zcrm_5436421000135215461,5436421000056579151,Consolidated High School District 230
zcrm_5436421000135210045,5436421000056579162,Cahokia Community Unit School District 187
zcrm_5436421000135205550,5436421000056579169,Buncombe Consolidated School District 43
zcrm_5436421000135216508,5436421000056579176,Bremen Community High School District 228
zcrm_5436421000135208627,5436421000056579435,Bradley-Bourbonnais Consolidated High School District 307
zcrm_5436421000135201569,5436421000056579441,Community High School District 218
zcrm_5436421000135203028,5436421000056579453,Benton Consolidated High School District 103
zcrm_5436421000135204064,5436421000056579461,Belleville School District 118
zcrm_5436421000135230148,5436421000056579464,Marseilles Elementary School District 150
zcrm_5436421000135206996,5436421000056579471,Barrington Community Unit School District 220
zcrm_5436421000135210941,5436421000056579487,Township High School District 214
zcrm_5436421000135205181,5436421000056579488,Arlington Heights School District 25
zcrm_5436421000135201979,5436421000056579489,Summit School District 104
zcrm_5436421000135208678,5436421000056579490,Argo Community High School District 217
zcrm_5436421000135234658,5436421000056579493,Arbor Park School District 145
zcrm_5436421000135203030,5436421000056579544,Bureau Valley Community Unit School District 340
zcrm_5436421000135231051,5436421000056579562,Gallatin Community Unit School District 7
zcrm_5436421000135230482,5436421000056579563,Farmington Central Community Unit School District 265
zcrm_5436421000135204958,5436421000056579565,Joppa-Maple Grove Unit District 38
zcrm_5436421000135201939,5436421000056579586,St. Maries Joint School District 41
zcrm_5436421000135225175,5436421000056579614,Middleton School District 134
zcrm_5436421000135215516,5436421000056579615,Meridian Joint School District 2
zcrm_5436421000135221994,5436421000056579622,Lakeland Joint School District 272
zcrm_5436421000135204133,5436421000056579628,Horseshoe Bend School District 73
zcrm_5436421000135202600,5436421000056579636,Genesee Joint School District 282
zcrm_5436421000135208152,5436421000056579639,Filer School District 413
zcrm_5436421000135204954,5436421000056579649,Castleford School District 417
zcrm_5436421000135223999,5436421000056579659,Blaine County School District 61
zcrm_5436421000135217657,5436421000056579662,Basin School District 72
zcrm_5436421000135210970,5436421000056579664,Salmon River School District 243
zcrm_5436421000135218132,5436421000056579680,Wayne County School District
zcrm_5436421000135224505,5436421000056579681,Washington County School District
zcrm_5436421000135230176,5436421000056579683,Ware County School District
zcrm_5436421000135232598,5436421000056579944,Valdosta City School District
zcrm_5436421000135235078,5436421000056579949,Trion City School District
zcrm_5436421000135200449,5436421000056579951,Towns County School District
zcrm_5436421000135228077,5436421000056579953,Tift County School District
zcrm_5436421000135204127,5436421000056579958,Taylor County School District
zcrm_5436421000135223058,5436421000056579965,Social Circle City School District
zcrm_5436421000135219079,5436421000056579967,Screven County School District
zcrm_5436421000135230438,5436421000056579969,Rome City School District
zcrm_5436421000135208040,5436421000056579972,Rabun County School District
zcrm_5436421000135209008,5436421000056579976,Polk County School District
zcrm_5436421000135231118,5436421000056579978,Pickens County School District
zcrm_5436421000135234512,5436421000056579980,Peach County School District
zcrm_5436421000135210519,5436421000056579981,Paulding County School District
zcrm_5436421000135232955,5436421000056579984,Newton County School District
zcrm_5436421000135209054,5436421000056579985,Muscogee County School District
zcrm_5436421000135229672,5436421000056579986,Murray County School District
zcrm_5436421000135231087,5436421000056579987,Morgan County School District
zcrm_5436421000135205957,5436421000056579994,Marion County School District
zcrm_5436421000135204024,5436421000056579995,Marietta City School District
zcrm_5436421000135216450,5436421000056579997,Macon County School District
zcrm_5436421000135227646,5436421000056579998,Lumpkin County School District
zcrm_5436421000135232528,5436421000056579999,Lowndes County School District
zcrm_5436421000135229038,5436421000056580002,Liberty County School District
zcrm_5436421000135211053,5436421000056580004,Lanier County School District
zcrm_5436421000135227557,5436421000056580006,Jones County School District
zcrm_5436421000135218542,5436421000056580007,Johnson County School District
zcrm_5436421000135223675,5436421000056580010,Jefferson City School District
zcrm_5436421000135224547,5436421000056580011,Jeff Davis County School District
zcrm_5436421000135234501,5436421000056580012,Jasper County School District
zcrm_5436421000135232555,5436421000056580013,Jackson County School District
zcrm_5436421000135233033,5436421000056580019,Harris County School District
zcrm_5436421000135225030,5436421000056580020,Haralson County School District
zcrm_5436421000135214120,5436421000056580024,Gwinnett County School District
zcrm_5436421000135232111,5436421000056580025,Spalding County School District
zcrm_5436421000135235073,5436421000056580026,Greene County School District
zcrm_5436421000135231484,5436421000056580027,Gordon County School District
zcrm_5436421000135209657,5436421000056580032,Fulton County School District
zcrm_5436421000135228123,5436421000056580033,Franklin County School District
zcrm_5436421000135228966,5436421000056580034,Forsyth County School District
zcrm_5436421000135230652,5436421000056580036,Fayette County School District
zcrm_5436421000135221996,5436421000056580038,Evans County School District
zcrm_5436421000135207064,5436421000056580039,Emanuel County School District
zcrm_5436421000135234180,5436421000056580040,Elbert County School District
zcrm_5436421000135211958,5436421000056580045,Dublin City School District
zcrm_5436421000135211119,5436421000056580046,Douglas County School District
zcrm_5436421000135226948,5436421000056580049,Dodge County School District
zcrm_5436421000135232963,5436421000056580050,DeKalb County School District
zcrm_5436421000135209684,5436421000056580052,Decatur City School District
zcrm_5436421000135234079,5436421000056580054,Dalton City School District
zcrm_5436421000135223040,5436421000056580057,Crawford County School District
zcrm_5436421000135229667,5436421000056580058,Coweta County School District
zcrm_5436421000135224544,5436421000056580059,Cook County School District
zcrm_5436421000135224980,5436421000056580060,Commerce City School District
zcrm_5436421000135227023,5436421000056580062,Colquitt County School District
zcrm_5436421000135231974,5436421000056580063,Coffee County School District
zcrm_5436421000135210064,5436421000056580064,Cobb County School District
zcrm_5436421000135225179,5436421000056580065,Clinch County School District
zcrm_5436421000135233587,5436421000056580066,Clayton County School District
zcrm_5436421000135233123,5436421000056580068,Clarke County School District
zcrm_5436421000135223090,5436421000056580069,Chickamauga City School District
zcrm_5436421000135210603,5436421000056580072,Chattahoochee County School District
zcrm_5436421000135209140,5436421000056580073,Chatham County School District
zcrm_5436421000135231952,5436421000056580075,Catoosa County School District
zcrm_5436421000135231124,5436421000056580076,Cartersville City School District
zcrm_5436421000135231142,5436421000056580077,Carrollton City School District
zcrm_5436421000135233000,5436421000056580078,Carroll County School District
zcrm_5436421000135232498,5436421000056580080,Camden County School District
zcrm_5436421000135201122,5436421000056580081,Calhoun County School District
zcrm_5436421000135225177,5436421000056580084,Burke County School District
zcrm_5436421000135231135,5436421000056580085,Bulloch County School District
zcrm_5436421000135231602,5436421000056580086,Buford City School District
zcrm_5436421000135232557,5436421000056580087,Bryan County School District
zcrm_5436421000135225087,5436421000056580088,Brooks County School District
zcrm_5436421000135217086,5436421000056580089,Bremen City School District
zcrm_5436421000135232997,5436421000056580092,Bibb County School District
zcrm_5436421000135231682,5436421000056580095,Bartow County School District
zcrm_5436421000135231145,5436421000056580096,Barrow County School District
zcrm_5436421000135222173,5436421000056580097,Banks County School District
zcrm_5436421000135209446,5436421000056580098,Baldwin County School District
zcrm_5436421000135226464,5436421000056580100,Bacon County School District
zcrm_5436421000135207573,5436421000056580103,Troup County School District
zcrm_5436421000135231101,5436421000056580106,Wakulla County School District
zcrm_5436421000135210652,5436421000056580109,Suwannee County School District
zcrm_5436421000135217652,5436421000056580111,St. Lucie County School District
zcrm_5436421000135232461,5436421000056580113,Sarasota County School District
zcrm_5436421000135231471,5436421000056580114,Putnam County School District
zcrm_5436421000135234571,5436421000056580115,Polk County School District
zcrm_5436421000135232980,5436421000056580116,Pinellas County School District
zcrm_5436421000135233666,5436421000056580117,Pasco County School District
zcrm_5436421000135232520,5436421000056580120,Martin County School District
zcrm_5436421000135231447,5436421000056580121,Manatee County School District
zcrm_5436421000135220517,5436421000056580124,Levy County School District
zcrm_5436421000135220554,5436421000056580125,Leon County School District
zcrm_5436421000135210173,5436421000056580126,Lake County School District
zcrm_5436421000135209542,5436421000056580129,Jackson County School District
zcrm_5436421000135215999,5436421000056580131,Holmes County School District
zcrm_5436421000135211658,5436421000056580132,Highlands County School District
zcrm_5436421000135211121,5436421000056580138,Gilchrist County School District
zcrm_5436421000135221657,5436421000056580139,Gadsden County School District
zcrm_5436421000135219541,5436421000056580141,Flagler County School District
zcrm_5436421000135228169,5436421000056580142,Duval County School District
zcrm_5436421000135228656,5436421000056580146,Columbia County School District
zcrm_5436421000135216996,5436421000056580147,Collier County School District
zcrm_5436421000135232601,5436421000056580148,Clay County School District
zcrm_5436421000135204621,5436421000056580149,Citrus County School District
zcrm_5436421000135234573,5436421000056580150,Charlotte County School District
zcrm_5436421000135208534,5436421000056580152,Brevard County School District
zcrm_5436421000135211954,5436421000056580155,Baker County School District
zcrm_5436421000135212169,5436421000056580477,Regional High School District 08
zcrm_5436421000135231120,5436421000056580478,Regional High School District 07
zcrm_5436421000135213568,5436421000056580479,Regional High School District 05
zcrm_5436421000135218167,5436421000056580482,Regional High School District 11
zcrm_5436421000135230439,5436421000056580589,Regional High School District 19
zcrm_5436421000135219153,5436421000056580592,Windsor School District RE-4
zcrm_5436421000135218560,5436421000056580595,Primero Reorganized School District 2
zcrm_5436421000135226557,5436421000056580596,Westminster Public School District
zcrm_5436421000135219115,5436421000056580598,Weldon Valley School District RE-20J
zcrm_5436421000135229064,5436421000056580606,Telluride School District R-1
zcrm_5436421000135216089,5436421000056580607,Swink School District 33
zcrm_5436421000135234650,5436421000056580610,Prairie School District RE-11
zcrm_5436421000135229639,5436421000056580611,Valley School District RE-1
zcrm_5436421000135235010,5436421000056580614,Silverton School District 1
zcrm_5436421000135208134,5436421000056580617,Widefield School District 3
zcrm_5436421000135215945,5436421000056580618,Sargent School District RE-33J
zcrm_5436421000135215063,5436421000056580619,Sangre de Cristo School District RE-22J
zcrm_5436421000135215105,5436421000056580623,Rocky Ford School District R-2
zcrm_5436421000135227509,5436421000056580628,Pueblo City School District 60
zcrm_5436421000135217028,5436421000056580630,Peyton School District 23-JT
zcrm_5436421000135215990,5436421000056580635,South Routt School District RE-3
zcrm_5436421000135218027,5436421000056580636,Norwood School District R-2J
zcrm_5436421000135231651,5436421000056580638,Lewis-Palmer School District 38
zcrm_5436421000135217626,5436421000056580641,Moffat County School District RE-1
zcrm_5436421000135220514,5436421000056580649,Manitou Springs School District 14
zcrm_5436421000135232944,5436421000056580651,St. Vrain Valley School District RE 1J
zcrm_5436421000135234588,5436421000056580653,Littleton School District 6
zcrm_5436421000135207129,5436421000056580659,East Otero School District R-1
zcrm_5436421000135219984,5436421000056580661,West Grand School District 1-JT
zcrm_5436421000135220671,5436421000056580665,Platte Valley School District RE-7
zcrm_5436421000135226970,5436421000056580668,Johnstown-Milliken School District RE-5J
zcrm_5436421000135233593,5436421000056580678,Harrison School District 2
zcrm_5436421000135221567,5436421000056580680,Gunnison Watershed School District RE-1J
zcrm_5436421000135209096,5436421000056580682,Greeley School District 6
zcrm_5436421000135209042,5436421000056580684,Mesa County Valley School District 51
zcrm_5436421000135230048,5436421000056580687,Roaring Fork School District RE-1
zcrm_5436421000135209044,5436421000056580689,Weld County School District RE-1
zcrm_5436421000135215056,5436421000056580690,Sierra Grande School District R-30
zcrm_5436421000135208084,5436421000056580695,Fremont School District RE-2
zcrm_5436421000135230496,5436421000056580697,School District 49
zcrm_5436421000135219580,5436421000056580955,Park County School District RE-2
zcrm_5436421000135210185,5436421000056580957,Englewood School District 1
zcrm_5436421000135232169,5436421000056580963,Durango School District 9-R
zcrm_5436421000135220029,5436421000056580964,Douglas County School District RE-1
zcrm_5436421000135233639,5436421000056580978,Cheyenne Mountain School District 12
zcrm_5436421000135232145,5436421000056580979,Cherry Creek School District 5
zcrm_5436421000135215000,5436421000056580981,Center School District 26-JT
zcrm_5436421000135216591,5436421000056580991,Branson Reorganized School District 82
zcrm_5436421000135229964,5436421000056580992,Boulder Valley School District RE-2
zcrm_5436421000135216024,5436421000056580993,Bethune School District R-5
zcrm_5436421000135208605,5436421000056580997,Adams-Arapahoe School District 28J
zcrm_5436421000135210457,5436421000056581014,Val Verde Unified School District
zcrm_5436421000135223947,5436421000056581015,Golden Plains Unified School District
zcrm_5436421000135231469,5436421000056581017,Yuba City Unified School District
zcrm_5436421000135228943,5436421000056581019,Yreka Union Elementary School District
zcrm_5436421000135227648,5436421000056581023,Woodland Joint Unified School District
zcrm_5436421000135221965,5436421000056581024,Winton School District
zcrm_5436421000135229589,5436421000056581027,Wilsona Elementary School District
zcrm_5436421000135208141,5436421000056581035,William S. Hart Union High School District
zcrm_5436421000135223946,5436421000056581036,Whittier Union High School District
zcrm_5436421000135218683,5436421000056581044,Westmorland Union Elementary School District
zcrm_5436421000135226954,5436421000056581045,Westminster School District
zcrm_5436421000135225993,5436421000056581046,Western Placer Unified School District
zcrm_5436421000135215557,5436421000056576974,Central Springs Community School District
zcrm_5436421000135214675,5436421000056577032,Iowa City Community School District
zcrm_5436421000135205169,5436421000056577064,Fairfield Community School District
zcrm_5436421000135233505,5436421000056577092,Council Bluffs Community School District
zcrm_5436421000135203646,5436421000056577145,Atlantic Community School District
zcrm_5436421000135223555,5436421000056577454,Vincennes Community School Corporation
zcrm_5436421000135209565,5436421000056577499,South Bend Community School Corporation
zcrm_5436421000135211124,5436421000056577522,Plymouth Community School Corporation
zcrm_5436421000135206668,5436421000056577527,Pike County School Corporation
zcrm_5436421000135203602,5436421000056577538,Northern Wells Community Schools
zcrm_5436421000135213954,5436421000056577606,Hobart School City
zcrm_5436421000135206976,5436421000056577627,Franklin Township Community School Corporation
zcrm_5436421000135220477,5436421000056577928,Clark-Pleasant Community School Corporation
zcrm_5436421000135206162,5436421000056577942,Brownsburg Community School Corporation
zcrm_5436421000135218973,5436421000056577957,Barr-Reeve Community School Corporation
zcrm_5436421000135210583,5436421000056577984,Winnetka School District 36
zcrm_5436421000135224469,5436421000056577999,Community Unit School District 200
zcrm_5436421000135230500,5436421000056578002,Western Springs School District 101
zcrm_5436421000135235022,5436421000056578013,Waukegan Community Unit School District 60
zcrm_5436421000135216471,5436421000056578016,Washington School District 52
zcrm_5436421000135216182,5436421000056578018,Washington Community High School District 308
zcrm_5436421000135204551,5436421000056578039,Valley View Community Unit School District 365U
zcrm_5436421000135211618,5436421000056578140,Rockford School District 205
zcrm_5436421000135224025,5436421000056578439,Princeton High School District 500
zcrm_5436421000135220105,5436421000056578441,Adlai E. Stevenson High School District 125
zcrm_5436421000135211549,5436421000056578497,O'Fallon Community Consolidated School District 90
zcrm_5436421000135209160,5436421000056578505,Oak Park and River Forest District 200
zcrm_5436421000135209599,5436421000056578537,Mundelein Consolidated High School District 120
zcrm_5436421000135219960,5436421000056578588,Maroa-Forsyth Community Unit School District 2
zcrm_5436421000135220013,5436421000056578592,Marengo Community High School District 154
zcrm_5436421000135232574,5436421000056578593,Kaneland Community Unit School District 302
zcrm_5436421000135202146,5436421000056578595,Manteno Community Unit School District 5
zcrm_5436421000135222501,5436421000056578599,Maine Township High School District 207
zcrm_5436421000135206136,5436421000056578604,Lyons Township High School District 204
zcrm_5436421000135231178,5436421000056578614,Lincolnwood School District 74
zcrm_5436421000135234505,5436421000056578616,Lincoln Way Community High School District 210
zcrm_5436421000135215597,5436421000056578617,Lincoln Community High School District 404
zcrm_5436421000135231483,5436421000056578619,Limestone Community High School District 310
zcrm_5436421000135231984,5436421000056578624,Libertyville School District 70
zcrm_5436421000135232176,5436421000056578626,Leyden Community High School District 212
zcrm_5436421000135211486,5436421000056578628,Le Roy Community Unit School District 2
zcrm_5436421000135205969,5436421000056578630,Lemont Township High School District 210
zcrm_5436421000135234480,5436421000056578635,LaSalle-Peru Township High School District 120
zcrm_5436421000135202058,5436421000056578639,Lake Zurich Community Unit School District 95
zcrm_5436421000135221020,5436421000056578650,Komarek School District 94
zcrm_5436421000135231525,5436421000056578656,Kildeer Countryside Community Consolidated School District 96
zcrm_5436421000135207512,5436421000056578657,Kewanee Community Unit School District 229
zcrm_5436421000135230096,5436421000056578658,Kenilworth School District 38
zcrm_5436421000135232144,5436421000056578660,Keeneyville School District 20
zcrm_5436421000135225046,5436421000056578662,Kankakee School District 111
zcrm_5436421000135232643,5436421000056578664,Joliet Township High School District 204
zcrm_5436421000135222561,5436421000056578665,Joliet Public School District 86
zcrm_5436421000135204518,5436421000056578935,Illini Bluffs Community Unit School District 327
zcrm_5436421000135222106,5436421000056578947,Hillside School District 93
zcrm_5436421000135225004,5436421000056578952,High Mount School District 116
zcrm_5436421000135204026,5436421000056578963,Harrisburg Community Unit School District 3
zcrm_5436421000135203483,5436421000056578965,Hardin County Community Unit School District 1
zcrm_5436421000135215548,5436421000056578972,Bond County Community Unit School District 2
zcrm_5436421000135234606,5436421000056578990,Glenbard Township High School District 87
zcrm_5436421000135221574,5436421000056579020,Flossmoor School District 161
zcrm_5436421000135217553,5436421000056579028,Fairmont School District 89
zcrm_5436421000135207595,5436421000056579034,Evanston Community Consolidated School District 65
zcrm_5436421000135205605,5436421000056579047,School District U-46
zcrm_5436421000135218133,5436421000056579059,East Peoria School District 86
zcrm_5436421000135202599,5436421000056579061,East Moline School District 37
zcrm_5436421000135202133,5436421000056579083,Des Plaines Community Consolidated School District 62
zcrm_5436421000135233510,5436421000056579116,Community Consolidated School District 93
zcrm_5436421000135207165,5436421000056579132,Chadwick-Milledgeville Community Unit School District 399
zcrm_5436421000135211663,5436421000056579151,Consolidated High School District 230
zcrm_5436421000135202575,5436421000056579169,Buncombe Consolidated School District 43
zcrm_5436421000135201503,5436421000056579435,Bradley-Bourbonnais Consolidated High School District 307
zcrm_5436421000135202182,5436421000056579461,Belleville School District 118
zcrm_5436421000135229989,5436421000056579464,Marseilles Elementary School District 150
zcrm_5436421000135204623,5436421000056579471,Barrington Community Unit School District 220
zcrm_5436421000135201685,5436421000056579487,Township High School District 214
zcrm_5436421000135203004,5436421000056579488,Arlington Heights School District 25
zcrm_5436421000135206543,5436421000056579490,Argo Community High School District 217
zcrm_5436421000135229447,5436421000056579562,Gallatin Community Unit School District 7
zcrm_5436421000135230186,5436421000056579563,Farmington Central Community Unit School District 265
zcrm_5436421000135230453,5436421000056579590,Shoshone Joint School District 312
zcrm_5436421000135211952,5436421000056579615,Meridian Joint School District 2
zcrm_5436421000135221649,5436421000056579622,Lakeland Joint School District 272
zcrm_5436421000135217967,5436421000056579680,Wayne County School District
zcrm_5436421000135222504,5436421000056579681,Washington County School District
zcrm_5436421000135230153,5436421000056579683,Ware County School District
zcrm_5436421000135232454,5436421000056579944,Valdosta City School District
zcrm_5436421000135234983,5436421000056579949,Trion City School District
zcrm_5436421000135222467,5436421000056579953,Tift County School District
zcrm_5436421000135222661,5436421000056579965,Social Circle City School District
zcrm_5436421000135226533,5436421000056579978,Pickens County School District
zcrm_5436421000135230571,5436421000056579980,Peach County School District
zcrm_5436421000135209582,5436421000056579981,Paulding County School District
zcrm_5436421000135234541,5436421000056579982,Oglethorpe County School District
zcrm_5436421000135232137,5436421000056579984,Newton County School District
zcrm_5436421000135229440,5436421000056579986,Murray County School District
zcrm_5436421000135221504,5436421000056579989,Monroe County School District
zcrm_5436421000135204048,5436421000056579994,Marion County School District
zcrm_5436421000135215086,5436421000056579997,Macon County School District
zcrm_5436421000135202476,5436421000056579998,Lumpkin County School District
zcrm_5436421000135232518,5436421000056579999,Lowndes County School District
zcrm_5436421000135221125,5436421000056580006,Jones County School District
zcrm_5436421000135218502,5436421000056580007,Johnson County School District
zcrm_5436421000135213670,5436421000056580010,Jefferson City School District
zcrm_5436421000135223522,5436421000056580011,Jeff Davis County School District
zcrm_5436421000135230962,5436421000056580012,Jasper County School District
zcrm_5436421000135230126,5436421000056580013,Jackson County School District
zcrm_5436421000135210564,5436421000056580019,Harris County School District
zcrm_5436421000135222037,5436421000056580020,Haralson County School District
zcrm_5436421000135203147,5436421000056580022,Hall County School District
zcrm_5436421000135211071,5436421000056580024,Gwinnett County School District
zcrm_5436421000135231683,5436421000056580025,Spalding County School District
zcrm_5436421000135235048,5436421000056580026,Greene County School District
zcrm_5436421000135229644,5436421000056580027,Gordon County School District
zcrm_5436421000135209656,5436421000056580032,Fulton County School District
zcrm_5436421000135224173,5436421000056580033,Franklin County School District
zcrm_5436421000135228585,5436421000056580034,Forsyth County School District
zcrm_5436421000135219663,5436421000056580038,Evans County School District
zcrm_5436421000135223000,5436421000056580040,Elbert County School District
zcrm_5436421000135232599,5436421000056580050,DeKalb County School District
zcrm_5436421000135227503,5436421000056580054,Dalton City School District
zcrm_5436421000135211645,5436421000056580057,Crawford County School District
zcrm_5436421000135228588,5436421000056580058,Coweta County School District
zcrm_5436421000135222168,5436421000056580060,Commerce City School District
zcrm_5436421000135226969,5436421000056580062,Colquitt County School District
zcrm_5436421000135229491,5436421000056580063,Coffee County School District
zcrm_5436421000135210062,5436421000056580064,Cobb County School District
zcrm_5436421000135218473,5436421000056580065,Clinch County School District
zcrm_5436421000135210597,5436421000056580066,Clayton County School District
zcrm_5436421000135232678,5436421000056580068,Clarke County School District
zcrm_5436421000135207532,5436421000056580069,Chickamauga City School District
zcrm_5436421000135208611,5436421000056580072,Chattahoochee County School District
zcrm_5436421000135229998,5436421000056580075,Catoosa County School District
zcrm_5436421000135227128,5436421000056580076,Cartersville City School District
zcrm_5436421000135229529,5436421000056580077,Carrollton City School District
zcrm_5436421000135207145,5436421000056580078,Carroll County School District
zcrm_5436421000135231985,5436421000056580080,Camden County School District
zcrm_5436421000135224941,5436421000056580084,Burke County School District
zcrm_5436421000135230140,5436421000056580085,Bulloch County School District
zcrm_5436421000135227084,5436421000056580086,Buford City School District
zcrm_5436421000135231122,5436421000056580087,Bryan County School District
zcrm_5436421000135220464,5436421000056580092,Bibb County School District
zcrm_5436421000135231505,5436421000056580095,Bartow County School District
zcrm_5436421000135230459,5436421000056580096,Barrow County School District
zcrm_5436421000135221152,5436421000056580097,Banks County School District
zcrm_5436421000135210960,5436421000056580100,Bacon County School District
zcrm_5436421000135230170,5436421000056580106,Wakulla County School District
zcrm_5436421000135210013,5436421000056580109,Suwannee County School District
zcrm_5436421000135216633,5436421000056580111,St. Lucie County School District
zcrm_5436421000135232458,5436421000056580113,Sarasota County School District
zcrm_5436421000135228521,5436421000056580114,Putnam County School District
zcrm_5436421000135234562,5436421000056580115,Polk County School District
zcrm_5436421000135232104,5436421000056580116,Pinellas County School District
zcrm_5436421000135233110,5436421000056580117,Pasco County School District
zcrm_5436421000135209034,5436421000056580119,Monroe County School District
zcrm_5436421000135232496,5436421000056580120,Martin County School District
zcrm_5436421000135231090,5436421000056580121,Manatee County School District
zcrm_5436421000135216492,5436421000056580124,Levy County School District
zcrm_5436421000135220169,5436421000056580125,Leon County School District
zcrm_5436421000135208947,5436421000056580126,Lake County School District
zcrm_5436421000135200118,5436421000056580129,Jackson County School District
zcrm_5436421000135209630,5436421000056580131,Holmes County School District
zcrm_5436421000135211558,5436421000056580132,Highlands County School District
zcrm_5436421000135209439,5436421000056580138,Gilchrist County School District
zcrm_5436421000135214642,5436421000056580141,Flagler County School District
zcrm_5436421000135228115,5436421000056580142,Duval County School District
zcrm_5436421000135219442,5436421000056580146,Columbia County School District
zcrm_5436421000135216967,5436421000056580147,Collier County School District
zcrm_5436421000135232470,5436421000056580148,Clay County School District
zcrm_5436421000135202983,5436421000056580149,Citrus County School District
zcrm_5436421000135230648,5436421000056580150,Charlotte County School District
zcrm_5436421000135212162,5436421000056580477,Regional High School District 08
zcrm_5436421000135227569,5436421000056580478,Regional High School District 07
zcrm_5436421000135212170,5436421000056580479,Regional High School District 05
zcrm_5436421000135214116,5436421000056580482,Regional High School District 11
zcrm_5436421000135219550,5436421000056580589,Regional High School District 19
zcrm_5436421000135211655,5436421000056580592,Windsor School District RE-4
zcrm_5436421000135205531,5436421000056580595,Primero Reorganized School District 2
zcrm_5436421000135220119,5436421000056580596,Westminster Public School District
zcrm_5436421000135227606,5436421000056580606,Telluride School District R-1
zcrm_5436421000135226579,5436421000056580611,Valley School District RE-1
zcrm_5436421000135235004,5436421000056580614,Silverton School District 1
zcrm_5436421000135204564,5436421000056580617,Widefield School District 3
zcrm_5436421000135207020,5436421000056580618,Sargent School District RE-33J
zcrm_5436421000135227087,5436421000056580628,Pueblo City School District 60
zcrm_5436421000135216135,5436421000056580630,Peyton School District 23-JT
zcrm_5436421000135219458,5436421000056580631,Plateau School District RE-5
zcrm_5436421000135215064,5436421000056580635,South Routt School District RE-3
zcrm_5436421000135231568,5436421000056580638,Lewis-Palmer School District 38
zcrm_5436421000135216143,5436421000056580641,Moffat County School District RE-1
zcrm_5436421000135209946,5436421000056580649,Manitou Springs School District 14
zcrm_5436421000135220614,5436421000056580651,St. Vrain Valley School District RE 1J
zcrm_5436421000135234585,5436421000056580653,Littleton School District 6
zcrm_5436421000135204132,5436421000056580661,West Grand School District 1-JT
zcrm_5436421000135203020,5436421000056580665,Platte Valley School District RE-7
zcrm_5436421000135223062,5436421000056580668,Johnstown-Milliken School District RE-5J
zcrm_5436421000135217603,5436421000056580678,Harrison School District 2
zcrm_5436421000135208631,5436421000056580684,Mesa County Valley School District 51
zcrm_5436421000135225452,5436421000056580687,Roaring Fork School District RE-1
zcrm_5436421000135227580,5436421000056580697,School District 49
zcrm_5436421000135216060,5436421000056580955,Park County School District RE-2
zcrm_5436421000135230076,5436421000056580963,Durango School District 9-R
zcrm_5436421000135218148,5436421000056580964,Douglas County School District RE-1
zcrm_5436421000135231669,5436421000056580978,Cheyenne Mountain School District 12
zcrm_5436421000135230477,5436421000056580979,Cherry Creek School District 5
zcrm_5436421000135227171,5436421000056580992,Boulder Valley School District RE-2
zcrm_5436421000135230445,5436421000056581017,Yuba City Unified School District
zcrm_5436421000135227464,5436421000056581023,Woodland Joint Unified School District
zcrm_5436421000135202518,5436421000056581036,Whittier Union High School District
zcrm_5436421000135211577,5436421000056581044,Westmorland Union Elementary School District
zcrm_5436421000135223054,5436421000056581045,Westminster School District
zcrm_5436421000135225020,5436421000056581046,Western Placer Unified School District
zcrm_5436421000135215110,5436421000056581052,Waukena Joint Union Elementary School District
zcrm_5436421000135214638,5436421000056577032,Iowa City Community School District
zcrm_5436421000135211023,5436421000056577092,Council Bluffs Community School District
zcrm_5436421000135230484,5436421000056577109,Charles City Community School District
zcrm_5436421000135223538,5436421000056577454,Vincennes Community School Corporation
zcrm_5436421000135202078,5436421000056577499,South Bend Community School Corporation
zcrm_5436421000135202184,5436421000056577522,Plymouth Community School Corporation
zcrm_5436421000135204090,5436421000056577527,Pike County School Corporation
zcrm_5436421000135206556,5436421000056577606,Hobart School City
zcrm_5436421000135206660,5436421000056577627,Franklin Township Community School Corporation
zcrm_5436421000135209452,5436421000056577928,Clark-Pleasant Community School Corporation
zcrm_5436421000135205498,5436421000056577942,Brownsburg Community School Corporation
zcrm_5436421000135203675,5436421000056577957,Barr-Reeve Community School Corporation
zcrm_5436421000135222023,5436421000056577999,Community Unit School District 200
zcrm_5436421000135230013,5436421000056578002,Western Springs School District 101
zcrm_5436421000135234679,5436421000056578013,Waukegan Community Unit School District 60
zcrm_5436421000135216096,5436421000056578018,Washington Community High School District 308
zcrm_5436421000135202131,5436421000056578039,Valley View Community Unit School District 365U
zcrm_5436421000135207160,5436421000056578140,Rockford School District 205
zcrm_5436421000135219616,5436421000056578439,Princeton High School District 500
zcrm_5436421000135208582,5436421000056578441,Adlai E. Stevenson High School District 125
zcrm_5436421000135211938,5436421000056578465,Peoria School District 150
zcrm_5436421000135207975,5436421000056578497,O'Fallon Community Consolidated School District 90
zcrm_5436421000135205651,5436421000056578505,Oak Park and River Forest District 200
zcrm_5436421000135218637,5436421000056578592,Marengo Community High School District 154
zcrm_5436421000135232056,5436421000056578593,Kaneland Community Unit School District 302
zcrm_5436421000135200030,5436421000056578595,Manteno Community Unit School District 5
zcrm_5436421000135205610,5436421000056578599,Maine Township High School District 207
zcrm_5436421000135206092,5436421000056578604,Lyons Township High School District 204
zcrm_5436421000135229579,5436421000056578614,Lincolnwood School District 74
zcrm_5436421000135234494,5436421000056578616,Lincoln Way Community High School District 210
zcrm_5436421000135207543,5436421000056578617,Lincoln Community High School District 404
zcrm_5436421000135227630,5436421000056578619,Limestone Community High School District 310
zcrm_5436421000135231650,5436421000056578624,Libertyville School District 70
zcrm_5436421000135232018,5436421000056578626,Leyden Community High School District 212
zcrm_5436421000135226990,5436421000056578635,LaSalle-Peru Township High School District 120
zcrm_5436421000135231161,5436421000056578656,Kildeer Countryside Community Consolidated School District 96
zcrm_5436421000135203556,5436421000056578657,Kewanee Community Unit School District 229
zcrm_5436421000135227672,5436421000056578658,Kenilworth School District 38
zcrm_5436421000135231655,5436421000056578660,Keeneyville School District 20
zcrm_5436421000135211140,5436421000056578662,Kankakee School District 111
zcrm_5436421000135231980,5436421000056578664,Joliet Township High School District 204
zcrm_5436421000135214503,5436421000056578665,Joliet Public School District 86
zcrm_5436421000135202546,5436421000056578963,Harrisburg Community Unit School District 3
zcrm_5436421000135203585,5436421000056579034,Evanston Community Consolidated School District 65
zcrm_5436421000135205604,5436421000056579047,School District U-46
zcrm_5436421000135218105,5436421000056579059,East Peoria School District 86
zcrm_5436421000135202494,5436421000056579169,Buncombe Consolidated School District 43
zcrm_5436421000135201453,5436421000056579435,Bradley-Bourbonnais Consolidated High School District 307
zcrm_5436421000135229042,5436421000056579464,Marseilles Elementary School District 150
zcrm_5436421000135206534,5436421000056579562,Gallatin Community Unit School District 7
zcrm_5436421000135227948,5436421000056579563,Farmington Central Community Unit School District 265
zcrm_5436421000135219497,5436421000056579590,Shoshone Joint School District 312
zcrm_5436421000135220979,5436421000056579622,Lakeland Joint School District 272
zcrm_5436421000135227980,5436421000056579683,Ware County School District
zcrm_5436421000135231521,5436421000056579944,Valdosta City School District
zcrm_5436421000135234976,5436421000056579949,Trion City School District
zcrm_5436421000135210183,5436421000056579953,Tift County School District
zcrm_5436421000135219130,5436421000056579965,Social Circle City School District
zcrm_5436421000135222156,5436421000056579978,Pickens County School District
zcrm_5436421000135227003,5436421000056579980,Peach County School District
zcrm_5436421000135208939,5436421000056579981,Paulding County School District
zcrm_5436421000135227071,5436421000056579982,Oglethorpe County School District
zcrm_5436421000135232116,5436421000056579984,Newton County School District
zcrm_5436421000135225956,5436421000056579986,Murray County School District
zcrm_5436421000135215018,5436421000056579997,Macon County School District
zcrm_5436421000135232097,5436421000056579999,Lowndes County School District
zcrm_5436421000135220963,5436421000056580006,Jones County School District
zcrm_5436421000135202497,5436421000056580010,Jefferson City School District
zcrm_5436421000135221482,5436421000056580011,Jeff Davis County School District
zcrm_5436421000135207549,5436421000056580012,Jasper County School District
zcrm_5436421000135229991,5436421000056580013,Jackson County School District
zcrm_5436421000135209951,5436421000056580024,Gwinnett County School District
zcrm_5436421000135231141,5436421000056580025,Spalding County School District
zcrm_5436421000135235041,5436421000056580026,Greene County School District
zcrm_5436421000135228063,5436421000056580027,Gordon County School District
zcrm_5436421000135201530,5436421000056580032,Fulton County School District
zcrm_5436421000135223607,5436421000056580033,Franklin County School District
zcrm_5436421000135228562,5436421000056580034,Forsyth County School District
zcrm_5436421000135219647,5436421000056580038,Evans County School District
zcrm_5436421000135211948,5436421000056580040,Elbert County School District
zcrm_5436421000135232562,5436421000056580050,DeKalb County School District
zcrm_5436421000135227156,5436421000056580054,Dalton City School District
zcrm_5436421000135211595,5436421000056580057,Crawford County School District
zcrm_5436421000135208584,5436421000056580058,Coweta County School District
zcrm_5436421000135223069,5436421000056580062,Colquitt County School District
zcrm_5436421000135225449,5436421000056580063,Coffee County School District
zcrm_5436421000135204677,5436421000056580064,Cobb County School District
zcrm_5436421000135216171,5436421000056580065,Clinch County School District
zcrm_5436421000135210119,5436421000056580066,Clayton County School District
zcrm_5436421000135232553,5436421000056580068,Clarke County School District
zcrm_5436421000135206998,5436421000056580072,Chattahoochee County School District
zcrm_5436421000135229984,5436421000056580075,Catoosa County School District
zcrm_5436421000135223141,5436421000056580076,Cartersville City School District
zcrm_5436421000135229568,5436421000056580080,Camden County School District
zcrm_5436421000135217108,5436421000056580084,Burke County School District
zcrm_5436421000135229182,5436421000056580085,Bulloch County School District
zcrm_5436421000135224594,5436421000056580086,Buford City School District
zcrm_5436421000135229072,5436421000056580087,Bryan County School District
zcrm_5436421000135210445,5436421000056580092,Bibb County School District
zcrm_5436421000135228492,5436421000056580095,Bartow County School District
zcrm_5436421000135230111,5436421000056580096,Barrow County School District
zcrm_5436421000135207040,5436421000056580106,Wakulla County School District
zcrm_5436421000135215974,5436421000056580111,St. Lucie County School District
zcrm_5436421000135232129,5436421000056580113,Sarasota County School District
zcrm_5436421000135226509,5436421000056580114,Putnam County School District
zcrm_5436421000135230643,5436421000056580115,Polk County School District
zcrm_5436421000135223499,5436421000056580116,Pinellas County School District
zcrm_5436421000135233089,5436421000056580117,Pasco County School District
zcrm_5436421000135232185,5436421000056580120,Martin County School District
zcrm_5436421000135228139,5436421000056580121,Manatee County School District
zcrm_5436421000135209016,5436421000056580124,Levy County School District
zcrm_5436421000135220109,5436421000056580125,Leon County School District
zcrm_5436421000135208646,5436421000056580126,Lake County School District
zcrm_5436421000135203143,5436421000056580132,Highlands County School District
zcrm_5436421000135214065,5436421000056580141,Flagler County School District
zcrm_5436421000135228083,5436421000056580142,Duval County School District
zcrm_5436421000135208479,5436421000056580146,Columbia County School District
zcrm_5436421000135216658,5436421000056580147,Collier County School District
zcrm_5436421000135232457,5436421000056580148,Clay County School District
zcrm_5436421000135207669,5436421000056580150,Charlotte County School District
zcrm_5436421000135226050,5436421000056580478,Regional High School District 07
zcrm_5436421000135212142,5436421000056580479,Regional High School District 05
zcrm_5436421000135207126,5436421000056580482,Regional High School District 11
zcrm_5436421000135217982,5436421000056580589,Regional High School District 19
zcrm_5436421000135211500,5436421000056580592,Windsor School District RE-4
zcrm_5436421000135204000,5436421000056580596,Westminster Public School District
zcrm_5436421000135222563,5436421000056580606,Telluride School District R-1
zcrm_5436421000135226454,5436421000056580628,Pueblo City School District 60
zcrm_5436421000135229994,5436421000056580638,Lewis-Palmer School District 38
zcrm_5436421000135207985,5436421000056580641,Moffat County School District RE-1
zcrm_5436421000135208593,5436421000056580649,Manitou Springs School District 14
zcrm_5436421000135218533,5436421000056580651,St. Vrain Valley School District RE 1J
zcrm_5436421000135234514,5436421000056580653,Littleton School District 6
zcrm_5436421000135223010,5436421000056580668,Johnstown-Milliken School District RE-5J
zcrm_5436421000135208525,5436421000056580684,Mesa County Valley School District 51
zcrm_5436421000135203982,5436421000056580687,Roaring Fork School District RE-1
zcrm_5436421000135222569,5436421000056580697,School District 49
zcrm_5436421000135230050,5436421000056580963,Durango School District 9-R
zcrm_5436421000135218047,5436421000056580964,Douglas County School District RE-1
zcrm_5436421000135231182,5436421000056580978,Cheyenne Mountain School District 12
zcrm_5436421000135220575,5436421000056580979,Cherry Creek School District 5
zcrm_5436421000135225616,5436421000056580992,Boulder Valley School District RE-2
zcrm_5436421000135230062,5436421000056581017,Yuba City Unified School District
zcrm_5436421000135227163,5436421000056581023,Woodland Joint Unified School District
zcrm_5436421000135211557,5436421000056581044,Westmorland Union Elementary School District
zcrm_5436421000135224066,5436421000056581046,Western Placer Unified School District
zcrm_5436421000135214634,5436421000056577032,Iowa City Community School District
zcrm_5436421000135201957,5436421000056577499,South Bend Community School Corporation
zcrm_5436421000135206554,5436421000056577606,Hobart School City
zcrm_5436421000135206569,5436421000056577627,Franklin Township Community School Corporation
zcrm_5436421000135208470,5436421000056577928,Clark-Pleasant Community School Corporation
zcrm_5436421000135202610,5436421000056577942,Brownsburg Community School Corporation
zcrm_5436421000135217478,5436421000056578002,Western Springs School District 101
zcrm_5436421000135234674,5436421000056578013,Waukegan Community Unit School District 60
zcrm_5436421000135203658,5436421000056578140,Rockford School District 205
zcrm_5436421000135219610,5436421000056578439,Princeton High School District 500
zcrm_5436421000135208079,5436421000056578441,Adlai E. Stevenson High School District 125
zcrm_5436421000135211615,5436421000056578465,Peoria School District 150
zcrm_5436421000135207640,5436421000056578497,O'Fallon Community Consolidated School District 90
zcrm_5436421000135205143,5436421000056578505,Oak Park and River Forest District 200
zcrm_5436421000135218532,5436421000056578592,Marengo Community High School District 154
zcrm_5436421000135231107,5436421000056578593,Kaneland Community Unit School District 302
zcrm_5436421000135205564,5436421000056578604,Lyons Township High School District 204
zcrm_5436421000135229177,5436421000056578614,Lincolnwood School District 74
zcrm_5436421000135234521,5436421000056578615,Lincolnshire-Prairieview School District 103
zcrm_5436421000135234481,5436421000056578616,Lincoln Way Community High School District 210
zcrm_5436421000135229942,5436421000056578624,Libertyville School District 70
zcrm_5436421000135232017,5436421000056578626,Leyden Community High School District 212
zcrm_5436421000135218983,5436421000056578635,LaSalle-Peru Township High School District 120
zcrm_5436421000135229681,5436421000056578656,Kildeer Countryside Community Consolidated School District 96
zcrm_5436421000135231473,5436421000056578660,Keeneyville School District 20
zcrm_5436421000135231481,5436421000056578664,Joliet Township High School District 204
zcrm_5436421000135203586,5436421000056578669,Jasper County Community Unit School District 1
zcrm_5436421000135202682,5436421000056579047,School District U-46
zcrm_5436421000135217959,5436421000056579059,East Peoria School District 86
zcrm_5436421000135201442,5436421000056579435,Bradley-Bourbonnais Consolidated High School District 307
zcrm_5436421000135226069,5436421000056579464,Marseilles Elementary School District 150
zcrm_5436421000135204995,5436421000056579562,Gallatin Community Unit School District 7
zcrm_5436421000135221993,5436421000056579563,Farmington Central Community Unit School District 265
zcrm_5436421000135216518,5436421000056579590,Shoshone Joint School District 312
zcrm_5436421000135208658,5436421000056579622,Lakeland Joint School District 272
zcrm_5436421000135225446,5436421000056579683,Ware County School District
zcrm_5436421000135231478,5436421000056579944,Valdosta City School District
zcrm_5436421000135201648,5436421000056579953,Tift County School District
zcrm_5436421000135218970,5436421000056579965,Social Circle City School District
zcrm_5436421000135205031,5436421000056579978,Pickens County School District
zcrm_5436421000135226982,5436421000056579980,Peach County School District
zcrm_5436421000135208591,5436421000056579981,Paulding County School District
zcrm_5436421000135231662,5436421000056579984,Newton County School District
zcrm_5436421000135224016,5436421000056579986,Murray County School District
zcrm_5436421000135209104,5436421000056579997,Macon County School District
zcrm_5436421000135232074,5436421000056579999,Lowndes County School District
zcrm_5436421000135209685,5436421000056580006,Jones County School District
zcrm_5436421000135208445,5436421000056580013,Jackson County School District
zcrm_5436421000135230527,5436421000056580025,Spalding County School District
zcrm_5436421000135204659,5436421000056580027,Gordon County School District
zcrm_5436421000135228033,5436421000056580034,Forsyth County School District
zcrm_5436421000135219534,5436421000056580038,Evans County School District
zcrm_5436421000135203574,5436421000056580040,Elbert County School District
zcrm_5436421000135232468,5436421000056580050,DeKalb County School District
zcrm_5436421000135231156,5436421000056580053,Dawson County School District
zcrm_5436421000135222015,5436421000056580054,Dalton City School District
zcrm_5436421000135211944,5436421000056580062,Colquitt County School District
zcrm_5436421000135224609,5436421000056580063,Coffee County School District
zcrm_5436421000135202517,5436421000056580064,Cobb County School District
zcrm_5436421000135215947,5436421000056580065,Clinch County School District
zcrm_5436421000135208475,5436421000056580066,Clayton County School District
zcrm_5436421000135232112,5436421000056580068,Clarke County School District
zcrm_5436421000135229601,5436421000056580075,Catoosa County School District
zcrm_5436421000135221068,5436421000056580076,Cartersville City School District
zcrm_5436421000135227543,5436421000056580080,Camden County School District
zcrm_5436421000135211995,5436421000056580085,Bulloch County School District
zcrm_5436421000135210492,5436421000056580086,Buford City School District
zcrm_5436421000135210451,5436421000056580087,Bryan County School District
zcrm_5436421000135225608,5436421000056580095,Bartow County School District
zcrm_5436421000135228545,5436421000056580096,Barrow County School District
zcrm_5436421000135207029,5436421000056580106,Wakulla County School District
zcrm_5436421000135211085,5436421000056580111,St. Lucie County School District
zcrm_5436421000135231526,5436421000056580113,Sarasota County School District
zcrm_5436421000135225476,5436421000056580114,Putnam County School District
zcrm_5436421000135230583,5436421000056580115,Polk County School District
zcrm_5436421000135220495,5436421000056580116,Pinellas County School District
zcrm_5436421000135233010,5436421000056580117,Pasco County School District
zcrm_5436421000135232181,5436421000056580120,Martin County School District
zcrm_5436421000135228104,5436421000056580121,Manatee County School District
zcrm_5436421000135220069,5436421000056580125,Leon County School District
zcrm_5436421000135208518,5436421000056580126,Lake County School District
zcrm_5436421000135208977,5436421000056580141,Flagler County School District
zcrm_5436421000135227553,5436421000056580142,Duval County School District
zcrm_5436421000135208559,5436421000056580147,Collier County School District
zcrm_5436421000135231643,5436421000056580148,Clay County School District
zcrm_5436421000135207647,5436421000056580150,Charlotte County School District
zcrm_5436421000135219686,5436421000056580478,Regional High School District 07
zcrm_5436421000135212120,5436421000056580479,Regional High School District 05
zcrm_5436421000135217951,5436421000056580589,Regional High School District 19
zcrm_5436421000135202183,5436421000056580606,Telluride School District R-1
zcrm_5436421000135225542,5436421000056580628,Pueblo City School District 60
zcrm_5436421000135227685,5436421000056580638,Lewis-Palmer School District 38
zcrm_5436421000135206938,5436421000056580649,Manitou Springs School District 14
zcrm_5436421000135216557,5436421000056580651,St. Vrain Valley School District RE 1J
zcrm_5436421000135230998,5436421000056580653,Littleton School District 6
zcrm_5436421000135208473,5436421000056580684,Mesa County Valley School District 51
zcrm_5436421000135221575,5436421000056580697,School District 49
zcrm_5436421000135227539,5436421000056580963,Durango School District 9-R
zcrm_5436421000135215988,5436421000056580964,Douglas County School District RE-1
zcrm_5436421000135230539,5436421000056580978,Cheyenne Mountain School District 12
zcrm_5436421000135210679,5436421000056580979,Cherry Creek School District 5
zcrm_5436421000135224527,5436421000056580992,Boulder Valley School District RE-2
zcrm_5436421000135229569,5436421000056581017,Yuba City Unified School District
zcrm_5436421000135227146,5436421000056581023,Woodland Joint Unified School District
zcrm_5436421000135211556,5436421000056581044,Westmorland Union Elementary School District
zcrm_5436421000135223977,5436421000056581046,Western Placer Unified School District
zcrm_5436421000135214633,5436421000056577032,Iowa City Community School District
zcrm_5436421000135206474,5436421000056577606,Hobart School City
zcrm_5436421000135204672,5436421000056577627,Franklin Township Community School Corporation
zcrm_5436421000135208044,5436421000056577928,Clark-Pleasant Community School Corporation
zcrm_5436421000135234667,5436421000056578013,Waukegan Community Unit School District 60
zcrm_5436421000135206949,5436421000056578441,Adlai E. Stevenson High School District 125
zcrm_5436421000135207636,5436421000056578465,Peoria School District 150
zcrm_5436421000135203955,5436421000056578497,O'Fallon Community Consolidated School District 90
zcrm_5436421000135202459,5436421000056578505,Oak Park and River Forest District 200
zcrm_5436421000135230515,5436421000056578593,Kaneland Community Unit School District 302
zcrm_5436421000135202602,5436421000056578604,Lyons Township High School District 204
zcrm_5436421000135224673,5436421000056578614,Lincolnwood School District 74
zcrm_5436421000135234497,5436421000056578615,Lincolnshire-Prairieview School District 103
zcrm_5436421000135234474,5436421000056578616,Lincoln Way Community High School District 210
zcrm_5436421000135229664,5436421000056578624,Libertyville School District 70
zcrm_5436421000135231470,5436421000056578626,Leyden Community High School District 212
zcrm_5436421000135218980,5436421000056578635,LaSalle-Peru Township High School District 120
zcrm_5436421000135229566,5436421000056578656,Kildeer Countryside Community Consolidated School District 96
zcrm_5436421000135231184,5436421000056578660,Keeneyville School District 20
zcrm_5436421000135231131,5436421000056578664,Joliet Township High School District 204
zcrm_5436421000135217519,5436421000056579059,East Peoria School District 86
zcrm_5436421000135201183,5436421000056579435,Bradley-Bourbonnais Consolidated High School District 307
zcrm_5436421000135204155,5436421000056579464,Marseilles Elementary School District 150
zcrm_5436421000135226642,5436421000056579554,Ridgeview Community Unit School District 19
zcrm_5436421000135217585,5436421000056579563,Farmington Central Community Unit School District 265
zcrm_5436421000135211137,5436421000056579683,Ware County School District
zcrm_5436421000135231176,5436421000056579944,Valdosta City School District
zcrm_5436421000135200583,5436421000056579953,Tift County School District
zcrm_5436421000135218958,5436421000056579965,Social Circle City School District
zcrm_5436421000135205617,5436421000056579981,Paulding County School District
zcrm_5436421000135231584,5436421000056579984,Newton County School District
zcrm_5436421000135223478,5436421000056579986,Murray County School District
zcrm_5436421000135207065,5436421000056579997,Macon County School District
zcrm_5436421000135228048,5436421000056579999,Lowndes County School District
zcrm_5436421000135208092,5436421000056580013,Jackson County School District
zcrm_5436421000135225547,5436421000056580025,Spalding County School District
zcrm_5436421000135227603,5436421000056580034,Forsyth County School District
zcrm_5436421000135217662,5436421000056580038,Evans County School District
zcrm_5436421000135232042,5436421000056580050,DeKalb County School District
zcrm_5436421000135229479,5436421000056580053,Dawson County School District
zcrm_5436421000135221941,5436421000056580054,Dalton City School District
zcrm_5436421000135221129,5436421000056580063,Coffee County School District
zcrm_5436421000135208172,5436421000056580066,Clayton County School District
zcrm_5436421000135232103,5436421000056580068,Clarke County School District
zcrm_5436421000135226614,5436421000056580075,Catoosa County School District
zcrm_5436421000135227538,5436421000056580080,Camden County School District
zcrm_5436421000135205996,5436421000056580085,Bulloch County School District
zcrm_5436421000135208108,5436421000056580087,Bryan County School District
zcrm_5436421000135225558,5436421000056580095,Bartow County School District
zcrm_5436421000135218578,5436421000056580096,Barrow County School District
zcrm_5436421000135205614,5436421000056580106,Wakulla County School District
zcrm_5436421000135208478,5436421000056580111,St. Lucie County School District
zcrm_5436421000135231488,5436421000056580113,Sarasota County School District
zcrm_5436421000135222620,5436421000056580114,Putnam County School District
zcrm_5436421000135230575,5436421000056580115,Polk County School District
zcrm_5436421000135211139,5436421000056580116,Pinellas County School District
zcrm_5436421000135233005,5436421000056580117,Pasco County School District
zcrm_5436421000135232007,5436421000056580120,Martin County School District
zcrm_5436421000135227652,5436421000056580121,Manatee County School District
zcrm_5436421000135211138,5436421000056580125,Leon County School District
zcrm_5436421000135208039,5436421000056580126,Lake County School District
zcrm_5436421000135202485,5436421000056580141,Flagler County School District
zcrm_5436421000135226494,5436421000056580142,Duval County School District
zcrm_5436421000135208080,5436421000056580147,Collier County School District
zcrm_5436421000135231554,5436421000056580148,Clay County School District
zcrm_5436421000135207525,5436421000056580150,Charlotte County School District
zcrm_5436421000135219643,5436421000056580478,Regional High School District 07
zcrm_5436421000135217130,5436421000056580589,Regional High School District 19
zcrm_5436421000135225516,5436421000056580628,Pueblo City School District 60
zcrm_5436421000135225005,5436421000056580638,Lewis-Palmer School District 38
zcrm_5436421000135206093,5436421000056580649,Manitou Springs School District 14
zcrm_5436421000135216103,5436421000056580651,St. Vrain Valley School District RE 1J
zcrm_5436421000135230674,5436421000056580653,Littleton School District 6
zcrm_5436421000135207084,5436421000056580684,Mesa County Valley School District 51
zcrm_5436421000135209496,5436421000056580697,School District 49
zcrm_5436421000135227183,5436421000056580963,Durango School District 9-R
zcrm_5436421000135210053,5436421000056580964,Douglas County School District RE-1
zcrm_5436421000135230008,5436421000056580978,Cheyenne Mountain School District 12
zcrm_5436421000135208129,5436421000056580979,Cherry Creek School District 5
zcrm_5436421000135223671,5436421000056580992,Boulder Valley School District RE-2
zcrm_5436421000135229567,5436421000056581017,Yuba City Unified School District
zcrm_5436421000135225938,5436421000056581023,Woodland Joint Unified School District
zcrm_5436421000135207584,5436421000056581044,Westmorland Union Elementary School District
zcrm_5436421000135222140,5436421000056581046,Western Placer Unified School District
zcrm_5436421000135214604,5436421000056577032,Iowa City Community School District
zcrm_5436421000135206097,5436421000056577606,Hobart School City
zcrm_5436421000135202522,5436421000056577627,Franklin Township Community School Corporation
zcrm_5436421000135206965,5436421000056577928,Clark-Pleasant Community School Corporation
zcrm_5436421000135234657,5436421000056578013,Waukegan Community Unit School District 60
zcrm_5436421000135232477,5436421000056578430,Ramsey Community Unit School District 204
zcrm_5436421000135206485,5436421000056578441,Adlai E. Stevenson High School District 125
zcrm_5436421000135203687,5436421000056578497,O'Fallon Community Consolidated School District 90
zcrm_5436421000135202042,5436421000056578505,Oak Park and River Forest District 200
zcrm_5436421000135230042,5436421000056578593,Kaneland Community Unit School District 302
zcrm_5436421000135221971,5436421000056578614,Lincolnwood School District 74
zcrm_5436421000135234488,5436421000056578615,Lincolnshire-Prairieview School District 103
zcrm_5436421000135234452,5436421000056578616,Lincoln Way Community High School District 210
zcrm_5436421000135229649,5436421000056578624,Libertyville School District 70
zcrm_5436421000135229118,5436421000056578626,Leyden Community High School District 212
zcrm_5436421000135218677,5436421000056578635,LaSalle-Peru Township High School District 120
zcrm_5436421000135226615,5436421000056578656,Kildeer Countryside Community Consolidated School District 96
zcrm_5436421000135231057,5436421000056578660,Keeneyville School District 20
zcrm_5436421000135231059,5436421000056578664,Joliet Township High School District 204
zcrm_5436421000135201074,5436421000056579435,Bradley-Bourbonnais Consolidated High School District 307
zcrm_5436421000135215958,5436421000056579563,Farmington Central Community Unit School District 265
zcrm_5436421000135221637,5436421000056579601,Payette Joint School District 371
zcrm_5436421000135224444,5436421000056579944,Valdosta City School District
zcrm_5436421000135205581,5436421000056579981,Paulding County School District
zcrm_5436421000135231175,5436421000056579984,Newton County School District
zcrm_5436421000135220145,5436421000056579986,Murray County School District
zcrm_5436421000135207002,5436421000056579997,Macon County School District
zcrm_5436421000135224659,5436421000056579999,Lowndes County School District
zcrm_5436421000135223942,5436421000056580025,Spalding County School District
zcrm_5436421000135226163,5436421000056580034,Forsyth County School District
zcrm_5436421000135215050,5436421000056580038,Evans County School District
zcrm_5436421000135231967,5436421000056580050,DeKalb County School District
zcrm_5436421000135229009,5436421000056580053,Dawson County School District
zcrm_5436421000135221560,5436421000056580054,Dalton City School District
zcrm_5436421000135232067,5436421000056580068,Clarke County School District
zcrm_5436421000135224578,5436421000056580075,Catoosa County School District
zcrm_5436421000135222152,5436421000056580080,Camden County School District
zcrm_5436421000135204979,5436421000056580085,Bulloch County School District
zcrm_5436421000135223518,5436421000056580095,Bartow County School District
zcrm_5436421000135218576,5436421000056580096,Barrow County School District
zcrm_5436421000135202539,5436421000056580106,Wakulla County School District
zcrm_5436421000135231154,5436421000056580113,Sarasota County School District
zcrm_5436421000135220616,5436421000056580114,Putnam County School District
zcrm_5436421000135230559,5436421000056580115,Polk County School District
zcrm_5436421000135210068,5436421000056580116,Pinellas County School District
zcrm_5436421000135231661,5436421000056580117,Pasco County School District
zcrm_5436421000135231640,5436421000056580120,Martin County School District
zcrm_5436421000135227591,5436421000056580121,Manatee County School District
zcrm_5436421000135210014,5436421000056580125,Leon County School District
zcrm_5436421000135208003,5436421000056580126,Lake County School District
zcrm_5436421000135223647,5436421000056580142,Duval County School District
zcrm_5436421000135206512,5436421000056580147,Collier County School District
zcrm_5436421000135231459,5436421000056580148,Clay County School District
zcrm_5436421000135203557,5436421000056580150,Charlotte County School District
zcrm_5436421000135217170,5436421000056580478,Regional High School District 07
zcrm_5436421000135217107,5436421000056580589,Regional High School District 19
zcrm_5436421000135224534,5436421000056580628,Pueblo City School District 60
zcrm_5436421000135224124,5436421000056580638,Lewis-Palmer School District 38
zcrm_5436421000135204116,5436421000056580649,Manitou Springs School District 14
zcrm_5436421000135216041,5436421000056580651,St. Vrain Valley School District RE 1J
zcrm_5436421000135211575,5436421000056580653,Littleton School District 6
zcrm_5436421000135206680,5436421000056580684,Mesa County Valley School District 51
zcrm_5436421000135208588,5436421000056580697,School District 49
zcrm_5436421000135226468,5436421000056580963,Durango School District 9-R
zcrm_5436421000135210010,5436421000056580964,Douglas County School District RE-1
zcrm_5436421000135229951,5436421000056580978,Cheyenne Mountain School District 12
zcrm_5436421000135206952,5436421000056580979,Cherry Creek School District 5
zcrm_5436421000135222454,5436421000056580992,Boulder Valley School District RE-2
zcrm_5436421000135224073,5436421000056581017,Yuba City Unified School District
zcrm_5436421000135224972,5436421000056581023,Woodland Joint Unified School District
zcrm_5436421000135207474,5436421000056581044,Westmorland Union Elementary School District
zcrm_5436421000135201978,5436421000056581046,Western Placer Unified School District
zcrm_5436421000135234974,5436421000056561924,Champlain Valley Unified School District
zcrm_5436421000135207534,5436421000056562943,Killeen Independent School District
zcrm_5436421000135202070,5436421000056563399,Del Valle Independent School District
zcrm_5436421000135205566,5436421000056563433,Corpus Christi Independent School District
zcrm_5436421000135202673,5436421000056563454,Clint Independent School District
zcrm_5436421000135202087,5436421000056563810,Bastrop Independent School District
zcrm_5436421000135234973,5436421000056561924,Champlain Valley Unified School District
zcrm_5436421000135207508,5436421000056562943,Killeen Independent School District
zcrm_5436421000135201970,5436421000056563399,Del Valle Independent School District
zcrm_5436421000135205545,5436421000056563433,Corpus Christi Independent School District
zcrm_5436421000135202590,5436421000056563454,Clint Independent School District
zcrm_5436421000135200087,5436421000056563810,Bastrop Independent School District
zcrm_5436421000135234972,5436421000056561924,Champlain Valley Unified School District
zcrm_5436421000135207481,5436421000056562943,Killeen Independent School District
zcrm_5436421000135201471,5436421000056563399,Del Valle Independent School District
zcrm_5436421000135205483,5436421000056563433,Corpus Christi Independent School District
zcrm_5436421000135202094,5436421000056563454,Clint Independent School District
zcrm_5436421000135234970,5436421000056561924,Champlain Valley Unified School District
zcrm_5436421000135207477,5436421000056562943,Killeen Independent School District
zcrm_5436421000135201449,5436421000056563399,Del Valle Independent School District
zcrm_5436421000135205479,5436421000056563433,Corpus Christi Independent School District
zcrm_5436421000135202075,5436421000056563454,Clint Independent School District
zcrm_5436421000135234962,5436421000056561924,Champlain Valley Unified School District
zcrm_5436421000135207470,5436421000056562943,Killeen Independent School District
zcrm_5436421000135200564,5436421000056563399,Del Valle Independent School District
zcrm_5436421000135205144,5436421000056563433,Corpus Christi Independent School District
zcrm_5436421000135202009,5436421000056563454,Clint Independent School District
zcrm_5436421000135207467,5436421000056562943,Killeen Independent School District
zcrm_5436421000135200112,5436421000056563399,Del Valle Independent School District
zcrm_5436421000135205138,5436421000056563433,Corpus Christi Independent School District
zcrm_5436421000135201051,5436421000056563454,Clint Independent School District
zcrm_5436421000135207450,5436421000056562943,Killeen Independent School District
zcrm_5436421000135205137,5436421000056563433,Corpus Christi Independent School District
zcrm_5436421000135207161,5436421000056562943,Killeen Independent School District
zcrm_5436421000135205125,5436421000056563433,Corpus Christi Independent School District
zcrm_5436421000135203938,5436421000056562943,Killeen Independent School District
zcrm_5436421000135205118,5436421000056563433,Corpus Christi Independent School District
zcrm_5436421000135203638,5436421000056562943,Killeen Independent School District
zcrm_5436421000135205117,5436421000056563433,Corpus Christi Independent School District
zcrm_5436421000135203605,5436421000056562943,Killeen Independent School District
zcrm_5436421000135205032,5436421000056563433,Corpus Christi Independent School District
zcrm_5436421000135203567,5436421000056562943,Killeen Independent School District
zcrm_5436421000135205023,5436421000056563433,Corpus Christi Independent School District
zcrm_5436421000135203566,5436421000056562943,Killeen Independent School District
zcrm_5436421000135204999,5436421000056563433,Corpus Christi Independent School District
zcrm_5436421000135203564,5436421000056562943,Killeen Independent School District
zcrm_5436421000135204948,5436421000056563433,Corpus Christi Independent School District
zcrm_5436421000135203561,5436421000056562943,Killeen Independent School District
zcrm_5436421000135204947,5436421000056563433,Corpus Christi Independent School District
zcrm_5436421000135203543,5436421000056562943,Killeen Independent School District
zcrm_5436421000135204653,5436421000056563433,Corpus Christi Independent School District
zcrm_5436421000135203541,5436421000056562943,Killeen Independent School District
zcrm_5436421000135204652,5436421000056563433,Corpus Christi Independent School District
zcrm_5436421000135203539,5436421000056562943,Killeen Independent School District
zcrm_5436421000135204618,5436421000056563433,Corpus Christi Independent School District
zcrm_5436421000135203533,5436421000056562943,Killeen Independent School District
zcrm_5436421000135204538,5436421000056563433,Corpus Christi Independent School District
zcrm_5436421000135203531,5436421000056562943,Killeen Independent School District
zcrm_5436421000135204509,5436421000056563433,Corpus Christi Independent School District
zcrm_5436421000135203528,5436421000056562943,Killeen Independent School District
zcrm_5436421000135204490,5436421000056563433,Corpus Christi Independent School District
zcrm_5436421000135203527,5436421000056562943,Killeen Independent School District
zcrm_5436421000135204475,5436421000056563433,Corpus Christi Independent School District
zcrm_5436421000135203525,5436421000056562943,Killeen Independent School District
zcrm_5436421000135204174,5436421000056563433,Corpus Christi Independent School District
zcrm_5436421000135203522,5436421000056562943,Killeen Independent School District
zcrm_5436421000135204140,5436421000056563433,Corpus Christi Independent School District
zcrm_5436421000135203516,5436421000056562943,Killeen Independent School District
zcrm_5436421000135204105,5436421000056563433,Corpus Christi Independent School District
zcrm_5436421000135203514,5436421000056562943,Killeen Independent School District
zcrm_5436421000135204087,5436421000056563433,Corpus Christi Independent School District
zcrm_5436421000135203508,5436421000056562943,Killeen Independent School District
zcrm_5436421000135204054,5436421000056563433,Corpus Christi Independent School District
zcrm_5436421000135203506,5436421000056562943,Killeen Independent School District
zcrm_5436421000135204028,5436421000056563433,Corpus Christi Independent School District
zcrm_5436421000135203499,5436421000056562943,Killeen Independent School District
zcrm_5436421000135204010,5436421000056563433,Corpus Christi Independent School District
zcrm_5436421000135203497,5436421000056562943,Killeen Independent School District
zcrm_5436421000135203999,5436421000056563433,Corpus Christi Independent School District
zcrm_5436421000135203495,5436421000056562943,Killeen Independent School District
zcrm_5436421000135203123,5436421000056563433,Corpus Christi Independent School District
zcrm_5436421000135203492,5436421000056562943,Killeen Independent School District
zcrm_5436421000135203023,5436421000056563433,Corpus Christi Independent School District
zcrm_5436421000135203491,5436421000056562943,Killeen Independent School District
zcrm_5436421000135203005,5436421000056563433,Corpus Christi Independent School District
zcrm_5436421000135203486,5436421000056562943,Killeen Independent School District
zcrm_5436421000135203000,5436421000056563433,Corpus Christi Independent School District
zcrm_5436421000135203485,5436421000056562943,Killeen Independent School District
zcrm_5436421000135202999,5436421000056563433,Corpus Christi Independent School District
zcrm_5436421000135203482,5436421000056562943,Killeen Independent School District
zcrm_5436421000135202996,5436421000056563433,Corpus Christi Independent School District
zcrm_5436421000135203481,5436421000056562943,Killeen Independent School District
zcrm_5436421000135202954,5436421000056563433,Corpus Christi Independent School District
zcrm_5436421000135203480,5436421000056562943,Killeen Independent School District
zcrm_5436421000135202944,5436421000056563433,Corpus Christi Independent School District
zcrm_5436421000135203478,5436421000056562943,Killeen Independent School District
zcrm_5436421000135202684,5436421000056563433,Corpus Christi Independent School District
zcrm_5436421000135203477,5436421000056562943,Killeen Independent School District
zcrm_5436421000135202595,5436421000056563433,Corpus Christi Independent School District
zcrm_5436421000135203469,5436421000056562943,Killeen Independent School District
zcrm_5436421000135202473,5436421000056563433,Corpus Christi Independent School District
zcrm_5436421000135203466,5436421000056562943,Killeen Independent School District
zcrm_5436421000135202464,5436421000056563433,Corpus Christi Independent School District
zcrm_5436421000135203465,5436421000056562943,Killeen Independent School District
zcrm_5436421000135202128,5436421000056563433,Corpus Christi Independent School District
zcrm_5436421000135203464,5436421000056562943,Killeen Independent School District
zcrm_5436421000135202104,5436421000056563433,Corpus Christi Independent School District
zcrm_5436421000135203460,5436421000056562943,Killeen Independent School District
zcrm_5436421000135202085,5436421000056563433,Corpus Christi Independent School District
zcrm_5436421000135203456,5436421000056562943,Killeen Independent School District
zcrm_5436421000135202045,5436421000056563433,Corpus Christi Independent School District
zcrm_5436421000135203452,5436421000056562943,Killeen Independent School District
zcrm_5436421000135202043,5436421000056563433,Corpus Christi Independent School District
zcrm_5436421000135203449,5436421000056562943,Killeen Independent School District
zcrm_5436421000135202004,5436421000056563433,Corpus Christi Independent School District
zcrm_5436421000135203448,5436421000056562943,Killeen Independent School District
zcrm_5436421000135201997,5436421000056563433,Corpus Christi Independent School District
zcrm_5436421000135203446,5436421000056562943,Killeen Independent School District
zcrm_5436421000135201996,5436421000056563433,Corpus Christi Independent School District
zcrm_5436421000135203445,5436421000056562943,Killeen Independent School District
zcrm_5436421000135201990,5436421000056563433,Corpus Christi Independent School District
zcrm_5436421000135203443,5436421000056562943,Killeen Independent School District
zcrm_5436421000135201983,5436421000056563433,Corpus Christi Independent School District
zcrm_5436421000135203187,5436421000056562943,Killeen Independent School District
zcrm_5436421000135201568,5436421000056563433,Corpus Christi Independent School District
zcrm_5436421000135203186,5436421000056562943,Killeen Independent School District
zcrm_5436421000135201552,5436421000056563433,Corpus Christi Independent School District
zcrm_5436421000135203182,5436421000056562943,Killeen Independent School District
zcrm_5436421000135201454,5436421000056563433,Corpus Christi Independent School District
zcrm_5436421000135203181,5436421000056562943,Killeen Independent School District
zcrm_5436421000135201181,5436421000056563433,Corpus Christi Independent School District
zcrm_5436421000135203180,5436421000056562943,Killeen Independent School District
zcrm_5436421000135201136,5436421000056563433,Corpus Christi Independent School District
zcrm_5436421000135203179,5436421000056562943,Killeen Independent School District
zcrm_5436421000135201063,5436421000056563433,Corpus Christi Independent School District
zcrm_5436421000135203177,5436421000056562943,Killeen Independent School District
zcrm_5436421000135201039,5436421000056563433,Corpus Christi Independent School District
zcrm_5436421000135203175,5436421000056562943,Killeen Independent School District
zcrm_5436421000135200610,5436421000056563433,Corpus Christi Independent School District
zcrm_5436421000135203168,5436421000056562943,Killeen Independent School District
zcrm_5436421000135200603,5436421000056563433,Corpus Christi Independent School District
zcrm_5436421000135203163,5436421000056562943,Killeen Independent School District
zcrm_5436421000135200560,5436421000056563433,Corpus Christi Independent School District
zcrm_5436421000135203162,5436421000056562943,Killeen Independent School District
zcrm_5436421000135200164,5436421000056563433,Corpus Christi Independent School District
zcrm_5436421000135203161,5436421000056562943,Killeen Independent School District
zcrm_5436421000135200107,5436421000056563433,Corpus Christi Independent School District
zcrm_5436421000135203160,5436421000056562943,Killeen Independent School District
zcrm_5436421000135203159,5436421000056562943,Killeen Independent School District
zcrm_5436421000135203156,5436421000056562943,Killeen Independent School District
zcrm_5436421000135203150,5436421000056562943,Killeen Independent School District
zcrm_5436421000135203142,5436421000056562943,Killeen Independent School District
zcrm_5436421000135203141,5436421000056562943,Killeen Independent School District
zcrm_5436421000135203135,5436421000056562943,Killeen Independent School District
zcrm_5436421000135203132,5436421000056562943,Killeen Independent School District
zcrm_5436421000135223682,5436421000056564392,Orangeburg County School District
zcrm_5436421000135227516,5436421000056564394,Sumter County Consolidated School District
zcrm_5436421000135206072,5436421000056564395,York School District 4
zcrm_5436421000135227552,5436421000056564396,York School District 3
zcrm_5436421000135223973,5436421000056564398,York School District 1
zcrm_5436421000135223630,5436421000056564401,Spartanburg School District 7
zcrm_5436421000135210524,5436421000056564403,Spartanburg School District 4
zcrm_5436421000135207074,5436421000056564408,Oconee County School District
zcrm_5436421000135232033,5436421000056564412,School District Five of Lexington & Richland Counties
zcrm_5436421000135206112,5436421000056564418,Laurens School District 55
zcrm_5436421000135211629,5436421000056564422,Horry County School District
zcrm_5436421000135223101,5436421000056564425,Greenwood School District 50
zcrm_5436421000135218540,5436421000056564435,Darlington County School District
zcrm_5436421000135227028,5436421000056564437,Chesterfield County School District
zcrm_5436421000135210485,5436421000056564439,Charleston County School District
zcrm_5436421000135208519,5436421000056564443,Anderson School District 5
zcrm_5436421000135214045,5436421000056564449,Aiken County School District
zcrm_5436421000135204119,5436421000056564868,Ringgold School District
zcrm_5436421000135215124,5436421000056564875,Reading School District
zcrm_5436421000135215515,5436421000056564898,Pennsbury School District
zcrm_5436421000135221958,5436421000056564910,Palmyra Area School District
zcrm_5436421000135207082,5436421000056564946,New Castle Area School District
zcrm_5436421000135224126,5436421000056564950,Neshaminy School District
zcrm_5436421000135203099,5436421000056564951,Nazareth Area School District
zcrm_5436421000135225514,5436421000056564954,Muhlenberg School District
zcrm_5436421000135214662,5436421000056565258,Lehighton Area School District
zcrm_5436421000135219157,5436421000056565260,Lebanon School District
zcrm_5436421000135231939,5436421000056565264,Lancaster School District
zcrm_5436421000135217528,5436421000056565265,Lampeter-Strasburg School District
zcrm_5436421000135201498,5436421000056565327,Fox Chapel Area School District
zcrm_5436421000135208515,5436421000056565350,East Stroudsburg Area School District
zcrm_5436421000135208578,5436421000056565401,Central Dauphin School District
zcrm_5436421000135221991,5436421000056565455,Avon Grove School District
zcrm_5436421000135225055,5436421000056565786,Oregon City School District 62
zcrm_5436421000135208051,5436421000056565846,Eugene School District 4J
zcrm_5436421000135227138,5436421000056565911,Hillsboro School District 1J
zcrm_5436421000135224984,5436421000056565924,Yukon Public Schools
zcrm_5436421000135223493,5436421000056565969,Union Public Schools
zcrm_5436421000135210156,5436421000056565979,Tulsa Public Schools
zcrm_5436421000135207169,5436421000056566336,Owasso Public Schools
zcrm_5436421000135228983,5436421000056566354,Norman Public Schools
zcrm_5436421000135207586,5436421000056566363,Muldrow Public Schools
zcrm_5436421000135217448,5436421000056566773,Durant Public Schools
zcrm_5436421000135205501,5436421000056566890,Altus Public Schools
zcrm_5436421000135214653,5436421000056566921,Bedford City School District
zcrm_5436421000135212454,5436421000056566984,Twinsburg City School District
zcrm_5436421000135217481,5436421000056567821,Sylvania City School District
zcrm_5436421000135222542,5436421000056567822,Sycamore Community City School District
zcrm_5436421000135223085,5436421000056567886,Euclid City School District
zcrm_5436421000135204060,5436421000056567930,West Fargo Public School District 6
zcrm_5436421000135229093,5436421000056568303,Williston Basin School District 7
zcrm_5436421000135222526,5436421000056568390,Mooresville City Schools
zcrm_5436421000135231053,5436421000056568420,Forsyth County Schools
zcrm_5436421000135222031,5436421000056564392,Orangeburg County School District
zcrm_5436421000135226455,5436421000056564394,Sumter County Consolidated School District
zcrm_5436421000135202583,5436421000056564395,York School District 4
zcrm_5436421000135227533,5436421000056564396,York School District 3
zcrm_5436421000135221964,5436421000056564398,York School District 1
zcrm_5436421000135223506,5436421000056564401,Spartanburg School District 7
zcrm_5436421000135209133,5436421000056564403,Spartanburg School District 4
zcrm_5436421000135206598,5436421000056564408,Oconee County School District
zcrm_5436421000135232011,5436421000056564412,School District Five of Lexington & Richland Counties
zcrm_5436421000135207672,5436421000056564422,Horry County School District
zcrm_5436421000135223038,5436421000056564425,Greenwood School District 50
zcrm_5436421000135218032,5436421000056564435,Darlington County School District
zcrm_5436421000135223092,5436421000056564437,Chesterfield County School District
zcrm_5436421000135206041,5436421000056564439,Charleston County School District
zcrm_5436421000135204529,5436421000056564443,Anderson School District 5
zcrm_5436421000135211108,5436421000056564449,Aiken County School District
zcrm_5436421000135203991,5436421000056564868,Ringgold School District
zcrm_5436421000135211965,5436421000056564875,Reading School District
zcrm_5436421000135203660,5436421000056564898,Pennsbury School District
zcrm_5436421000135221457,5436421000056564910,Palmyra Area School District
zcrm_5436421000135202540,5436421000056564946,New Castle Area School District
zcrm_5436421000135223507,5436421000056564950,Neshaminy School District
zcrm_5436421000135201999,5436421000056564951,Nazareth Area School District
zcrm_5436421000135222441,5436421000056564954,Muhlenberg School District
zcrm_5436421000135202547,5436421000056565258,Lehighton Area School District
zcrm_5436421000135219156,5436421000056565260,Lebanon School District
zcrm_5436421000135231575,5436421000056565264,Lancaster School District
zcrm_5436421000135216962,5436421000056565265,Lampeter-Strasburg School District
zcrm_5436421000135200672,5436421000056565327,Fox Chapel Area School District
zcrm_5436421000135206975,5436421000056565350,East Stroudsburg Area School District
zcrm_5436421000135208487,5436421000056565401,Central Dauphin School District
zcrm_5436421000135213505,5436421000056565455,Avon Grove School District
zcrm_5436421000135223574,5436421000056565786,Oregon City School District 62
zcrm_5436421000135206023,5436421000056565846,Eugene School District 4J
zcrm_5436421000135226537,5436421000056565911,Hillsboro School District 1J
zcrm_5436421000135224153,5436421000056565924,Yukon Public Schools
zcrm_5436421000135223453,5436421000056565969,Union Public Schools
zcrm_5436421000135227989,5436421000056566354,Norman Public Schools
zcrm_5436421000135216512,5436421000056566773,Durant Public Schools
zcrm_5436421000135212440,5436421000056566921,Bedford City School District
zcrm_5436421000135211993,5436421000056566984,Twinsburg City School District
zcrm_5436421000135216009,5436421000056567821,Sylvania City School District
zcrm_5436421000135222091,5436421000056567822,Sycamore Community City School District
zcrm_5436421000135223025,5436421000056567886,Euclid City School District
zcrm_5436421000135203013,5436421000056567930,West Fargo Public School District 6
zcrm_5436421000135225561,5436421000056568303,Williston Basin School District 7
zcrm_5436421000135217961,5436421000056568326,Northern Cass Public School District 97
zcrm_5436421000135220957,5436421000056568390,Mooresville City Schools
zcrm_5436421000135230129,5436421000056568420,Forsyth County Schools
zcrm_5436421000135207012,5436421000056564392,Orangeburg County School District
zcrm_5436421000135225948,5436421000056564394,Sumter County Consolidated School District
zcrm_5436421000135202535,5436421000056564395,York School District 4
zcrm_5436421000135227182,5436421000056564396,York School District 3
zcrm_5436421000135223107,5436421000056564401,Spartanburg School District 7
zcrm_5436421000135205106,5436421000056564408,Oconee County School District
zcrm_5436421000135227612,5436421000056564412,School District Five of Lexington & Richland Counties
zcrm_5436421000135207514,5436421000056564422,Horry County School District
zcrm_5436421000135223028,5436421000056564425,Greenwood School District 50
zcrm_5436421000135218019,5436421000056564435,Darlington County School District
zcrm_5436421000135223030,5436421000056564437,Chesterfield County School District
zcrm_5436421000135204036,5436421000056564439,Charleston County School District
zcrm_5436421000135203129,5436421000056564443,Anderson School District 5
zcrm_5436421000135206618,5436421000056564449,Aiken County School District
zcrm_5436421000135211963,5436421000056564875,Reading School District
zcrm_5436421000135201682,5436421000056564946,New Castle Area School District
zcrm_5436421000135222500,5436421000056564950,Neshaminy School District
zcrm_5436421000135201119,5436421000056564951,Nazareth Area School District
zcrm_5436421000135213166,5436421000056564954,Muhlenberg School District
zcrm_5436421000135219059,5436421000056565260,Lebanon School District
zcrm_5436421000135231567,5436421000056565264,Lancaster School District
zcrm_5436421000135216588,5436421000056565265,Lampeter-Strasburg School District
zcrm_5436421000135200654,5436421000056565327,Fox Chapel Area School District
zcrm_5436421000135206031,5436421000056565350,East Stroudsburg Area School District
zcrm_5436421000135208170,5436421000056565401,Central Dauphin School District
zcrm_5436421000135209461,5436421000056565455,Avon Grove School District
zcrm_5436421000135223109,5436421000056565786,Oregon City School District 62
zcrm_5436421000135204553,5436421000056565846,Eugene School District 4J
zcrm_5436421000135223487,5436421000056565911,Hillsboro School District 1J
zcrm_5436421000135223668,5436421000056565924,Yukon Public Schools
zcrm_5436421000135222515,5436421000056565969,Union Public Schools
zcrm_5436421000135227450,5436421000056566354,Norman Public Schools
zcrm_5436421000135215008,5436421000056566773,Durant Public Schools
zcrm_5436421000135208952,5436421000056566921,Bedford City School District
zcrm_5436421000135215065,5436421000056567821,Sylvania City School District
zcrm_5436421000135221661,5436421000056567822,Sycamore Community City School District
zcrm_5436421000135211544,5436421000056567886,Euclid City School District
zcrm_5436421000135202076,5436421000056567930,West Fargo Public School District 6
zcrm_5436421000135225513,5436421000056568303,Williston Basin School District 7
zcrm_5436421000135215684,5436421000056568326,Northern Cass Public School District 97
zcrm_5436421000135210184,5436421000056568390,Mooresville City Schools
zcrm_5436421000135229993,5436421000056568420,Forsyth County Schools
zcrm_5436421000135204673,5436421000056564392,Orangeburg County School District
zcrm_5436421000135225636,5436421000056564394,Sumter County Consolidated School District
zcrm_5436421000135227173,5436421000056564396,York School District 3
zcrm_5436421000135202597,5436421000056564401,Spartanburg School District 7
zcrm_5436421000135205057,5436421000056564408,Oconee County School District
zcrm_5436421000135227452,5436421000056564412,School District Five of Lexington & Richland Counties
zcrm_5436421000135203952,5436421000056564422,Horry County School District
zcrm_5436421000135211532,5436421000056564425,Greenwood School District 50
zcrm_5436421000135218010,5436421000056564435,Darlington County School District
zcrm_5436421000135222990,5436421000056564437,Chesterfield County School District
zcrm_5436421000135204035,5436421000056564439,Charleston County School District
zcrm_5436421000135202064,5436421000056564443,Anderson School District 5
zcrm_5436421000135211592,5436421000056564875,Reading School District
zcrm_5436421000135220975,5436421000056564950,Neshaminy School District
zcrm_5436421000135219043,5436421000056565260,Lebanon School District
zcrm_5436421000135231186,5436421000056565264,Lancaster School District
zcrm_5436421000135216169,5436421000056565265,Lampeter-Strasburg School District
zcrm_5436421000135200511,5436421000056565327,Fox Chapel Area School District
zcrm_5436421000135202532,5436421000056565350,East Stroudsburg Area School District
zcrm_5436421000135206564,5436421000056565401,Central Dauphin School District
zcrm_5436421000135208940,5436421000056565455,Avon Grove School District
zcrm_5436421000135218964,5436421000056565771,Prairie City School District 4
zcrm_5436421000135222440,5436421000056565786,Oregon City School District 62
zcrm_5436421000135221669,5436421000056565911,Hillsboro School District 1J
zcrm_5436421000135223551,5436421000056565924,Yukon Public Schools
zcrm_5436421000135222509,5436421000056565969,Union Public Schools
zcrm_5436421000135227127,5436421000056566354,Norman Public Schools
zcrm_5436421000135208081,5436421000056566921,Bedford City School District
zcrm_5436421000135215006,5436421000056567821,Sylvania City School District
zcrm_5436421000135221635,5436421000056567822,Sycamore Community City School District
zcrm_5436421000135211520,5436421000056567886,Euclid City School District
zcrm_5436421000135201984,5436421000056567930,West Fargo Public School District 6
zcrm_5436421000135224985,5436421000056568303,Williston Basin School District 7
zcrm_5436421000135205979,5436421000056568326,Northern Cass Public School District 97
zcrm_5436421000135219068,5436421000056568338,New England Public School District 9
zcrm_5436421000135209587,5436421000056568390,Mooresville City Schools
zcrm_5436421000135229075,5436421000056568420,Forsyth County Schools
zcrm_5436421000135203073,5436421000056564392,Orangeburg County School District
zcrm_5436421000135225627,5436421000056564394,Sumter County Consolidated School District
zcrm_5436421000135226507,5436421000056564396,York School District 3
zcrm_5436421000135204117,5436421000056564408,Oconee County School District
zcrm_5436421000135226601,5436421000056564412,School District Five of Lexington & Richland Counties
zcrm_5436421000135217683,5436421000056564435,Darlington County School District
zcrm_5436421000135212456,5436421000056564950,Neshaminy School District
zcrm_5436421000135219037,5436421000056565260,Lebanon School District
zcrm_5436421000135231177,5436421000056565264,Lancaster School District
zcrm_5436421000135200186,5436421000056565327,Fox Chapel Area School District
zcrm_5436421000135204611,5436421000056565401,Central Dauphin School District
zcrm_5436421000135207003,5436421000056565786,Oregon City School District 62
zcrm_5436421000135221667,5436421000056565911,Hillsboro School District 1J
zcrm_5436421000135221521,5436421000056565924,Yukon Public Schools
zcrm_5436421000135221684,5436421000056565969,Union Public Schools
zcrm_5436421000135225998,5436421000056566354,Norman Public Schools
zcrm_5436421000135219654,5436421000056567822,Sycamore Community City School District
zcrm_5436421000135211506,5436421000056567886,Euclid City School District
zcrm_5436421000135223543,5436421000056568303,Williston Basin School District 7
zcrm_5436421000135228500,5436421000056568420,Forsyth County Schools
zcrm_5436421000135057993,5436421000056564392,Orangeburg County School District
zcrm_5436421000135225626,5436421000056564394,Sumter County Consolidated School District
zcrm_5436421000135225126,5436421000056564396,York School District 3
zcrm_5436421000135204020,5436421000056564408,Oconee County School District
zcrm_5436421000135225995,5436421000056564412,School District Five of Lexington & Richland Counties
zcrm_5436421000135217602,5436421000056564435,Darlington County School District
zcrm_5436421000135219028,5436421000056565260,Lebanon School District
zcrm_5436421000135230504,5436421000056565264,Lancaster School District
zcrm_5436421000135223098,5436421000056565351,East Pennsboro Area School District
zcrm_5436421000135204112,5436421000056565401,Central Dauphin School District
zcrm_5436421000135205006,5436421000056565786,Oregon City School District 62
zcrm_5436421000135221643,5436421000056565911,Hillsboro School District 1J
zcrm_5436421000135221155,5436421000056565924,Yukon Public Schools
zcrm_5436421000135220987,5436421000056565969,Union Public Schools
zcrm_5436421000135225081,5436421000056566354,Norman Public Schools
zcrm_5436421000135219604,5436421000056567822,Sycamore Community City School District
zcrm_5436421000135207958,5436421000056567886,Euclid City School District
zcrm_5436421000135221156,5436421000056568303,Williston Basin School District 7
zcrm_5436421000135227548,5436421000056568420,Forsyth County Schools
zcrm_5436421000135225545,5436421000056564394,Sumter County Consolidated School District
zcrm_5436421000135225036,5436421000056564396,York School District 3
zcrm_5436421000135202967,5436421000056564408,Oconee County School District
zcrm_5436421000135225600,5436421000056564412,School District Five of Lexington & Richland Counties
zcrm_5436421000135216959,5436421000056564435,Darlington County School District
zcrm_5436421000135219009,5436421000056565260,Lebanon School District
zcrm_5436421000135230502,5436421000056565264,Lancaster School District
zcrm_5436421000135222987,5436421000056565351,East Pennsboro Area School District
zcrm_5436421000135204052,5436421000056565401,Central Dauphin School District
zcrm_5436421000135202057,5436421000056565786,Oregon City School District 62
zcrm_5436421000135221597,5436421000056565911,Hillsboro School District 1J
zcrm_5436421000135220031,5436421000056565969,Union Public Schools
zcrm_5436421000135225058,5436421000056566354,Norman Public Schools
zcrm_5436421000135219597,5436421000056567822,Sycamore Community City School District
zcrm_5436421000135207942,5436421000056567886,Euclid City School District
zcrm_5436421000135221060,5436421000056568303,Williston Basin School District 7
zcrm_5436421000135227137,5436421000056568420,Forsyth County Schools
zcrm_5436421000135225045,5436421000056564394,Sumter County Consolidated School District
zcrm_5436421000135224954,5436421000056564396,York School District 3
zcrm_5436421000135202643,5436421000056564408,Oconee County School District
zcrm_5436421000135225447,5436421000056564412,School District Five of Lexington & Richland Counties
zcrm_5436421000135216525,5436421000056564435,Darlington County School District
zcrm_5436421000135218986,5436421000056565260,Lebanon School District
zcrm_5436421000135230131,5436421000056565264,Lancaster School District
zcrm_5436421000135215485,5436421000056565351,East Pennsboro Area School District
zcrm_5436421000135204007,5436421000056565401,Central Dauphin School District
zcrm_5436421000135221531,5436421000056565911,Hillsboro School District 1J
zcrm_5436421000135220024,5436421000056565969,Union Public Schools
zcrm_5436421000135224953,5436421000056566354,Norman Public Schools
zcrm_5436421000135218186,5436421000056567822,Sycamore Community City School District
zcrm_5436421000135207657,5436421000056567886,Euclid City School District
zcrm_5436421000135221058,5436421000056568303,Williston Basin School District 7
zcrm_5436421000135226157,5436421000056568420,Forsyth County Schools
zcrm_5436421000135224652,5436421000056564394,Sumter County Consolidated School District
zcrm_5436421000135222438,5436421000056564396,York School District 3
zcrm_5436421000135201973,5436421000056564408,Oconee County School District
zcrm_5436421000135225044,5436421000056564412,School District Five of Lexington & Richland Counties
zcrm_5436421000135216516,5436421000056564435,Darlington County School District
zcrm_5436421000135218985,5436421000056565260,Lebanon School District
zcrm_5436421000135230130,5436421000056565264,Lancaster School District
zcrm_5436421000135202114,5436421000056565401,Central Dauphin School District
zcrm_5436421000135220484,5436421000056565911,Hillsboro School District 1J
zcrm_5436421000135220016,5436421000056565969,Union Public Schools
zcrm_5436421000135224644,5436421000056566354,Norman Public Schools
zcrm_5436421000135216951,5436421000056567822,Sycamore Community City School District
zcrm_5436421000135207560,5436421000056567886,Euclid City School District
zcrm_5436421000135206185,5436421000056568303,Williston Basin School District 7
zcrm_5436421000135226002,5436421000056568420,Forsyth County Schools
zcrm_5436421000135224151,5436421000056564394,Sumter County Consolidated School District
zcrm_5436421000135222060,5436421000056564396,York School District 3
zcrm_5436421000135224942,5436421000056564412,School District Five of Lexington & Richland Counties
zcrm_5436421000135216447,5436421000056564435,Darlington County School District
zcrm_5436421000135215591,5436421000056565260,Lebanon School District
zcrm_5436421000135230049,5436421000056565264,Lancaster School District
zcrm_5436421000135201946,5436421000056565401,Central Dauphin School District
zcrm_5436421000135220015,5436421000056565969,Union Public Schools
zcrm_5436421000135224169,5436421000056566354,Norman Public Schools
zcrm_5436421000135216659,5436421000056567822,Sycamore Community City School District
zcrm_5436421000135207554,5436421000056567886,Euclid City School District
zcrm_5436421000135205473,5436421000056568303,Williston Basin School District 7
zcrm_5436421000135225968,5436421000056568420,Forsyth County Schools
zcrm_5436421000135224138,5436421000056564394,Sumter County Consolidated School District
zcrm_5436421000135221514,5436421000056564396,York School District 3
zcrm_5436421000135224678,5436421000056564412,School District Five of Lexington & Richland Counties
zcrm_5436421000135216154,5436421000056564435,Darlington County School District
zcrm_5436421000135215510,5436421000056565260,Lebanon School District
zcrm_5436421000135229623,5436421000056565264,Lancaster School District
zcrm_5436421000135219591,5436421000056565969,Union Public Schools
zcrm_5436421000135224060,5436421000056566354,Norman Public Schools
zcrm_5436421000135216055,5436421000056567822,Sycamore Community City School District
zcrm_5436421000135207520,5436421000056567886,Euclid City School District
zcrm_5436421000135204685,5436421000056568303,Williston Basin School District 7
zcrm_5436421000135225962,5436421000056568420,Forsyth County Schools
zcrm_5436421000135223503,5436421000056564394,Sumter County Consolidated School District
zcrm_5436421000135221035,5436421000056564396,York School District 3
zcrm_5436421000135224482,5436421000056564412,School District Five of Lexington & Richland Counties
zcrm_5436421000135216095,5436421000056564435,Darlington County School District
zcrm_5436421000135207679,5436421000056565260,Lebanon School District
zcrm_5436421000135229581,5436421000056565264,Lancaster School District
zcrm_5436421000135219537,5436421000056565969,Union Public Schools
zcrm_5436421000135222591,5436421000056566354,Norman Public Schools
zcrm_5436421000135216021,5436421000056567822,Sycamore Community City School District
zcrm_5436421000135207446,5436421000056567886,Euclid City School District
zcrm_5436421000135200658,5436421000056568303,Williston Basin School District 7
zcrm_5436421000135225661,5436421000056568420,Forsyth County Schools
zcrm_5436421000135222488,5436421000056564394,Sumter County Consolidated School District
zcrm_5436421000135220964,5436421000056564396,York School District 3
zcrm_5436421000135224135,5436421000056564412,School District Five of Lexington & Richland Counties
zcrm_5436421000135216092,5436421000056564435,Darlington County School District
zcrm_5436421000135207558,5436421000056565260,Lebanon School District
zcrm_5436421000135229541,5436421000056565264,Lancaster School District
zcrm_5436421000135219536,5436421000056565969,Union Public Schools
zcrm_5436421000135222124,5436421000056566354,Norman Public Schools
zcrm_5436421000135205546,5436421000056567822,Sycamore Community City School District
zcrm_5436421000135207178,5436421000056567886,Euclid City School District
zcrm_5436421000135225647,5436421000056568420,Forsyth County Schools
zcrm_5436421000135222017,5436421000056564394,Sumter County Consolidated School District
zcrm_5436421000135220657,5436421000056564396,York School District 3
zcrm_5436421000135223537,5436421000056564412,School District Five of Lexington & Richland Counties
zcrm_5436421000135216090,5436421000056564435,Darlington County School District
zcrm_5436421000135203621,5436421000056565260,Lebanon School District
zcrm_5436421000135229112,5436421000056565264,Lancaster School District
zcrm_5436421000135219516,5436421000056565969,Union Public Schools
zcrm_5436421000135219557,5436421000056566354,Norman Public Schools
zcrm_5436421000135204545,5436421000056567822,Sycamore Community City School District
zcrm_5436421000135203632,5436421000056567886,Euclid City School District
zcrm_5436421000135225099,5436421000056568420,Forsyth County Schools
zcrm_5436421000135221679,5436421000056564394,Sumter County Consolidated School District
zcrm_5436421000135209038,5436421000056564396,York School District 3
zcrm_5436421000135222598,5436421000056564412,School District Five of Lexington & Richland Counties
zcrm_5436421000135215666,5436421000056564435,Darlington County School District
zcrm_5436421000135229096,5436421000056565264,Lancaster School District
zcrm_5436421000135219460,5436421000056565969,Union Public Schools
zcrm_5436421000135216956,5436421000056566354,Norman Public Schools
zcrm_5436421000135208451,5436421000056567879,Gallipolis City School District
zcrm_5436421000135225038,5436421000056568420,Forsyth County Schools
zcrm_5436421000135221476,5436421000056564394,Sumter County Consolidated School District
zcrm_5436421000135204970,5436421000056564396,York School District 3
zcrm_5436421000135222491,5436421000056564412,School District Five of Lexington & Richland Counties
zcrm_5436421000135215626,5436421000056564435,Darlington County School District
zcrm_5436421000135229088,5436421000056565264,Lancaster School District
zcrm_5436421000135219456,5436421000056565969,Union Public Schools
zcrm_5436421000135215957,5436421000056566354,Norman Public Schools
zcrm_5436421000135224067,5436421000056568420,Forsyth County Schools
zcrm_5436421000135221149,5436421000056564394,Sumter County Consolidated School District
zcrm_5436421000135204486,5436421000056564396,York School District 3
zcrm_5436421000135222132,5436421000056564412,School District Five of Lexington & Richland Counties
zcrm_5436421000135215032,5436421000056564435,Darlington County School District
zcrm_5436421000135229087,5436421000056565264,Lancaster School District
zcrm_5436421000135219455,5436421000056565969,Union Public Schools
zcrm_5436421000135214443,5436421000056566354,Norman Public Schools
zcrm_5436421000135223658,5436421000056568420,Forsyth County Schools
zcrm_5436421000135208537,5436421000056564394,Sumter County Consolidated School District
zcrm_5436421000135201578,5436421000056564396,York School District 3
zcrm_5436421000135222011,5436421000056564412,School District Five of Lexington & Richland Counties
zcrm_5436421000135214996,5436421000056564435,Darlington County School District
zcrm_5436421000135229031,5436421000056565264,Lancaster School District
zcrm_5436421000135219454,5436421000056565969,Union Public Schools
zcrm_5436421000135204540,5436421000056566354,Norman Public Schools
zcrm_5436421000135223601,5436421000056568420,Forsyth County Schools
zcrm_5436421000135201945,5436421000056564394,Sumter County Consolidated School District
zcrm_5436421000135200643,5436421000056564396,York School District 3
zcrm_5436421000135218507,5436421000056564412,School District Five of Lexington & Richland Counties
zcrm_5436421000135214624,5436421000056564435,Darlington County School District
zcrm_5436421000135227567,5436421000056565264,Lancaster School District
zcrm_5436421000135218633,5436421000056565969,Union Public Schools
zcrm_5436421000135201611,5436421000056566354,Norman Public Schools
zcrm_5436421000135222602,5436421000056568420,Forsyth County Schools
zcrm_5436421000135200607,5436421000056564396,York School District 3
zcrm_5436421000135218106,5436421000056564412,School District Five of Lexington & Richland Counties
zcrm_5436421000135206183,5436421000056564435,Darlington County School District
zcrm_5436421000135226609,5436421000056565264,Lancaster School District
zcrm_5436421000135218566,5436421000056565969,Union Public Schools
zcrm_5436421000135201022,5436421000056566354,Norman Public Schools
zcrm_5436421000135222061,5436421000056568420,Forsyth County Schools
zcrm_5436421000135200533,5436421000056564396,York School District 3
zcrm_5436421000135217577,5436421000056564412,School District Five of Lexington & Richland Counties
zcrm_5436421000135205624,5436421000056564435,Darlington County School District
zcrm_5436421000135225638,5436421000056565264,Lancaster School District
zcrm_5436421000135218543,5436421000056565969,Union Public Schools
zcrm_5436421000135201018,5436421000056566354,Norman Public Schools
zcrm_5436421000135222055,5436421000056568420,Forsyth County Schools
zcrm_5436421000135200179,5436421000056564396,York School District 3
zcrm_5436421000135216993,5436421000056564412,School District Five of Lexington & Richland Counties
zcrm_5436421000135225458,5436421000056565264,Lancaster School District
zcrm_5436421000135219121,5436421000056565383,Commodore Perry School District
zcrm_5436421000135218438,5436421000056565969,Union Public Schools
zcrm_5436421000135200469,5436421000056566354,Norman Public Schools
zcrm_5436421000135221976,5436421000056568420,Forsyth County Schools
zcrm_5436421000135216584,5436421000056564412,School District Five of Lexington & Richland Counties
zcrm_5436421000135225040,5436421000056565264,Lancaster School District
zcrm_5436421000135218183,5436421000056565969,Union Public Schools
zcrm_5436421000135200116,5436421000056566354,Norman Public Schools
zcrm_5436421000135221490,5436421000056568420,Forsyth County Schools
zcrm_5436421000135216178,5436421000056564412,School District Five of Lexington & Richland Counties
zcrm_5436421000135224530,5436421000056565264,Lancaster School District
zcrm_5436421000135218057,5436421000056565969,Union Public Schools
zcrm_5436421000135221469,5436421000056568420,Forsyth County Schools
zcrm_5436421000135216176,5436421000056564412,School District Five of Lexington & Richland Counties
zcrm_5436421000135224528,5436421000056565264,Lancaster School District
zcrm_5436421000135217036,5436421000056565969,Union Public Schools
zcrm_5436421000135221110,5436421000056568420,Forsyth County Schools
zcrm_5436421000135215955,5436421000056564412,School District Five of Lexington & Richland Counties
zcrm_5436421000135224468,5436421000056565264,Lancaster School District
zcrm_5436421000135217029,5436421000056565969,Union Public Schools
zcrm_5436421000135221019,5436421000056568420,Forsyth County Schools
zcrm_5436421000135215022,5436421000056564412,School District Five of Lexington & Richland Counties
zcrm_5436421000135224029,5436421000056565264,Lancaster School District
zcrm_5436421000135216982,5436421000056565969,Union Public Schools
zcrm_5436421000135220983,5436421000056568420,Forsyth County Schools
zcrm_5436421000135208972,5436421000056564412,School District Five of Lexington & Richland Counties
zcrm_5436421000135223529,5436421000056565264,Lancaster School District
zcrm_5436421000135216952,5436421000056565969,Union Public Schools
zcrm_5436421000135220973,5436421000056568420,Forsyth County Schools
zcrm_5436421000135207155,5436421000056564412,School District Five of Lexington & Richland Counties
zcrm_5436421000135222163,5436421000056565264,Lancaster School District
zcrm_5436421000135216943,5436421000056565969,Union Public Schools
zcrm_5436421000135220948,5436421000056568420,Forsyth County Schools
zcrm_5436421000135203110,5436421000056564412,School District Five of Lexington & Richland Counties
zcrm_5436421000135221142,5436421000056565264,Lancaster School District
zcrm_5436421000135216687,5436421000056565969,Union Public Schools
zcrm_5436421000135214013,5436421000056568420,Forsyth County Schools
zcrm_5436421000135202451,5436421000056564412,School District Five of Lexington & Richland Counties
zcrm_5436421000135221052,5436421000056565264,Lancaster School District
zcrm_5436421000135216685,5436421000056565969,Union Public Schools
zcrm_5436421000135213964,5436421000056568420,Forsyth County Schools
zcrm_5436421000135221051,5436421000056565264,Lancaster School District
zcrm_5436421000135216668,5436421000056565969,Union Public Schools
zcrm_5436421000135213659,5436421000056568420,Forsyth County Schools
zcrm_5436421000135220019,5436421000056565264,Lancaster School District
zcrm_5436421000135216660,5436421000056565969,Union Public Schools
zcrm_5436421000135210030,5436421000056568420,Forsyth County Schools
zcrm_5436421000135219963,5436421000056565264,Lancaster School District
zcrm_5436421000135216657,5436421000056565969,Union Public Schools
zcrm_5436421000135209163,5436421000056568420,Forsyth County Schools
zcrm_5436421000135219527,5436421000056565264,Lancaster School District
zcrm_5436421000135216537,5436421000056565969,Union Public Schools
zcrm_5436421000135209095,5436421000056568420,Forsyth County Schools
zcrm_5436421000135218600,5436421000056565264,Lancaster School District
zcrm_5436421000135216493,5436421000056565969,Union Public Schools
zcrm_5436421000135208672,5436421000056568420,Forsyth County Schools
zcrm_5436421000135218589,5436421000056565264,Lancaster School District
zcrm_5436421000135216445,5436421000056565969,Union Public Schools
zcrm_5436421000135204011,5436421000056568420,Forsyth County Schools
zcrm_5436421000135218575,5436421000056565264,Lancaster School District
zcrm_5436421000135216186,5436421000056565969,Union Public Schools
zcrm_5436421000135218570,5436421000056565264,Lancaster School District
zcrm_5436421000135216073,5436421000056565969,Union Public Schools
zcrm_5436421000135218551,5436421000056565264,Lancaster School District
zcrm_5436421000135216068,5436421000056565969,Union Public Schools
zcrm_5436421000135218168,5436421000056565264,Lancaster School District
zcrm_5436421000135216067,5436421000056565969,Union Public Schools
zcrm_5436421000135218152,5436421000056565264,Lancaster School District
zcrm_5436421000135215975,5436421000056565969,Union Public Schools
zcrm_5436421000135218151,5436421000056565264,Lancaster School District
zcrm_5436421000135215970,5436421000056565969,Union Public Schools
zcrm_5436421000135218109,5436421000056565264,Lancaster School District
zcrm_5436421000135215633,5436421000056565969,Union Public Schools
zcrm_5436421000135218085,5436421000056565264,Lancaster School District
zcrm_5436421000135215096,5436421000056565969,Union Public Schools
zcrm_5436421000135218039,5436421000056565264,Lancaster School District
zcrm_5436421000135213978,5436421000056565969,Union Public Schools
zcrm_5436421000135217664,5436421000056565264,Lancaster School District
zcrm_5436421000135208967,5436421000056565969,Union Public Schools
zcrm_5436421000135217653,5436421000056565264,Lancaster School District
zcrm_5436421000135208620,5436421000056565969,Union Public Schools
zcrm_5436421000135217440,5436421000056565264,Lancaster School District
zcrm_5436421000135208118,5436421000056565969,Union Public Schools
zcrm_5436421000135217176,5436421000056565264,Lancaster School District
zcrm_5436421000135206518,5436421000056565969,Union Public Schools
zcrm_5436421000135217126,5436421000056565264,Lancaster School District
zcrm_5436421000135206105,5436421000056565969,Union Public Schools
zcrm_5436421000135217063,5436421000056565264,Lancaster School District
zcrm_5436421000135204556,5436421000056565969,Union Public Schools
zcrm_5436421000135216980,5436421000056565264,Lancaster School District
zcrm_5436421000135202961,5436421000056565969,Union Public Schools
zcrm_5436421000135216643,5436421000056565264,Lancaster School District
zcrm_5436421000135202942,5436421000056565969,Union Public Schools
zcrm_5436421000135216628,5436421000056565264,Lancaster School District
zcrm_5436421000135202561,5436421000056565969,Union Public Schools
zcrm_5436421000135216602,5436421000056565264,Lancaster School District
zcrm_5436421000135216553,5436421000056565264,Lancaster School District
zcrm_5436421000135216550,5436421000056565264,Lancaster School District
zcrm_5436421000135216515,5436421000056565264,Lancaster School District
zcrm_5436421000135216179,5436421000056565264,Lancaster School District
zcrm_5436421000135216014,5436421000056565264,Lancaster School District
zcrm_5436421000135215969,5436421000056565264,Lancaster School District
zcrm_5436421000135215938,5436421000056565264,Lancaster School District
zcrm_5436421000135215622,5436421000056565264,Lancaster School District
zcrm_5436421000135215120,5436421000056565264,Lancaster School District
zcrm_5436421000135215099,5436421000056565264,Lancaster School District
zcrm_5436421000135202680,5436421000056565264,Lancaster School District
zcrm_5436421000135212159,5436421000056568809,St. Regis Falls Central School District
zcrm_5436421000135212059,5436421000056568960,North Colonie Central School District
zcrm_5436421000135229642,5436421000056569910,Silver City Consolidated Schools
zcrm_5436421000135211565,5436421000056569912,Santa Fe Public Schools
zcrm_5436421000135200555,5436421000056569929,Mora Independent Schools
zcrm_5436421000135232140,5436421000056569953,Gallup-McKinley County Schools
zcrm_5436421000135220137,5436421000056569957,Farmington Municipal Schools
zcrm_5436421000135233512,5436421000056569962,Dulce Independent Schools
zcrm_5436421000135202092,5436421000056569966,Deming Public Schools
zcrm_5436421000135204536,5436421000056569975,Central Consolidated Schools
zcrm_5436421000135211060,5436421000056569980,Bernalillo Public Schools
zcrm_5436421000135209612,5436421000056569985,Albuquerque Public Schools
zcrm_5436421000135232674,5436421000056569987,Rio Rancho Public Schools
zcrm_5436421000135233501,5436421000056569996,White Mountain Regional School District
zcrm_5436421000135219564,5436421000056571333,Hellgate Elementary School District
zcrm_5436421000135218478,5436421000056571337,Havre High School District
zcrm_5436421000135216997,5436421000056571338,Havre Elementary School District
zcrm_5436421000135227149,5436421000056571351,Great Falls Elementary School District
zcrm_5436421000135216953,5436421000056571490,Belgrade Elementary School District
zcrm_5436421000135216494,5436421000056571549,Osage County R-III School District
zcrm_5436421000135200507,5436421000056571563,Warrensburg R-VI School District
zcrm_5436421000135227010,5436421000056571567,Morgan County R-II School District
zcrm_5436421000135208510,5436421000056571833,Twin Rivers R-X School District
zcrm_5436421000135203615,5436421000056571847,Summersville R-II School District
zcrm_5436421000135205457,5436421000056571853,Morgan County R-I School District
zcrm_5436421000135202608,5436421000056571858,Ste. Genevieve County R-II School District
zcrm_5436421000135222611,5436421000056571865,Francis Howell R-III School District
zcrm_5436421000135211953,5436421000056571891,Sedalia 200 School District
zcrm_5436421000135201660,5436421000056571907,Riverview Gardens School District
zcrm_5436421000135218680,5436421000056571934,Platte County R-III School District
zcrm_5436421000135232492,5436421000056571949,Park Hill School District
zcrm_5436421000135217008,5436421000056571975,North Callaway County R-I School District
zcrm_5436421000135209520,5436421000056572016,Mehlville R-IX School District
zcrm_5436421000135207660,5436421000056572020,Maryville R-II Schools
zcrm_5436421000135200967,5436421000056572044,Lindbergh School District
zcrm_5436421000135225067,5436421000056572343,Jackson R-II School District
zcrm_5436421000135217044,5436421000056572365,Hickory County R-I School District
zcrm_5436421000135201679,5436421000056572369,Hazelwood School District
zcrm_5436421000135201531,5436421000056572387,Grandview R-II School District
zcrm_5436421000135214493,5436421000056572410,Ferguson-Florissant R-II School District
zcrm_5436421000135234994,5436421000056572428,East Lynne 40 School District
zcrm_5436421000135215981,5436421000056572449,Sherwood Cass R-VIII School District
zcrm_5436421000135218676,5436421000056572454,Cooter R-IV School District
zcrm_5436421000135216583,5436421000056572459,Cole Camp R-I School District
zcrm_5436421000135210483,5436421000056572464,Clayton School District
zcrm_5436421000135202142,5436421000056572475,Fort Zumwalt R-II School District
zcrm_5436421000135223174,5436421000056572483,Carl Junction R-I School District
zcrm_5436421000135204965,5436421000056572502,Brookfield R-III School District
zcrm_5436421000135219479,5436421000056572504,Brentwood School District
zcrm_5436421000135210520,5436421000056572518,Blue Springs R-IV School District
zcrm_5436421000135223488,5436421000056572548,Columbia 93 School District
zcrm_5436421000135194450,5436421000056572554,Yazoo City Municipal School District
zcrm_5436421000135220144,5436421000056572556,Western Line School District
zcrm_5436421000135194441,5436421000056572559,Webster County School District
zcrm_5436421000135194807,5436421000056572566,Tunica County School District
zcrm_5436421000135194411,5436421000056572567,Tishomingo County Schools
zcrm_5436421000135077765,5436421000056572582,Poplarville Separate School District
zcrm_5436421000135194360,5436421000056572583,Pontotoc City Schools
zcrm_5436421000135194359,5436421000056572584,Pontotoc County Schools
zcrm_5436421000135208941,5436421000056568809,St. Regis Falls Central School District
zcrm_5436421000135229489,5436421000056569910,Silver City Consolidated Schools
zcrm_5436421000135207658,5436421000056569912,Santa Fe Public Schools
zcrm_5436421000135230492,5436421000056569953,Gallup-McKinley County Schools
zcrm_5436421000135204115,5436421000056569957,Farmington Municipal Schools
zcrm_5436421000135232481,5436421000056569962,Dulce Independent Schools
zcrm_5436421000135201456,5436421000056569980,Bernalillo Public Schools
zcrm_5436421000135232153,5436421000056569987,Rio Rancho Public Schools
zcrm_5436421000135221943,5436421000056569996,White Mountain Regional School District
zcrm_5436421000135217658,5436421000056571333,Hellgate Elementary School District
zcrm_5436421000135218174,5436421000056571337,Havre High School District
zcrm_5436421000135200459,5436421000056571338,Havre Elementary School District
zcrm_5436421000135224976,5436421000056571351,Great Falls Elementary School District
zcrm_5436421000135218998,5436421000056571475,Blue Creek Elementary School District
zcrm_5436421000135215664,5436421000056571490,Belgrade Elementary School District
zcrm_5436421000135203593,5436421000056571567,Morgan County R-II School District
zcrm_5436421000135222607,5436421000056571865,Francis Howell R-III School District
zcrm_5436421000135207468,5436421000056571934,Platte County R-III School District
zcrm_5436421000135232161,5436421000056571949,Park Hill School District
zcrm_5436421000135216020,5436421000056571975,North Callaway County R-I School District
zcrm_5436421000135208174,5436421000056572016,Mehlville R-IX School District
zcrm_5436421000135224966,5436421000056572343,Jackson R-II School District
zcrm_5436421000135204982,5436421000056572365,Hickory County R-I School District
zcrm_5436421000135210072,5436421000056572410,Ferguson-Florissant R-II School District
zcrm_5436421000135204636,5436421000056572459,Cole Camp R-I School District
zcrm_5436421000135218462,5436421000056572504,Brentwood School District
zcrm_5436421000135222452,5436421000056572548,Columbia 93 School District
zcrm_5436421000135077319,5436421000056572554,Yazoo City Municipal School District
zcrm_5436421000135194449,5436421000056572556,Western Line School District
zcrm_5436421000135194440,5436421000056572559,Webster County School District
zcrm_5436421000135194783,5436421000056572566,Tunica County School District
zcrm_5436421000135194410,5436421000056572567,Tishomingo County Schools
zcrm_5436421000135077743,5436421000056572582,Poplarville Separate School District
zcrm_5436421000135127242,5436421000056572583,Pontotoc City Schools
zcrm_5436421000135194358,5436421000056572584,Pontotoc County Schools
zcrm_5436421000135201480,5436421000056568809,St. Regis Falls Central School District
zcrm_5436421000135205520,5436421000056569910,Silver City Consolidated Schools
zcrm_5436421000135229459,5436421000056569953,Gallup-McKinley County Schools
zcrm_5436421000135203103,5436421000056569957,Farmington Municipal Schools
zcrm_5436421000135205161,5436421000056569962,Dulce Independent Schools
zcrm_5436421000135232132,5436421000056569987,Rio Rancho Public Schools
zcrm_5436421000135219640,5436421000056569996,White Mountain Regional School District
zcrm_5436421000135216115,5436421000056571333,Hellgate Elementary School District
zcrm_5436421000135216085,5436421000056571337,Havre High School District
zcrm_5436421000135224052,5436421000056571351,Great Falls Elementary School District
zcrm_5436421000135215013,5436421000056571490,Belgrade Elementary School District
zcrm_5436421000135221523,5436421000056571865,Francis Howell R-III School District
zcrm_5436421000135231530,5436421000056571949,Park Hill School District
zcrm_5436421000135215066,5436421000056571975,North Callaway County R-I School District
zcrm_5436421000135208024,5436421000056572016,Mehlville R-IX School District
zcrm_5436421000135222107,5436421000056572343,Jackson R-II School District
zcrm_5436421000135222645,5436421000056572467,Livingston County R-III School District
zcrm_5436421000135216541,5436421000056572504,Brentwood School District
zcrm_5436421000135220439,5436421000056572548,Columbia 93 School District
zcrm_5436421000135077290,5436421000056572554,Yazoo City Municipal School District
zcrm_5436421000135194448,5436421000056572556,Western Line School District
zcrm_5436421000135194439,5436421000056572559,Webster County School District
zcrm_5436421000135194413,5436421000056572566,Tunica County School District
zcrm_5436421000135194409,5436421000056572567,Tishomingo County Schools
zcrm_5436421000135077740,5436421000056572582,Poplarville Separate School District
zcrm_5436421000135077249,5436421000056572583,Pontotoc City Schools
zcrm_5436421000135194357,5436421000056572584,Pontotoc County Schools
zcrm_5436421000135200082,5436421000056568809,St. Regis Falls Central School District
zcrm_5436421000135229026,5436421000056569953,Gallup-McKinley County Schools
zcrm_5436421000135201958,5436421000056569957,Farmington Municipal Schools
zcrm_5436421000135232130,5436421000056569987,Rio Rancho Public Schools
zcrm_5436421000135216008,5436421000056571333,Hellgate Elementary School District
zcrm_5436421000135222442,5436421000056571351,Great Falls Elementary School District
zcrm_5436421000135221479,5436421000056571865,Francis Howell R-III School District
zcrm_5436421000135230067,5436421000056571949,Park Hill School District
zcrm_5436421000135204971,5436421000056571975,North Callaway County R-I School District
zcrm_5436421000135204647,5436421000056572016,Mehlville R-IX School District
zcrm_5436421000135222007,5436421000056572343,Jackson R-II School District
zcrm_5436421000135215015,5436421000056572504,Brentwood School District
zcrm_5436421000135217973,5436421000056572548,Columbia 93 School District
zcrm_5436421000135194447,5436421000056572556,Western Line School District
zcrm_5436421000135127171,5436421000056572559,Webster County School District
zcrm_5436421000135194412,5436421000056572566,Tunica County School District
zcrm_5436421000135127170,5436421000056572567,Tishomingo County Schools
zcrm_5436421000135077250,5436421000056572582,Poplarville Separate School District
zcrm_5436421000135194356,5436421000056572584,Pontotoc County Schools
zcrm_5436421000135225157,5436421000056569953,Gallup-McKinley County Schools
zcrm_5436421000135232093,5436421000056569987,Rio Rancho Public Schools
zcrm_5436421000135201544,5436421000056571333,Hellgate Elementary School District
zcrm_5436421000135219942,5436421000056571351,Great Falls Elementary School District
zcrm_5436421000135210581,5436421000056571865,Francis Howell R-III School District
zcrm_5436421000135227649,5436421000056571949,Park Hill School District
zcrm_5436421000135202055,5436421000056572016,Mehlville R-IX School District
zcrm_5436421000135201988,5436421000056572504,Brentwood School District
zcrm_5436421000135210126,5436421000056572548,Columbia 93 School District
zcrm_5436421000135194446,5436421000056572556,Western Line School District
zcrm_5436421000135077751,5436421000056572559,Webster County School District
zcrm_5436421000135127160,5436421000056572566,Tunica County School District
zcrm_5436421000135077769,5436421000056572567,Tishomingo County Schools
zcrm_5436421000135127181,5436421000056572584,Pontotoc County Schools
zcrm_5436421000135232054,5436421000056569987,Rio Rancho Public Schools
zcrm_5436421000135219668,5436421000056571351,Great Falls Elementary School District
zcrm_5436421000135227600,5436421000056571949,Park Hill School District
zcrm_5436421000135208638,5436421000056572548,Columbia 93 School District
zcrm_5436421000135127182,5436421000056572556,Western Line School District
zcrm_5436421000135077346,5436421000056572566,Tunica County School District
zcrm_5436421000135077748,5436421000056572567,Tishomingo County Schools
zcrm_5436421000135077759,5436421000056572584,Pontotoc County Schools
zcrm_5436421000135232041,5436421000056569987,Rio Rancho Public Schools
zcrm_5436421000135219596,5436421000056571351,Great Falls Elementary School District
zcrm_5436421000135227519,5436421000056571949,Park Hill School District
zcrm_5436421000135077248,5436421000056572556,Western Line School District
zcrm_5436421000135077306,5436421000056572566,Tunica County School District
zcrm_5436421000135077439,5436421000056572584,Pontotoc County Schools
zcrm_5436421000135232003,5436421000056569987,Rio Rancho Public Schools
zcrm_5436421000135218503,5436421000056571351,Great Falls Elementary School District
zcrm_5436421000135226572,5436421000056571949,Park Hill School District
zcrm_5436421000135077359,5436421000056572584,Pontotoc County Schools
zcrm_5436421000135231964,5436421000056569987,Rio Rancho Public Schools
zcrm_5436421000135218096,5436421000056571351,Great Falls Elementary School District
zcrm_5436421000135226497,5436421000056571949,Park Hill School District
zcrm_5436421000135231961,5436421000056569987,Rio Rancho Public Schools
zcrm_5436421000135217523,5436421000056571351,Great Falls Elementary School District
zcrm_5436421000135226488,5436421000056571949,Park Hill School District
zcrm_5436421000135231960,5436421000056569987,Rio Rancho Public Schools
zcrm_5436421000135216478,5436421000056571351,Great Falls Elementary School District
zcrm_5436421000135225531,5436421000056571949,Park Hill School District
zcrm_5436421000135223455,5436421000056572388,Grandview C-4 School District
zcrm_5436421000135231646,5436421000056569987,Rio Rancho Public Schools
zcrm_5436421000135216446,5436421000056571351,Great Falls Elementary School District
zcrm_5436421000135223476,5436421000056571949,Park Hill School District
zcrm_5436421000135231558,5436421000056569987,Rio Rancho Public Schools
zcrm_5436421000135216142,5436421000056571351,Great Falls Elementary School District
zcrm_5436421000135223458,5436421000056571949,Park Hill School District
zcrm_5436421000135231557,5436421000056569987,Rio Rancho Public Schools
zcrm_5436421000135216132,5436421000056571351,Great Falls Elementary School District
zcrm_5436421000135218179,5436421000056571949,Park Hill School District
zcrm_5436421000135231508,5436421000056569987,Rio Rancho Public Schools
zcrm_5436421000135216097,5436421000056571351,Great Falls Elementary School District
zcrm_5436421000135218051,5436421000056571949,Park Hill School District
zcrm_5436421000135231506,5436421000056569987,Rio Rancho Public Schools
zcrm_5436421000135216012,5436421000056571351,Great Falls Elementary School District
zcrm_5436421000135210975,5436421000056571949,Park Hill School District
zcrm_5436421000135231109,5436421000056569987,Rio Rancho Public Schools
zcrm_5436421000135215939,5436421000056571351,Great Falls Elementary School District
zcrm_5436421000135201634,5436421000056571949,Park Hill School District
zcrm_5436421000135231094,5436421000056569987,Rio Rancho Public Schools
zcrm_5436421000135201641,5436421000056571351,Great Falls Elementary School District
zcrm_5436421000135231068,5436421000056569987,Rio Rancho Public Schools
zcrm_5436421000135201499,5436421000056571351,Great Falls Elementary School District
zcrm_5436421000135231066,5436421000056569987,Rio Rancho Public Schools
zcrm_5436421000135200959,5436421000056571351,Great Falls Elementary School District
zcrm_5436421000135230521,5436421000056569987,Rio Rancho Public Schools
zcrm_5436421000135230518,5436421000056569987,Rio Rancho Public Schools
zcrm_5436421000135230460,5436421000056569987,Rio Rancho Public Schools
zcrm_5436421000135230177,5436421000056569987,Rio Rancho Public Schools
zcrm_5436421000135230078,5436421000056569987,Rio Rancho Public Schools
zcrm_5436421000135230054,5436421000056569987,Rio Rancho Public Schools
zcrm_5436421000135229982,5436421000056569987,Rio Rancho Public Schools
zcrm_5436421000135229678,5436421000056569987,Rio Rancho Public Schools
zcrm_5436421000135229619,5436421000056569987,Rio Rancho Public Schools
zcrm_5436421000135229594,5436421000056569987,Rio Rancho Public Schools
zcrm_5436421000135229158,5436421000056569987,Rio Rancho Public Schools
zcrm_5436421000135229145,5436421000056569987,Rio Rancho Public Schools
zcrm_5436421000135229012,5436421000056569987,Rio Rancho Public Schools
zcrm_5436421000135229005,5436421000056569987,Rio Rancho Public Schools
zcrm_5436421000135229003,5436421000056569987,Rio Rancho Public Schools
zcrm_5436421000135229000,5436421000056569987,Rio Rancho Public Schools
zcrm_5436421000135228998,5436421000056569987,Rio Rancho Public Schools
zcrm_5436421000135228995,5436421000056569987,Rio Rancho Public Schools
zcrm_5436421000135228992,5436421000056569987,Rio Rancho Public Schools
zcrm_5436421000135228991,5436421000056569987,Rio Rancho Public Schools
zcrm_5436421000135228971,5436421000056569987,Rio Rancho Public Schools
zcrm_5436421000135228970,5436421000056569987,Rio Rancho Public Schools
zcrm_5436421000135228969,5436421000056569987,Rio Rancho Public Schools
zcrm_5436421000135228967,5436421000056569987,Rio Rancho Public Schools
zcrm_5436421000135228960,5436421000056569987,Rio Rancho Public Schools
zcrm_5436421000135228953,5436421000056569987,Rio Rancho Public Schools
zcrm_5436421000135228948,5436421000056569987,Rio Rancho Public Schools
zcrm_5436421000135228680,5436421000056569987,Rio Rancho Public Schools
zcrm_5436421000135228671,5436421000056569987,Rio Rancho Public Schools
zcrm_5436421000135228667,5436421000056569987,Rio Rancho Public Schools
zcrm_5436421000135228666,5436421000056569987,Rio Rancho Public Schools
zcrm_5436421000135228665,5436421000056569987,Rio Rancho Public Schools
zcrm_5436421000135228655,5436421000056569987,Rio Rancho Public Schools
zcrm_5436421000135228653,5436421000056569987,Rio Rancho Public Schools
zcrm_5436421000135228650,5436421000056569987,Rio Rancho Public Schools
zcrm_5436421000135228648,5436421000056569987,Rio Rancho Public Schools
zcrm_5436421000135228647,5436421000056569987,Rio Rancho Public Schools
zcrm_5436421000135228645,5436421000056569987,Rio Rancho Public Schools
zcrm_5436421000135228641,5436421000056569987,Rio Rancho Public Schools
zcrm_5436421000135228175,5436421000056569987,Rio Rancho Public Schools
zcrm_5436421000135225618,5436421000056569987,Rio Rancho Public Schools
zcrm_5436421000135225485,5436421000056569987,Rio Rancho Public Schools
zcrm_5436421000135224146,5436421000056569987,Rio Rancho Public Schools
zcrm_5436421000135224041,5436421000056569987,Rio Rancho Public Schools
zcrm_5436421000135224009,5436421000056569987,Rio Rancho Public Schools
zcrm_5436421000135223666,5436421000056569987,Rio Rancho Public Schools
zcrm_5436421000135223560,5436421000056569987,Rio Rancho Public Schools
zcrm_5436421000135222120,5436421000056569987,Rio Rancho Public Schools
zcrm_5436421000135222086,5436421000056569987,Rio Rancho Public Schools
zcrm_5436421000135222003,5436421000056569987,Rio Rancho Public Schools
zcrm_5436421000135221127,5436421000056569987,Rio Rancho Public Schools
zcrm_5436421000135221026,5436421000056569987,Rio Rancho Public Schools
zcrm_5436421000135220955,5436421000056569987,Rio Rancho Public Schools
zcrm_5436421000135220000,5436421000056569987,Rio Rancho Public Schools
zcrm_5436421000135219992,5436421000056569987,Rio Rancho Public Schools
zcrm_5436421000135219991,5436421000056569987,Rio Rancho Public Schools
zcrm_5436421000135219676,5436421000056569987,Rio Rancho Public Schools
zcrm_5436421000135219664,5436421000056569987,Rio Rancho Public Schools
zcrm_5436421000135219619,5436421000056569987,Rio Rancho Public Schools
zcrm_5436421000135219582,5436421000056569987,Rio Rancho Public Schools
zcrm_5436421000135219502,5436421000056569987,Rio Rancho Public Schools
zcrm_5436421000135219498,5436421000056569987,Rio Rancho Public Schools
zcrm_5436421000135219181,5436421000056569987,Rio Rancho Public Schools
zcrm_5436421000135219180,5436421000056569987,Rio Rancho Public Schools
zcrm_5436421000135218658,5436421000056569987,Rio Rancho Public Schools
zcrm_5436421000135218634,5436421000056569987,Rio Rancho Public Schools
zcrm_5436421000135218632,5436421000056569987,Rio Rancho Public Schools
zcrm_5436421000135218544,5436421000056569987,Rio Rancho Public Schools
zcrm_5436421000135218515,5436421000056569987,Rio Rancho Public Schools
zcrm_5436421000135218171,5436421000056569987,Rio Rancho Public Schools
zcrm_5436421000135218101,5436421000056569987,Rio Rancho Public Schools
zcrm_5436421000135218037,5436421000056569987,Rio Rancho Public Schools
zcrm_5436421000135218031,5436421000056569987,Rio Rancho Public Schools
zcrm_5436421000135218022,5436421000056569987,Rio Rancho Public Schools
zcrm_5436421000135217966,5436421000056569987,Rio Rancho Public Schools
zcrm_5436421000135217649,5436421000056569987,Rio Rancho Public Schools
zcrm_5436421000135217471,5436421000056569987,Rio Rancho Public Schools
zcrm_5436421000135217464,5436421000056569987,Rio Rancho Public Schools
zcrm_5436421000135217461,5436421000056569987,Rio Rancho Public Schools
zcrm_5436421000135217156,5436421000056569987,Rio Rancho Public Schools
zcrm_5436421000135217150,5436421000056569987,Rio Rancho Public Schools
zcrm_5436421000135217090,5436421000056569987,Rio Rancho Public Schools
zcrm_5436421000135217088,5436421000056569987,Rio Rancho Public Schools
zcrm_5436421000135217074,5436421000056569987,Rio Rancho Public Schools
zcrm_5436421000135217027,5436421000056569987,Rio Rancho Public Schools
zcrm_5436421000135217016,5436421000056569987,Rio Rancho Public Schools
zcrm_5436421000135217012,5436421000056569987,Rio Rancho Public Schools
zcrm_5436421000135217007,5436421000056569987,Rio Rancho Public Schools
zcrm_5436421000135216666,5436421000056569987,Rio Rancho Public Schools
zcrm_5436421000135216614,5436421000056569987,Rio Rancho Public Schools
zcrm_5436421000135216606,5436421000056569987,Rio Rancho Public Schools
zcrm_5436421000135216559,5436421000056569987,Rio Rancho Public Schools
zcrm_5436421000135216517,5436421000056569987,Rio Rancho Public Schools
zcrm_5436421000135216168,5436421000056569987,Rio Rancho Public Schools
zcrm_5436421000135216136,5436421000056569987,Rio Rancho Public Schools
zcrm_5436421000135216052,5436421000056569987,Rio Rancho Public Schools
zcrm_5436421000135216044,5436421000056569987,Rio Rancho Public Schools
zcrm_5436421000135215686,5436421000056569987,Rio Rancho Public Schools
zcrm_5436421000135215682,5436421000056569987,Rio Rancho Public Schools
zcrm_5436421000135215681,5436421000056569987,Rio Rancho Public Schools
zcrm_5436421000135215650,5436421000056569987,Rio Rancho Public Schools
zcrm_5436421000135215640,5436421000056569987,Rio Rancho Public Schools
zcrm_5436421000135215095,5436421000056569987,Rio Rancho Public Schools
zcrm_5436421000135215094,5436421000056569987,Rio Rancho Public Schools
zcrm_5436421000135210055,5436421000056569987,Rio Rancho Public Schools
zcrm_5436421000135208957,5436421000056569987,Rio Rancho Public Schools
zcrm_5436421000135208662,5436421000056569987,Rio Rancho Public Schools
zcrm_5436421000135208583,5436421000056569987,Rio Rancho Public Schools
zcrm_5436421000135208531,5436421000056569987,Rio Rancho Public Schools
zcrm_5436421000135208527,5436421000056569987,Rio Rancho Public Schools
zcrm_5436421000135208474,5436421000056569987,Rio Rancho Public Schools
zcrm_5436421000135208440,5436421000056569987,Rio Rancho Public Schools
zcrm_5436421000135208069,5436421000056569987,Rio Rancho Public Schools
zcrm_5436421000135207090,5436421000056569987,Rio Rancho Public Schools
zcrm_5436421000135207049,5436421000056569987,Rio Rancho Public Schools
zcrm_5436421000135207036,5436421000056569987,Rio Rancho Public Schools
zcrm_5436421000135206982,5436421000056569987,Rio Rancho Public Schools
zcrm_5436421000135206658,5436421000056569987,Rio Rancho Public Schools
zcrm_5436421000135206446,5436421000056569987,Rio Rancho Public Schools
zcrm_5436421000135206440,5436421000056569987,Rio Rancho Public Schools
zcrm_5436421000135206079,5436421000056569987,Rio Rancho Public Schools
zcrm_5436421000135206027,5436421000056569987,Rio Rancho Public Schools
zcrm_5436421000135205460,5436421000056569987,Rio Rancho Public Schools
zcrm_5436421000135205158,5436421000056569987,Rio Rancho Public Schools
zcrm_5436421000135205050,5436421000056569987,Rio Rancho Public Schools
zcrm_5436421000135205038,5436421000056569987,Rio Rancho Public Schools
zcrm_5436421000135204668,5436421000056569987,Rio Rancho Public Schools
zcrm_5436421000135204666,5436421000056569987,Rio Rancho Public Schools
zcrm_5436421000135204645,5436421000056569987,Rio Rancho Public Schools
zcrm_5436421000135204571,5436421000056569987,Rio Rancho Public Schools
zcrm_5436421000135204493,5436421000056569987,Rio Rancho Public Schools
zcrm_5436421000135204460,5436421000056569987,Rio Rancho Public Schools
zcrm_5436421000135203060,5436421000056569987,Rio Rancho Public Schools
zcrm_5436421000135203043,5436421000056569987,Rio Rancho Public Schools
zcrm_5436421000135202679,5436421000056569987,Rio Rancho Public Schools
zcrm_5436421000135202677,5436421000056569987,Rio Rancho Public Schools
zcrm_5436421000135202674,5436421000056569987,Rio Rancho Public Schools
zcrm_5436421000135202672,5436421000056569987,Rio Rancho Public Schools
zcrm_5436421000135202525,5436421000056569987,Rio Rancho Public Schools
zcrm_5436421000135202520,5436421000056569987,Rio Rancho Public Schools
zcrm_5436421000135202115,5436421000056569987,Rio Rancho Public Schools
zcrm_5436421000135202020,5436421000056569987,Rio Rancho Public Schools
zcrm_5436421000135077304,5436421000056572847,Pearl Public School District
zcrm_5436421000135077302,5436421000056572852,North Pike School District
zcrm_5436421000135194287,5436421000056572869,Lee County School District
zcrm_5436421000135077750,5436421000056572875,Lafayette County School District
zcrm_5436421000135077953,5436421000056572881,Itawamba County School District
zcrm_5436421000135077386,5436421000056572887,Hattiesburg Public School District
zcrm_5436421000135210110,5436421000056572896,Forrest County Schools
zcrm_5436421000135077741,5436421000056572911,Claiborne County School District
zcrm_5436421000135077845,5436421000056572912,Choctaw County School District
zcrm_5436421000135077226,5436421000056572923,Attala County School District
zcrm_5436421000135077791,5436421000056572931,Holmes County Consolidated School District
zcrm_5436421000135232065,5436421000056572971,South Washington County School District
zcrm_5436421000135218681,5436421000056573430,Brooklyn Center School District
zcrm_5436421000135211162,5436421000056574562,Waltham School District
zcrm_5436421000135200942,5436421000056574607,Revere School District
zcrm_5436421000135218446,5436421000056575046,Auburn School District
zcrm_5436421000135207961,5436421000056575072,St. Marys County Public Schools
zcrm_5436421000135200451,5436421000056575381,Regional School Unit 18
zcrm_5436421000135229444,5436421000056575601,West Baton Rouge Parish School District
zcrm_5436421000135211439,5436421000056575604,Vermilion Parish School District
zcrm_5436421000135226994,5436421000056575610,St. Landry Parish School District
zcrm_5436421000135207606,5436421000056575619,Orleans Parish School District
zcrm_5436421000135221621,5436421000056575620,Natchitoches Parish School District
zcrm_5436421000135206063,5436421000056575626,Jefferson Parish School District
zcrm_5436421000135205055,5436421000056575897,Calcasieu Parish School District
zcrm_5436421000135200962,5436421000056575898,Caddo Parish School District
zcrm_5436421000135229438,5436421000056575899,Bossier Parish School District
zcrm_5436421000135211004,5436421000056575911,Woodford County School District
zcrm_5436421000135215941,5436421000056575913,Williamstown Independent School District
zcrm_5436421000135213000,5436421000056575919,Warren County School District
zcrm_5436421000135210963,5436421000056575921,Union County School District
zcrm_5436421000135200968,5436421000056575924,Todd County School District
zcrm_5436421000135215446,5436421000056575929,Simpson County School District
zcrm_5436421000135221493,5436421000056575930,Shelby County School District
zcrm_5436421000135227144,5436421000056575951,Oldham County School District
zcrm_5436421000135208945,5436421000056575967,McCracken County School District
zcrm_5436421000135224612,5436421000056575974,Madison County School District
zcrm_5436421000135217469,5436421000056575977,Logan County School District
zcrm_5436421000135215445,5436421000056575989,Johnson County School District
zcrm_5436421000135204949,5436421000056575996,Hickman County School District
zcrm_5436421000135205162,5436421000056575997,Henry County School District
zcrm_5436421000135221164,5436421000056575998,Henderson County School District
zcrm_5436421000135212629,5436421000056576010,Grant County School District
zcrm_5436421000135225502,5436421000056576017,Franklin County School District
zcrm_5436421000135232624,5436421000056576021,Fayette County School District
zcrm_5436421000135208502,5436421000056576023,Estill County School District
zcrm_5436421000135229608,5436421000056576032,Daviess County School District
zcrm_5436421000135235113,5436421000056576040,Clay County School District
zcrm_5436421000135214960,5436421000056576048,Campbellsville Independent School District
zcrm_5436421000135213129,5436421000056576058,Boyd County School District
zcrm_5436421000135217183,5436421000056576467,Iola Unified School District 257
zcrm_5436421000135194286,5436421000056572869,Lee County School District
zcrm_5436421000135077384,5436421000056572887,Hattiesburg Public School District
zcrm_5436421000135194727,5436421000056572896,Forrest County Schools
zcrm_5436421000135077325,5436421000056572912,Choctaw County School District
zcrm_5436421000135077352,5436421000056572931,Holmes County Consolidated School District
zcrm_5436421000135232030,5436421000056572971,South Washington County School District
zcrm_5436421000135202681,5436421000056574562,Waltham School District
zcrm_5436421000135200631,5436421000056574607,Revere School District
zcrm_5436421000135216180,5436421000056575046,Auburn School District
zcrm_5436421000135207960,5436421000056575072,St. Marys County Public Schools
zcrm_5436421000135228122,5436421000056575601,West Baton Rouge Parish School District
zcrm_5436421000135211181,5436421000056575604,Vermilion Parish School District
zcrm_5436421000135207588,5436421000056575619,Orleans Parish School District
zcrm_5436421000135220508,5436421000056575620,Natchitoches Parish School District
zcrm_5436421000135205027,5436421000056575626,Jefferson Parish School District
zcrm_5436421000135204639,5436421000056575897,Calcasieu Parish School District
zcrm_5436421000135228120,5436421000056575899,Bossier Parish School District
zcrm_5436421000135200668,5436421000056575911,Woodford County School District
zcrm_5436421000135212615,5436421000056575913,Williamstown Independent School District
zcrm_5436421000135206453,5436421000056575919,Warren County School District
zcrm_5436421000135200485,5436421000056575924,Todd County School District
zcrm_5436421000135226527,5436421000056575951,Oldham County School District
zcrm_5436421000135224035,5436421000056575974,Madison County School District
zcrm_5436421000135216939,5436421000056575977,Logan County School District
zcrm_5436421000135227108,5436421000056575993,Jackson County School District
zcrm_5436421000135221104,5436421000056575998,Henderson County School District
zcrm_5436421000135225442,5436421000056576017,Franklin County School District
zcrm_5436421000135232597,5436421000056576021,Fayette County School District
zcrm_5436421000135229606,5436421000056576032,Daviess County School District
zcrm_5436421000135234950,5436421000056576040,Clay County School District
zcrm_5436421000135214587,5436421000056576048,Campbellsville Independent School District
zcrm_5436421000135208501,5436421000056576058,Boyd County School District
zcrm_5436421000135209043,5436421000056576467,Iola Unified School District 257
zcrm_5436421000135194285,5436421000056572869,Lee County School District
zcrm_5436421000135077374,5436421000056572887,Hattiesburg Public School District
zcrm_5436421000135127290,5436421000056572896,Forrest County Schools
zcrm_5436421000135077225,5436421000056572912,Choctaw County School District
zcrm_5436421000135077347,5436421000056572931,Holmes County Consolidated School District
zcrm_5436421000135231986,5436421000056572971,South Washington County School District
zcrm_5436421000135200044,5436421000056574607,Revere School District
zcrm_5436421000135215661,5436421000056575046,Auburn School District
zcrm_5436421000135207952,5436421000056575072,St. Marys County Public Schools
zcrm_5436421000135226566,5436421000056575601,West Baton Rouge Parish School District
zcrm_5436421000135211172,5436421000056575604,Vermilion Parish School District
zcrm_5436421000135207171,5436421000056575619,Orleans Parish School District
zcrm_5436421000135202633,5436421000056575626,Jefferson Parish School District
zcrm_5436421000135226461,5436421000056575899,Bossier Parish School District
zcrm_5436421000135200598,5436421000056575911,Woodford County School District
zcrm_5436421000135203076,5436421000056575913,Williamstown Independent School District
zcrm_5436421000135206074,5436421000056575919,Warren County School District
zcrm_5436421000135200119,5436421000056575924,Todd County School District
zcrm_5436421000135225949,5436421000056575951,Oldham County School District
zcrm_5436421000135223124,5436421000056575974,Madison County School District
zcrm_5436421000135216607,5436421000056575977,Logan County School District
zcrm_5436421000135216062,5436421000056575993,Jackson County School District
zcrm_5436421000135213053,5436421000056575998,Henderson County School District
zcrm_5436421000135221623,5436421000056576017,Franklin County School District
zcrm_5436421000135232580,5436421000056576021,Fayette County School District
zcrm_5436421000135227165,5436421000056576032,Daviess County School District
zcrm_5436421000135234948,5436421000056576040,Clay County School District
zcrm_5436421000135212942,5436421000056576048,Campbellsville Independent School District
zcrm_5436421000135206623,5436421000056576058,Boyd County School District
zcrm_5436421000135226988,5436421000056576066,Barren County School District
zcrm_5436421000135194284,5436421000056572869,Lee County School District
zcrm_5436421000135077367,5436421000056572887,Hattiesburg Public School District
zcrm_5436421000135077913,5436421000056572896,Forrest County Schools
zcrm_5436421000135077222,5436421000056572931,Holmes County Consolidated School District
zcrm_5436421000135231948,5436421000056572971,South Washington County School District
zcrm_5436421000135214600,5436421000056575046,Auburn School District
zcrm_5436421000135207948,5436421000056575072,St. Marys County Public Schools
zcrm_5436421000135226996,5436421000056575456,School Administrative District 29
zcrm_5436421000135212442,5436421000056575601,West Baton Rouge Parish School District
zcrm_5436421000135211168,5436421000056575604,Vermilion Parish School District
zcrm_5436421000135207168,5436421000056575619,Orleans Parish School District
zcrm_5436421000135225681,5436421000056575899,Bossier Parish School District
zcrm_5436421000135225499,5436421000056575951,Oldham County School District
zcrm_5436421000135222033,5436421000056575974,Madison County School District
zcrm_5436421000135216491,5436421000056575977,Logan County School District
zcrm_5436421000135213594,5436421000056576017,Franklin County School District
zcrm_5436421000135232561,5436421000056576021,Fayette County School District
zcrm_5436421000135227157,5436421000056576032,Daviess County School District
zcrm_5436421000135205046,5436421000056576058,Boyd County School District
zcrm_5436421000135223078,5436421000056576066,Barren County School District
zcrm_5436421000135194283,5436421000056572869,Lee County School District
zcrm_5436421000135077912,5436421000056572896,Forrest County Schools
zcrm_5436421000135231663,5436421000056572971,South Washington County School District
zcrm_5436421000135231949,5436421000056573511,United South Central School District
zcrm_5436421000135213064,5436421000056575046,Auburn School District
zcrm_5436421000135207947,5436421000056575072,St. Marys County Public Schools
zcrm_5436421000135215536,5436421000056575456,School Administrative District 29
zcrm_5436421000135211161,5436421000056575604,Vermilion Parish School District
zcrm_5436421000135225554,5436421000056575899,Bossier Parish School District
zcrm_5436421000135225443,5436421000056575951,Oldham County School District
zcrm_5436421000135212652,5436421000056575966,McCreary County School District
zcrm_5436421000135221677,5436421000056575974,Madison County School District
zcrm_5436421000135215627,5436421000056575977,Logan County School District
zcrm_5436421000135232508,5436421000056576021,Fayette County School District
zcrm_5436421000135225628,5436421000056576032,Daviess County School District
zcrm_5436421000135203092,5436421000056576058,Boyd County School District
zcrm_5436421000135223043,5436421000056576066,Barren County School District
zcrm_5436421000135194282,5436421000056572869,Lee County School District
zcrm_5436421000135077911,5436421000056572896,Forrest County Schools
zcrm_5436421000135231594,5436421000056572971,South Washington County School District
zcrm_5436421000135218475,5436421000056573511,United South Central School District
zcrm_5436421000135207576,5436421000056575072,St. Marys County Public Schools
zcrm_5436421000135202533,5436421000056575604,Vermilion Parish School District
zcrm_5436421000135225050,5436421000056575899,Bossier Parish School District
zcrm_5436421000135224596,5436421000056575951,Oldham County School District
zcrm_5436421000135212630,5436421000056575966,McCreary County School District
zcrm_5436421000135221145,5436421000056575974,Madison County School District
zcrm_5436421000135215114,5436421000056575977,Logan County School District
zcrm_5436421000135232502,5436421000056576021,Fayette County School District
zcrm_5436421000135224606,5436421000056576032,Daviess County School District
zcrm_5436421000135202491,5436421000056576058,Boyd County School District
zcrm_5436421000135223039,5436421000056576066,Barren County School District
zcrm_5436421000135194281,5436421000056572869,Lee County School District
zcrm_5436421000135077910,5436421000056572896,Forrest County Schools
zcrm_5436421000135231569,5436421000056572971,South Washington County School District
zcrm_5436421000135208157,5436421000056573511,United South Central School District
zcrm_5436421000135207519,5436421000056575072,St. Marys County Public Schools
zcrm_5436421000135224610,5436421000056575899,Bossier Parish School District
zcrm_5436421000135224162,5436421000056575951,Oldham County School District
zcrm_5436421000135213607,5436421000056575974,Madison County School District
zcrm_5436421000135213486,5436421000056575977,Logan County School District
zcrm_5436421000135232474,5436421000056576021,Fayette County School District
zcrm_5436421000135224507,5436421000056576032,Daviess County School District
zcrm_5436421000135223009,5436421000056576066,Barren County School District
zcrm_5436421000135194280,5436421000056572869,Lee County School District
zcrm_5436421000135231564,5436421000056572971,South Washington County School District
zcrm_5436421000135207461,5436421000056575072,St. Marys County Public Schools
zcrm_5436421000135223576,5436421000056575899,Bossier Parish School District
zcrm_5436421000135223577,5436421000056575951,Oldham County School District
zcrm_5436421000135212613,5436421000056575974,Madison County School District
zcrm_5436421000135232119,5436421000056576021,Fayette County School District
zcrm_5436421000135223945,5436421000056576032,Daviess County School District
zcrm_5436421000135215168,5436421000056576066,Barren County School District
zcrm_5436421000135194279,5436421000056572869,Lee County School District
zcrm_5436421000135231485,5436421000056572971,South Washington County School District
zcrm_5436421000135207444,5436421000056575072,St. Marys County Public Schools
zcrm_5436421000135223467,5436421000056575899,Bossier Parish School District
zcrm_5436421000135223151,5436421000056575951,Oldham County School District
zcrm_5436421000135211476,5436421000056575974,Madison County School District
zcrm_5436421000135232052,5436421000056576021,Fayette County School District
zcrm_5436421000135223563,5436421000056576032,Daviess County School District
zcrm_5436421000135215167,5436421000056576066,Barren County School District
zcrm_5436421000135194278,5436421000056572869,Lee County School District
zcrm_5436421000135231055,5436421000056572971,South Washington County School District
zcrm_5436421000135207439,5436421000056575072,St. Marys County Public Schools
zcrm_5436421000135221573,5436421000056575899,Bossier Parish School District
zcrm_5436421000135222608,5436421000056575951,Oldham County School District
zcrm_5436421000135211475,5436421000056575974,Madison County School District
zcrm_5436421000135231687,5436421000056576021,Fayette County School District
zcrm_5436421000135223168,5436421000056576032,Daviess County School District
zcrm_5436421000135194277,5436421000056572869,Lee County School District
zcrm_5436421000135230497,5436421000056572971,South Washington County School District
zcrm_5436421000135203661,5436421000056575072,St. Marys County Public Schools
zcrm_5436421000135221124,5436421000056575899,Bossier Parish School District
zcrm_5436421000135222025,5436421000056575951,Oldham County School District
zcrm_5436421000135231637,5436421000056576021,Fayette County School District
zcrm_5436421000135223139,5436421000056576032,Daviess County School District
zcrm_5436421000135077755,5436421000056572869,Lee County School District
zcrm_5436421000135230494,5436421000056572971,South Washington County School District
zcrm_5436421000135203639,5436421000056575072,St. Marys County Public Schools
zcrm_5436421000135212165,5436421000056575899,Bossier Parish School District
zcrm_5436421000135222016,5436421000056575951,Oldham County School District
zcrm_5436421000135231616,5436421000056576021,Fayette County School District
zcrm_5436421000135208530,5436421000056576032,Daviess County School District
zcrm_5436421000135077299,5436421000056572869,Lee County School District
zcrm_5436421000135230110,5436421000056572971,South Washington County School District
zcrm_5436421000135203578,5436421000056575072,St. Marys County Public Schools
zcrm_5436421000135209017,5436421000056575899,Bossier Parish School District
zcrm_5436421000135221102,5436421000056575951,Oldham County School District
zcrm_5436421000135231532,5436421000056576021,Fayette County School District
zcrm_5436421000135206656,5436421000056576032,Daviess County School District
zcrm_5436421000135230075,5436421000056572971,South Washington County School District
zcrm_5436421000135203563,5436421000056575072,St. Marys County Public Schools
zcrm_5436421000135205051,5436421000056575899,Bossier Parish School District
zcrm_5436421000135220646,5436421000056575951,Oldham County School District
zcrm_5436421000135231531,5436421000056576021,Fayette County School District
zcrm_5436421000135202992,5436421000056576032,Daviess County School District
zcrm_5436421000135229971,5436421000056572971,South Washington County School District
zcrm_5436421000135203562,5436421000056575072,St. Marys County Public Schools
zcrm_5436421000135202616,5436421000056575899,Bossier Parish School District
zcrm_5436421000135213162,5436421000056575951,Oldham County School District
zcrm_5436421000135231510,5436421000056576021,Fayette County School District
zcrm_5436421000135202946,5436421000056576032,Daviess County School District
zcrm_5436421000135229960,5436421000056572971,South Washington County School District
zcrm_5436421000135203560,5436421000056575072,St. Marys County Public Schools
zcrm_5436421000135200664,5436421000056575899,Bossier Parish School District
zcrm_5436421000135231507,5436421000056576021,Fayette County School District
zcrm_5436421000135229683,5436421000056572971,South Washington County School District
zcrm_5436421000135203559,5436421000056575072,St. Marys County Public Schools
zcrm_5436421000135200487,5436421000056575899,Bossier Parish School District
zcrm_5436421000135231489,5436421000056576021,Fayette County School District
zcrm_5436421000135229655,5436421000056572971,South Washington County School District
zcrm_5436421000135203558,5436421000056575072,St. Marys County Public Schools
zcrm_5436421000135231146,5436421000056576021,Fayette County School District
zcrm_5436421000135229636,5436421000056572971,South Washington County School District
zcrm_5436421000135203555,5436421000056575072,St. Marys County Public Schools
zcrm_5436421000135231117,5436421000056576021,Fayette County School District
zcrm_5436421000135229587,5436421000056572971,South Washington County School District
zcrm_5436421000135203554,5436421000056575072,St. Marys County Public Schools
zcrm_5436421000135231108,5436421000056576021,Fayette County School District
zcrm_5436421000135229166,5436421000056572971,South Washington County School District
zcrm_5436421000135203553,5436421000056575072,St. Marys County Public Schools
zcrm_5436421000135231065,5436421000056576021,Fayette County School District
zcrm_5436421000135229115,5436421000056572971,South Washington County School District
zcrm_5436421000135203551,5436421000056575072,St. Marys County Public Schools
zcrm_5436421000135230530,5436421000056576021,Fayette County School District
zcrm_5436421000135229048,5436421000056572971,South Washington County School District
zcrm_5436421000135203550,5436421000056575072,St. Marys County Public Schools
zcrm_5436421000135230519,5436421000056576021,Fayette County School District
zcrm_5436421000135229037,5436421000056572971,South Washington County School District
zcrm_5436421000135203548,5436421000056575072,St. Marys County Public Schools
zcrm_5436421000135230461,5436421000056576021,Fayette County School District
zcrm_5436421000135228017,5436421000056572971,South Washington County School District
zcrm_5436421000135203547,5436421000056575072,St. Marys County Public Schools
zcrm_5436421000135230163,5436421000056576021,Fayette County School District
zcrm_5436421000135227991,5436421000056572971,South Washington County School District
zcrm_5436421000135203542,5436421000056575072,St. Marys County Public Schools
zcrm_5436421000135230149,5436421000056576021,Fayette County School District
zcrm_5436421000135227623,5436421000056572971,South Washington County School District
zcrm_5436421000135203536,5436421000056575072,St. Marys County Public Schools
zcrm_5436421000135230033,5436421000056576021,Fayette County School District
zcrm_5436421000135227565,5436421000056572971,South Washington County School District
zcrm_5436421000135203532,5436421000056575072,St. Marys County Public Schools
zcrm_5436421000135230012,5436421000056576021,Fayette County School District
zcrm_5436421000135227473,5436421000056572971,South Washington County School District
zcrm_5436421000135203529,5436421000056575072,St. Marys County Public Schools
zcrm_5436421000135230011,5436421000056576021,Fayette County School District
zcrm_5436421000135227117,5436421000056572971,South Washington County School District
zcrm_5436421000135203524,5436421000056575072,St. Marys County Public Schools
zcrm_5436421000135229676,5436421000056576021,Fayette County School District
zcrm_5436421000135226591,5436421000056572971,South Washington County School District
zcrm_5436421000135203523,5436421000056575072,St. Marys County Public Schools
zcrm_5436421000135229669,5436421000056576021,Fayette County School District
zcrm_5436421000135226487,5436421000056572971,South Washington County School District
zcrm_5436421000135203512,5436421000056575072,St. Marys County Public Schools
zcrm_5436421000135229661,5436421000056576021,Fayette County School District
zcrm_5436421000135226475,5436421000056572971,South Washington County School District
zcrm_5436421000135203507,5436421000056575072,St. Marys County Public Schools
zcrm_5436421000135229526,5436421000056576021,Fayette County School District
zcrm_5436421000135226172,5436421000056572971,South Washington County School District
zcrm_5436421000135203503,5436421000056575072,St. Marys County Public Schools
zcrm_5436421000135229454,5436421000056576021,Fayette County School District
zcrm_5436421000135226164,5436421000056572971,South Washington County School District
zcrm_5436421000135203502,5436421000056575072,St. Marys County Public Schools
zcrm_5436421000135229187,5436421000056576021,Fayette County School District
zcrm_5436421000135226038,5436421000056572971,South Washington County School District
zcrm_5436421000135203501,5436421000056575072,St. Marys County Public Schools
zcrm_5436421000135229132,5436421000056576021,Fayette County School District
zcrm_5436421000135225991,5436421000056572971,South Washington County School District
zcrm_5436421000135203493,5436421000056575072,St. Marys County Public Schools
zcrm_5436421000135229098,5436421000056576021,Fayette County School District
zcrm_5436421000135225970,5436421000056572971,South Washington County School District
zcrm_5436421000135203490,5436421000056575072,St. Marys County Public Schools
zcrm_5436421000135229079,5436421000056576021,Fayette County School District
zcrm_5436421000135225586,5436421000056572971,South Washington County School District
zcrm_5436421000135203489,5436421000056575072,St. Marys County Public Schools
zcrm_5436421000135220051,5436421000056576021,Fayette County School District
zcrm_5436421000135225121,5436421000056572971,South Washington County School District
zcrm_5436421000135203484,5436421000056575072,St. Marys County Public Schools
zcrm_5436421000135213547,5436421000056576021,Fayette County School District
zcrm_5436421000135225006,5436421000056572971,South Washington County School District
zcrm_5436421000135203476,5436421000056575072,St. Marys County Public Schools
zcrm_5436421000135212070,5436421000056576021,Fayette County School District
zcrm_5436421000135224964,5436421000056572971,South Washington County School District
zcrm_5436421000135203475,5436421000056575072,St. Marys County Public Schools
zcrm_5436421000135212048,5436421000056576021,Fayette County School District
zcrm_5436421000135224645,5436421000056572971,South Washington County School District
zcrm_5436421000135203474,5436421000056575072,St. Marys County Public Schools
zcrm_5436421000135212038,5436421000056576021,Fayette County School District
zcrm_5436421000135224637,5436421000056572971,South Washington County School District
zcrm_5436421000135203472,5436421000056575072,St. Marys County Public Schools
zcrm_5436421000135212016,5436421000056576021,Fayette County School District
zcrm_5436421000135224629,5436421000056572971,South Washington County School District
zcrm_5436421000135203468,5436421000056575072,St. Marys County Public Schools
zcrm_5436421000135210982,5436421000056576021,Fayette County School District
zcrm_5436421000135224502,5436421000056572971,South Washington County School District
zcrm_5436421000135203458,5436421000056575072,St. Marys County Public Schools
zcrm_5436421000135210187,5436421000056576021,Fayette County School District
zcrm_5436421000135224115,5436421000056572971,South Washington County School District
zcrm_5436421000135203457,5436421000056575072,St. Marys County Public Schools
zcrm_5436421000135209077,5436421000056576021,Fayette County School District
zcrm_5436421000135224093,5436421000056572971,South Washington County School District
zcrm_5436421000135203453,5436421000056575072,St. Marys County Public Schools
zcrm_5436421000135208676,5436421000056576021,Fayette County School District
zcrm_5436421000135223987,5436421000056572971,South Washington County School District
zcrm_5436421000135203450,5436421000056575072,St. Marys County Public Schools
zcrm_5436421000135208532,5436421000056576021,Fayette County School District
zcrm_5436421000135223603,5436421000056572971,South Washington County School District
zcrm_5436421000135203444,5436421000056575072,St. Marys County Public Schools
zcrm_5436421000135208182,5436421000056576021,Fayette County School District
zcrm_5436421000135223570,5436421000056572971,South Washington County School District
zcrm_5436421000135203442,5436421000056575072,St. Marys County Public Schools
zcrm_5436421000135208088,5436421000056576021,Fayette County School District
zcrm_5436421000135223513,5436421000056572971,South Washington County School District
zcrm_5436421000135203441,5436421000056575072,St. Marys County Public Schools
zcrm_5436421000135208065,5436421000056576021,Fayette County School District
zcrm_5436421000135222621,5436421000056572971,South Washington County School District
zcrm_5436421000135203438,5436421000056575072,St. Marys County Public Schools
zcrm_5436421000135208052,5436421000056576021,Fayette County School District
zcrm_5436421000135222592,5436421000056572971,South Washington County School District
zcrm_5436421000135203185,5436421000056575072,St. Marys County Public Schools
zcrm_5436421000135207986,5436421000056576021,Fayette County School District
zcrm_5436421000135222566,5436421000056572971,South Washington County School District
zcrm_5436421000135203184,5436421000056575072,St. Marys County Public Schools
zcrm_5436421000135207112,5436421000056576021,Fayette County School District
zcrm_5436421000135222540,5436421000056572971,South Washington County School District
zcrm_5436421000135203183,5436421000056575072,St. Marys County Public Schools
zcrm_5436421000135207110,5436421000056576021,Fayette County School District
zcrm_5436421000135221998,5436421000056572971,South Washington County School District
zcrm_5436421000135203178,5436421000056575072,St. Marys County Public Schools
zcrm_5436421000135207108,5436421000056576021,Fayette County School District
zcrm_5436421000135221962,5436421000056572971,South Washington County School District
zcrm_5436421000135203173,5436421000056575072,St. Marys County Public Schools
zcrm_5436421000135207053,5436421000056576021,Fayette County School District
zcrm_5436421000135221039,5436421000056572971,South Washington County School District
zcrm_5436421000135203172,5436421000056575072,St. Marys County Public Schools
zcrm_5436421000135207039,5436421000056576021,Fayette County School District
zcrm_5436421000135220686,5436421000056572971,South Washington County School District
zcrm_5436421000135203171,5436421000056575072,St. Marys County Public Schools
zcrm_5436421000135207031,5436421000056576021,Fayette County School District
zcrm_5436421000135219625,5436421000056572971,South Washington County School District
zcrm_5436421000135203170,5436421000056575072,St. Marys County Public Schools
zcrm_5436421000135206985,5436421000056576021,Fayette County School District
zcrm_5436421000135219609,5436421000056572971,South Washington County School District
zcrm_5436421000135203169,5436421000056575072,St. Marys County Public Schools
zcrm_5436421000135206967,5436421000056576021,Fayette County School District
zcrm_5436421000135218535,5436421000056572971,South Washington County School District
zcrm_5436421000135203165,5436421000056575072,St. Marys County Public Schools
zcrm_5436421000135206966,5436421000056576021,Fayette County School District
zcrm_5436421000135218164,5436421000056572971,South Washington County School District
zcrm_5436421000135203158,5436421000056575072,St. Marys County Public Schools
zcrm_5436421000135206652,5436421000056576021,Fayette County School District
zcrm_5436421000135218145,5436421000056572971,South Washington County School District
zcrm_5436421000135203155,5436421000056575072,St. Marys County Public Schools
zcrm_5436421000135206649,5436421000056576021,Fayette County School District
zcrm_5436421000135218118,5436421000056572971,South Washington County School District
zcrm_5436421000135203154,5436421000056575072,St. Marys County Public Schools
zcrm_5436421000135206560,5436421000056576021,Fayette County School District
zcrm_5436421000135217953,5436421000056572971,South Washington County School District
zcrm_5436421000135203153,5436421000056575072,St. Marys County Public Schools
zcrm_5436421000135206186,5436421000056576021,Fayette County School District
zcrm_5436421000135217621,5436421000056572971,South Washington County School District
zcrm_5436421000135203146,5436421000056575072,St. Marys County Public Schools
zcrm_5436421000135206178,5436421000056576021,Fayette County School District
zcrm_5436421000135217554,5436421000056572971,South Washington County School District
zcrm_5436421000135203145,5436421000056575072,St. Marys County Public Schools
zcrm_5436421000135206071,5436421000056576021,Fayette County School District
zcrm_5436421000135217508,5436421000056572971,South Washington County School District
zcrm_5436421000135203139,5436421000056575072,St. Marys County Public Schools
zcrm_5436421000135206070,5436421000056576021,Fayette County School District
zcrm_5436421000135217447,5436421000056572971,South Washington County School District
zcrm_5436421000135203138,5436421000056575072,St. Marys County Public Schools
zcrm_5436421000135205982,5436421000056576021,Fayette County School District
zcrm_5436421000135217149,5436421000056572971,South Washington County School District
zcrm_5436421000135203136,5436421000056575072,St. Marys County Public Schools
zcrm_5436421000135205939,5436421000056576021,Fayette County School District
zcrm_5436421000135217120,5436421000056572971,South Washington County School District
zcrm_5436421000135203134,5436421000056575072,St. Marys County Public Schools
zcrm_5436421000135205622,5436421000056576021,Fayette County School District
zcrm_5436421000135217115,5436421000056572971,South Washington County School District
zcrm_5436421000135203133,5436421000056575072,St. Marys County Public Schools
zcrm_5436421000135205619,5436421000056576021,Fayette County School District
zcrm_5436421000135217064,5436421000056572971,South Washington County School District
zcrm_5436421000135205602,5436421000056576021,Fayette County School District
zcrm_5436421000135216646,5436421000056572971,South Washington County School District
zcrm_5436421000135205597,5436421000056576021,Fayette County School District
zcrm_5436421000135216604,5436421000056572971,South Washington County School District
zcrm_5436421000135205596,5436421000056576021,Fayette County School District
zcrm_5436421000135216599,5436421000056572971,South Washington County School District
zcrm_5436421000135205580,5436421000056576021,Fayette County School District
zcrm_5436421000135216567,5436421000056572971,South Washington County School District
zcrm_5436421000135205458,5436421000056576021,Fayette County School District
zcrm_5436421000135216158,5436421000056572971,South Washington County School District
zcrm_5436421000135205454,5436421000056576021,Fayette County School District
zcrm_5436421000135216007,5436421000056572971,South Washington County School District
zcrm_5436421000135205453,5436421000056576021,Fayette County School District
zcrm_5436421000135215070,5436421000056572971,South Washington County School District
zcrm_5436421000135205166,5436421000056576021,Fayette County School District
zcrm_5436421000135215038,5436421000056572971,South Washington County School District
zcrm_5436421000135205041,5436421000056576021,Fayette County School District
zcrm_5436421000135215014,5436421000056572971,South Washington County School District
zcrm_5436421000135205039,5436421000056576021,Fayette County School District
zcrm_5436421000135214953,5436421000056572971,South Washington County School District
zcrm_5436421000135205029,5436421000056576021,Fayette County School District
zcrm_5436421000135214938,5436421000056572971,South Washington County School District
zcrm_5436421000135205019,5436421000056576021,Fayette County School District
zcrm_5436421000135214682,5436421000056572971,South Washington County School District
zcrm_5436421000135205009,5436421000056576021,Fayette County School District
zcrm_5436421000135214654,5436421000056572971,South Washington County School District
zcrm_5436421000135204670,5436421000056576021,Fayette County School District
zcrm_5436421000135214639,5436421000056572971,South Washington County School District
zcrm_5436421000135204633,5436421000056576021,Fayette County School District
zcrm_5436421000135214584,5436421000056572971,South Washington County School District
zcrm_5436421000135204628,5436421000056576021,Fayette County School District
zcrm_5436421000135208497,5436421000056572971,South Washington County School District
zcrm_5436421000135204570,5436421000056576021,Fayette County School District
zcrm_5436421000135206587,5436421000056572971,South Washington County School District
zcrm_5436421000135204471,5436421000056576021,Fayette County School District
zcrm_5436421000135204452,5436421000056576021,Fayette County School District
zcrm_5436421000135204150,5436421000056576021,Fayette County School District
zcrm_5436421000135204145,5436421000056576021,Fayette County School District
zcrm_5436421000135204047,5436421000056576021,Fayette County School District
zcrm_5436421000135204038,5436421000056576021,Fayette County School District
zcrm_5436421000135203088,5436421000056576021,Fayette County School District
zcrm_5436421000135203081,5436421000056576021,Fayette County School District
zcrm_5436421000135203074,5436421000056576021,Fayette County School District
zcrm_5436421000135203044,5436421000056576021,Fayette County School District
zcrm_5436421000135202968,5436421000056576021,Fayette County School District
zcrm_5436421000135202665,5436421000056576021,Fayette County School District
zcrm_5436421000135202662,5436421000056576021,Fayette County School District
zcrm_5436421000135202519,5436421000056576021,Fayette County School District
zcrm_5436421000135202516,5436421000056576021,Fayette County School District
zcrm_5436421000135202514,5436421000056576021,Fayette County School District
zcrm_5436421000135202170,5436421000056576021,Fayette County School District
zcrm_5436421000135202111,5436421000056576021,Fayette County School District
zcrm_5436421000135202082,5436421000056576021,Fayette County School District
zcrm_5436421000135202072,5436421000056576021,Fayette County School District
zcrm_5436421000135202069,5436421000056576021,Fayette County School District
zcrm_5436421000135202051,5436421000056576021,Fayette County School District
zcrm_5436421000135202050,5436421000056576021,Fayette County School District
zcrm_5436421000135202046,5436421000056576021,Fayette County School District
zcrm_5436421000135202014,5436421000056576021,Fayette County School District
zcrm_5436421000135201661,5436421000056576021,Fayette County School District
zcrm_5436421000135204482,5436421000056577606,Hobart School City
zcrm_5436421000135206480,5436421000056577928,Clark-Pleasant Community School Corporation
zcrm_5436421000135234651,5436421000056578013,Waukegan Community Unit School District 60
zcrm_5436421000135205519,5436421000056578441,Adlai E. Stevenson High School District 125
zcrm_5436421000135201677,5436421000056578505,Oak Park and River Forest District 200
zcrm_5436421000135229543,5436421000056578593,Kaneland Community Unit School District 302
zcrm_5436421000135234457,5436421000056578615,Lincolnshire-Prairieview School District 103
zcrm_5436421000135234176,5436421000056578616,Lincoln Way Community High School District 210
zcrm_5436421000135229457,5436421000056578624,Libertyville School District 70
zcrm_5436421000135219563,5436421000056578626,Leyden Community High School District 212
zcrm_5436421000135218666,5436421000056578635,LaSalle-Peru Township High School District 120
zcrm_5436421000135225653,5436421000056578656,Kildeer Countryside Community Consolidated School District 96
zcrm_5436421000135231050,5436421000056578660,Keeneyville School District 20
zcrm_5436421000135230183,5436421000056578664,Joliet Township High School District 204
zcrm_5436421000135201065,5436421000056579435,Bradley-Bourbonnais Consolidated High School District 307
zcrm_5436421000135203009,5436421000056579458,Belvidere Consolidated Unit School District 100
zcrm_5436421000135206563,5436421000056579601,Payette Joint School District 371
zcrm_5436421000135223681,5436421000056579944,Valdosta City School District
zcrm_5436421000135205068,5436421000056579981,Paulding County School District
zcrm_5436421000135230528,5436421000056579984,Newton County School District
zcrm_5436421000135202105,5436421000056579997,Macon County School District
zcrm_5436421000135221944,5436421000056579999,Lowndes County School District
zcrm_5436421000135223589,5436421000056580025,Spalding County School District
zcrm_5436421000135225489,5436421000056580034,Forsyth County School District
zcrm_5436421000135207134,5436421000056580038,Evans County School District
zcrm_5436421000135231500,5436421000056580050,DeKalb County School District
zcrm_5436421000135229007,5436421000056580053,Dawson County School District
zcrm_5436421000135221151,5436421000056580054,Dalton City School District
zcrm_5436421000135231166,5436421000056580068,Clarke County School District
zcrm_5436421000135224557,5436421000056580075,Catoosa County School District
zcrm_5436421000135222069,5436421000056580080,Camden County School District
zcrm_5436421000135221997,5436421000056580095,Bartow County School District
zcrm_5436421000135218541,5436421000056580096,Barrow County School District
zcrm_5436421000135231070,5436421000056580113,Sarasota County School District
zcrm_5436421000135220446,5436421000056580114,Putnam County School District
zcrm_5436421000135227069,5436421000056580115,Polk County School District
zcrm_5436421000135206946,5436421000056580116,Pinellas County School District
zcrm_5436421000135220493,5436421000056580117,Pasco County School District
zcrm_5436421000135231639,5436421000056580120,Martin County School District
zcrm_5436421000135226581,5436421000056580121,Manatee County School District
zcrm_5436421000135205578,5436421000056580125,Leon County School District
zcrm_5436421000135207102,5436421000056580126,Lake County School District
zcrm_5436421000135223599,5436421000056580142,Duval County School District
zcrm_5436421000135206026,5436421000056580147,Collier County School District
zcrm_5436421000135231110,5436421000056580148,Clay County School District
zcrm_5436421000135215042,5436421000056580478,Regional High School District 07
zcrm_5436421000135215630,5436421000056580589,Regional High School District 19
zcrm_5436421000135224161,5436421000056580628,Pueblo City School District 60
zcrm_5436421000135222573,5436421000056580638,Lewis-Palmer School District 38
zcrm_5436421000135210557,5436421000056580651,St. Vrain Valley School District RE 1J
zcrm_5436421000135207604,5436421000056580653,Littleton School District 6
zcrm_5436421000135206469,5436421000056580684,Mesa County Valley School District 51
zcrm_5436421000135203086,5436421000056580697,School District 49
zcrm_5436421000135224459,5436421000056580963,Durango School District 9-R
zcrm_5436421000135202467,5436421000056580964,Douglas County School District RE-1
zcrm_5436421000135229481,5436421000056580978,Cheyenne Mountain School District 12
zcrm_5436421000135206492,5436421000056580979,Cherry Creek School District 5
zcrm_5436421000135221153,5436421000056580992,Boulder Valley School District RE-2
zcrm_5436421000135221115,5436421000056581017,Yuba City Unified School District
zcrm_5436421000135226960,5436421000056581022,Woodside Elementary School District
zcrm_5436421000135224611,5436421000056581023,Woodland Joint Unified School District
zcrm_5436421000135207473,5436421000056581044,Westmorland Union Elementary School District
zcrm_5436421000135204062,5436421000056577606,Hobart School City
zcrm_5436421000135204613,5436421000056577928,Clark-Pleasant Community School Corporation
zcrm_5436421000135204071,5436421000056578441,Adlai E. Stevenson High School District 125
zcrm_5436421000135229520,5436421000056578593,Kaneland Community Unit School District 302
zcrm_5436421000135230959,5436421000056578615,Lincolnshire-Prairieview School District 103
zcrm_5436421000135231022,5436421000056578616,Lincoln Way Community High School District 210
zcrm_5436421000135229130,5436421000056578624,Libertyville School District 70
zcrm_5436421000135219522,5436421000056578626,Leyden Community High School District 212
zcrm_5436421000135215607,5436421000056578635,LaSalle-Peru Township High School District 120
zcrm_5436421000135224108,5436421000056578656,Kildeer Countryside Community Consolidated School District 96
zcrm_5436421000135229975,5436421000056578660,Keeneyville School District 20
zcrm_5436421000135229986,5436421000056578664,Joliet Township High School District 204
zcrm_5436421000135234145,5436421000056579073,Community High School District 99
zcrm_5436421000135200988,5436421000056579435,Bradley-Bourbonnais Consolidated High School District 307
zcrm_5436421000135221173,5436421000056579944,Valdosta City School District
zcrm_5436421000135202179,5436421000056579981,Paulding County School District
zcrm_5436421000135230147,5436421000056579984,Newton County School District
zcrm_5436421000135221134,5436421000056579999,Lowndes County School District
zcrm_5436421000135209540,5436421000056580025,Spalding County School District
zcrm_5436421000135225161,5436421000056580034,Forsyth County School District
zcrm_5436421000135206993,5436421000056580038,Evans County School District
zcrm_5436421000135228954,5436421000056580050,DeKalb County School District
zcrm_5436421000135221121,5436421000056580054,Dalton City School District
zcrm_5436421000135230525,5436421000056580068,Clarke County School District
zcrm_5436421000135222162,5436421000056580075,Catoosa County School District
zcrm_5436421000135221463,5436421000056580080,Camden County School District
zcrm_5436421000135221024,5436421000056580095,Bartow County School District
zcrm_5436421000135218125,5436421000056580096,Barrow County School District
zcrm_5436421000135230520,5436421000056580113,Sarasota County School District
zcrm_5436421000135219510,5436421000056580114,Putnam County School District
zcrm_5436421000135227062,5436421000056580115,Polk County School District
zcrm_5436421000135206677,5436421000056580116,Pinellas County School District
zcrm_5436421000135206987,5436421000056580117,Pasco County School District
zcrm_5436421000135231551,5436421000056580120,Martin County School District
zcrm_5436421000135226498,5436421000056580121,Manatee County School District
zcrm_5436421000135204032,5436421000056580125,Leon County School District
zcrm_5436421000135207043,5436421000056580126,Lake County School District
zcrm_5436421000135223536,5436421000056580142,Duval County School District
zcrm_5436421000135204508,5436421000056580147,Collier County School District
zcrm_5436421000135231104,5436421000056580148,Clay County School District
zcrm_5436421000135214093,5436421000056580478,Regional High School District 07
zcrm_5436421000135214991,5436421000056580589,Regional High School District 19
zcrm_5436421000135221524,5436421000056580628,Pueblo City School District 60
zcrm_5436421000135221683,5436421000056580638,Lewis-Palmer School District 38
zcrm_5436421000135205628,5436421000056580651,St. Vrain Valley School District RE 1J
zcrm_5436421000135203569,5436421000056580653,Littleton School District 6
zcrm_5436421000135206061,5436421000056580684,Mesa County Valley School District 51
zcrm_5436421000135203078,5436421000056580697,School District 49
zcrm_5436421000135224099,5436421000056580963,Durango School District 9-R
zcrm_5436421000135228174,5436421000056580978,Cheyenne Mountain School District 12
zcrm_5436421000135206167,5436421000056580979,Cherry Creek School District 5
zcrm_5436421000135221059,5436421000056580992,Boulder Valley School District RE-2
zcrm_5436421000135220938,5436421000056581017,Yuba City Unified School District
zcrm_5436421000135224526,5436421000056581023,Woodland Joint Unified School District
zcrm_5436421000135207472,5436421000056581044,Westmorland Union Elementary School District
zcrm_5436421000135204030,5436421000056577606,Hobart School City
zcrm_5436421000135204131,5436421000056577928,Clark-Pleasant Community School Corporation
zcrm_5436421000135203029,5436421000056578441,Adlai E. Stevenson High School District 125
zcrm_5436421000135229029,5436421000056578593,Kaneland Community Unit School District 302
zcrm_5436421000135230553,5436421000056578615,Lincolnshire-Prairieview School District 103
zcrm_5436421000135230991,5436421000056578616,Lincoln Way Community High School District 210
zcrm_5436421000135229055,5436421000056578624,Libertyville School District 70
zcrm_5436421000135217991,5436421000056578626,Leyden Community High School District 212
zcrm_5436421000135215592,5436421000056578635,LaSalle-Peru Township High School District 120
zcrm_5436421000135224072,5436421000056578656,Kildeer Countryside Community Consolidated School District 96
zcrm_5436421000135229576,5436421000056578660,Keeneyville School District 20
zcrm_5436421000135229080,5436421000056578664,Joliet Township High School District 204
zcrm_5436421000135233940,5436421000056579073,Community High School District 99
zcrm_5436421000135200981,5436421000056579435,Bradley-Bourbonnais Consolidated High School District 307
zcrm_5436421000135217076,5436421000056579944,Valdosta City School District
zcrm_5436421000135201942,5436421000056579981,Paulding County School District
zcrm_5436421000135230146,5436421000056579984,Newton County School District
zcrm_5436421000135202646,5436421000056579999,Lowndes County School District
zcrm_5436421000135207013,5436421000056580025,Spalding County School District
zcrm_5436421000135224943,5436421000056580034,Forsyth County School District
zcrm_5436421000135228533,5436421000056580050,DeKalb County School District
zcrm_5436421000135209987,5436421000056580054,Dalton City School District
zcrm_5436421000135230145,5436421000056580068,Clarke County School District
zcrm_5436421000135210131,5436421000056580080,Camden County School District
zcrm_5436421000135214098,5436421000056580095,Bartow County School District
zcrm_5436421000135218046,5436421000056580096,Barrow County School District
zcrm_5436421000135213673,5436421000056580107,Volusia County School District
zcrm_5436421000135230490,5436421000056580113,Sarasota County School District
zcrm_5436421000135213999,5436421000056580114,Putnam County School District
zcrm_5436421000135227057,5436421000056580115,Polk County School District
zcrm_5436421000135206011,5436421000056580116,Pinellas County School District
zcrm_5436421000135201603,5436421000056580117,Pasco County School District
zcrm_5436421000135230535,5436421000056580120,Martin County School District
zcrm_5436421000135226495,5436421000056580121,Manatee County School District
zcrm_5436421000135202091,5436421000056580125,Leon County School District
zcrm_5436421000135207011,5436421000056580126,Lake County School District
zcrm_5436421000135223525,5436421000056580142,Duval County School District
zcrm_5436421000135230514,5436421000056580148,Clay County School District
zcrm_5436421000135214977,5436421000056580589,Regional High School District 19
zcrm_5436421000135221160,5436421000056580628,Pueblo City School District 60
zcrm_5436421000135209506,5436421000056580638,Lewis-Palmer School District 38
zcrm_5436421000135206056,5436421000056580684,Mesa County Valley School District 51
zcrm_5436421000135202975,5436421000056580697,School District 49
zcrm_5436421000135221458,5436421000056580963,Durango School District 9-R
zcrm_5436421000135227507,5436421000056580978,Cheyenne Mountain School District 12
zcrm_5436421000135203997,5436421000056580979,Cherry Creek School District 5
zcrm_5436421000135218512,5436421000056580992,Boulder Valley School District RE-2
zcrm_5436421000135224053,5436421000056581023,Woodland Joint Unified School District
zcrm_5436421000135203940,5436421000056581044,Westmorland Union Elementary School District
zcrm_5436421000135201953,5436421000056577606,Hobart School City
zcrm_5436421000135202456,5436421000056577928,Clark-Pleasant Community School Corporation
zcrm_5436421000135203012,5436421000056578441,Adlai E. Stevenson High School District 125
zcrm_5436421000135228078,5436421000056578593,Kaneland Community Unit School District 302
zcrm_5436421000135227055,5436421000056578615,Lincolnshire-Prairieview School District 103
zcrm_5436421000135230988,5436421000056578616,Lincoln Way Community High School District 210
zcrm_5436421000135226600,5436421000056578624,Libertyville School District 70
zcrm_5436421000135217114,5436421000056578626,Leyden Community High School District 212
zcrm_5436421000135222077,5436421000056578656,Kildeer Countryside Community Consolidated School District 96
zcrm_5436421000135220639,5436421000056578660,Keeneyville School District 20
zcrm_5436421000135229057,5436421000056578664,Joliet Township High School District 204
zcrm_5436421000135200645,5436421000056579435,Bradley-Bourbonnais Consolidated High School District 307
zcrm_5436421000135201583,5436421000056579981,Paulding County School District
zcrm_5436421000135208137,5436421000056579984,Newton County School District
zcrm_5436421000135224604,5436421000056580034,Forsyth County School District
zcrm_5436421000135228185,5436421000056580050,DeKalb County School District
zcrm_5436421000135208656,5436421000056580054,Dalton City School District
zcrm_5436421000135230144,5436421000056580068,Clarke County School District
zcrm_5436421000135218044,5436421000056580096,Barrow County School District
zcrm_5436421000135213648,5436421000056580107,Volusia County School District
zcrm_5436421000135230162,5436421000056580113,Sarasota County School District
zcrm_5436421000135211099,5436421000056580114,Putnam County School District
zcrm_5436421000135227025,5436421000056580115,Polk County School District
zcrm_5436421000135202158,5436421000056580116,Pinellas County School District
zcrm_5436421000135200635,5436421000056580117,Pasco County School District
zcrm_5436421000135230491,5436421000056580120,Martin County School District
zcrm_5436421000135226021,5436421000056580121,Manatee County School District
zcrm_5436421000135200600,5436421000056580125,Leon County School District
zcrm_5436421000135206971,5436421000056580126,Lake County School District
zcrm_5436421000135223443,5436421000056580142,Duval County School District
zcrm_5436421000135229607,5436421000056580148,Clay County School District
zcrm_5436421000135214519,5436421000056580589,Regional High School District 19
zcrm_5436421000135211156,5436421000056580628,Pueblo City School District 60
zcrm_5436421000135201600,5436421000056580638,Lewis-Palmer School District 38
zcrm_5436421000135205552,5436421000056580684,Mesa County Valley School District 51
zcrm_5436421000135209534,5436421000056580963,Durango School District 9-R
zcrm_5436421000135227455,5436421000056580978,Cheyenne Mountain School District 12
zcrm_5436421000135201967,5436421000056580979,Cherry Creek School District 5
zcrm_5436421000135218175,5436421000056580992,Boulder Valley School District RE-2
zcrm_5436421000135223948,5436421000056581023,Woodland Joint Unified School District
zcrm_5436421000135203654,5436421000056581044,Westmorland Union Elementary School District
zcrm_5436421000135201577,5436421000056578441,Adlai E. Stevenson High School District 125
zcrm_5436421000135225064,5436421000056578593,Kaneland Community Unit School District 302
zcrm_5436421000135223018,5436421000056578615,Lincolnshire-Prairieview School District 103
zcrm_5436421000135230969,5436421000056578616,Lincoln Way Community High School District 210
zcrm_5436421000135226559,5436421000056578624,Libertyville School District 70
zcrm_5436421000135217099,5436421000056578626,Leyden Community High School District 212
zcrm_5436421000135221571,5436421000056578656,Kildeer Countryside Community Consolidated School District 96
zcrm_5436421000135228062,5436421000056578664,Joliet Township High School District 204
zcrm_5436421000135200537,5436421000056579435,Bradley-Bourbonnais Consolidated High School District 307
zcrm_5436421000135201113,5436421000056579981,Paulding County School District
zcrm_5436421000135224176,5436421000056580034,Forsyth County School District
zcrm_5436421000135225557,5436421000056580050,DeKalb County School District
zcrm_5436421000135230117,5436421000056580068,Clarke County School District
zcrm_5436421000135217686,5436421000056580096,Barrow County School District
zcrm_5436421000135213643,5436421000056580107,Volusia County School District
zcrm_5436421000135230055,5436421000056580113,Sarasota County School District
zcrm_5436421000135227024,5436421000056580115,Polk County School District
zcrm_5436421000135200574,5436421000056580116,Pinellas County School District
zcrm_5436421000135200606,5436421000056580117,Pasco County School District
zcrm_5436421000135230097,5436421000056580120,Martin County School District
zcrm_5436421000135225508,5436421000056580121,Manatee County School District
zcrm_5436421000135057999,5436421000056580125,Leon County School District
zcrm_5436421000135206644,5436421000056580126,Lake County School District
zcrm_5436421000135221465,5436421000056580142,Duval County School District
zcrm_5436421000135229558,5436421000056580148,Clay County School District
zcrm_5436421000135204567,5436421000056580589,Regional High School District 19
zcrm_5436421000135200073,5436421000056580628,Pueblo City School District 60
zcrm_5436421000135201112,5436421000056580638,Lewis-Palmer School District 38
zcrm_5436421000135203070,5436421000056580684,Mesa County Valley School District 51
zcrm_5436421000135202153,5436421000056580963,Durango School District 9-R
zcrm_5436421000135224094,5436421000056580978,Cheyenne Mountain School District 12
zcrm_5436421000135218048,5436421000056580992,Boulder Valley School District RE-2
zcrm_5436421000135222610,5436421000056581023,Woodland Joint Unified School District
zcrm_5436421000135203577,5436421000056581044,Westmorland Union Elementary School District
zcrm_5436421000135201575,5436421000056578441,Adlai E. Stevenson High School District 125
zcrm_5436421000135224595,5436421000056578593,Kaneland Community Unit School District 302
zcrm_5436421000135222627,5436421000056578615,Lincolnshire-Prairieview School District 103
zcrm_5436421000135230947,5436421000056578616,Lincoln Way Community High School District 210
zcrm_5436421000135225570,5436421000056578624,Libertyville School District 70
zcrm_5436421000135215956,5436421000056578626,Leyden Community High School District 212
zcrm_5436421000135218149,5436421000056578656,Kildeer Countryside Community Consolidated School District 96
zcrm_5436421000135228026,5436421000056578664,Joliet Township High School District 204
zcrm_5436421000135200477,5436421000056579435,Bradley-Bourbonnais Consolidated High School District 307
zcrm_5436421000135200538,5436421000056579981,Paulding County School District
zcrm_5436421000135224085,5436421000056580034,Forsyth County School District
zcrm_5436421000135223954,5436421000056580050,DeKalb County School District
zcrm_5436421000135230082,5436421000056580068,Clarke County School District
zcrm_5436421000135217630,5436421000056580096,Barrow County School District
zcrm_5436421000135211091,5436421000056580107,Volusia County School District
zcrm_5436421000135230025,5436421000056580113,Sarasota County School District
zcrm_5436421000135227009,5436421000056580115,Polk County School District
zcrm_5436421000135200524,5436421000056580116,Pinellas County School District
zcrm_5436421000135230019,5436421000056580120,Martin County School District
zcrm_5436421000135225043,5436421000056580121,Manatee County School District
zcrm_5436421000135206636,5436421000056580126,Lake County School District
zcrm_5436421000135214067,5436421000056580142,Duval County School District
zcrm_5436421000135229516,5436421000056580148,Clay County School District
zcrm_5436421000135201495,5436421000056580589,Regional High School District 19
zcrm_5436421000135217601,5436421000056580603,Trinidad School District 1
zcrm_5436421000135203065,5436421000056580684,Mesa County Valley School District 51
zcrm_5436421000135223500,5436421000056580978,Cheyenne Mountain School District 12
zcrm_5436421000135217550,5436421000056580992,Boulder Valley School District RE-2
zcrm_5436421000135222484,5436421000056581023,Woodland Joint Unified School District
zcrm_5436421000135203576,5436421000056581044,Westmorland Union Elementary School District
zcrm_5436421000135201565,5436421000056578441,Adlai E. Stevenson High School District 125
zcrm_5436421000135224538,5436421000056578593,Kaneland Community Unit School District 302
zcrm_5436421000135219135,5436421000056578615,Lincolnshire-Prairieview School District 103
zcrm_5436421000135227066,5436421000056578616,Lincoln Way Community High School District 210
zcrm_5436421000135225082,5436421000056578624,Libertyville School District 70
zcrm_5436421000135215669,5436421000056578626,Leyden Community High School District 212
zcrm_5436421000135224628,5436421000056578664,Joliet Township High School District 204
zcrm_5436421000135200453,5436421000056579435,Bradley-Bourbonnais Consolidated High School District 307
zcrm_5436421000135200465,5436421000056579981,Paulding County School District
zcrm_5436421000135222578,5436421000056580034,Forsyth County School District
zcrm_5436421000135221485,5436421000056580050,DeKalb County School District
zcrm_5436421000135230003,5436421000056580068,Clarke County School District
zcrm_5436421000135217552,5436421000056580096,Barrow County School District
zcrm_5436421000135202950,5436421000056580107,Volusia County School District
zcrm_5436421000135229965,5436421000056580113,Sarasota County School District
zcrm_5436421000135227007,5436421000056580115,Polk County School District
zcrm_5436421000135229628,5436421000056580120,Martin County School District
zcrm_5436421000135224647,5436421000056580121,Manatee County School District
zcrm_5436421000135206635,5436421000056580126,Lake County School District
zcrm_5436421000135214066,5436421000056580142,Duval County School District
zcrm_5436421000135229476,5436421000056580148,Clay County School District
zcrm_5436421000135200139,5436421000056580589,Regional High School District 19
zcrm_5436421000135200111,5436421000056580603,Trinidad School District 1
zcrm_5436421000135202660,5436421000056580684,Mesa County Valley School District 51
zcrm_5436421000135221118,5436421000056580978,Cheyenne Mountain School District 12
zcrm_5436421000135217463,5436421000056580992,Boulder Valley School District RE-2
zcrm_5436421000135222096,5436421000056581023,Woodland Joint Unified School District
zcrm_5436421000135201564,5436421000056578441,Adlai E. Stevenson High School District 125
zcrm_5436421000135224147,5436421000056578593,Kaneland Community Unit School District 302
zcrm_5436421000135218989,5436421000056578615,Lincolnshire-Prairieview School District 103
zcrm_5436421000135227053,5436421000056578616,Lincoln Way Community High School District 210
zcrm_5436421000135209027,5436421000056578624,Libertyville School District 70
zcrm_5436421000135221541,5436421000056578664,Joliet Township High School District 204
zcrm_5436421000135200158,5436421000056579435,Bradley-Bourbonnais Consolidated High School District 307
zcrm_5436421000135200080,5436421000056579981,Paulding County School District
zcrm_5436421000135222073,5436421000056580034,Forsyth County School District
zcrm_5436421000135220174,5436421000056580050,DeKalb County School District
zcrm_5436421000135229591,5436421000056580068,Clarke County School District
zcrm_5436421000135217546,5436421000056580096,Barrow County School District
zcrm_5436421000135057987,5436421000056580107,Volusia County School District
zcrm_5436421000135229533,5436421000056580113,Sarasota County School District
zcrm_5436421000135226953,5436421000056580115,Polk County School District
zcrm_5436421000135229563,5436421000056580120,Martin County School District
zcrm_5436421000135223561,5436421000056580121,Manatee County School District
zcrm_5436421000135206634,5436421000056580126,Lake County School District
zcrm_5436421000135214062,5436421000056580142,Duval County School District
zcrm_5436421000135214046,5436421000056580148,Clay County School District
zcrm_5436421000135202438,5436421000056580684,Mesa County Valley School District 51
zcrm_5436421000135221033,5436421000056580978,Cheyenne Mountain School District 12
zcrm_5436421000135217446,5436421000056580992,Boulder Valley School District RE-2
zcrm_5436421000135221084,5436421000056581023,Woodland Joint Unified School District
zcrm_5436421000135201536,5436421000056578441,Adlai E. Stevenson High School District 125
zcrm_5436421000135222158,5436421000056578593,Kaneland Community Unit School District 302
zcrm_5436421000135223091,5436421000056578616,Lincoln Way Community High School District 210
zcrm_5436421000135201058,5436421000056578624,Libertyville School District 70
zcrm_5436421000135220662,5436421000056578664,Joliet Township High School District 204
zcrm_5436421000135057988,5436421000056579435,Bradley-Bourbonnais Consolidated High School District 307
zcrm_5436421000135222035,5436421000056580034,Forsyth County School District
zcrm_5436421000135220053,5436421000056580050,DeKalb County School District
zcrm_5436421000135228635,5436421000056580068,Clarke County School District
zcrm_5436421000135217454,5436421000056580096,Barrow County School District
zcrm_5436421000135229185,5436421000056580113,Sarasota County School District
zcrm_5436421000135226941,5436421000056580115,Polk County School District
zcrm_5436421000135229505,5436421000056580120,Martin County School District
zcrm_5436421000135223557,5436421000056580121,Manatee County School District
zcrm_5436421000135206624,5436421000056580126,Lake County School District
zcrm_5436421000135214061,5436421000056580142,Duval County School District
zcrm_5436421000135213655,5436421000056580148,Clay County School District
zcrm_5436421000135200070,5436421000056580684,Mesa County Valley School District 51
zcrm_5436421000135203003,5436421000056580978,Cheyenne Mountain School District 12
zcrm_5436421000135215636,5436421000056580992,Boulder Valley School District RE-2
zcrm_5436421000135220954,5436421000056581023,Woodland Joint Unified School District
zcrm_5436421000135201534,5436421000056578441,Adlai E. Stevenson High School District 125
zcrm_5436421000135221632,5436421000056578593,Kaneland Community Unit School District 302
zcrm_5436421000135223033,5436421000056578616,Lincoln Way Community High School District 210
zcrm_5436421000135219996,5436421000056578664,Joliet Township High School District 204
zcrm_5436421000135221577,5436421000056580034,Forsyth County School District
zcrm_5436421000135219481,5436421000056580050,DeKalb County School District
zcrm_5436421000135226441,5436421000056580068,Clarke County School District
zcrm_5436421000135216958,5436421000056580096,Barrow County School District
zcrm_5436421000135229141,5436421000056580113,Sarasota County School District
zcrm_5436421000135226684,5436421000056580115,Polk County School District
zcrm_5436421000135229470,5436421000056580120,Martin County School District
zcrm_5436421000135223475,5436421000056580121,Manatee County School District
zcrm_5436421000135206616,5436421000056580126,Lake County School District
zcrm_5436421000135214060,5436421000056580142,Duval County School District
zcrm_5436421000135210442,5436421000056580148,Clay County School District
zcrm_5436421000135215623,5436421000056580992,Boulder Valley School District RE-2
zcrm_5436421000135201527,5436421000056578441,Adlai E. Stevenson High School District 125
zcrm_5436421000135217147,5436421000056578593,Kaneland Community Unit School District 302
zcrm_5436421000135222979,5436421000056578616,Lincoln Way Community High School District 210
zcrm_5436421000135219615,5436421000056578664,Joliet Township High School District 204
zcrm_5436421000135221522,5436421000056580034,Forsyth County School District
zcrm_5436421000135218556,5436421000056580050,DeKalb County School District
zcrm_5436421000135226440,5436421000056580068,Clarke County School District
zcrm_5436421000135216669,5436421000056580096,Barrow County School District
zcrm_5436421000135229068,5436421000056580113,Sarasota County School District
zcrm_5436421000135226640,5436421000056580115,Polk County School District
zcrm_5436421000135228661,5436421000056580120,Martin County School District
zcrm_5436421000135222489,5436421000056580121,Manatee County School District
zcrm_5436421000135206134,5436421000056580126,Lake County School District
zcrm_5436421000135214040,5436421000056580142,Duval County School District
zcrm_5436421000135208183,5436421000056580148,Clay County School District
zcrm_5436421000135206082,5436421000056580992,Boulder Valley School District RE-2
zcrm_5436421000135201455,5436421000056578441,Adlai E. Stevenson High School District 125
zcrm_5436421000135217143,5436421000056578593,Kaneland Community Unit School District 302
zcrm_5436421000135207497,5436421000056578616,Lincoln Way Community High School District 210
zcrm_5436421000135219530,5436421000056578664,Joliet Township High School District 204
zcrm_5436421000135221022,5436421000056580034,Forsyth County School District
zcrm_5436421000135218496,5436421000056580050,DeKalb County School District
zcrm_5436421000135226182,5436421000056580068,Clarke County School District
zcrm_5436421000135216609,5436421000056580096,Barrow County School District
zcrm_5436421000135227161,5436421000056580113,Sarasota County School District
zcrm_5436421000135226637,5436421000056580115,Polk County School District
zcrm_5436421000135226576,5436421000056580120,Martin County School District
zcrm_5436421000135221983,5436421000056580121,Manatee County School District
zcrm_5436421000135206106,5436421000056580126,Lake County School District
zcrm_5436421000135214039,5436421000056580142,Duval County School District
zcrm_5436421000135204569,5436421000056580148,Clay County School District
zcrm_5436421000135206054,5436421000056580992,Boulder Valley School District RE-2
zcrm_5436421000135201441,5436421000056578441,Adlai E. Stevenson High School District 125
zcrm_5436421000135216635,5436421000056578593,Kaneland Community Unit School District 302
zcrm_5436421000135219470,5436421000056578664,Joliet Township High School District 204
zcrm_5436421000135220162,5436421000056580034,Forsyth County School District
zcrm_5436421000135218493,5436421000056580050,DeKalb County School District
zcrm_5436421000135226123,5436421000056580068,Clarke County School District
zcrm_5436421000135216564,5436421000056580096,Barrow County School District
zcrm_5436421000135226462,5436421000056580113,Sarasota County School District
zcrm_5436421000135226629,5436421000056580115,Polk County School District
zcrm_5436421000135226493,5436421000056580120,Martin County School District
zcrm_5436421000135221670,5436421000056580121,Manatee County School District
zcrm_5436421000135205977,5436421000056580126,Lake County School District
zcrm_5436421000135214036,5436421000056580142,Duval County School District
zcrm_5436421000135202671,5436421000056580148,Clay County School District
zcrm_5436421000135203087,5436421000056580992,Boulder Valley School District RE-2
zcrm_5436421000135201440,5436421000056578441,Adlai E. Stevenson High School District 125
zcrm_5436421000135216468,5436421000056578593,Kaneland Community Unit School District 302
zcrm_5436421000135218511,5436421000056578664,Joliet Township High School District 204
zcrm_5436421000135210972,5436421000056580034,Forsyth County School District
zcrm_5436421000135216058,5436421000056580050,DeKalb County School District
zcrm_5436421000135225564,5436421000056580068,Clarke County School District
zcrm_5436421000135216477,5436421000056580096,Barrow County School District
zcrm_5436421000135226030,5436421000056580113,Sarasota County School District
zcrm_5436421000135223088,5436421000056580115,Polk County School District
zcrm_5436421000135226472,5436421000056580120,Martin County School District
zcrm_5436421000135221634,5436421000056580121,Manatee County School District
zcrm_5436421000135205583,5436421000056580126,Lake County School District
zcrm_5436421000135214035,5436421000056580142,Duval County School District
zcrm_5436421000135202572,5436421000056580992,Boulder Valley School District RE-2
zcrm_5436421000135214441,5436421000056577607,Highland School Town
zcrm_5436421000135201439,5436421000056578441,Adlai E. Stevenson High School District 125
zcrm_5436421000135200072,5436421000056578593,Kaneland Community Unit School District 302
zcrm_5436421000135218494,5436421000056578664,Joliet Township High School District 204
zcrm_5436421000135203974,5436421000056580034,Forsyth County School District
zcrm_5436421000135215644,5436421000056580050,DeKalb County School District
zcrm_5436421000135225041,5436421000056580068,Clarke County School District
zcrm_5436421000135216443,5436421000056580096,Barrow County School District
zcrm_5436421000135225094,5436421000056580113,Sarasota County School District
zcrm_5436421000135223087,5436421000056580115,Polk County School District
zcrm_5436421000135225550,5436421000056580120,Martin County School District
zcrm_5436421000135221594,5436421000056580121,Manatee County School District
zcrm_5436421000135205554,5436421000056580126,Lake County School District
zcrm_5436421000135214020,5436421000056580142,Duval County School District
zcrm_5436421000135202102,5436421000056580992,Boulder Valley School District RE-2
zcrm_5436421000135201132,5436421000056578441,Adlai E. Stevenson High School District 125
zcrm_5436421000135218449,5436421000056578664,Joliet Township High School District 204
zcrm_5436421000135201662,5436421000056580034,Forsyth County School District
zcrm_5436421000135214644,5436421000056580050,DeKalb County School District
zcrm_5436421000135224150,5436421000056580068,Clarke County School District
zcrm_5436421000135216034,5436421000056580096,Barrow County School District
zcrm_5436421000135225049,5436421000056580113,Sarasota County School District
zcrm_5436421000135223086,5436421000056580115,Polk County School District
zcrm_5436421000135224616,5436421000056580120,Martin County School District
zcrm_5436421000135221062,5436421000056580121,Manatee County School District
zcrm_5436421000135205441,5436421000056580126,Lake County School District
zcrm_5436421000135213990,5436421000056580142,Duval County School District
zcrm_5436421000135201550,5436421000056580992,Boulder Valley School District RE-2
zcrm_5436421000135201116,5436421000056578441,Adlai E. Stevenson High School District 125
zcrm_5436421000135218066,5436421000056578664,Joliet Township High School District 204
zcrm_5436421000135214590,5436421000056580050,DeKalb County School District
zcrm_5436421000135222464,5436421000056580068,Clarke County School District
zcrm_5436421000135215106,5436421000056580096,Barrow County School District
zcrm_5436421000135224974,5436421000056580113,Sarasota County School District
zcrm_5436421000135223068,5436421000056580115,Polk County School District
zcrm_5436421000135223535,5436421000056580120,Martin County School District
zcrm_5436421000135218552,5436421000056580121,Manatee County School District
zcrm_5436421000135204579,5436421000056580126,Lake County School District
zcrm_5436421000135213984,5436421000056580142,Duval County School District
zcrm_5436421000135201482,5436421000056580992,Boulder Valley School District RE-2
zcrm_5436421000135201111,5436421000056578441,Adlai E. Stevenson High School District 125
zcrm_5436421000135217943,5436421000056578664,Joliet Township High School District 204
zcrm_5436421000135214031,5436421000056580050,DeKalb County School District
zcrm_5436421000135222176,5436421000056580068,Clarke County School District
zcrm_5436421000135210044,5436421000056580096,Barrow County School District
zcrm_5436421000135224971,5436421000056580113,Sarasota County School District
zcrm_5436421000135223063,5436421000056580115,Polk County School District
zcrm_5436421000135222056,5436421000056580120,Martin County School District
zcrm_5436421000135217588,5436421000056580121,Manatee County School District
zcrm_5436421000135204544,5436421000056580126,Lake County School District
zcrm_5436421000135213975,5436421000056580142,Duval County School District
zcrm_5436421000135201044,5436421000056580992,Boulder Valley School District RE-2
zcrm_5436421000135201109,5436421000056578441,Adlai E. Stevenson High School District 125
zcrm_5436421000135217578,5436421000056578664,Joliet Township High School District 204
zcrm_5436421000135214002,5436421000056580050,DeKalb County School District
zcrm_5436421000135222146,5436421000056580068,Clarke County School District
zcrm_5436421000135224655,5436421000056580113,Sarasota County School District
zcrm_5436421000135223057,5436421000056580115,Polk County School District
zcrm_5436421000135221647,5436421000056580120,Martin County School District
zcrm_5436421000135212094,5436421000056580121,Manatee County School District
zcrm_5436421000135204520,5436421000056580126,Lake County School District
zcrm_5436421000135213970,5436421000056580142,Duval County School District
zcrm_5436421000135201005,5436421000056580992,Boulder Valley School District RE-2
zcrm_5436421000135201094,5436421000056578441,Adlai E. Stevenson High School District 125
zcrm_5436421000135217123,5436421000056578664,Joliet Township High School District 204
zcrm_5436421000135213641,5436421000056580050,DeKalb County School District
zcrm_5436421000135222114,5436421000056580068,Clarke County School District
zcrm_5436421000135223502,5436421000056580113,Sarasota County School District
zcrm_5436421000135223056,5436421000056580115,Polk County School District
zcrm_5436421000135209602,5436421000056580120,Martin County School District
zcrm_5436421000135209478,5436421000056580121,Manatee County School District
zcrm_5436421000135204507,5436421000056580126,Lake County School District
zcrm_5436421000135213957,5436421000056580142,Duval County School District
zcrm_5436421000135200597,5436421000056580992,Boulder Valley School District RE-2
zcrm_5436421000135201059,5436421000056578441,Adlai E. Stevenson High School District 125
zcrm_5436421000135217096,5436421000056578664,Joliet Township High School District 204
zcrm_5436421000135213603,5436421000056580050,DeKalb County School District
zcrm_5436421000135221644,5436421000056580068,Clarke County School District
zcrm_5436421000135221671,5436421000056580113,Sarasota County School District
zcrm_5436421000135223052,5436421000056580115,Polk County School District
zcrm_5436421000135208682,5436421000056580120,Martin County School District
zcrm_5436421000135209066,5436421000056580121,Manatee County School District
zcrm_5436421000135204465,5436421000056580126,Lake County School District
zcrm_5436421000135213941,5436421000056580142,Duval County School District
zcrm_5436421000135200093,5436421000056580992,Boulder Valley School District RE-2
zcrm_5436421000135200990,5436421000056578441,Adlai E. Stevenson High School District 125
zcrm_5436421000135217095,5436421000056578664,Joliet Township High School District 204
zcrm_5436421000135211078,5436421000056580050,DeKalb County School District
zcrm_5436421000135221526,5436421000056580068,Clarke County School District
zcrm_5436421000135221186,5436421000056580113,Sarasota County School District
zcrm_5436421000135223051,5436421000056580115,Polk County School District
zcrm_5436421000135204620,5436421000056580120,Martin County School District
zcrm_5436421000135208026,5436421000056580121,Manatee County School District
zcrm_5436421000135202993,5436421000056580126,Lake County School District
zcrm_5436421000135213668,5436421000056580142,Duval County School District
zcrm_5436421000135200071,5436421000056580992,Boulder Valley School District RE-2
zcrm_5436421000135233522,5436421000056581055,Washington Unified School District
zcrm_5436421000135218036,5436421000056581056,Washington Colony Elementary School District
zcrm_5436421000135220445,5436421000056581060,Walnut Creek Elementary School District
zcrm_5436421000135232971,5436421000056581062,Visalia Unified School District
zcrm_5436421000135228574,5436421000056581066,Vallejo City Unified School District
zcrm_5436421000135233497,5436421000056581067,Vallecitos Elementary School District
zcrm_5436421000135222568,5436421000056581068,Vallecito Union Elementary School District
zcrm_5436421000135234090,5436421000056581070,Vacaville Unified School District
zcrm_5436421000135223965,5436421000056581071,Union Hill Elementary School District
zcrm_5436421000135217509,5436421000056581074,Two Rock Union Elementary School District
zcrm_5436421000135225941,5436421000056581078,Tulare Joint Union High School District
zcrm_5436421000135215076,5436421000056581080,Trona Joint Unified School District
zcrm_5436421000135209512,5436421000056581082,Trinidad Union Elementary School District
zcrm_5436421000135234125,5436421000056581086,Torrance Unified School District
zcrm_5436421000135214010,5436421000056581089,Thermalito Union School District
zcrm_5436421000135203662,5436421000056581093,Tehachapi Unified School District
zcrm_5436421000135220081,5436421000056581094,Tamalpais Union High School District
zcrm_5436421000135205077,5436421000056581095,Taft Union High School District
zcrm_5436421000135233611,5436421000056581097,Sylvan Union Elementary School District
zcrm_5436421000135220965,5436421000056581102,Sunnyside Union Elementary School District
zcrm_5436421000135234141,5436421000056581110,Stockton Unified School District
zcrm_5436421000135233963,5436421000056581111,Stanislaus Union Elementary School District
zcrm_5436421000135220565,5436421000056581114,Springville Union Elementary School District
zcrm_5436421000135216119,5436421000056581118,Southern Trinity Joint Unified School District
zcrm_5436421000135216155,5436421000056581119,Southern Humboldt Joint Unified School District
zcrm_5436421000135234045,5436421000056581120,South San Francisco Unified School District
zcrm_5436421000135225966,5436421000056581121,South Pasadena Unified School District
zcrm_5436421000135204070,5436421000056581122,South Fork Union School District
zcrm_5436421000135229585,5436421000056581123,South Bay Union School District
zcrm_5436421000135222536,5436421000056581124,South Bay Union Elementary School District
zcrm_5436421000135215001,5436421000056581125,Soulsbyville Elementary School District
zcrm_5436421000135230550,5436421000056581126,Soquel Elementary School District
zcrm_5436421000135220079,5436421000056581129,Sonoma Valley Unified School District
zcrm_5436421000135226678,5436421000056581131,Solvang Elementary School District
zcrm_5436421000135209463,5436421000056581134,Victor Valley Union High School District
zcrm_5436421000135234093,5436421000056581135,Snowline Joint Unified School District
zcrm_5436421000135234633,5436421000056581138,Simi Valley Unified School District
zcrm_5436421000135227032,5436421000056581139,Silver Valley Unified School District
zcrm_5436421000135220444,5436421000056581148,Shandon Joint Unified School District
zcrm_5436421000135227119,5436421000056581150,Sequoia Union High School District
zcrm_5436421000135205663,5436421000056581155,Seeley Union Elementary School District
zcrm_5436421000135222575,5436421000056581156,Sebastopol Union Elementary School District
zcrm_5436421000135234625,5436421000056581160,Saugus Union Elementary School District
zcrm_5436421000135200148,5436421000056581163,Santa Ynez Valley Union High School District
zcrm_5436421000135220488,5436421000056581164,Santa Rosa High School District
zcrm_5436421000135210987,5436421000056581166,Santa Rita Union Elementary School District
zcrm_5436421000135227592,5436421000056581167,Santa Monica-Malibu Unified School District
zcrm_5436421000135229010,5436421000056581168,Santa Maria Joint Union High School District
zcrm_5436421000135206166,5436421000056581172,Santa Clara Unified School District
zcrm_5436421000135213152,5436421000056581174,Sanger Unified School District
zcrm_5436421000135231097,5436421000056581175,San Ysidro Elementary School District
zcrm_5436421000135215156,5436421000056581180,San Pasqual Union Elementary School District
zcrm_5436421000135227949,5436421000056581181,San Miguel Joint Union Elementary School District
zcrm_5436421000135231672,5436421000056581182,San Mateo Union High School District
zcrm_5436421000135233637,5436421000056581183,San Mateo-Foster City Elementary School District
zcrm_5436421000135232568,5436421000056581188,San Lorenzo Unified School District
zcrm_5436421000135233581,5436421000056581190,San Juan Unified School District
zcrm_5436421000135211512,5436421000056581192,San Jacinto Unified School District
zcrm_5436421000135231528,5436421000056581193,San Gabriel Unified School District
zcrm_5436421000135233938,5436421000056581194,San Francisco Unified School District
zcrm_5436421000135229156,5436421000056581195,San Dieguito Union High School District
zcrm_5436421000135220136,5436421000056581196,San Diego City Unified School District
zcrm_5436421000135222686,5436421000056581197,San Carlos Elementary School District
zcrm_5436421000135220567,5436421000056581198,San Bruno Park Elementary School District
zcrm_5436421000135207671,5436421000056581199,San Benito High School District
zcrm_5436421000135234617,5436421000056581202,Salinas Union High School District
zcrm_5436421000135214104,5436421000056581462,Sacramento City Unified School District
zcrm_5436421000135220450,5436421000056581466,Roseville Joint Union High School District
zcrm_5436421000135226561,5436421000056581468,Rosemead Elementary School District
zcrm_5436421000135222685,5436421000056581469,Roseland School District
zcrm_5436421000135232010,5436421000056581470,Rosedale Union Elementary School District
zcrm_5436421000135213182,5436421000056581471,Romoland Elementary School District
zcrm_5436421000135220458,5436421000056581475,Riverside Unified School District
zcrm_5436421000135225123,5436421000056581478,Rio Elementary School District
zcrm_5436421000135204676,5436421000056581482,Rim of the World Unified School District
zcrm_5436421000135233126,5436421000056581483,West Contra Costa Unified School District
zcrm_5436421000135208669,5436421000056581487,Rialto Unified School District
zcrm_5436421000135217151,5436421000056581494,Redlands Unified School District
zcrm_5436421000135214485,5436421000056581496,Red Bluff Joint Union High School District
zcrm_5436421000135220613,5436421000056581497,Red Bluff Union Elementary School District
zcrm_5436421000135219053,5436421000056581501,Rancho Santa Fe Elementary School District
zcrm_5436421000135225467,5436421000056581505,Portola Valley Elementary School District
zcrm_5436421000135211134,5436421000056581509,Pomona Unified School District
zcrm_5436421000135225178,5436421000056581510,Pollock Pines Elementary School District
zcrm_5436421000135225552,5436421000056581513,Plumas Unified School District
zcrm_5436421000135220972,5436421000056581520,Planada Elementary School District
zcrm_5436421000135226051,5436421000056581522,Placerville Union Elementary School District
zcrm_5436421000135227546,5436421000056581523,Placer Union High School District
zcrm_5436421000135223528,5436421000056581524,Placer Hills Union Elementary School District
zcrm_5436421000135226681,5436421000056581526,Pixley Union Elementary School District
zcrm_5436421000135233530,5436421000056581527,Pittsburg Unified School District
zcrm_5436421000135233671,5436421000056581535,Petaluma Joint Union High School District
zcrm_5436421000135213137,5436421000056581537,Perris Union High School District
zcrm_5436421000135216184,5436421000056581538,Perris Elementary School District
zcrm_5436421000135234157,5436421000056581540,Patterson Joint Unified School District
zcrm_5436421000135234094,5436421000056581541,Pasadena Unified School District
zcrm_5436421000135216940,5436421000056581544,Paradise Elementary School District
zcrm_5436421000135219177,5436421000056581546,Palos Verdes Peninsula Unified School District
zcrm_5436421000135230470,5436421000056581547,Palo Verde Union Elementary School District
zcrm_5436421000135210139,5436421000056581550,Palmdale Elementary School District
zcrm_5436421000135234550,5436421000056581551,Palm Springs Unified School District
zcrm_5436421000135233444,5436421000056581553,Pajaro Valley Joint Unified School District
zcrm_5436421000135234567,5436421000056581559,Oxnard Union High School District
zcrm_5436421000135219982,5436421000056581560,Oxnard Elementary School District
zcrm_5436421000135230451,5436421000056581565,Oro Grande Elementary School District
zcrm_5436421000135217175,5436421000056581567,Orick Elementary School District
zcrm_5436421000135201991,5436421000056581570,Orange Unified School District
zcrm_5436421000135227962,5436421000056581571,Orange Center Elementary School District
zcrm_5436421000135220076,5436421000056581572,Ontario-Montclair School District
zcrm_5436421000135229497,5436421000056581574,Ojai Unified School District
zcrm_5436421000135231621,5436421000056581575,Oceanside Unified School District
zcrm_5436421000135228600,5436421000056581577,Ocean View Elementary School District
zcrm_5436421000135232650,5436421000056581578,Oakley Union Elementary School District
zcrm_5436421000135233092,5436421000056581579,Oakland Unified School District
zcrm_5436421000135225023,5436421000056581580,Oak View Union Elementary School District
zcrm_5436421000135223464,5436421000056581581,Oak Valley Union Elementary School District
zcrm_5436421000135220093,5436421000056581583,Oak Park Unified School District
zcrm_5436421000135226179,5436421000056581584,Oak Grove Union Elementary School District
zcrm_5436421000135224070,5436421000056581586,Nuview Union Elementary School District
zcrm_5436421000135226539,5436421000056581587,Nuestro Elementary School District
zcrm_5436421000135220628,5436421000056581589,Norwalk-La Mirada Unified School District
zcrm_5436421000135220135,5436421000056581590,North Monterey County Unified School District
zcrm_5436421000135204483,5436421000056581595,Newport-Mesa Unified School District
zcrm_5436421000135224439,5436421000056581598,Newcastle Elementary School District
zcrm_5436421000135234635,5436421000056581600,New Jerusalem Elementary School District
zcrm_5436421000135226998,5436421000056581601,New Hope Elementary School District
zcrm_5436421000135212083,5436421000056581602,New Haven Unified School District
zcrm_5436421000135225496,5436421000056581603,Nevada Joint Union High School District
zcrm_5436421000135233607,5436421000056581608,Muroc Joint Unified School District
zcrm_5436421000135220647,5436421000056581609,Mupu Elementary School District
zcrm_5436421000135227463,5436421000056581613,Mountain View-Los Altos Union School District
zcrm_5436421000135220673,5436421000056581620,Mother Lode Union Elementary School District
zcrm_5436421000135217682,5436421000056581621,Morongo Unified School District
zcrm_5436421000135233463,5436421000056581623,Moreno Valley Unified School District
zcrm_5436421000135213482,5436421000056581625,Moraga Elementary School District
zcrm_5436421000135229451,5436421000056581637,Modoc Joint Unified School District
zcrm_5436421000135233942,5436421000056581638,Modesto City High School District
zcrm_5436421000135209947,5436421000056581643,Mill Valley Elementary School District
zcrm_5436421000135227045,5436421000056581646,Mesa Union Elementary School District
zcrm_5436421000135233629,5436421000056581648,Merced Union High School District
zcrm_5436421000135212000,5436421000056581650,Merced City Elementary School District
zcrm_5436421000135234133,5436421000056581651,Menlo Park City Elementary School District
zcrm_5436421000135229622,5436421000056581654,Mendocino Unified School District
zcrm_5436421000135212183,5436421000056581655,Meadows Union Elementary School District
zcrm_5436421000135230543,5436421000056581658,McKinleyville Union Elementary School District
zcrm_5436421000135222090,5436421000056581659,McFarland Unified School District
zcrm_5436421000135228957,5436421000056581660,McCloud Union Elementary School District
zcrm_5436421000135225448,5436421000056581661,McCabe Union Elementary School District
zcrm_5436421000135220160,5436421000056581663,Marysville Joint Unified School District
zcrm_5436421000135220549,5436421000056581667,Mariposa County Unified School District
zcrm_5436421000135221441,5436421000056581668,Maricopa Unified School District
zcrm_5436421000135221532,5436421000056581670,Maple Elementary School District
zcrm_5436421000135218443,5436421000056581673,Manteca Unified School District
zcrm_5436421000135219438,5436421000056581678,Madera Unified School District
zcrm_5436421000135210561,5436421000056581679,Lynwood Unified School District
zcrm_5436421000135226187,5436421000056581681,Lucia Mar Unified School District
zcrm_5436421000135227177,5436421000056581682,Lucerne Elementary School District
zcrm_5436421000135215593,5436421000056581683,Lowell Joint Elementary School District
zcrm_5436421000135223625,5436421000056581685,Los Olivos Elementary School District
zcrm_5436421000135233644,5436421000056581686,Los Nietos Elementary School District
zcrm_5436421000135222537,5436421000056581688,Los Gatos Union Elementary School District
zcrm_5436421000135233946,5436421000056581689,Los Gatos-Saratoga Joint Union School District
zcrm_5436421000135225657,5436421000056581690,Los Banos Unified School District
zcrm_5436421000135232460,5436421000056581691,Los Angeles Unified School District
zcrm_5436421000135212977,5436421000056581696,Lompoc Unified School District
zcrm_5436421000135220579,5436421000056581697,Las Lomitas Elementary School District
zcrm_5436421000135230150,5436421000056581702,Livermore Valley Joint Unified School District
zcrm_5436421000135223497,5436421000056581703,Live Oak Unified School District
zcrm_5436421000135233127,5436421000056581708,Lindsay Unified School District
zcrm_5436421000135233108,5436421000056581709,Linden Unified School District
zcrm_5436421000135209155,5436421000056581710,Lincoln Unified School District
zcrm_5436421000135233613,5436421000056581711,Liberty Union High School District
zcrm_5436421000135229467,5436421000056581969,Liberty Elementary School District
zcrm_5436421000135232972,5436421000056581974,Lemoore Union High School District
zcrm_5436421000135222564,5436421000056581975,Lemoore Union Elementary School District
zcrm_5436421000135220562,5436421000056581976,Le Grand Union High School District
zcrm_5436421000135231625,5436421000056581978,Lawndale Elementary School District
zcrm_5436421000135203950,5436421000056581982,Lassen Union High School District
zcrm_5436421000135233659,5436421000056581983,Las Virgenes Unified School District
zcrm_5436421000135226584,5436421000056581990,Lakeport Unified School District
zcrm_5436421000135220026,5436421000056581993,Lagunitas Elementary School District
zcrm_5436421000135234593,5436421000056581997,Laguna Beach Unified School District
zcrm_5436421000135228165,5436421000056582003,Konocti Unified School District
zcrm_5436421000135224106,5436421000056582004,Knightsen Elementary School District
zcrm_5436421000135219511,5436421000056582005,Knights Ferry Elementary School District
zcrm_5436421000135220573,5436421000056582007,Klamath-Trinity Joint Unified School District
zcrm_5436421000135225989,5436421000056582009,Kit Carson Union Elementary School District
zcrm_5436421000135233947,5436421000056582011,Kingsburg Joint Union High School District
zcrm_5436421000135231520,5436421000056582014,Kings River Union Elementary School District
zcrm_5436421000135222499,5436421000056582016,King City Union Elementary School District
zcrm_5436421000135234062,5436421000056582019,Kernville Union Elementary School District
zcrm_5436421000135234578,5436421000056582020,Kern High School District
zcrm_5436421000135233504,5436421000056582021,Kerman Unified School District
zcrm_5436421000135228155,5436421000056582025,Kelseyville Unified School District
zcrm_5436421000135212501,5436421000056582026,Jurupa Unified School District
zcrm_5436421000135219441,5436421000056582032,Johnstonville Elementary School District
zcrm_5436421000135222963,5436421000056582034,Jefferson Union High School District
zcrm_5436421000135217998,5436421000056582038,Janesville Union Elementary School District
zcrm_5436421000135229540,5436421000056582039,Jamul-Dulzura Union Elementary School District
zcrm_5436421000135227584,5436421000056582051,Hueneme Elementary School District
zcrm_5436421000135228678,5436421000056582054,Hornbrook Elementary School District
zcrm_5436421000135225983,5436421000056582055,Horicon Elementary School District
zcrm_5436421000135230569,5436421000056582061,Hillsborough City Elementary School District
zcrm_5436421000135234066,5436421000056582064,Hemet Unified School District
zcrm_5436421000135231127,5436421000056582066,Heber Elementary School District
zcrm_5436421000135201156,5436421000056582067,Hayward Unified School District
zcrm_5436421000135213492,5436421000056582068,Hawthorne Elementary School District
zcrm_5436421000135228686,5436421000056582073,Happy Camp Union Elementary School District
zcrm_5436421000135205949,5436421000056582074,Hanford Joint Union High School District
zcrm_5436421000135234611,5436421000056582075,Hanford Elementary School District
zcrm_5436421000135219144,5436421000056582078,Guerneville Elementary School District
zcrm_5436421000135223072,5436421000056582079,Cucamonga Elementary School District
zcrm_5436421000135224499,5436421000056582080,Guadalupe Union Elementary School District
zcrm_5436421000135208644,5436421000056582084,Greenfield Union School District
zcrm_5436421000135222148,5436421000056582087,Gravenstein Union Elementary School District
zcrm_5436421000135233091,5436421000056582089,Grass Valley Elementary School District
zcrm_5436421000135224478,5436421000056582090,Grant Elementary School District
zcrm_5436421000135212556,5436421000056582092,Goleta Union Elementary School District
zcrm_5436421000135224635,5436421000056582095,Gold Oak Union Elementary School District
zcrm_5436421000135224061,5436421000056582102,Gateway Unified School District
zcrm_5436421000135227447,5436421000056582103,Garvey Elementary School District
zcrm_5436421000135228499,5436421000056582108,Fullerton Joint Union High School District
zcrm_5436421000135232475,5436421000056582110,Fruitvale Elementary School District
zcrm_5436421000135233518,5436421000056582111,Fresno Unified School District
zcrm_5436421000135231000,5436421000056582115,Fremont Unified School District
zcrm_5436421000135234590,5436421000056582121,Fort Ross Elementary School District
zcrm_5436421000135217439,5436421000056582124,Forestville Union Elementary School District
zcrm_5436421000135230665,5436421000056582127,Folsom-Cordova Unified School District
zcrm_5436421000135234104,5436421000056582130,Fillmore Unified School District
zcrm_5436421000135219658,5436421000056582131,Fieldbrook Elementary School District
zcrm_5436421000135232656,5436421000056582133,Fairfield-Suisun Unified School District
zcrm_5436421000135234005,5436421000056582137,Eureka Union Elementary School District
zcrm_5436421000135212527,5436421000056582138,Etiwanda Elementary School District
zcrm_5436421000135231123,5436421000056582140,Escondido Union High School District
zcrm_5436421000135224674,5436421000056582142,Escalon Unified School District
zcrm_5436421000135230103,5436421000056582148,Elk Hills Elementary School District
zcrm_5436421000135221630,5436421000056582149,El Segundo Unified School District
zcrm_5436421000135200661,5436421000056582150,El Rancho Unified School District
zcrm_5436421000135221982,5436421000056582152,El Monte Union High School District
zcrm_5436421000135231592,5436421000056582155,El Centro Elementary School District
zcrm_5436421000135232482,5436421000056582157,Eastside Union Elementary School District
zcrm_5436421000135235123,5436421000056582160,East Side Union High School District
zcrm_5436421000135223958,5436421000056582161,East Nicolaus Joint Union High School District
zcrm_5436421000135223469,5436421000056582162,Earlimart Elementary School District
zcrm_5436421000135223076,5436421000056582163,Durham Unified School District
zcrm_5436421000135228676,5436421000056582165,Dunsmuir Elementary School District
zcrm_5436421000135227013,5436421000056582168,Duarte Unified School District
zcrm_5436421000135220131,5436421000056582170,Downey Unified School District
zcrm_5436421000135212458,5436421000056582172,Dixon Unified School District
zcrm_5436421000135219524,5436421000056582173,Dixie Elementary School District
zcrm_5436421000135216672,5436421000056582174,Di Giorgio Elementary School District
zcrm_5436421000135234015,5436421000056582175,Desert Sands Unified School District
zcrm_5436421000135226045,5436421000056582177,Denair Unified School District
zcrm_5436421000135234091,5436421000056582180,Delano Joint Union High School District
zcrm_5436421000135227150,5436421000056582181,Del Norte County Unified School District
zcrm_5436421000135234022,5436421000056582185,Davis Joint Unified School District
zcrm_5436421000135230961,5436421000056582187,Cutten Elementary School District
zcrm_5436421000135211957,5436421000056582191,Culver City Unified School District
zcrm_5436421000135232686,5436421000056582193,Covina-Valley Unified School District
zcrm_5436421000135232467,5436421000056582195,Cotati-Rohnert Park Unified School District
zcrm_5436421000135222519,5436421000056582198,Corning Union High School District
zcrm_5436421000135207590,5436421000056582200,Corcoran Joint Unified School District
zcrm_5436421000135234120,5436421000056582202,Conejo Valley Unified School District
zcrm_5436421000135218008,5436421000056582204,Colusa Unified School District
zcrm_5436421000135226674,5436421000056582209,Cold Spring Elementary School District
zcrm_5436421000135211593,5436421000056582211,Coalinga-Huron Unified School District
zcrm_5436421000135220165,5436421000056582212,Coachella Valley Unified School District
zcrm_5436421000135228114,5436421000056582213,Cloverdale Unified School District
zcrm_5436421000135230077,5436421000056582218,Cienega Union Elementary School District
zcrm_5436421000135218684,5436421000056582478,Chowchilla Union High School District
zcrm_5436421000135230613,5436421000056582479,Chowchilla Elementary School District
zcrm_5436421000135208187,5436421000056582480,Chino Valley Unified School District
zcrm_5436421000135233997,5436421000056582485,Chaffey Joint Union High School District
zcrm_5436421000135233657,5436421000056582486,Ceres Unified School District
zcrm_5436421000135225012,5436421000056582489,Central Union Elementary School District
zcrm_5436421000135232500,5436421000056582493,Castro Valley Unified School District
zcrm_5436421000135224492,5436421000056582496,Cascade Union Elementary School District
zcrm_5436421000135225164,5436421000056582498,Carmel Unified School District
zcrm_5436421000135213566,5436421000056582499,Carlsbad Unified School District
zcrm_5436421000135220164,5436421000056582504,Campbell Union High School District
zcrm_5436421000135230093,5436421000056582505,Campbell Union Elementary School District
zcrm_5436421000135226183,5436421000056582507,Cambrian Elementary School District
zcrm_5436421000135224069,5436421000056582508,Calistoga Joint Unified School District
zcrm_5436421000135234490,5436421000056582511,Calexico Unified School District
zcrm_5436421000135228130,5436421000056582515,Buttonwillow Union Elementary School District
zcrm_5436421000135220121,5436421000056582523,Panama-Buena Vista School District
zcrm_5436421000135206006,5436421000056582524,Buena Park Elementary School District
zcrm_5436421000135221512,5436421000056582530,Briggs Elementary School District
zcrm_5436421000135221511,5436421000056582532,Bret Harte Union High School District
zcrm_5436421000135214029,5436421000056582534,Brea-Olinda Unified School District
zcrm_5436421000135223132,5436421000056582535,Brawley Union High School District
zcrm_5436421000135225471,5436421000056582536,Brawley Elementary School District
zcrm_5436421000135200094,5436421000056582540,Bonita Unified School District
zcrm_5436421000135230562,5436421000056582541,Santa Maria-Bonita Elementary School District
zcrm_5436421000135222139,5436421000056582548,Black Butte Union Elementary School District
zcrm_5436421000135228668,5436421000056582552,Big Springs Union Elementary School District
zcrm_5436421000135219452,5436421000056582553,Big Pine Unified School District
zcrm_5436421000135234018,5436421000056582556,Beverly Hills Unified School District
zcrm_5436421000135206450,5436421000056582558,Berkeley Unified School District
zcrm_5436421000135222958,5436421000056582561,Belmont-Redwood Shores Elementary School District
zcrm_5436421000135233579,5436421000056582563,Bellflower Unified School District
zcrm_5436421000135210977,5436421000056582566,Beaumont Unified School District
zcrm_5436421000135207663,5436421000056582570,Bassett Unified School District
zcrm_5436421000135226518,5436421000056582571,Bass Lake Joint Union Elementary School District
zcrm_5436421000135228082,5436421000056582572,Barstow Unified School District
zcrm_5436421000135205492,5436421000056582573,Banning Unified School District
zcrm_5436421000135228163,5436421000056582578,Bakersfield City School District
zcrm_5436421000135224640,5436421000056582585,Armona Union Elementary School District
zcrm_5436421000135229478,5436421000056582591,Antioch Unified School District
zcrm_5436421000135234144,5436421000056582592,Antelope Valley Union Joint High School District
zcrm_5436421000135225599,5436421000056582593,Antelope Elementary School District
zcrm_5436421000135226989,5436421000056582595,Anderson Union High School District
zcrm_5436421000135213109,5436421000056582597,Anaheim Elementary School District
zcrm_5436421000135220521,5436421000056582602,Alum Rock Union Elementary School District
zcrm_5436421000135232027,5436421000056582604,Alta Vista Elementary School District
zcrm_5436421000135228170,5436421000056582605,Alta Loma Elementary School District
zcrm_5436421000135217618,5436421000056582607,Alpine County Unified School District
zcrm_5436421000135229063,5436421000056582608,Alpaugh Unified School District
zcrm_5436421000135231623,5436421000056582610,Alisal Union Elementary School District
zcrm_5436421000135220602,5436421000056582616,Acalanes Union High School District
zcrm_5436421000135213533,5436421000056582617,ABC Unified School District
zcrm_5436421000135226151,5436421000056582618,Upper Lake Unified School District
zcrm_5436421000135225474,5436421000056582621,Exeter Unified School District
zcrm_5436421000135226512,5436421000056582624,Woodlake Unified School District
zcrm_5436421000135233995,5436421000056582626,Santa Barbara Unified School District
zcrm_5436421000135234604,5436421000056582627,Lammersville Joint Unified School District
zcrm_5436421000135233037,5436421000056582629,Hamilton Unified School District
zcrm_5436421000135211610,5436421000056582630,Twin Rivers Unified School District
zcrm_5436421000135227554,5436421000056582632,Yosemite Unified School District
zcrm_5436421000135210169,5436421000056582634,Turlock Unified School District
zcrm_5436421000135234624,5436421000056582635,Alhambra Unified School District
zcrm_5436421000135227064,5436421000056582639,Caruthers Unified School District
zcrm_5436421000135219946,5436421000056582640,Dinuba Unified School District
zcrm_5436421000135234601,5436421000056582644,Riverbank Unified School District
zcrm_5436421000135230609,5436421000056582647,Gridley Unified School District
zcrm_5436421000135211144,5436421000056582649,Paso Robles Joint Unified School District
zcrm_5436421000135233027,5436421000056582652,Orland Joint Unified School District
zcrm_5436421000135219484,5436421000056582654,Warner Unified School District
zcrm_5436421000135204110,5436421000056582655,Riverdale Joint Unified School District
zcrm_5436421000135210969,5436421000056582659,Natomas Unified School District
zcrm_5436421000135232545,5436421000056582660,Farmersville Unified School District
zcrm_5436421000135220992,5436421000056582661,Windsor Unified School District
zcrm_5436421000135225669,5436421000056582662,Dos Palos-Oro Loma Joint Unified School District
zcrm_5436421000135234544,5436421000056582665,Murrieta Valley Unified School District
zcrm_5436421000135234072,5436421000056582666,Temecula Valley Unified School District
zcrm_5436421000135234162,5436421000056582667,Lake Elsinore Unified School District
zcrm_5436421000135222551,5436421000056582669,Manhattan Beach Unified School District
zcrm_5436421000135230449,5436421000056582672,Pleasanton Unified School District
zcrm_5436421000135230068,5436421000056582673,Dublin Unified School District
zcrm_5436421000135234081,5436421000056582676,Upland Unified School District
zcrm_5436421000135231002,5436421000056582678,Hesperia Unified School District
zcrm_5436421000135220527,5436421000056582681,Fort Sage Unified School District
zcrm_5436421000135231012,5436421000056582684,Acton-Agua Dulce Unified School District
zcrm_5436421000135204149,5436421000056582685,Yellville-Summit School District
zcrm_5436421000135203596,5436421000056582690,West Side School District
zcrm_5436421000135204023,5436421000056582707,South Side-Bee Branch School District
zcrm_5436421000135219575,5436421000056582710,Smackover-Norphlet School District
zcrm_5436421000135200504,5436421000056582712,Siloam Springs Schools
zcrm_5436421000135211041,5436421000056582717,Russellville Schools
zcrm_5436421000135214530,5436421000056582719,Rogers Public Schools
zcrm_5436421000135206181,5436421000056582993,Norfork Schools
zcrm_5436421000135234680,5436421000056582998,Mountainburg Schools
zcrm_5436421000135211498,5436421000056583005,Mena Public Schools
zcrm_5436421000135222948,5436421000056583018,Magazine Schools
zcrm_5436421000135210940,5436421000056583022,Lavaca Public Schools
zcrm_5436421000135234640,5436421000056583029,Jonesboro Public Schools
zcrm_5436421000135203137,5436421000056583047,Harmony Grove School District
zcrm_5436421000135228501,5436421000056583060,Gentry Public Schools
zcrm_5436421000135232143,5436421000056583063,Fort Smith Public Schools
zcrm_5436421000135210663,5436421000056583099,Westside Consolidated School District
zcrm_5436421000135203618,5436421000056583104,Bryant Public Schools
zcrm_5436421000135228480,5436421000056583115,Bentonville Public Schools
zcrm_5436421000135202507,5436421000056583157,Izard Cty Consolidated Schools
zcrm_5436421000135206175,5436421000056583164,Corning Public Schools
zcrm_5436421000135226015,5436421000056583167,Sedona-Oak Creek Joint Unified District
zcrm_5436421000135222970,5436421000056583174,Window Rock Unified District
zcrm_5436421000135202953,5436421000056583182,Wellton Elementary District
zcrm_5436421000135233176,5436421000056583183,Washington Elementary District
zcrm_5436421000135218450,5436421000056583185,Valentine Elementary District
zcrm_5436421000135235090,5436421000056583186,Vail Unified District
zcrm_5436421000135218631,5436421000056583188,Tucson Unified District
zcrm_5436421000135228446,5436421000056583193,Tolleson Union High School District
zcrm_5436421000135211011,5436421000056583198,Tempe School District
zcrm_5436421000135228503,5436421000056583199,Tanque Verde Unified District
zcrm_5436421000135233164,5436421000056583201,Sunnyside Unified District
zcrm_5436421000135230549,5436421000056583206,Snowflake Unified District
zcrm_5436421000135217117,5436421000056583211,Seligman Unified District
zcrm_5436421000135215073,5436421000056583212,Santa Cruz Valley Union High School District
zcrm_5436421000135234055,5436421000056583213,Santa Cruz Valley Unified District
zcrm_5436421000135232073,5436421000056583217,Sahuarita Unified District
zcrm_5436421000135227489,5436421000056583220,Saddle Mountain Unified School District
zcrm_5436421000135204630,5436421000056583224,San Carlos Unified District
zcrm_5436421000135228569,5436421000056583229,Queen Creek Unified District
zcrm_5436421000135203094,5436421000056583231,Sanders Unified District
zcrm_5436421000135228579,5436421000056583495,Phoenix Union High School District
zcrm_5436421000135213677,5436421000056583505,Paradise Valley Unified District
zcrm_5436421000135211104,5436421000056583508,Page Unified District
zcrm_5436421000135223182,5436421000056583514,Nadaburg Unified School District
zcrm_5436421000135222978,5436421000056583516,Murphy Elementary District
zcrm_5436421000135214607,5436421000056583518,Morenci Unified District
zcrm_5436421000135221452,5436421000056583522,Mingus Union High School District
zcrm_5436421000135220556,5436421000056583524,Mesa Unified District
zcrm_5436421000135228482,5436421000056583529,Maricopa Unified School District
zcrm_5436421000135231598,5436421000056583530,Marana Unified District
zcrm_5436421000135220142,5436421000056583536,Litchfield Elementary District
zcrm_5436421000135234129,5436421000056583537,Liberty Elementary District
zcrm_5436421000135206160,5436421000056583538,Laveen Elementary District
zcrm_5436421000135204069,5436421000056583540,Kyrene Elementary District
zcrm_5436421000135202653,5436421000056583543,Kayenta Unified District
zcrm_5436421000135228642,5436421000056583545,Isaac Elementary District
zcrm_5436421000135233537,5436421000056583546,Indian Oasis-Baboquivari Unified District
zcrm_5436421000135202176,5436421000056583550,Higley Unified District
zcrm_5436421000135233546,5436421000056583556,Glendale Elementary District
zcrm_5436421000135209146,5436421000056583557,Gilbert Unified District
zcrm_5436421000135205591,5436421000056583559,Ganado Unified District
zcrm_5436421000135227957,5436421000056583562,Fort Huachuca Accommodation District
zcrm_5436421000135224160,5436421000056583566,Flowing Wells Unified District
zcrm_5436421000135228057,5436421000056583567,Florence Unified School District
zcrm_5436421000135220063,5436421000056583576,Creighton Elementary District
zcrm_5436421000135209583,5436421000056583577,Crane Elementary District
zcrm_5436421000135226138,5436421000056583594,Sierra Vista Unified District
zcrm_5436421000135233958,5436421000056583595,Buckeye Union High School District
zcrm_5436421000135204168,5436421000056583613,Amphitheater Unified District
zcrm_5436421000135228468,5436421000056583618,Agua Fria Union High School District
zcrm_5436421000135200156,5436421000056583619,Kingman Unified School District
zcrm_5436421000135211536,5436421000056583623,Pinon Unified District
zcrm_5436421000135202542,5436421000056583681,Winston County School District
zcrm_5436421000135227091,5436421000056583686,Vestavia Hills City School District
zcrm_5436421000135233160,5436421000056583689,Tuscaloosa City School District
zcrm_5436421000135233065,5436421000056583691,Thomasville City School District
zcrm_5436421000135204494,5436421000056583692,Tarrant City School District
zcrm_5436421000135225139,5436421000056583695,Talladega County School District
zcrm_5436421000135208146,5436421000056583697,Sylacauga City School District
zcrm_5436421000135207016,5436421000056583698,Sumter County School District
zcrm_5436421000135221071,5436421000056583699,St. Clair County School District
zcrm_5436421000135234068,5436421000056583700,Shelby County School District
zcrm_5436421000135232142,5436421000056583703,Scottsboro City School District
zcrm_5436421000135226551,5436421000056583705,Russell County School District
zcrm_5436421000135202949,5436421000056583711,Phenix City City School District
zcrm_5436421000135225505,5436421000056583714,Oxford City School District
zcrm_5436421000135225171,5436421000056583720,Morgan County School District
zcrm_5436421000135227537,5436421000056583721,Monroe County School District
zcrm_5436421000135227594,5436421000056583723,Marion County School District
zcrm_5436421000135233586,5436421000056583725,Madison County School District
zcrm_5436421000135228025,5436421000056583727,Lowndes County School District
zcrm_5436421000135227945,5436421000056583729,Limestone County School District
zcrm_5436421000135223652,5436421000056583730,Lee County School District
zcrm_5436421000135233170,5436421000056583732,Lauderdale County School District
zcrm_5436421000135203011,5436421000056583733,Lanett City School District
zcrm_5436421000135209683,5436421000056583736,Jasper City School District
zcrm_5436421000135228050,5436421000056583737,Jacksonville City School District
zcrm_5436421000135226945,5436421000056584002,Hale County School District
zcrm_5436421000135227571,5436421000056584006,Geneva City School District
zcrm_5436421000135210069,5436421000056584007,Gadsden City School District
zcrm_5436421000135230133,5436421000056584008,Franklin County School District
zcrm_5436421000135231439,5436421000056584009,Fort Payne City School District
zcrm_5436421000135214058,5436421000056584011,Fayette County School District
zcrm_5436421000135222179,5436421000056584013,Eufaula City School District
zcrm_5436421000135231582,5436421000056584014,Etowah County School District
zcrm_5436421000135225113,5436421000056584015,Enterprise City School District
zcrm_5436421000135226018,5436421000056584020,Decatur City School District
zcrm_5436421000135202032,5436421000056584021,DeKalb County School District
zcrm_5436421000135206463,5436421000056584022,Dallas County School District
zcrm_5436421000135223640,5436421000056584024,Dale County School District
zcrm_5436421000135232490,5436421000056584025,Cullman County School District
zcrm_5436421000135229473,5436421000056584027,Crenshaw County School District
zcrm_5436421000135221077,5436421000056584030,Conecuh County School District
zcrm_5436421000135203981,5436421000056584031,Colbert County School District
zcrm_5436421000135207466,5436421000056584034,Clay County School District
zcrm_5436421000135224481,5436421000056584035,Clarke County School District
zcrm_5436421000135232622,5436421000056584036,Choctaw County School District
zcrm_5436421000135213973,5436421000056584040,Calhoun County School District
zcrm_5436421000135227098,5436421000056584042,Bullock County School District
zcrm_5436421000135230443,5436421000056584044,Blount County School District
zcrm_5436421000135229978,5436421000056584046,Bessemer City School District
zcrm_5436421000135227112,5436421000056584047,Baldwin County School District
zcrm_5436421000135202439,5436421000056584048,Autauga County School District
zcrm_5436421000135233077,5436421000056584049,Auburn City School District
zcrm_5436421000135210588,5436421000056584050,Gulf Shores City School District
zcrm_5436421000135225631,5436421000056584051,Pike Road City School District
zcrm_5436421000135227040,5436421000056584052,Pelham City School District
zcrm_5436421000135231641,5436421000056584053,Alabaster City School District
zcrm_5436421000135209145,5436421000056584055,Chickasaw City School District
zcrm_5436421000135228028,5436421000056584056,Saraland City School District
zcrm_5436421000135208456,5436421000056584060,Anniston City School District
zcrm_5436421000135223149,5436421000056584062,Alexander City City School District
zcrm_5436421000135234089,5436421000056584063,Trussville City School District
zcrm_5436421000135200552,5436421000056584065,Leeds City School District
zcrm_5436421000135230128,5436421000056584066,Madison City School District
zcrm_5436421000135230060,5436421000056584069,Albertville City School District
zcrm_5436421000135231976,5436421000056581055,Washington Unified School District
zcrm_5436421000135232101,5436421000056581062,Visalia Unified School District
zcrm_5436421000135226508,5436421000056581066,Vallejo City Unified School District
zcrm_5436421000135227604,5436421000056581067,Vallecitos Elementary School District
zcrm_5436421000135225439,5436421000056581078,Tulare Joint Union High School District
zcrm_5436421000135234131,5436421000056581110,Stockton Unified School District
zcrm_5436421000135232978,5436421000056581120,South San Francisco Unified School District
zcrm_5436421000135222503,5436421000056581121,South Pasadena Unified School District
zcrm_5436421000135204968,5436421000056581124,South Bay Union Elementary School District
zcrm_5436421000135223034,5436421000056581126,Soquel Elementary School District
zcrm_5436421000135218981,5436421000056581131,Solvang Elementary School District
zcrm_5436421000135233578,5436421000056581135,Snowline Joint Unified School District
zcrm_5436421000135211951,5436421000056581138,Simi Valley Unified School District
zcrm_5436421000135223067,5436421000056581139,Silver Valley Unified School District
zcrm_5436421000135224687,5436421000056581150,Sequoia Union High School District
zcrm_5436421000135216661,5436421000056581156,Sebastopol Union Elementary School District
zcrm_5436421000135200106,5436421000056581163,Santa Ynez Valley Union High School District
zcrm_5436421000135220138,5436421000056581164,Santa Rosa High School District
zcrm_5436421000135222137,5436421000056581167,Santa Monica-Malibu Unified School District
zcrm_5436421000135220090,5436421000056581168,Santa Maria Joint Union High School District
zcrm_5436421000135212466,5436421000056581174,Sanger Unified School District
zcrm_5436421000135212500,5436421000056581175,San Ysidro Elementary School District
zcrm_5436421000135223983,5436421000056581181,San Miguel Joint Union Elementary School District
zcrm_5436421000135231570,5436421000056581182,San Mateo Union High School District
zcrm_5436421000135233636,5436421000056581183,San Mateo-Foster City Elementary School District
zcrm_5436421000135232139,5436421000056581188,San Lorenzo Unified School District
zcrm_5436421000135227951,5436421000056581189,San Leandro Unified School District
zcrm_5436421000135232965,5436421000056581190,San Juan Unified School District
zcrm_5436421000135226522,5436421000056581193,San Gabriel Unified School District
zcrm_5436421000135228582,5436421000056581194,San Francisco Unified School District
zcrm_5436421000135227100,5436421000056581195,San Dieguito Union High School District
zcrm_5436421000135215117,5436421000056581196,San Diego City Unified School District
zcrm_5436421000135234613,5436421000056581202,Salinas Union High School District
zcrm_5436421000135220082,5436421000056581466,Roseville Joint Union High School District
zcrm_5436421000135226040,5436421000056581468,Rosemead Elementary School District
zcrm_5436421000135225569,5436421000056581470,Rosedale Union Elementary School District
zcrm_5436421000135211440,5436421000056581471,Romoland Elementary School District
zcrm_5436421000135220099,5436421000056581475,Riverside Unified School District
zcrm_5436421000135220110,5436421000056581478,Rio Elementary School District
zcrm_5436421000135220148,5436421000056581483,West Contra Costa Unified School District
zcrm_5436421000135225521,5436421000056581485,Richgrove Elementary School District
zcrm_5436421000135202181,5436421000056581487,Rialto Unified School District
zcrm_5436421000135204154,5436421000056581494,Redlands Unified School District
zcrm_5436421000135220120,5436421000056581505,Portola Valley Elementary School District
zcrm_5436421000135210974,5436421000056581509,Pomona Unified School District
zcrm_5436421000135215048,5436421000056581520,Planada Elementary School District
zcrm_5436421000135227529,5436421000056581523,Placer Union High School District
zcrm_5436421000135234631,5436421000056581525,Placentia-Yorba Linda Unified School District
zcrm_5436421000135218990,5436421000056581526,Pixley Union Elementary School District
zcrm_5436421000135201989,5436421000056581527,Pittsburg Unified School District
zcrm_5436421000135212950,5436421000056581537,Perris Union High School District
zcrm_5436421000135204139,5436421000056581538,Perris Elementary School District
zcrm_5436421000135217017,5436421000056581541,Pasadena Unified School District
zcrm_5436421000135234527,5436421000056581551,Palm Springs Unified School District
zcrm_5436421000135233029,5436421000056581553,Pajaro Valley Joint Unified School District
zcrm_5436421000135234566,5436421000056581559,Oxnard Union High School District
zcrm_5436421000135218021,5436421000056581560,Oxnard Elementary School District
zcrm_5436421000135229666,5436421000056581565,Oro Grande Elementary School District
zcrm_5436421000135220048,5436421000056581572,Ontario-Montclair School District
zcrm_5436421000135226117,5436421000056581574,Ojai Unified School District
zcrm_5436421000135220552,5436421000056581579,Oakland Unified School District
zcrm_5436421000135218650,5436421000056581580,Oak View Union Elementary School District
zcrm_5436421000135217042,5436421000056581581,Oak Valley Union Elementary School District
zcrm_5436421000135213168,5436421000056581583,Oak Park Unified School District
zcrm_5436421000135218451,5436421000056581584,Oak Grove Union Elementary School District
zcrm_5436421000135222058,5436421000056581586,Nuview Union Elementary School District
zcrm_5436421000135218545,5436421000056581587,Nuestro Elementary School District
zcrm_5436421000135220515,5436421000056581589,Norwalk-La Mirada Unified School District
zcrm_5436421000135210533,5436421000056581590,North Monterey County Unified School District
zcrm_5436421000135226677,5436421000056581600,New Jerusalem Elementary School District
zcrm_5436421000135213582,5436421000056581603,Nevada Joint Union High School District
zcrm_5436421000135232964,5436421000056581608,Muroc Joint Unified School District
zcrm_5436421000135220631,5436421000056581613,Mountain View-Los Altos Union School District
zcrm_5436421000135057991,5436421000056581621,Morongo Unified School District
zcrm_5436421000135209551,5436421000056581623,Moreno Valley Unified School District
zcrm_5436421000135213106,5436421000056581625,Moraga Elementary School District
zcrm_5436421000135228118,5436421000056581638,Modesto City High School District
zcrm_5436421000135228556,5436421000056581648,Merced Union High School District
zcrm_5436421000135206994,5436421000056581650,Merced City Elementary School District
zcrm_5436421000135227044,5436421000056581658,McKinleyville Union Elementary School District
zcrm_5436421000135217035,5436421000056581661,McCabe Union Elementary School District
zcrm_5436421000135220159,5436421000056581663,Marysville Joint Unified School District
zcrm_5436421000135220438,5436421000056581667,Mariposa County Unified School District
zcrm_5436421000135203976,5436421000056581673,Manteca Unified School District
zcrm_5436421000135212954,5436421000056581678,Madera Unified School District
zcrm_5436421000135226147,5436421000056581681,Lucia Mar Unified School District
zcrm_5436421000135216994,5436421000056581682,Lucerne Elementary School District
zcrm_5436421000135218061,5436421000056581689,Los Gatos-Saratoga Joint Union School District
zcrm_5436421000135224623,5436421000056581690,Los Banos Unified School District
zcrm_5436421000135232091,5436421000056581691,Los Angeles Unified School District
zcrm_5436421000135212506,5436421000056581696,Lompoc Unified School District
zcrm_5436421000135230014,5436421000056581702,Livermore Valley Joint Unified School District
zcrm_5436421000135227120,5436421000056581708,Lindsay Unified School District
zcrm_5436421000135233610,5436421000056581711,Liberty Union High School District
zcrm_5436421000135228065,5436421000056581969,Liberty Elementary School District
zcrm_5436421000135230058,5436421000056581974,Lemoore Union High School District
zcrm_5436421000135218590,5436421000056581976,Le Grand Union High School District
zcrm_5436421000135208648,5436421000056581978,Lawndale Elementary School District
zcrm_5436421000135203538,5436421000056581982,Lassen Union High School District
zcrm_5436421000135213085,5436421000056581983,Las Virgenes Unified School District
zcrm_5436421000135225013,5436421000056581990,Lakeport Unified School District
zcrm_5436421000135226648,5436421000056581997,Laguna Beach Unified School District
zcrm_5436421000135225142,5436421000056582003,Konocti Unified School District
zcrm_5436421000135217502,5436421000056582007,Klamath-Trinity Joint Unified School District
zcrm_5436421000135225022,5436421000056582014,Kings River Union Elementary School District
zcrm_5436421000135231044,5436421000056582020,Kern High School District
zcrm_5436421000135219467,5436421000056582021,Kerman Unified School District
zcrm_5436421000135223986,5436421000056582025,Kelseyville Unified School District
zcrm_5436421000135212481,5436421000056582026,Jurupa Unified School District
zcrm_5436421000135222961,5436421000056582034,Jefferson Union High School District
zcrm_5436421000135226001,5436421000056582039,Jamul-Dulzura Union Elementary School District
zcrm_5436421000135226562,5436421000056582051,Hueneme Elementary School District
zcrm_5436421000135217569,5436421000056582055,Horicon Elementary School District
zcrm_5436421000135222998,5436421000056582061,Hillsborough City Elementary School District
zcrm_5436421000135206015,5436421000056582064,Hemet Unified School District
zcrm_5436421000135224641,5436421000056582066,Heber Elementary School District
zcrm_5436421000135200983,5436421000056582067,Hayward Unified School District
zcrm_5436421000135230983,5436421000056582075,Hanford Elementary School District
zcrm_5436421000135223013,5436421000056582079,Cucamonga Elementary School District
zcrm_5436421000135206620,5436421000056582084,Greenfield Union School District
zcrm_5436421000135212180,5436421000056582092,Goleta Union Elementary School District
zcrm_5436421000135217048,5436421000056582095,Gold Oak Union Elementary School District
zcrm_5436421000135221595,5436421000056582102,Gateway Unified School District
zcrm_5436421000135226582,5436421000056582103,Garvey Elementary School District
zcrm_5436421000135231608,5436421000056582110,Fruitvale Elementary School District
zcrm_5436421000135219979,5436421000056582111,Fresno Unified School District
zcrm_5436421000135211539,5436421000056582127,Folsom-Cordova Unified School District
zcrm_5436421000135232131,5436421000056582133,Fairfield-Suisun Unified School District
zcrm_5436421000135212124,5436421000056582138,Etiwanda Elementary School District
zcrm_5436421000135228148,5436421000056582140,Escondido Union High School District
zcrm_5436421000135223491,5436421000056582142,Escalon Unified School District
zcrm_5436421000135221495,5436421000056582149,El Segundo Unified School District
zcrm_5436421000135220503,5436421000056582152,El Monte Union High School District
zcrm_5436421000135230125,5436421000056582155,El Centro Elementary School District
zcrm_5436421000135212148,5436421000056582157,Eastside Union Elementary School District
zcrm_5436421000135235120,5436421000056582160,East Side Union High School District
zcrm_5436421000135226621,5436421000056582168,Duarte Unified School District
zcrm_5436421000135217623,5436421000056582173,Dixie Elementary School District
zcrm_5436421000135232022,5436421000056582180,Delano Joint Union High School District
zcrm_5436421000135225978,5436421000056582181,Del Norte County Unified School District
zcrm_5436421000135220175,5436421000056582185,Davis Joint Unified School District
zcrm_5436421000135230953,5436421000056582187,Cutten Elementary School District
zcrm_5436421000135219159,5436421000056582189,Curtis Creek Elementary School District
zcrm_5436421000135232155,5436421000056582193,Covina-Valley Unified School District
zcrm_5436421000135230468,5436421000056582195,Cotati-Rohnert Park Unified School District
zcrm_5436421000135220456,5436421000056582202,Conejo Valley Unified School District
zcrm_5436421000135207643,5436421000056582211,Coalinga-Huron Unified School District
zcrm_5436421000135217455,5436421000056582212,Coachella Valley Unified School District
zcrm_5436421000135224956,5436421000056582213,Cloverdale Unified School District
zcrm_5436421000135234616,5436421000056582216,Claremont Unified School District
zcrm_5436421000135230002,5436421000056582218,Cienega Union Elementary School District
zcrm_5436421000135215524,5436421000056582478,Chowchilla Union High School District
zcrm_5436421000135227019,5436421000056582479,Chowchilla Elementary School District
zcrm_5436421000135218555,5436421000056582485,Chaffey Joint Union High School District
zcrm_5436421000135221668,5436421000056582486,Ceres Unified School District
zcrm_5436421000135218468,5436421000056582489,Central Union Elementary School District
zcrm_5436421000135221974,5436421000056582498,Carmel Unified School District
zcrm_5436421000135226564,5436421000056582505,Campbell Union Elementary School District
zcrm_5436421000135223440,5436421000056582507,Cambrian Elementary School District
zcrm_5436421000135231016,5436421000056582511,Calexico Unified School District
zcrm_5436421000135204600,5436421000056582523,Panama-Buena Vista School District
zcrm_5436421000135217684,5436421000056582530,Briggs Elementary School District
zcrm_5436421000135220449,5436421000056582532,Bret Harte Union High School District
zcrm_5436421000135222110,5436421000056582535,Brawley Union High School District
zcrm_5436421000135204488,5436421000056582536,Brawley Elementary School District
zcrm_5436421000135227049,5436421000056582541,Santa Maria-Bonita Elementary School District
zcrm_5436421000135210503,5436421000056582556,Beverly Hills Unified School District
zcrm_5436421000135203994,5436421000056582558,Berkeley Unified School District
zcrm_5436421000135205644,5436421000056582563,Bellflower Unified School District
zcrm_5436421000135223172,5436421000056582571,Bass Lake Joint Union Elementary School District
zcrm_5436421000135227470,5436421000056582572,Barstow Unified School District
zcrm_5436421000135227655,5436421000056582578,Bakersfield City School District
zcrm_5436421000135227448,5436421000056582587,Arcohe Union Elementary School District
zcrm_5436421000135228097,5436421000056582591,Antioch Unified School District
zcrm_5436421000135228479,5436421000056582592,Antelope Valley Union Joint High School District
zcrm_5436421000135226964,5436421000056582595,Anderson Union High School District
zcrm_5436421000135211048,5436421000056582597,Anaheim Elementary School District
zcrm_5436421000135228159,5436421000056582604,Alta Vista Elementary School District
zcrm_5436421000135226571,5436421000056582605,Alta Loma Elementary School District
zcrm_5436421000135231620,5436421000056582610,Alisal Union Elementary School District
zcrm_5436421000135220461,5436421000056582616,Acalanes Union High School District
zcrm_5436421000135212153,5436421000056582617,ABC Unified School District
zcrm_5436421000135216111,5436421000056582618,Upper Lake Unified School District
zcrm_5436421000135225079,5436421000056582621,Exeter Unified School District
zcrm_5436421000135222477,5436421000056582624,Woodlake Unified School District
zcrm_5436421000135217142,5436421000056582626,Santa Barbara Unified School District
zcrm_5436421000135230658,5436421000056582627,Lammersville Joint Unified School District
zcrm_5436421000135204980,5436421000056582634,Turlock Unified School District
zcrm_5436421000135223024,5436421000056582639,Caruthers Unified School District
zcrm_5436421000135202019,5436421000056582640,Dinuba Unified School District
zcrm_5436421000135226999,5436421000056582647,Gridley Unified School District
zcrm_5436421000135207633,5436421000056582648,Coast Unified School District
zcrm_5436421000135231476,5436421000056582652,Orland Joint Unified School District
zcrm_5436421000135210468,5436421000056582659,Natomas Unified School District
zcrm_5436421000135231619,5436421000056582660,Farmersville Unified School District
zcrm_5436421000135234516,5436421000056582665,Murrieta Valley Unified School District
zcrm_5436421000135220097,5436421000056582666,Temecula Valley Unified School District
zcrm_5436421000135233135,5436421000056582667,Lake Elsinore Unified School District
zcrm_5436421000135206165,5436421000056582669,Manhattan Beach Unified School District
zcrm_5436421000135229546,5436421000056582672,Pleasanton Unified School District
zcrm_5436421000135220583,5436421000056582673,Dublin Unified School District
zcrm_5436421000135220130,5436421000056582675,Apple Valley Unified School District
zcrm_5436421000135230592,5436421000056582678,Hesperia Unified School District
zcrm_5436421000135220475,5436421000056582681,Fort Sage Unified School District
zcrm_5436421000135215478,5436421000056582684,Acton-Agua Dulce Unified School District
zcrm_5436421000135201464,5436421000056582710,Smackover-Norphlet School District
zcrm_5436421000135214052,5436421000056582719,Rogers Public Schools
zcrm_5436421000135234644,5436421000056582998,Mountainburg Schools
zcrm_5436421000135203487,5436421000056583005,Mena Public Schools
zcrm_5436421000135203104,5436421000056583016,Mammoth Spring Schools
zcrm_5436421000135218977,5436421000056583018,Magazine Schools
zcrm_5436421000135230653,5436421000056583029,Jonesboro Public Schools
zcrm_5436421000135231955,5436421000056583063,Fort Smith Public Schools
zcrm_5436421000135211018,5436421000056583115,Bentonville Public Schools
zcrm_5436421000135220633,5436421000056583183,Washington Elementary District
zcrm_5436421000135234675,5436421000056583186,Vail Unified District
zcrm_5436421000135210057,5436421000056583188,Tucson Unified District
zcrm_5436421000135211564,5436421000056583189,Tuba City Unified District
zcrm_5436421000135204439,5436421000056583198,Tempe School District
zcrm_5436421000135214636,5436421000056583212,Santa Cruz Valley Union High School District
zcrm_5436421000135207136,5436421000056583213,Santa Cruz Valley Unified District
zcrm_5436421000135230165,5436421000056583217,Sahuarita Unified District
zcrm_5436421000135224996,5436421000056583220,Saddle Mountain Unified School District
zcrm_5436421000135205105,5436421000056583229,Queen Creek Unified District
zcrm_5436421000135220033,5436421000056583495,Phoenix Union High School District
zcrm_5436421000135209052,5436421000056583524,Mesa Unified District
zcrm_5436421000135220522,5436421000056583529,Maricopa Unified School District
zcrm_5436421000135202002,5436421000056583545,Isaac Elementary District
zcrm_5436421000135224182,5436421000056583546,Indian Oasis-Baboquivari Unified District
zcrm_5436421000135204640,5436421000056583557,Gilbert Unified District
zcrm_5436421000135205941,5436421000056583594,Sierra Vista Unified District
zcrm_5436421000135210944,5436421000056583595,Buckeye Union High School District
zcrm_5436421000135210676,5436421000056583618,Agua Fria Union High School District
zcrm_5436421000135226080,5436421000056583686,Vestavia Hills City School District
zcrm_5436421000135233157,5436421000056583689,Tuscaloosa City School District
zcrm_5436421000135234085,5436421000056583694,Tallapoosa County School District
zcrm_5436421000135225102,5436421000056583695,Talladega County School District
zcrm_5436421000135214185,5436421000056583699,St. Clair County School District
zcrm_5436421000135213611,5436421000056583700,Shelby County School District
zcrm_5436421000135227175,5436421000056583703,Scottsboro City School District
zcrm_5436421000135216016,5436421000056583723,Marion County School District
zcrm_5436421000135233585,5436421000056583725,Madison County School District
zcrm_5436421000135227944,5436421000056583729,Limestone County School District
zcrm_5436421000135231999,5436421000056583732,Lauderdale County School District
zcrm_5436421000135227072,5436421000056583999,Henry County School District
zcrm_5436421000135228012,5436421000056584008,Franklin County School District
zcrm_5436421000135230009,5436421000056584009,Fort Payne City School District
zcrm_5436421000135222178,5436421000056584013,Eufaula City School District
zcrm_5436421000135230136,5436421000056584014,Etowah County School District
zcrm_5436421000135223133,5436421000056584015,Enterprise City School District
zcrm_5436421000135223548,5436421000056584020,Decatur City School District
zcrm_5436421000135216072,5436421000056584024,Dale County School District
zcrm_5436421000135232488,5436421000056584025,Cullman County School District
zcrm_5436421000135228059,5436421000056584027,Crenshaw County School District
zcrm_5436421000135202152,5436421000056584031,Colbert County School District
zcrm_5436421000135224097,5436421000056584035,Clarke County School District
zcrm_5436421000135207128,5436421000056584040,Calhoun County School District
zcrm_5436421000135219672,5436421000056584042,Bullock County School District
zcrm_5436421000135223970,5436421000056584044,Blount County School District
zcrm_5436421000135228015,5436421000056584046,Bessemer City School District
zcrm_5436421000135221501,5436421000056584047,Baldwin County School District
zcrm_5436421000135233075,5436421000056584049,Auburn City School District
zcrm_5436421000135221681,5436421000056584051,Pike Road City School District
zcrm_5436421000135230167,5436421000056584053,Alabaster City School District
zcrm_5436421000135208140,5436421000056584055,Chickasaw City School District
zcrm_5436421000135229498,5436421000056584063,Trussville City School District
zcrm_5436421000135229484,5436421000056584066,Madison City School District
zcrm_5436421000135229977,5436421000056581055,Washington Unified School District
zcrm_5436421000135231160,5436421000056581062,Visalia Unified School District
zcrm_5436421000135226076,5436421000056581066,Vallejo City Unified School District
zcrm_5436421000135223534,5436421000056581078,Tulare Joint Union High School District
zcrm_5436421000135233183,5436421000056581110,Stockton Unified School District
zcrm_5436421000135222648,5436421000056581126,Soquel Elementary School District
zcrm_5436421000135211067,5436421000056581135,Snowline Joint Unified School District
zcrm_5436421000135211939,5436421000056581138,Simi Valley Unified School District
zcrm_5436421000135222982,5436421000056581139,Silver Valley Unified School District
zcrm_5436421000135220608,5436421000056581150,Sequoia Union High School District
zcrm_5436421000135204120,5436421000056581168,Santa Maria Joint Union High School District
zcrm_5436421000135212155,5436421000056581174,Sanger Unified School District
zcrm_5436421000135210054,5436421000056581175,San Ysidro Elementary School District
zcrm_5436421000135229959,5436421000056581182,San Mateo Union High School District
zcrm_5436421000135232016,5436421000056581188,San Lorenzo Unified School District
zcrm_5436421000135227576,5436421000056581189,San Leandro Unified School District
zcrm_5436421000135232620,5436421000056581190,San Juan Unified School District
zcrm_5436421000135226128,5436421000056581195,San Dieguito Union High School District
zcrm_5436421000135213687,5436421000056581196,San Diego City Unified School District
zcrm_5436421000135222678,5436421000056581202,Salinas Union High School District
zcrm_5436421000135223982,5436421000056581468,Rosemead Elementary School District
zcrm_5436421000135213471,5436421000056581475,Riverside Unified School District
zcrm_5436421000135212940,5436421000056581478,Rio Elementary School District
zcrm_5436421000135213959,5436421000056581483,West Contra Costa Unified School District
zcrm_5436421000135219600,5436421000056581505,Portola Valley Elementary School District
zcrm_5436421000135202021,5436421000056581509,Pomona Unified School District
zcrm_5436421000135226006,5436421000056581523,Placer Union High School District
zcrm_5436421000135223105,5436421000056581525,Placentia-Yorba Linda Unified School District
zcrm_5436421000135201960,5436421000056581527,Pittsburg Unified School District
zcrm_5436421000135211176,5436421000056581537,Perris Union High School District
zcrm_5436421000135234525,5436421000056581551,Palm Springs Unified School District
zcrm_5436421000135228092,5436421000056581553,Pajaro Valley Joint Unified School District
zcrm_5436421000135234557,5436421000056581559,Oxnard Union High School District
zcrm_5436421000135214998,5436421000056581560,Oxnard Elementary School District
zcrm_5436421000135226519,5436421000056581565,Oro Grande Elementary School District
zcrm_5436421000135205165,5436421000056581572,Ontario-Montclair School District
zcrm_5436421000135223130,5436421000056581574,Ojai Unified School District
zcrm_5436421000135220112,5436421000056581579,Oakland Unified School District
zcrm_5436421000135209067,5436421000056581583,Oak Park Unified School District
zcrm_5436421000135222057,5436421000056581586,Nuview Union Elementary School District
zcrm_5436421000135220472,5436421000056581589,Norwalk-La Mirada Unified School District
zcrm_5436421000135226627,5436421000056581600,New Jerusalem Elementary School District
zcrm_5436421000135226510,5436421000056581608,Muroc Joint Unified School District
zcrm_5436421000135209490,5436421000056581623,Moreno Valley Unified School District
zcrm_5436421000135228105,5436421000056581638,Modesto City High School District
zcrm_5436421000135219123,5436421000056581658,McKinleyville Union Elementary School District
zcrm_5436421000135220151,5436421000056581663,Marysville Joint Unified School District
zcrm_5436421000135210146,5436421000056581678,Madera Unified School District
zcrm_5436421000135225633,5436421000056581681,Lucia Mar Unified School District
zcrm_5436421000135223972,5436421000056581690,Los Banos Unified School District
zcrm_5436421000135232078,5436421000056581691,Los Angeles Unified School District
zcrm_5436421000135228557,5436421000056581700,Lodi Unified School District
zcrm_5436421000135226047,5436421000056581702,Livermore Valley Joint Unified School District
zcrm_5436421000135226056,5436421000056581708,Lindsay Unified School District
zcrm_5436421000135225655,5436421000056581969,Liberty Elementary School District
zcrm_5436421000135227608,5436421000056581974,Lemoore Union High School District
zcrm_5436421000135218508,5436421000056581976,Le Grand Union High School District
zcrm_5436421000135203463,5436421000056581982,Lassen Union High School District
zcrm_5436421000135224119,5436421000056581990,Lakeport Unified School District
zcrm_5436421000135226634,5436421000056581997,Laguna Beach Unified School District
zcrm_5436421000135220653,5436421000056582002,La Caefbfbdada Unified School District
zcrm_5436421000135223953,5436421000056582003,Konocti Unified School District
zcrm_5436421000135208951,5436421000056582007,Klamath-Trinity Joint Unified School District
zcrm_5436421000135231037,5436421000056582020,Kern High School District
zcrm_5436421000135212634,5436421000056582021,Kerman Unified School District
zcrm_5436421000135212439,5436421000056582026,Jurupa Unified School District
zcrm_5436421000135213084,5436421000056582039,Jamul-Dulzura Union Elementary School District
zcrm_5436421000135226127,5436421000056582051,Hueneme Elementary School District
zcrm_5436421000135217494,5436421000056582055,Horicon Elementary School District
zcrm_5436421000135230966,5436421000056582075,Hanford Elementary School District
zcrm_5436421000135223678,5436421000056582103,Garvey Elementary School District
zcrm_5436421000135210114,5436421000056582110,Fruitvale Elementary School District
zcrm_5436421000135229126,5436421000056582133,Fairfield-Suisun Unified School District
zcrm_5436421000135206036,5436421000056582138,Etiwanda Elementary School District
zcrm_5436421000135216946,5436421000056582140,Escondido Union High School District
zcrm_5436421000135221510,5436421000056582142,Escalon Unified School District
zcrm_5436421000135205072,5436421000056582149,El Segundo Unified School District
zcrm_5436421000135219174,5436421000056582152,El Monte Union High School District
zcrm_5436421000135227609,5436421000056582155,El Centro Elementary School District
zcrm_5436421000135200544,5436421000056582157,Eastside Union Elementary School District
zcrm_5436421000135235118,5436421000056582160,East Side Union High School District
zcrm_5436421000135225652,5436421000056582181,Del Norte County Unified School District
zcrm_5436421000135217140,5436421000056582185,Davis Joint Unified School District
zcrm_5436421000135230589,5436421000056582187,Cutten Elementary School District
zcrm_5436421000135232023,5436421000056582193,Covina-Valley Unified School District
zcrm_5436421000135220073,5436421000056582202,Conejo Valley Unified School District
zcrm_5436421000135210595,5436421000056582212,Coachella Valley Unified School District
zcrm_5436421000135234500,5436421000056582216,Claremont Unified School District
zcrm_5436421000135227482,5436421000056582218,Cienega Union Elementary School District
zcrm_5436421000135203624,5436421000056582478,Chowchilla Union High School District
zcrm_5436421000135226967,5436421000056582479,Chowchilla Elementary School District
zcrm_5436421000135211001,5436421000056582485,Chaffey Joint Union High School District
zcrm_5436421000135220480,5436421000056582486,Ceres Unified School District
zcrm_5436421000135217635,5436421000056582489,Central Union Elementary School District
zcrm_5436421000135217993,5436421000056582498,Carmel Unified School District
zcrm_5436421000135225002,5436421000056582505,Campbell Union Elementary School District
zcrm_5436421000135223179,5436421000056582507,Cambrian Elementary School District
zcrm_5436421000135226647,5436421000056582511,Calexico Unified School District
zcrm_5436421000135205079,5436421000056582535,Brawley Union High School District
zcrm_5436421000135227005,5436421000056582541,Santa Maria-Bonita Elementary School District
zcrm_5436421000135202443,5436421000056582558,Berkeley Unified School District
zcrm_5436421000135226146,5436421000056582572,Barstow Unified School District
zcrm_5436421000135233588,5436421000056582577,Baldwin Park Unified School District
zcrm_5436421000135227153,5436421000056582578,Bakersfield City School District
zcrm_5436421000135227125,5436421000056582587,Arcohe Union Elementary School District
zcrm_5436421000135228034,5436421000056582591,Antioch Unified School District
zcrm_5436421000135217159,5436421000056582592,Antelope Valley Union Joint High School District
zcrm_5436421000135203683,5436421000056582595,Anderson Union High School District
zcrm_5436421000135206108,5436421000056582597,Anaheim Elementary School District
zcrm_5436421000135235099,5436421000056582599,Alvord Unified School District
zcrm_5436421000135225112,5436421000056582605,Alta Loma Elementary School District
zcrm_5436421000135230043,5436421000056582610,Alisal Union Elementary School District
zcrm_5436421000135220179,5436421000056582616,Acalanes Union High School District
zcrm_5436421000135225644,5436421000056582620,Penn Valley Union Elementary School District
zcrm_5436421000135224452,5436421000056582621,Exeter Unified School District
zcrm_5436421000135214954,5436421000056582624,Woodlake Unified School District
zcrm_5436421000135230566,5436421000056582627,Lammersville Joint Unified School District
zcrm_5436421000135225077,5436421000056582652,Orland Joint Unified School District
zcrm_5436421000135229506,5436421000056582660,Farmersville Unified School District
zcrm_5436421000135234498,5436421000056582665,Murrieta Valley Unified School District
zcrm_5436421000135220080,5436421000056582666,Temecula Valley Unified School District
zcrm_5436421000135233115,5436421000056582667,Lake Elsinore Unified School District
zcrm_5436421000135229054,5436421000056582672,Pleasanton Unified School District
zcrm_5436421000135220466,5436421000056582673,Dublin Unified School District
zcrm_5436421000135227068,5436421000056582678,Hesperia Unified School District
zcrm_5436421000135210115,5436421000056582719,Rogers Public Schools
zcrm_5436421000135218953,5436421000056583018,Magazine Schools
zcrm_5436421000135230635,5436421000056583029,Jonesboro Public Schools
zcrm_5436421000135231943,5436421000056583063,Fort Smith Public Schools
zcrm_5436421000135209651,5436421000056583183,Washington Elementary District
zcrm_5436421000135203091,5436421000056583188,Tucson Unified District
zcrm_5436421000135211563,5436421000056583189,Tuba City Unified District
zcrm_5436421000135224601,5436421000056583217,Sahuarita Unified District
zcrm_5436421000135221945,5436421000056583220,Saddle Mountain Unified School District
zcrm_5436421000135219558,5436421000056583495,Phoenix Union High School District
zcrm_5436421000135206602,5436421000056583524,Mesa Unified District
zcrm_5436421000135205990,5436421000056583618,Agua Fria Union High School District
zcrm_5436421000135223939,5436421000056583686,Vestavia Hills City School District
zcrm_5436421000135212496,5436421000056583689,Tuscaloosa City School District
zcrm_5436421000135224172,5436421000056583694,Tallapoosa County School District
zcrm_5436421000135220478,5436421000056583695,Talladega County School District
zcrm_5436421000135210444,5436421000056583699,St. Clair County School District
zcrm_5436421000135211495,5436421000056583701,Sheffield City School District
zcrm_5436421000135227667,5436421000056583729,Limestone County School District
zcrm_5436421000135231494,5436421000056583732,Lauderdale County School District
zcrm_5436421000135227995,5436421000056584008,Franklin County School District
zcrm_5436421000135215675,5436421000056584015,Enterprise City School District
zcrm_5436421000135219496,5436421000056584020,Decatur City School District
zcrm_5436421000135229458,5436421000056584025,Cullman County School District
zcrm_5436421000135218652,5436421000056584042,Bullock County School District
zcrm_5436421000135202549,5436421000056584044,Blount County School District
zcrm_5436421000135222034,5436421000056584046,Bessemer City School District
zcrm_5436421000135214028,5436421000056584047,Baldwin County School District
zcrm_5436421000135232632,5436421000056584049,Auburn City School District
zcrm_5436421000135225625,5436421000056584053,Alabaster City School District
zcrm_5436421000135223686,5436421000056584063,Trussville City School District
zcrm_5436421000135228442,5436421000056584066,Madison City School District
zcrm_5436421000135229128,5436421000056581055,Washington Unified School District
zcrm_5436421000135228158,5436421000056581062,Visalia Unified School District
zcrm_5436421000135225986,5436421000056581066,Vallejo City Unified School District
zcrm_5436421000135222612,5436421000056581078,Tulare Joint Union High School District
zcrm_5436421000135226466,5436421000056581110,Stockton Unified School District
zcrm_5436421000135218672,5436421000056581126,Soquel Elementary School District
zcrm_5436421000135208536,5436421000056581135,Snowline Joint Unified School District
zcrm_5436421000135211613,5436421000056581138,Simi Valley Unified School District
zcrm_5436421000135222946,5436421000056581139,Silver Valley Unified School District
zcrm_5436421000135203979,5436421000056581168,Santa Maria Joint Union High School District
zcrm_5436421000135234502,5436421000056581169,Santa Cruz City High School District
zcrm_5436421000135212129,5436421000056581174,Sanger Unified School District
zcrm_5436421000135229574,5436421000056581182,San Mateo Union High School District
zcrm_5436421000135231664,5436421000056581188,San Lorenzo Unified School District
zcrm_5436421000135226175,5436421000056581189,San Leandro Unified School District
zcrm_5436421000135232610,5436421000056581190,San Juan Unified School District
zcrm_5436421000135223941,5436421000056581195,San Dieguito Union High School District
zcrm_5436421000135215483,5436421000056581202,Salinas Union High School District
zcrm_5436421000135223128,5436421000056581468,Rosemead Elementary School District
zcrm_5436421000135212135,5436421000056581475,Riverside Unified School District
zcrm_5436421000135212453,5436421000056581478,Rio Elementary School District
zcrm_5436421000135202940,5436421000056581483,West Contra Costa Unified School District
zcrm_5436421000135225451,5436421000056581523,Placer Union High School District
zcrm_5436421000135210041,5436421000056581537,Perris Union High School District
zcrm_5436421000135234681,5436421000056581543,Paramount Unified School District
zcrm_5436421000135234513,5436421000056581551,Palm Springs Unified School District
zcrm_5436421000135225522,5436421000056581553,Pajaro Valley Joint Unified School District
zcrm_5436421000135222954,5436421000056581559,Oxnard Union High School District
zcrm_5436421000135213027,5436421000056581560,Oxnard Elementary School District
zcrm_5436421000135225106,5436421000056581565,Oro Grande Elementary School District
zcrm_5436421000135202071,5436421000056581572,Ontario-Montclair School District
zcrm_5436421000135217067,5436421000056581579,Oakland Unified School District
zcrm_5436421000135220187,5436421000056581589,Norwalk-La Mirada Unified School District
zcrm_5436421000135219169,5436421000056581600,New Jerusalem Elementary School District
zcrm_5436421000135224104,5436421000056581608,Muroc Joint Unified School District
zcrm_5436421000135228090,5436421000056581638,Modesto City High School District
zcrm_5436421000135207080,5436421000056581663,Marysville Joint Unified School District
zcrm_5436421000135208683,5436421000056581678,Madera Unified School District
zcrm_5436421000135225137,5436421000056581681,Lucia Mar Unified School District
zcrm_5436421000135222570,5436421000056581690,Los Banos Unified School District
zcrm_5436421000135231626,5436421000056581691,Los Angeles Unified School District
zcrm_5436421000135220675,5436421000056581702,Livermore Valley Joint Unified School District
zcrm_5436421000135224055,5436421000056581708,Lindsay Unified School District
zcrm_5436421000135220986,5436421000056581974,Lemoore Union High School District
zcrm_5436421000135218144,5436421000056581990,Lakeport Unified School District
zcrm_5436421000135223053,5436421000056581997,Laguna Beach Unified School District
zcrm_5436421000135221090,5436421000056582003,Konocti Unified School District
zcrm_5436421000135200036,5436421000056582007,Klamath-Trinity Joint Unified School District
zcrm_5436421000135219158,5436421000056582020,Kern High School District
zcrm_5436421000135226084,5436421000056582051,Hueneme Elementary School District
zcrm_5436421000135230574,5436421000056582075,Hanford Elementary School District
zcrm_5436421000135222559,5436421000056582103,Garvey Elementary School District
zcrm_5436421000135228112,5436421000056582133,Fairfield-Suisun Unified School District
zcrm_5436421000135213448,5436421000056582140,Escondido Union High School District
zcrm_5436421000135221459,5436421000056582142,Escalon Unified School District
zcrm_5436421000135212525,5436421000056582152,El Monte Union High School District
zcrm_5436421000135225075,5436421000056582155,El Centro Elementary School District
zcrm_5436421000135235115,5436421000056582160,East Side Union High School District
zcrm_5436421000135224008,5436421000056582181,Del Norte County Unified School District
zcrm_5436421000135206172,5436421000056582185,Davis Joint Unified School District
zcrm_5436421000135232020,5436421000056582193,Covina-Valley Unified School District
zcrm_5436421000135209639,5436421000056582212,Coachella Valley Unified School District
zcrm_5436421000135234487,5436421000056582216,Claremont Unified School District
zcrm_5436421000135226638,5436421000056582479,Chowchilla Elementary School District
zcrm_5436421000135224646,5436421000056582505,Campbell Union Elementary School District
zcrm_5436421000135221592,5436421000056582507,Cambrian Elementary School District
zcrm_5436421000135226955,5436421000056582541,Santa Maria-Bonita Elementary School District
zcrm_5436421000135225945,5436421000056582572,Barstow Unified School District
zcrm_5436421000135227095,5436421000056582578,Bakersfield City School District
zcrm_5436421000135228011,5436421000056582591,Antioch Unified School District
zcrm_5436421000135235092,5436421000056582599,Alvord Unified School District
zcrm_5436421000135224626,5436421000056582605,Alta Loma Elementary School District
zcrm_5436421000135227166,5436421000056582610,Alisal Union Elementary School District
zcrm_5436421000135207147,5436421000056582616,Acalanes Union High School District
zcrm_5436421000135222000,5436421000056582621,Exeter Unified School District
zcrm_5436421000135226976,5436421000056582627,Lammersville Joint Unified School District
zcrm_5436421000135223979,5436421000056582652,Orland Joint Unified School District
zcrm_5436421000135229071,5436421000056582660,Farmersville Unified School District
zcrm_5436421000135234491,5436421000056582665,Murrieta Valley Unified School District
zcrm_5436421000135214055,5436421000056582666,Temecula Valley Unified School District
zcrm_5436421000135232999,5436421000056582667,Lake Elsinore Unified School District
zcrm_5436421000135227034,5436421000056582678,Hesperia Unified School District
zcrm_5436421000135230632,5436421000056583029,Jonesboro Public Schools
zcrm_5436421000135231559,5436421000056583063,Fort Smith Public Schools
zcrm_5436421000135201173,5436421000056583183,Washington Elementary District
zcrm_5436421000135202112,5436421000056583188,Tucson Unified District
zcrm_5436421000135207582,5436421000056583189,Tuba City Unified District
zcrm_5436421000135223672,5436421000056583217,Sahuarita Unified District
zcrm_5436421000135218070,5436421000056583495,Phoenix Union High School District
zcrm_5436421000135205523,5436421000056583524,Mesa Unified District
zcrm_5436421000135200088,5436421000056583686,Vestavia Hills City School District
zcrm_5436421000135206168,5436421000056583689,Tuscaloosa City School District
zcrm_5436421000135225939,5436421000056583729,Limestone County School District
zcrm_5436421000135227642,5436421000056583732,Lauderdale County School District
zcrm_5436421000135209065,5436421000056584008,Franklin County School District
zcrm_5436421000135208946,5436421000056584020,Decatur City School District
zcrm_5436421000135227618,5436421000056584025,Cullman County School District
zcrm_5436421000135217451,5436421000056584042,Bullock County School District
zcrm_5436421000135230092,5436421000056584049,Auburn City School District
zcrm_5436421000135225536,5436421000056584053,Alabaster City School District
zcrm_5436421000135221113,5436421000056584063,Trussville City School District
zcrm_5436421000135227568,5436421000056584066,Madison City School District
zcrm_5436421000135229107,5436421000056581055,Washington Unified School District
zcrm_5436421000135228088,5436421000056581062,Visalia Unified School District
zcrm_5436421000135225974,5436421000056581066,Vallejo City Unified School District
zcrm_5436421000135221559,5436421000056581078,Tulare Joint Union High School District
zcrm_5436421000135235067,5436421000056581091,Templeton Unified School District
zcrm_5436421000135225982,5436421000056581110,Stockton Unified School District
zcrm_5436421000135206022,5436421000056581135,Snowline Joint Unified School District
zcrm_5436421000135211547,5436421000056581138,Simi Valley Unified School District
zcrm_5436421000135222683,5436421000056581139,Silver Valley Unified School District
zcrm_5436421000135202623,5436421000056581168,Santa Maria Joint Union High School District
zcrm_5436421000135222951,5436421000056581169,Santa Cruz City High School District
zcrm_5436421000135212090,5436421000056581174,Sanger Unified School District
zcrm_5436421000135228178,5436421000056581182,San Mateo Union High School District
zcrm_5436421000135231654,5436421000056581188,San Lorenzo Unified School District
zcrm_5436421000135226003,5436421000056581189,San Leandro Unified School District
zcrm_5436421000135232044,5436421000056581190,San Juan Unified School District
zcrm_5436421000135223578,5436421000056581195,San Dieguito Union High School District
zcrm_5436421000135215141,5436421000056581202,Salinas Union High School District
zcrm_5436421000135220652,5436421000056581468,Rosemead Elementary School District
zcrm_5436421000135212132,5436421000056581475,Riverside Unified School District
zcrm_5436421000135223622,5436421000056581523,Placer Union High School District
zcrm_5436421000135234673,5436421000056581543,Paramount Unified School District
zcrm_5436421000135234473,5436421000056581551,Palm Springs Unified School District
zcrm_5436421000135225484,5436421000056581553,Pajaro Valley Joint Unified School District
zcrm_5436421000135222953,5436421000056581559,Oxnard Union High School District
zcrm_5436421000135206561,5436421000056581560,Oxnard Elementary School District
zcrm_5436421000135222505,5436421000056581565,Oro Grande Elementary School District
zcrm_5436421000135201626,5436421000056581579,Oakland Unified School District
zcrm_5436421000135216618,5436421000056581589,Norwalk-La Mirada Unified School District
zcrm_5436421000135215603,5436421000056581600,New Jerusalem Elementary School District
zcrm_5436421000135223660,5436421000056581608,Muroc Joint Unified School District
zcrm_5436421000135228084,5436421000056581638,Modesto City High School District
zcrm_5436421000135207079,5436421000056581663,Marysville Joint Unified School District
zcrm_5436421000135208000,5436421000056581678,Madera Unified School District
zcrm_5436421000135224552,5436421000056581681,Lucia Mar Unified School District
zcrm_5436421000135222478,5436421000056581690,Los Banos Unified School District
zcrm_5436421000135229969,5436421000056581691,Los Angeles Unified School District
zcrm_5436421000135220611,5436421000056581702,Livermore Valley Joint Unified School District
zcrm_5436421000135222558,5436421000056581708,Lindsay Unified School District
zcrm_5436421000135223021,5436421000056581997,Laguna Beach Unified School District
zcrm_5436421000135219110,5436421000056582020,Kern High School District
zcrm_5436421000135226008,5436421000056582051,Hueneme Elementary School District
zcrm_5436421000135227067,5436421000056582075,Hanford Elementary School District
zcrm_5436421000135221442,5436421000056582103,Garvey Elementary School District
zcrm_5436421000135228081,5436421000056582133,Fairfield-Suisun Unified School District
zcrm_5436421000135224186,5436421000056582155,El Centro Elementary School District
zcrm_5436421000135235106,5436421000056582160,East Side Union High School District
zcrm_5436421000135223978,5436421000056582181,Del Norte County Unified School District
zcrm_5436421000135230059,5436421000056582193,Covina-Valley Unified School District
zcrm_5436421000135231006,5436421000056582216,Claremont Unified School District
zcrm_5436421000135223079,5436421000056582479,Chowchilla Elementary School District
zcrm_5436421000135222080,5436421000056582505,Campbell Union Elementary School District
zcrm_5436421000135226636,5436421000056582541,Santa Maria-Bonita Elementary School District
zcrm_5436421000135225527,5436421000056582572,Barstow Unified School District
zcrm_5436421000135226513,5436421000056582578,Bakersfield City School District
zcrm_5436421000135227663,5436421000056582591,Antioch Unified School District
zcrm_5436421000135223627,5436421000056582605,Alta Loma Elementary School District
zcrm_5436421000135227104,5436421000056582610,Alisal Union Elementary School District
zcrm_5436421000135221666,5436421000056582621,Exeter Unified School District
zcrm_5436421000135226660,5436421000056582627,Lammersville Joint Unified School District
zcrm_5436421000135220991,5436421000056582652,Orland Joint Unified School District
zcrm_5436421000135229041,5436421000056582660,Farmersville Unified School District
zcrm_5436421000135234456,5436421000056582665,Murrieta Valley Unified School District
zcrm_5436421000135201541,5436421000056582666,Temecula Valley Unified School District
zcrm_5436421000135210639,5436421000056582667,Lake Elsinore Unified School District
zcrm_5436421000135226626,5436421000056582678,Hesperia Unified School District
zcrm_5436421000135215154,5436421000056583029,Jonesboro Public Schools
zcrm_5436421000135231125,5436421000056583063,Fort Smith Public Schools
zcrm_5436421000135207555,5436421000056583189,Tuba City Unified District
zcrm_5436421000135217946,5436421000056583495,Phoenix Union High School District
zcrm_5436421000135204966,5436421000056583524,Mesa Unified District
zcrm_5436421000135210966,5436421000056583729,Limestone County School District
zcrm_5436421000135224049,5436421000056583732,Lauderdale County School District
zcrm_5436421000135204528,5436421000056584008,Franklin County School District
zcrm_5436421000135205678,5436421000056584020,Decatur City School District
zcrm_5436421000135223517,5436421000056584025,Cullman County School District
zcrm_5436421000135217018,5436421000056584042,Bullock County School District
zcrm_5436421000135229027,5436421000056584049,Auburn City School District
zcrm_5436421000135208438,5436421000056584053,Alabaster City School District
zcrm_5436421000135226158,5436421000056584066,Madison City School District
zcrm_5436421000135226156,5436421000056581055,Washington Unified School District
zcrm_5436421000135228087,5436421000056581062,Visalia Unified School District
zcrm_5436421000135225473,5436421000056581066,Vallejo City Unified School District
zcrm_5436421000135209518,5436421000056581078,Tulare Joint Union High School District
zcrm_5436421000135235051,5436421000056581091,Templeton Unified School District
zcrm_5436421000135210463,5436421000056581110,Stockton Unified School District
zcrm_5436421000135205098,5436421000056581135,Snowline Joint Unified School District
zcrm_5436421000135207648,5436421000056581138,Simi Valley Unified School District
zcrm_5436421000135211589,5436421000056581139,Silver Valley Unified School District
zcrm_5436421000135222950,5436421000056581169,Santa Cruz City High School District
zcrm_5436421000135212089,5436421000056581174,Sanger Unified School District
zcrm_5436421000135227984,5436421000056581182,San Mateo Union High School District
zcrm_5436421000135231573,5436421000056581188,San Lorenzo Unified School District
zcrm_5436421000135225069,5436421000056581189,San Leandro Unified School District
zcrm_5436421000135231642,5436421000056581190,San Juan Unified School District
zcrm_5436421000135217180,5436421000056581195,San Dieguito Union High School District
zcrm_5436421000135215128,5436421000056581202,Salinas Union High School District
zcrm_5436421000135212117,5436421000056581475,Riverside Unified School District
zcrm_5436421000135221135,5436421000056581523,Placer Union High School District
zcrm_5436421000135234462,5436421000056581551,Palm Springs Unified School District
zcrm_5436421000135224519,5436421000056581553,Pajaro Valley Joint Unified School District
zcrm_5436421000135222941,5436421000056581559,Oxnard Union High School District
zcrm_5436421000135220942,5436421000056581565,Oro Grande Elementary School District
zcrm_5436421000135215126,5436421000056581568,Orcutt Union Elementary School District
zcrm_5436421000135210088,5436421000056581589,Norwalk-La Mirada Unified School District
zcrm_5436421000135228040,5436421000056581638,Modesto City High School District
zcrm_5436421000135219995,5436421000056581656,McSwain Union Elementary School District
zcrm_5436421000135207143,5436421000056581678,Madera Unified School District
zcrm_5436421000135224514,5436421000056581681,Lucia Mar Unified School District
zcrm_5436421000135221987,5436421000056581690,Los Banos Unified School District
zcrm_5436421000135228626,5436421000056581691,Los Angeles Unified School District
zcrm_5436421000135217094,5436421000056581702,Livermore Valley Joint Unified School District
zcrm_5436421000135202044,5436421000056581708,Lindsay Unified School District
zcrm_5436421000135218670,5436421000056581997,Laguna Beach Unified School District
zcrm_5436421000135218947,5436421000056582020,Kern High School District
zcrm_5436421000135221588,5436421000056582051,Hueneme Elementary School District
zcrm_5436421000135227027,5436421000056582075,Hanford Elementary School District
zcrm_5436421000135219971,5436421000056582103,Garvey Elementary School District
zcrm_5436421000135227946,5436421000056582133,Fairfield-Suisun Unified School District
zcrm_5436421000135224128,5436421000056582155,El Centro Elementary School District
zcrm_5436421000135235089,5436421000056582160,East Side Union High School District
zcrm_5436421000135222572,5436421000056582181,Del Norte County Unified School District
zcrm_5436421000135229949,5436421000056582193,Covina-Valley Unified School District
zcrm_5436421000135227063,5436421000056582216,Claremont Unified School District
zcrm_5436421000135219146,5436421000056582479,Chowchilla Elementary School District
zcrm_5436421000135226623,5436421000056582541,Santa Maria-Bonita Elementary School District
zcrm_5436421000135223952,5436421000056582572,Barstow Unified School District
zcrm_5436421000135226474,5436421000056582578,Bakersfield City School District
zcrm_5436421000135227502,5436421000056582591,Antioch Unified School District
zcrm_5436421000135221969,5436421000056582605,Alta Loma Elementary School District
zcrm_5436421000135225524,5436421000056582610,Alisal Union Elementary School District
zcrm_5436421000135220005,5436421000056582621,Exeter Unified School District
zcrm_5436421000135222976,5436421000056582627,Lammersville Joint Unified School District
zcrm_5436421000135226118,5436421000056582660,Farmersville Unified School District
zcrm_5436421000135231038,5436421000056582665,Murrieta Valley Unified School District
zcrm_5436421000135200096,5436421000056582667,Lake Elsinore Unified School District
zcrm_5436421000135211646,5436421000056582678,Hesperia Unified School District
zcrm_5436421000135211959,5436421000056583029,Jonesboro Public Schools
zcrm_5436421000135219471,5436421000056583063,Fort Smith Public Schools
zcrm_5436421000135207498,5436421000056583189,Tuba City Unified District
zcrm_5436421000135216972,5436421000056583495,Phoenix Union High School District
zcrm_5436421000135204661,5436421000056583524,Mesa Unified District
zcrm_5436421000135204156,5436421000056584008,Franklin County School District
zcrm_5436421000135227174,5436421000056584049,Auburn City School District
zcrm_5436421000135225101,5436421000056584066,Madison City School District
zcrm_5436421000135200982,5436421000056578441,Adlai E. Stevenson High School District 125
zcrm_5436421000135216549,5436421000056578664,Joliet Township High School District 204
zcrm_5436421000135206568,5436421000056580050,DeKalb County School District
zcrm_5436421000135220625,5436421000056580068,Clarke County School District
zcrm_5436421000135212489,5436421000056580113,Sarasota County School District
zcrm_5436421000135223050,5436421000056580115,Polk County School District
zcrm_5436421000135202960,5436421000056580120,Martin County School District
zcrm_5436421000135206947,5436421000056580121,Manatee County School District
zcrm_5436421000135202966,5436421000056580126,Lake County School District
zcrm_5436421000135213664,5436421000056580142,Duval County School District
zcrm_5436421000135200018,5436421000056580992,Boulder Valley School District RE-2
zcrm_5436421000135200685,5436421000056578441,Adlai E. Stevenson High School District 125
zcrm_5436421000135216466,5436421000056578664,Joliet Township High School District 204
zcrm_5436421000135202018,5436421000056580050,DeKalb County School District
zcrm_5436421000135220442,5436421000056580068,Clarke County School District
zcrm_5436421000135212487,5436421000056580113,Sarasota County School District
zcrm_5436421000135223041,5436421000056580115,Polk County School District
zcrm_5436421000135202650,5436421000056580120,Martin County School District
zcrm_5436421000135206107,5436421000056580121,Manatee County School District
zcrm_5436421000135202618,5436421000056580126,Lake County School District
zcrm_5436421000135213662,5436421000056580142,Duval County School District
zcrm_5436421000135200636,5436421000056578441,Adlai E. Stevenson High School District 125
zcrm_5436421000135216170,5436421000056578664,Joliet Township High School District 204
zcrm_5436421000135201640,5436421000056580050,DeKalb County School District
zcrm_5436421000135214172,5436421000056580068,Clarke County School District
zcrm_5436421000135212480,5436421000056580113,Sarasota County School District
zcrm_5436421000135223017,5436421000056580115,Polk County School District
zcrm_5436421000135202649,5436421000056580120,Martin County School District
zcrm_5436421000135205176,5436421000056580121,Manatee County School District
zcrm_5436421000135202568,5436421000056580126,Lake County School District
zcrm_5436421000135213661,5436421000056580142,Duval County School District
zcrm_5436421000135200624,5436421000056578441,Adlai E. Stevenson High School District 125
zcrm_5436421000135215098,5436421000056578664,Joliet Township High School District 204
zcrm_5436421000135201637,5436421000056580050,DeKalb County School District
zcrm_5436421000135210594,5436421000056580068,Clarke County School District
zcrm_5436421000135212105,5436421000056580113,Sarasota County School District
zcrm_5436421000135223007,5436421000056580115,Polk County School District
zcrm_5436421000135202567,5436421000056580120,Martin County School District
zcrm_5436421000135201159,5436421000056580121,Manatee County School District
zcrm_5436421000135202563,5436421000056580126,Lake County School District
zcrm_5436421000135213660,5436421000056580142,Duval County School District
zcrm_5436421000135200604,5436421000056578441,Adlai E. Stevenson High School District 125
zcrm_5436421000135209575,5436421000056578664,Joliet Township High School District 204
zcrm_5436421000135201633,5436421000056580050,DeKalb County School District
zcrm_5436421000135209560,5436421000056580068,Clarke County School District
zcrm_5436421000135211054,5436421000056580113,Sarasota County School District
zcrm_5436421000135223005,5436421000056580115,Polk County School District
zcrm_5436421000135201553,5436421000056580120,Martin County School District
zcrm_5436421000135200948,5436421000056580121,Manatee County School District
zcrm_5436421000135202162,5436421000056580126,Lake County School District
zcrm_5436421000135213651,5436421000056580142,Duval County School District
zcrm_5436421000135200578,5436421000056578441,Adlai E. Stevenson High School District 125
zcrm_5436421000135205493,5436421000056578664,Joliet Township High School District 204
zcrm_5436421000135201629,5436421000056580050,DeKalb County School District
zcrm_5436421000135205175,5436421000056580068,Clarke County School District
zcrm_5436421000135210950,5436421000056580113,Sarasota County School District
zcrm_5436421000135223002,5436421000056580115,Polk County School District
zcrm_5436421000135201142,5436421000056580120,Martin County School District
zcrm_5436421000135200105,5436421000056580121,Manatee County School District
zcrm_5436421000135202161,5436421000056580126,Lake County School District
zcrm_5436421000135213629,5436421000056580142,Duval County School District
zcrm_5436421000135231041,5436421000056577082,Dike-New Hartford Community School District
zcrm_5436421000135200539,5436421000056578441,Adlai E. Stevenson High School District 125
zcrm_5436421000135205126,5436421000056578664,Joliet Township High School District 204
zcrm_5436421000135201627,5436421000056580050,DeKalb County School District
zcrm_5436421000135200053,5436421000056580068,Clarke County School District
zcrm_5436421000135209949,5436421000056580113,Sarasota County School District
zcrm_5436421000135223001,5436421000056580115,Polk County School District
zcrm_5436421000135202005,5436421000056580126,Lake County School District
zcrm_5436421000135213625,5436421000056580142,Duval County School District
zcrm_5436421000135203601,5436421000056577082,Dike-New Hartford Community School District
zcrm_5436421000135200471,5436421000056578441,Adlai E. Stevenson High School District 125
zcrm_5436421000135204175,5436421000056578664,Joliet Township High School District 204
zcrm_5436421000135201623,5436421000056580050,DeKalb County School District
zcrm_5436421000135200010,5436421000056580068,Clarke County School District
zcrm_5436421000135208522,5436421000056580113,Sarasota County School District
zcrm_5436421000135222995,5436421000056580115,Polk County School District
zcrm_5436421000135200084,5436421000056580126,Lake County School District
zcrm_5436421000135213624,5436421000056580142,Duval County School District
zcrm_5436421000135200464,5436421000056578441,Adlai E. Stevenson High School District 125
zcrm_5436421000135201622,5436421000056580050,DeKalb County School District
zcrm_5436421000135206455,5436421000056580113,Sarasota County School District
zcrm_5436421000135222994,5436421000056580115,Polk County School District
zcrm_5436421000135213623,5436421000056580142,Duval County School District
zcrm_5436421000135200171,5436421000056578441,Adlai E. Stevenson High School District 125
zcrm_5436421000135201620,5436421000056580050,DeKalb County School District
zcrm_5436421000135206141,5436421000056580113,Sarasota County School District
zcrm_5436421000135222980,5436421000056580115,Polk County School District
zcrm_5436421000135213622,5436421000056580142,Duval County School District
zcrm_5436421000135200132,5436421000056578441,Adlai E. Stevenson High School District 125
zcrm_5436421000135201617,5436421000056580050,DeKalb County School District
zcrm_5436421000135205444,5436421000056580113,Sarasota County School District
zcrm_5436421000135219014,5436421000056580115,Polk County School District
zcrm_5436421000135213620,5436421000056580142,Duval County School District
zcrm_5436421000135200109,5436421000056578441,Adlai E. Stevenson High School District 125
zcrm_5436421000135201614,5436421000056580050,DeKalb County School District
zcrm_5436421000135204568,5436421000056580113,Sarasota County School District
zcrm_5436421000135215552,5436421000056580115,Polk County School District
zcrm_5436421000135213618,5436421000056580142,Duval County School District
zcrm_5436421000135200081,5436421000056578441,Adlai E. Stevenson High School District 125
zcrm_5436421000135201581,5436421000056580050,DeKalb County School District
zcrm_5436421000135202591,5436421000056580113,Sarasota County School District
zcrm_5436421000135211669,5436421000056580115,Polk County School District
zcrm_5436421000135213614,5436421000056580142,Duval County School District
zcrm_5436421000135200043,5436421000056578441,Adlai E. Stevenson High School District 125
zcrm_5436421000135201525,5436421000056580050,DeKalb County School District
zcrm_5436421000135201488,5436421000056580113,Sarasota County School District
zcrm_5436421000135211620,5436421000056580115,Polk County School District
zcrm_5436421000135213613,5436421000056580142,Duval County School District
zcrm_5436421000135200031,5436421000056578441,Adlai E. Stevenson High School District 125
zcrm_5436421000135201519,5436421000056580050,DeKalb County School District
zcrm_5436421000135201445,5436421000056580113,Sarasota County School District
zcrm_5436421000135211502,5436421000056580115,Polk County School District
zcrm_5436421000135213610,5436421000056580142,Duval County School District
zcrm_5436421000135057978,5436421000056578441,Adlai E. Stevenson High School District 125
zcrm_5436421000135201518,5436421000056580050,DeKalb County School District
zcrm_5436421000135201178,5436421000056580113,Sarasota County School District
zcrm_5436421000135207593,5436421000056580115,Polk County School District
zcrm_5436421000135211114,5436421000056580142,Duval County School District
zcrm_5436421000135057976,5436421000056578441,Adlai E. Stevenson High School District 125
zcrm_5436421000135201517,5436421000056580050,DeKalb County School District
zcrm_5436421000135201055,5436421000056580113,Sarasota County School District
zcrm_5436421000135207506,5436421000056580115,Polk County School District
zcrm_5436421000135210973,5436421000056580142,Duval County School District
zcrm_5436421000135057973,5436421000056578441,Adlai E. Stevenson High School District 125
zcrm_5436421000135201512,5436421000056580050,DeKalb County School District
zcrm_5436421000135200965,5436421000056580113,Sarasota County School District
zcrm_5436421000135207457,5436421000056580115,Polk County School District
zcrm_5436421000135209444,5436421000056580142,Duval County School District
zcrm_5436421000135057972,5436421000056578441,Adlai E. Stevenson High School District 125
zcrm_5436421000135201511,5436421000056580050,DeKalb County School District
zcrm_5436421000135200673,5436421000056580113,Sarasota County School District
zcrm_5436421000135203957,5436421000056580115,Polk County School District
zcrm_5436421000135209001,5436421000056580142,Duval County School District
zcrm_5436421000135057965,5436421000056578441,Adlai E. Stevenson High School District 125
zcrm_5436421000135201490,5436421000056580050,DeKalb County School District
zcrm_5436421000135200534,5436421000056580113,Sarasota County School District
zcrm_5436421000135203530,5436421000056580115,Polk County School District
zcrm_5436421000135208966,5436421000056580142,Duval County School District
zcrm_5436421000135201486,5436421000056580050,DeKalb County School District
zcrm_5436421000135200503,5436421000056580113,Sarasota County School District
zcrm_5436421000135208677,5436421000056580142,Duval County School District
zcrm_5436421000135201470,5436421000056580050,DeKalb County School District
zcrm_5436421000135200091,5436421000056580113,Sarasota County School District
zcrm_5436421000135208675,5436421000056580142,Duval County School District
zcrm_5436421000135201468,5436421000056580050,DeKalb County School District
zcrm_5436421000135200062,5436421000056580113,Sarasota County School District
zcrm_5436421000135208481,5436421000056580142,Duval County School District
zcrm_5436421000135201467,5436421000056580050,DeKalb County School District
zcrm_5436421000135208458,5436421000056580142,Duval County School District
zcrm_5436421000135201466,5436421000056580050,DeKalb County School District
zcrm_5436421000135208457,5436421000056580142,Duval County School District
zcrm_5436421000135201465,5436421000056580050,DeKalb County School District
zcrm_5436421000135208060,5436421000056580142,Duval County School District
zcrm_5436421000135201459,5436421000056580050,DeKalb County School District
zcrm_5436421000135207996,5436421000056580142,Duval County School District
zcrm_5436421000135201438,5436421000056580050,DeKalb County School District
zcrm_5436421000135207045,5436421000056580142,Duval County School District
zcrm_5436421000135201179,5436421000056580050,DeKalb County School District
zcrm_5436421000135207044,5436421000056580142,Duval County School District
zcrm_5436421000135201172,5436421000056580050,DeKalb County School District
zcrm_5436421000135206642,5436421000056580142,Duval County School District
zcrm_5436421000135201171,5436421000056580050,DeKalb County School District
zcrm_5436421000135206641,5436421000056580142,Duval County School District
zcrm_5436421000135201154,5436421000056580050,DeKalb County School District
zcrm_5436421000135206552,5436421000056580142,Duval County School District
zcrm_5436421000135201151,5436421000056580050,DeKalb County School District
zcrm_5436421000135206516,5436421000056580142,Duval County School District
zcrm_5436421000135201150,5436421000056580050,DeKalb County School District
zcrm_5436421000135205965,5436421000056580142,Duval County School District
zcrm_5436421000135201149,5436421000056580050,DeKalb County School District
zcrm_5436421000135205446,5436421000056580142,Duval County School District
zcrm_5436421000135201147,5436421000056580050,DeKalb County School District
zcrm_5436421000135205016,5436421000056580142,Duval County School District
zcrm_5436421000135201139,5436421000056580050,DeKalb County School District
zcrm_5436421000135204554,5436421000056580142,Duval County School District
zcrm_5436421000135201121,5436421000056580050,DeKalb County School District
zcrm_5436421000135204527,5436421000056580142,Duval County School District
zcrm_5436421000135201085,5436421000056580050,DeKalb County School District
zcrm_5436421000135204464,5436421000056580142,Duval County School District
zcrm_5436421000135201084,5436421000056580050,DeKalb County School District
zcrm_5436421000135204102,5436421000056580142,Duval County School District
zcrm_5436421000135201083,5436421000056580050,DeKalb County School District
zcrm_5436421000135202452,5436421000056580142,Duval County School District
zcrm_5436421000135201082,5436421000056580050,DeKalb County School District
zcrm_5436421000135201994,5436421000056580142,Duval County School District
zcrm_5436421000135201072,5436421000056580050,DeKalb County School District
zcrm_5436421000135201976,5436421000056580142,Duval County School District
zcrm_5436421000135201053,5436421000056580050,DeKalb County School District
zcrm_5436421000135201595,5436421000056580142,Duval County School District
zcrm_5436421000135201052,5436421000056580050,DeKalb County School District
zcrm_5436421000135201563,5436421000056580142,Duval County School District
zcrm_5436421000135201046,5436421000056580050,DeKalb County School District
zcrm_5436421000135201535,5436421000056580142,Duval County School District
zcrm_5436421000135201045,5436421000056580050,DeKalb County School District
zcrm_5436421000135201524,5436421000056580142,Duval County School District
zcrm_5436421000135201028,5436421000056580050,DeKalb County School District
zcrm_5436421000135201516,5436421000056580142,Duval County School District
zcrm_5436421000135201024,5436421000056580050,DeKalb County School District
zcrm_5436421000135201515,5436421000056580142,Duval County School District
zcrm_5436421000135201023,5436421000056580050,DeKalb County School District
zcrm_5436421000135201158,5436421000056580142,Duval County School District
zcrm_5436421000135201021,5436421000056580050,DeKalb County School District
zcrm_5436421000135201006,5436421000056580142,Duval County School District
zcrm_5436421000135201020,5436421000056580050,DeKalb County School District
zcrm_5436421000135200665,5436421000056580142,Duval County School District
zcrm_5436421000135201010,5436421000056580050,DeKalb County School District
zcrm_5436421000135200662,5436421000056580142,Duval County School District
zcrm_5436421000135201004,5436421000056580050,DeKalb County School District
zcrm_5436421000135200573,5436421000056580142,Duval County School District
zcrm_5436421000135201003,5436421000056580050,DeKalb County School District
zcrm_5436421000135200463,5436421000056580142,Duval County School District
zcrm_5436421000135200972,5436421000056580050,DeKalb County School District
zcrm_5436421000135200040,5436421000056580142,Duval County School District
zcrm_5436421000135200951,5436421000056580050,DeKalb County School District
zcrm_5436421000135200039,5436421000056580142,Duval County School District
zcrm_5436421000135200675,5436421000056580050,DeKalb County School District
zcrm_5436421000135200009,5436421000056580142,Duval County School District
zcrm_5436421000135200649,5436421000056580050,DeKalb County School District
zcrm_5436421000135057994,5436421000056580142,Duval County School District
zcrm_5436421000135200630,5436421000056580050,DeKalb County School District
zcrm_5436421000135200629,5436421000056580050,DeKalb County School District
zcrm_5436421000135200599,5436421000056580050,DeKalb County School District
zcrm_5436421000135200596,5436421000056580050,DeKalb County School District
zcrm_5436421000135200595,5436421000056580050,DeKalb County School District
zcrm_5436421000135200594,5436421000056580050,DeKalb County School District
zcrm_5436421000135200581,5436421000056580050,DeKalb County School District
zcrm_5436421000135200565,5436421000056580050,DeKalb County School District
zcrm_5436421000135200547,5436421000056580050,DeKalb County School District
zcrm_5436421000135200546,5436421000056580050,DeKalb County School District
zcrm_5436421000135200527,5436421000056580050,DeKalb County School District
zcrm_5436421000135200526,5436421000056580050,DeKalb County School District
zcrm_5436421000135200518,5436421000056580050,DeKalb County School District
zcrm_5436421000135200502,5436421000056580050,DeKalb County School District
zcrm_5436421000135200490,5436421000056580050,DeKalb County School District
zcrm_5436421000135200482,5436421000056580050,DeKalb County School District
zcrm_5436421000135200481,5436421000056580050,DeKalb County School District
zcrm_5436421000135200480,5436421000056580050,DeKalb County School District
zcrm_5436421000135200461,5436421000056580050,DeKalb County School District
zcrm_5436421000135200460,5436421000056580050,DeKalb County School District
zcrm_5436421000135200444,5436421000056580050,DeKalb County School District
zcrm_5436421000135200184,5436421000056580050,DeKalb County School District
zcrm_5436421000135200183,5436421000056580050,DeKalb County School District
zcrm_5436421000135200181,5436421000056580050,DeKalb County School District
zcrm_5436421000135200180,5436421000056580050,DeKalb County School District
zcrm_5436421000135200167,5436421000056580050,DeKalb County School District
zcrm_5436421000135200161,5436421000056580050,DeKalb County School District
zcrm_5436421000135200155,5436421000056580050,DeKalb County School District
zcrm_5436421000135200146,5436421000056580050,DeKalb County School District
zcrm_5436421000135200145,5436421000056580050,DeKalb County School District
zcrm_5436421000135200137,5436421000056580050,DeKalb County School District
zcrm_5436421000135200128,5436421000056580050,DeKalb County School District
zcrm_5436421000135200115,5436421000056580050,DeKalb County School District
zcrm_5436421000135200110,5436421000056580050,DeKalb County School District
zcrm_5436421000135200056,5436421000056580050,DeKalb County School District
zcrm_5436421000135200055,5436421000056580050,DeKalb County School District
zcrm_5436421000135200026,5436421000056580050,DeKalb County School District
zcrm_5436421000135200024,5436421000056580050,DeKalb County School District
zcrm_5436421000135200020,5436421000056580050,DeKalb County School District
zcrm_5436421000135200016,5436421000056580050,DeKalb County School District
zcrm_5436421000135200013,5436421000056580050,DeKalb County School District
zcrm_5436421000135200011,5436421000056580050,DeKalb County School District
zcrm_5436421000135057998,5436421000056580050,DeKalb County School District
zcrm_5436421000135057995,5436421000056580050,DeKalb County School District
zcrm_5436421000135057970,5436421000056580050,DeKalb County School District
zcrm_5436421000135225459,5436421000056581055,Washington Unified School District
zcrm_5436421000135228086,5436421000056581062,Visalia Unified School District
zcrm_5436421000135225456,5436421000056581066,Vallejo City Unified School District
zcrm_5436421000135235050,5436421000056581091,Templeton Unified School District
zcrm_5436421000135209050,5436421000056581110,Stockton Unified School District
zcrm_5436421000135202577,5436421000056581135,Snowline Joint Unified School District
zcrm_5436421000135207563,5436421000056581138,Simi Valley Unified School District
zcrm_5436421000135212078,5436421000056581174,Sanger Unified School District
zcrm_5436421000135225119,5436421000056581182,San Mateo Union High School District
zcrm_5436421000135231165,5436421000056581188,San Lorenzo Unified School District
zcrm_5436421000135222588,5436421000056581189,San Leandro Unified School District
zcrm_5436421000135231597,5436421000056581190,San Juan Unified School District
zcrm_5436421000135211966,5436421000056581202,Salinas Union High School District
zcrm_5436421000135211143,5436421000056581475,Riverside Unified School District
zcrm_5436421000135220638,5436421000056581523,Placer Union High School District
zcrm_5436421000135230610,5436421000056581548,Palo Verde Unified School District
zcrm_5436421000135234453,5436421000056581551,Palm Springs Unified School District
zcrm_5436421000135224474,5436421000056581553,Pajaro Valley Joint Unified School District
zcrm_5436421000135222684,5436421000056581559,Oxnard Union High School District
zcrm_5436421000135227976,5436421000056581638,Modesto City High School District
zcrm_5436421000135217104,5436421000056581656,McSwain Union Elementary School District
zcrm_5436421000135207095,5436421000056581678,Madera Unified School District
zcrm_5436421000135224050,5436421000056581681,Lucia Mar Unified School District
zcrm_5436421000135221506,5436421000056581690,Los Banos Unified School District
zcrm_5436421000135228603,5436421000056581691,Los Angeles Unified School District
zcrm_5436421000135216010,5436421000056581702,Livermore Valley Joint Unified School District
zcrm_5436421000135201954,5436421000056581708,Lindsay Unified School District
zcrm_5436421000135215620,5436421000056581997,Laguna Beach Unified School District
zcrm_5436421000135211680,5436421000056582020,Kern High School District
zcrm_5436421000135213502,5436421000056582051,Hueneme Elementary School District
zcrm_5436421000135226673,5436421000056582075,Hanford Elementary School District
zcrm_5436421000135218528,5436421000056582103,Garvey Elementary School District
zcrm_5436421000135227514,5436421000056582133,Fairfield-Suisun Unified School District
zcrm_5436421000135223605,5436421000056582155,El Centro Elementary School District
zcrm_5436421000135235088,5436421000056582160,East Side Union High School District
zcrm_5436421000135221978,5436421000056582181,Del Norte County Unified School District
zcrm_5436421000135229571,5436421000056582193,Covina-Valley Unified School District
zcrm_5436421000135227017,5436421000056582216,Claremont Unified School District
zcrm_5436421000135219145,5436421000056582479,Chowchilla Elementary School District
zcrm_5436421000135226619,5436421000056582541,Santa Maria-Bonita Elementary School District
zcrm_5436421000135223684,5436421000056582572,Barstow Unified School District
zcrm_5436421000135226176,5436421000056582578,Bakersfield City School District
zcrm_5436421000135227467,5436421000056582591,Antioch Unified School District
zcrm_5436421000135221600,5436421000056582605,Alta Loma Elementary School District
zcrm_5436421000135225127,5436421000056582610,Alisal Union Elementary School District
zcrm_5436421000135217127,5436421000056582621,Exeter Unified School District
zcrm_5436421000135218107,5436421000056582660,Farmersville Unified School District
zcrm_5436421000135231024,5436421000056582665,Murrieta Valley Unified School District
zcrm_5436421000135207598,5436421000056583029,Jonesboro Public Schools
zcrm_5436421000135215041,5436421000056583063,Fort Smith Public Schools
zcrm_5436421000135207442,5436421000056583189,Tuba City Unified District
zcrm_5436421000135209673,5436421000056583495,Phoenix Union High School District
zcrm_5436421000135204655,5436421000056583524,Mesa Unified District
zcrm_5436421000135226469,5436421000056584049,Auburn City School District
zcrm_5436421000135224573,5436421000056584066,Madison City School District
zcrm_5436421000135221572,5436421000056581055,Washington Unified School District
zcrm_5436421000135228022,5436421000056581062,Visalia Unified School District
zcrm_5436421000135225118,5436421000056581066,Vallejo City Unified School District
zcrm_5436421000135235046,5436421000056581091,Templeton Unified School District
zcrm_5436421000135200648,5436421000056581110,Stockton Unified School District
zcrm_5436421000135204109,5436421000056581174,Sanger Unified School District
zcrm_5436421000135224096,5436421000056581182,San Mateo Union High School District
zcrm_5436421000135229040,5436421000056581188,San Lorenzo Unified School District
zcrm_5436421000135222131,5436421000056581189,San Leandro Unified School District
zcrm_5436421000135231578,5436421000056581190,San Juan Unified School District
zcrm_5436421000135203581,5436421000056581202,Salinas Union High School District
zcrm_5436421000135207096,5436421000056581475,Riverside Unified School District
zcrm_5436421000135212641,5436421000056581523,Placer Union High School District
zcrm_5436421000135227036,5436421000056581548,Palo Verde Unified School District
zcrm_5436421000135234173,5436421000056581549,Palo Alto Unified School District
zcrm_5436421000135231046,5436421000056581551,Palm Springs Unified School District
zcrm_5436421000135223117,5436421000056581553,Pajaro Valley Joint Unified School District
zcrm_5436421000135227683,5436421000056581638,Modesto City High School District
zcrm_5436421000135204651,5436421000056581678,Madera Unified School District
zcrm_5436421000135223579,5436421000056581681,Lucia Mar Unified School District
zcrm_5436421000135220651,5436421000056581690,Los Banos Unified School District
zcrm_5436421000135228599,5436421000056581691,Los Angeles Unified School District
zcrm_5436421000135215608,5436421000056581997,Laguna Beach Unified School District
zcrm_5436421000135211626,5436421000056582020,Kern High School District
zcrm_5436421000135223037,5436421000056582075,Hanford Elementary School District
zcrm_5436421000135218470,5436421000056582103,Garvey Elementary School District
zcrm_5436421000135227143,5436421000056582133,Fairfield-Suisun Unified School District
zcrm_5436421000135222565,5436421000056582155,El Centro Elementary School District
zcrm_5436421000135235087,5436421000056582160,East Side Union High School District
zcrm_5436421000135221963,5436421000056582181,Del Norte County Unified School District
zcrm_5436421000135229485,5436421000056582193,Covina-Valley Unified School District
zcrm_5436421000135226671,5436421000056582216,Claremont Unified School District
zcrm_5436421000135219039,5436421000056582479,Chowchilla Elementary School District
zcrm_5436421000135223083,5436421000056582541,Santa Maria-Bonita Elementary School District
zcrm_5436421000135223142,5436421000056582572,Barstow Unified School District
zcrm_5436421000135225551,5436421000056582578,Bakersfield City School District
zcrm_5436421000135226448,5436421000056582591,Antioch Unified School District
zcrm_5436421000135220971,5436421000056582605,Alta Loma Elementary School District
zcrm_5436421000135224506,5436421000056582610,Alisal Union Elementary School District
zcrm_5436421000135218059,5436421000056582660,Farmersville Unified School District
zcrm_5436421000135230971,5436421000056582665,Murrieta Valley Unified School District
zcrm_5436421000135203644,5436421000056583029,Jonesboro Public Schools
zcrm_5436421000135209574,5436421000056583063,Fort Smith Public Schools
zcrm_5436421000135203672,5436421000056583189,Tuba City Unified District
zcrm_5436421000135209455,5436421000056583495,Phoenix Union High School District
zcrm_5436421000135204612,5436421000056583524,Mesa Unified District
zcrm_5436421000135232949,5436421000056583739,Huntsville City School District
zcrm_5436421000135225170,5436421000056584049,Auburn City School District
zcrm_5436421000135221984,5436421000056584066,Madison City School District
zcrm_5436421000135228021,5436421000056581062,Visalia Unified School District
zcrm_5436421000135225084,5436421000056581066,Vallejo City Unified School District
zcrm_5436421000135235026,5436421000056581091,Templeton Unified School District
zcrm_5436421000135223964,5436421000056581182,San Mateo Union High School District
zcrm_5436421000135227616,5436421000056581188,San Lorenzo Unified School District
zcrm_5436421000135210630,5436421000056581189,San Leandro Unified School District
zcrm_5436421000135231577,5436421000056581190,San Juan Unified School District
zcrm_5436421000135233097,5436421000056581549,Palo Alto Unified School District
zcrm_5436421000135231042,5436421000056581551,Palm Springs Unified School District
zcrm_5436421000135221674,5436421000056581553,Pajaro Valley Joint Unified School District
zcrm_5436421000135227438,5436421000056581638,Modesto City High School District
zcrm_5436421000135200593,5436421000056581678,Madera Unified School District
zcrm_5436421000135223539,5436421000056581681,Lucia Mar Unified School District
zcrm_5436421000135228594,5436421000056581691,Los Angeles Unified School District
zcrm_5436421000135211529,5436421000056581997,Laguna Beach Unified School District
zcrm_5436421000135203653,5436421000056582020,Kern High School District
zcrm_5436421000135222975,5436421000056582075,Hanford Elementary School District
zcrm_5436421000135218073,5436421000056582103,Garvey Elementary School District
zcrm_5436421000135227136,5436421000056582133,Fairfield-Suisun Unified School District
zcrm_5436421000135221543,5436421000056582155,El Centro Elementary School District
zcrm_5436421000135235086,5436421000056582160,East Side Union High School District
zcrm_5436421000135229153,5436421000056582193,Covina-Valley Unified School District
zcrm_5436421000135226657,5436421000056582216,Claremont Unified School District
zcrm_5436421000135218996,5436421000056582479,Chowchilla Elementary School District
zcrm_5436421000135223045,5436421000056582541,Santa Maria-Bonita Elementary School District
zcrm_5436421000135213030,5436421000056582572,Barstow Unified School District
zcrm_5436421000135225483,5436421000056582578,Bakersfield City School District
zcrm_5436421000135226034,5436421000056582591,Antioch Unified School District
zcrm_5436421000135217945,5436421000056582605,Alta Loma Elementary School District
zcrm_5436421000135224043,5436421000056582610,Alisal Union Elementary School District
zcrm_5436421000135216626,5436421000056582660,Farmersville Unified School District
zcrm_5436421000135230949,5436421000056582665,Murrieta Valley Unified School District
zcrm_5436421000135201613,5436421000056583063,Fort Smith Public Schools
zcrm_5436421000135204165,5436421000056583524,Mesa Unified District
zcrm_5436421000135232126,5436421000056583739,Huntsville City School District
zcrm_5436421000135225124,5436421000056584049,Auburn City School District
zcrm_5436421000135221112,5436421000056584066,Madison City School District
zcrm_5436421000135228020,5436421000056581062,Visalia Unified School District
zcrm_5436421000135225019,5436421000056581066,Vallejo City Unified School District
zcrm_5436421000135223957,5436421000056581182,San Mateo Union High School District
zcrm_5436421000135226171,5436421000056581188,San Lorenzo Unified School District
zcrm_5436421000135231549,5436421000056581190,San Juan Unified School District
zcrm_5436421000135233053,5436421000056581549,Palo Alto Unified School District
zcrm_5436421000135231030,5436421000056581551,Palm Springs Unified School District
zcrm_5436421000135221502,5436421000056581553,Pajaro Valley Joint Unified School District
zcrm_5436421000135227148,5436421000056581638,Modesto City High School District
zcrm_5436421000135222456,5436421000056581681,Lucia Mar Unified School District
zcrm_5436421000135228573,5436421000056581691,Los Angeles Unified School District
zcrm_5436421000135207163,5436421000056581997,Laguna Beach Unified School District
zcrm_5436421000135203635,5436421000056582020,Kern High School District
zcrm_5436421000135219162,5436421000056582075,Hanford Elementary School District
zcrm_5436421000135217633,5436421000056582103,Garvey Elementary School District
zcrm_5436421000135227103,5436421000056582133,Fairfield-Suisun Unified School District
zcrm_5436421000135220981,5436421000056582155,El Centro Elementary School District
zcrm_5436421000135235085,5436421000056582160,East Side Union High School District
zcrm_5436421000135229081,5436421000056582193,Covina-Valley Unified School District
zcrm_5436421000135215609,5436421000056582479,Chowchilla Elementary School District
zcrm_5436421000135223026,5436421000056582541,Santa Maria-Bonita Elementary School District
zcrm_5436421000135212974,5436421000056582572,Barstow Unified School District
zcrm_5436421000135225150,5436421000056582578,Bakersfield City School District
zcrm_5436421000135225943,5436421000056582591,Antioch Unified School District
zcrm_5436421000135216582,5436421000056582605,Alta Loma Elementary School District
zcrm_5436421000135224026,5436421000056582610,Alisal Union Elementary School District
zcrm_5436421000135215997,5436421000056582660,Farmersville Unified School District
zcrm_5436421000135201104,5436421000056583063,Fort Smith Public Schools
zcrm_5436421000135202620,5436421000056583524,Mesa Unified District
zcrm_5436421000135232090,5436421000056583739,Huntsville City School District
zcrm_5436421000135222498,5436421000056584049,Auburn City School District
zcrm_5436421000135221111,5436421000056584066,Madison City School District
zcrm_5436421000135227605,5436421000056581062,Visalia Unified School District
zcrm_5436421000135225017,5436421000056581066,Vallejo City Unified School District
zcrm_5436421000135222067,5436421000056581182,San Mateo Union High School District
zcrm_5436421000135226036,5436421000056581188,San Lorenzo Unified School District
zcrm_5436421000135231492,5436421000056581190,San Juan Unified School District
zcrm_5436421000135233050,5436421000056581549,Palo Alto Unified School District
zcrm_5436421000135230996,5436421000056581551,Palm Springs Unified School District
zcrm_5436421000135207146,5436421000056581553,Pajaro Valley Joint Unified School District
zcrm_5436421000135226541,5436421000056581638,Modesto City High School District
zcrm_5436421000135222122,5436421000056581681,Lucia Mar Unified School District
zcrm_5436421000135228568,5436421000056581691,Los Angeles Unified School District
zcrm_5436421000135203591,5436421000056581997,Laguna Beach Unified School District
zcrm_5436421000135219149,5436421000056582075,Hanford Elementary School District
zcrm_5436421000135217607,5436421000056582103,Garvey Elementary School District
zcrm_5436421000135226149,5436421000056582133,Fairfield-Suisun Unified School District
zcrm_5436421000135218563,5436421000056582155,El Centro Elementary School District
zcrm_5436421000135235084,5436421000056582160,East Side Union High School District
zcrm_5436421000135229059,5436421000056582193,Covina-Valley Unified School District
zcrm_5436421000135222981,5436421000056582541,Santa Maria-Bonita Elementary School District
zcrm_5436421000135211174,5436421000056582572,Barstow Unified School District
zcrm_5436421000135223516,5436421000056582578,Bakersfield City School District
zcrm_5436421000135225109,5436421000056582591,Antioch Unified School District
zcrm_5436421000135214024,5436421000056582605,Alta Loma Elementary School District
zcrm_5436421000135223508,5436421000056582610,Alisal Union Elementary School District
zcrm_5436421000135214566,5436421000056582660,Farmersville Unified School District
zcrm_5436421000135201016,5436421000056583063,Fort Smith Public Schools
zcrm_5436421000135231490,5436421000056583739,Huntsville City School District
zcrm_5436421000135222473,5436421000056584049,Auburn City School District
zcrm_5436421000135206171,5436421000056584066,Madison City School District
zcrm_5436421000135227574,5436421000056581062,Visalia Unified School District
zcrm_5436421000135224961,5436421000056581066,Vallejo City Unified School District
zcrm_5436421000135222066,5436421000056581182,San Mateo Union High School District
zcrm_5436421000135225649,5436421000056581188,San Lorenzo Unified School District
zcrm_5436421000135231157,5436421000056581190,San Juan Unified School District
zcrm_5436421000135227971,5436421000056581549,Palo Alto Unified School District
zcrm_5436421000135230986,5436421000056581551,Palm Springs Unified School District
zcrm_5436421000135226478,5436421000056581638,Modesto City High School District
zcrm_5436421000135222027,5436421000056581681,Lucia Mar Unified School District
zcrm_5436421000135228555,5436421000056581691,Los Angeles Unified School District
zcrm_5436421000135219122,5436421000056582075,Hanford Elementary School District
zcrm_5436421000135216941,5436421000056582103,Garvey Elementary School District
zcrm_5436421000135226144,5436421000056582133,Fairfield-Suisun Unified School District
zcrm_5436421000135218069,5436421000056582155,El Centro Elementary School District
zcrm_5436421000135235083,5436421000056582160,East Side Union High School District
zcrm_5436421000135229058,5436421000056582193,Covina-Valley Unified School District
zcrm_5436421000135211113,5436421000056582572,Barstow Unified School District
zcrm_5436421000135223495,5436421000056582578,Bakersfield City School District
zcrm_5436421000135225057,5436421000056582591,Antioch Unified School District
zcrm_5436421000135223160,5436421000056582610,Alisal Union Elementary School District
zcrm_5436421000135200642,5436421000056583063,Fort Smith Public Schools
zcrm_5436421000135230005,5436421000056583739,Huntsville City School District
zcrm_5436421000135222144,5436421000056584049,Auburn City School District
zcrm_5436421000135204964,5436421000056584066,Madison City School District
zcrm_5436421000135227180,5436421000056581062,Visalia Unified School District
zcrm_5436421000135224116,5436421000056581066,Vallejo City Unified School District
zcrm_5436421000135206997,5436421000056581182,San Mateo Union High School District
zcrm_5436421000135222556,5436421000056581188,San Lorenzo Unified School District
zcrm_5436421000135230456,5436421000056581190,San Juan Unified School District
zcrm_5436421000135227602,5436421000056581549,Palo Alto Unified School District
zcrm_5436421000135230960,5436421000056581551,Palm Springs Unified School District
zcrm_5436421000135226444,5436421000056581638,Modesto City High School District
zcrm_5436421000135221648,5436421000056581681,Lucia Mar Unified School District
zcrm_5436421000135228554,5436421000056581691,Los Angeles Unified School District
zcrm_5436421000135219105,5436421000056582075,Hanford Elementary School District
zcrm_5436421000135216144,5436421000056582103,Garvey Elementary School District
zcrm_5436421000135226112,5436421000056582133,Fairfield-Suisun Unified School District
zcrm_5436421000135217097,5436421000056582155,El Centro Elementary School District
zcrm_5436421000135235072,5436421000056582160,East Side Union High School District
zcrm_5436421000135227961,5436421000056582193,Covina-Valley Unified School District
zcrm_5436421000135209516,5436421000056582572,Barstow Unified School District
zcrm_5436421000135223451,5436421000056582578,Bakersfield City School District
zcrm_5436421000135224545,5436421000056582591,Antioch Unified School District
zcrm_5436421000135223145,5436421000056582610,Alisal Union Elementary School District
zcrm_5436421000135200157,5436421000056583063,Fort Smith Public Schools
zcrm_5436421000135229159,5436421000056583739,Huntsville City School District
zcrm_5436421000135221513,5436421000056584049,Auburn City School District
zcrm_5436421000135226597,5436421000056581062,Visalia Unified School District
zcrm_5436421000135223992,5436421000056581066,Vallejo City Unified School District
zcrm_5436421000135204107,5436421000056581182,San Mateo Union High School District
zcrm_5436421000135221497,5436421000056581188,San Lorenzo Unified School District
zcrm_5436421000135230053,5436421000056581190,San Juan Unified School District
zcrm_5436421000135227511,5436421000056581549,Palo Alto Unified School District
zcrm_5436421000135230952,5436421000056581551,Palm Springs Unified School District
zcrm_5436421000135226122,5436421000056581638,Modesto City High School District
zcrm_5436421000135221477,5436421000056581681,Lucia Mar Unified School District
zcrm_5436421000135228544,5436421000056581691,Los Angeles Unified School District
zcrm_5436421000135219101,5436421000056582075,Hanford Elementary School District
zcrm_5436421000135215037,5436421000056582103,Garvey Elementary School District
zcrm_5436421000135225624,5436421000056582133,Fairfield-Suisun Unified School District
zcrm_5436421000135209961,5436421000056582155,El Centro Elementary School District
zcrm_5436421000135235071,5436421000056582160,East Side Union High School District
zcrm_5436421000135226447,5436421000056582193,Covina-Valley Unified School District
zcrm_5436421000135223183,5436421000056582578,Bakersfield City School District
zcrm_5436421000135223951,5436421000056582591,Antioch Unified School District
zcrm_5436421000135222609,5436421000056582610,Alisal Union Elementary School District
zcrm_5436421000135200098,5436421000056583063,Fort Smith Public Schools
zcrm_5436421000135220502,5436421000056583739,Huntsville City School District
zcrm_5436421000135221488,5436421000056584049,Auburn City School District
zcrm_5436421000135226588,5436421000056581062,Visalia Unified School District
zcrm_5436421000135222623,5436421000056581066,Vallejo City Unified School District
zcrm_5436421000135220471,5436421000056581188,San Lorenzo Unified School District
zcrm_5436421000135230001,5436421000056581190,San Juan Unified School District
zcrm_5436421000135226090,5436421000056581549,Palo Alto Unified School District
zcrm_5436421000135230684,5436421000056581551,Palm Springs Unified School District
zcrm_5436421000135226102,5436421000056581638,Modesto City High School District
zcrm_5436421000135221126,5436421000056581681,Lucia Mar Unified School District
zcrm_5436421000135228528,5436421000056581691,Los Angeles Unified School District
zcrm_5436421000135219096,5436421000056582075,Hanford Elementary School District
zcrm_5436421000135212097,5436421000056582103,Garvey Elementary School District
zcrm_5436421000135225065,5436421000056582133,Fairfield-Suisun Unified School District
zcrm_5436421000135200678,5436421000056582155,El Centro Elementary School District
zcrm_5436421000135235069,5436421000056582160,East Side Union High School District
zcrm_5436421000135226155,5436421000056582193,Covina-Valley Unified School District
zcrm_5436421000135222174,5436421000056582578,Bakersfield City School District
zcrm_5436421000135223486,5436421000056582591,Antioch Unified School District
zcrm_5436421000135222053,5436421000056582610,Alisal Union Elementary School District
zcrm_5436421000135200042,5436421000056583063,Fort Smith Public Schools
zcrm_5436421000135213971,5436421000056583739,Huntsville City School District
zcrm_5436421000135221070,5436421000056584049,Auburn City School District
zcrm_5436421000135226587,5436421000056581062,Visalia Unified School District
zcrm_5436421000135222184,5436421000056581066,Vallejo City Unified School District
zcrm_5436421000135216110,5436421000056581188,San Lorenzo Unified School District
zcrm_5436421000135229966,5436421000056581190,San Juan Unified School District
zcrm_5436421000135225468,5436421000056581549,Palo Alto Unified School District
zcrm_5436421000135230678,5436421000056581551,Palm Springs Unified School District
zcrm_5436421000135226025,5436421000056581638,Modesto City High School District
zcrm_5436421000135228526,5436421000056581691,Los Angeles Unified School District
zcrm_5436421000135219088,5436421000056582075,Hanford Elementary School District
zcrm_5436421000135224535,5436421000056582133,Fairfield-Suisun Unified School District
zcrm_5436421000135200609,5436421000056582155,El Centro Elementary School District
zcrm_5436421000135235063,5436421000056582160,East Side Union High School District
zcrm_5436421000135224465,5436421000056582193,Covina-Valley Unified School District
zcrm_5436421000135222126,5436421000056582578,Bakersfield City School District
zcrm_5436421000135222576,5436421000056582591,Antioch Unified School District
zcrm_5436421000135221464,5436421000056582610,Alisal Union Elementary School District
zcrm_5436421000135057966,5436421000056583063,Fort Smith Public Schools
zcrm_5436421000135206626,5436421000056583739,Huntsville City School District
zcrm_5436421000135218645,5436421000056584049,Auburn City School District
zcrm_5436421000135226520,5436421000056581062,Visalia Unified School District
zcrm_5436421000135222182,5436421000056581066,Vallejo City Unified School District
zcrm_5436421000135206101,5436421000056581188,San Lorenzo Unified School District
zcrm_5436421000135229610,5436421000056581190,San Juan Unified School District
zcrm_5436421000135225110,5436421000056581549,Palo Alto Unified School District
zcrm_5436421000135211578,5436421000056581551,Palm Springs Unified School District
zcrm_5436421000135224091,5436421000056581638,Modesto City High School District
zcrm_5436421000135228509,5436421000056581691,Los Angeles Unified School District
zcrm_5436421000135219011,5436421000056582075,Hanford Elementary School District
zcrm_5436421000135224513,5436421000056582133,Fairfield-Suisun Unified School District
zcrm_5436421000135200023,5436421000056582155,El Centro Elementary School District
zcrm_5436421000135235054,5436421000056582160,East Side Union High School District
zcrm_5436421000135222520,5436421000056582193,Covina-Valley Unified School District
zcrm_5436421000135222111,5436421000056582578,Bakersfield City School District
zcrm_5436421000135222485,5436421000056582591,Antioch Unified School District
zcrm_5436421000135221136,5436421000056582610,Alisal Union Elementary School District
zcrm_5436421000135208101,5436421000056584049,Auburn City School District
zcrm_5436421000135226471,5436421000056581062,Visalia Unified School District
zcrm_5436421000135222113,5436421000056581066,Vallejo City Unified School District
zcrm_5436421000135229583,5436421000056581190,San Juan Unified School District
zcrm_5436421000135224558,5436421000056581549,Palo Alto Unified School District
zcrm_5436421000135207463,5436421000056581551,Palm Springs Unified School District
zcrm_5436421000135223651,5436421000056581638,Modesto City High School District
zcrm_5436421000135228504,5436421000056581691,Los Angeles Unified School District
zcrm_5436421000135219004,5436421000056582075,Hanford Elementary School District
zcrm_5436421000135223943,5436421000056582133,Fairfield-Suisun Unified School District
zcrm_5436421000135235049,5436421000056582160,East Side Union High School District
zcrm_5436421000135222141,5436421000056582193,Covina-Valley Unified School District
zcrm_5436421000135222052,5436421000056582578,Bakersfield City School District
zcrm_5436421000135222450,5436421000056582591,Antioch Unified School District
zcrm_5436421000135212662,5436421000056582610,Alisal Union Elementary School District
zcrm_5436421000135208062,5436421000056584049,Auburn City School District
zcrm_5436421000135225977,5436421000056581062,Visalia Unified School District
zcrm_5436421000135222010,5436421000056581066,Vallejo City Unified School District
zcrm_5436421000135229157,5436421000056581190,San Juan Unified School District
zcrm_5436421000135224103,5436421000056581549,Palo Alto Unified School District
zcrm_5436421000135223592,5436421000056581638,Modesto City High School District
zcrm_5436421000135228489,5436421000056581691,Los Angeles Unified School District
zcrm_5436421000135218994,5436421000056582075,Hanford Elementary School District
zcrm_5436421000135223676,5436421000056582133,Fairfield-Suisun Unified School District
zcrm_5436421000135235047,5436421000056582160,East Side Union High School District
zcrm_5436421000135220966,5436421000056582193,Covina-Valley Unified School District
zcrm_5436421000135220956,5436421000056582591,Antioch Unified School District
zcrm_5436421000135209621,5436421000056582610,Alisal Union Elementary School District
zcrm_5436421000135225964,5436421000056581062,Visalia Unified School District
zcrm_5436421000135221007,5436421000056581066,Vallejo City Unified School District
zcrm_5436421000135229147,5436421000056581190,San Juan Unified School District
zcrm_5436421000135224056,5436421000056581549,Palo Alto Unified School District
zcrm_5436421000135223472,5436421000056581638,Modesto City High School District
zcrm_5436421000135228484,5436421000056581691,Los Angeles Unified School District
zcrm_5436421000135218941,5436421000056582075,Hanford Elementary School District
zcrm_5436421000135223584,5436421000056582133,Fairfield-Suisun Unified School District
zcrm_5436421000135235039,5436421000056582160,East Side Union High School District
zcrm_5436421000135225960,5436421000056581062,Visalia Unified School District
zcrm_5436421000135220654,5436421000056581066,Vallejo City Unified School District
zcrm_5436421000135228973,5436421000056581190,San Juan Unified School District
zcrm_5436421000135223984,5436421000056581549,Palo Alto Unified School District
zcrm_5436421000135222514,5436421000056581638,Modesto City High School District
zcrm_5436421000135228478,5436421000056581691,Los Angeles Unified School District
zcrm_5436421000135215599,5436421000056582075,Hanford Elementary School District
zcrm_5436421000135223116,5436421000056582133,Fairfield-Suisun Unified School District
zcrm_5436421000135235038,5436421000056582160,East Side Union High School District
zcrm_5436421000135225658,5436421000056581062,Visalia Unified School District
zcrm_5436421000135220617,5436421000056581066,Vallejo City Unified School District
zcrm_5436421000135228684,5436421000056581190,San Juan Unified School District
zcrm_5436421000135223623,5436421000056581549,Palo Alto Unified School District
zcrm_5436421000135221608,5436421000056581638,Modesto City High School District
zcrm_5436421000135228474,5436421000056581691,Los Angeles Unified School District
zcrm_5436421000135222026,5436421000056582133,Fairfield-Suisun Unified School District
zcrm_5436421000135235037,5436421000056582160,East Side Union High School District
zcrm_5436421000135225580,5436421000056581062,Visalia Unified School District
zcrm_5436421000135220177,5436421000056581066,Vallejo City Unified School District
zcrm_5436421000135224605,5436421000056581190,San Juan Unified School District
zcrm_5436421000135223169,5436421000056581549,Palo Alto Unified School District
zcrm_5436421000135221525,5436421000056581638,Modesto City High School District
zcrm_5436421000135228463,5436421000056581691,Los Angeles Unified School District
zcrm_5436421000135222020,5436421000056582133,Fairfield-Suisun Unified School District
zcrm_5436421000135235033,5436421000056582160,East Side Union High School District
zcrm_5436421000135225490,5436421000056581062,Visalia Unified School District
zcrm_5436421000135209638,5436421000056581066,Vallejo City Unified School District
zcrm_5436421000135219549,5436421000056581190,San Juan Unified School District
zcrm_5436421000135222601,5436421000056581549,Palo Alto Unified School District
zcrm_5436421000135221031,5436421000056581638,Modesto City High School District
zcrm_5436421000135228438,5436421000056581691,Los Angeles Unified School District
zcrm_5436421000135221947,5436421000056582133,Fairfield-Suisun Unified School District
zcrm_5436421000135235032,5436421000056582160,East Side Union High School District
zcrm_5436421000135225182,5436421000056581062,Visalia Unified School District
zcrm_5436421000135202588,5436421000056581066,Vallejo City Unified School District
zcrm_5436421000135216656,5436421000056581190,San Juan Unified School District
zcrm_5436421000135222584,5436421000056581549,Palo Alto Unified School District
zcrm_5436421000135212462,5436421000056581638,Modesto City High School District
zcrm_5436421000135228184,5436421000056581691,Los Angeles Unified School District
zcrm_5436421000135221676,5436421000056582133,Fairfield-Suisun Unified School District
zcrm_5436421000135235031,5436421000056582160,East Side Union High School District
zcrm_5436421000135225168,5436421000056581062,Visalia Unified School District
zcrm_5436421000135208663,5436421000056581190,San Juan Unified School District
zcrm_5436421000135220990,5436421000056581549,Palo Alto Unified School District
zcrm_5436421000135210683,5436421000056581638,Modesto City High School District
zcrm_5436421000135220157,5436421000056581691,Los Angeles Unified School District
zcrm_5436421000135221562,5436421000056582133,Fairfield-Suisun Unified School District
zcrm_5436421000135235030,5436421000056582160,East Side Union High School District
zcrm_5436421000135225086,5436421000056581062,Visalia Unified School District
zcrm_5436421000135208647,5436421000056581190,San Juan Unified School District
zcrm_5436421000135220062,5436421000056581549,Palo Alto Unified School District
zcrm_5436421000135208982,5436421000056581638,Modesto City High School District
zcrm_5436421000135214001,5436421000056581691,Los Angeles Unified School District
zcrm_5436421000135221139,5436421000056582133,Fairfield-Suisun Unified School District
zcrm_5436421000135235028,5436421000056582160,East Side Union High School District
zcrm_5436421000135225027,5436421000056581062,Visalia Unified School District
zcrm_5436421000135205666,5436421000056581190,San Juan Unified School District
zcrm_5436421000135206470,5436421000056581549,Palo Alto Unified School District
zcrm_5436421000135208014,5436421000056581638,Modesto City High School District
zcrm_5436421000135213630,5436421000056581691,Los Angeles Unified School District
zcrm_5436421000135221116,5436421000056582133,Fairfield-Suisun Unified School District
zcrm_5436421000135235000,5436421000056582160,East Side Union High School District
zcrm_5436421000135225025,5436421000056581062,Visalia Unified School District
zcrm_5436421000135205447,5436421000056581190,San Juan Unified School District
zcrm_5436421000135207059,5436421000056581638,Modesto City High School District
zcrm_5436421000135213467,5436421000056581691,Los Angeles Unified School District
zcrm_5436421000135221047,5436421000056582133,Fairfield-Suisun Unified School District
zcrm_5436421000135224642,5436421000056581062,Visalia Unified School District
zcrm_5436421000135201981,5436421000056581190,San Juan Unified School District
zcrm_5436421000135206149,5436421000056581638,Modesto City High School District
zcrm_5436421000135209000,5436421000056581691,Los Angeles Unified School District
zcrm_5436421000135219650,5436421000056582133,Fairfield-Suisun Unified School District
zcrm_5436421000135224576,5436421000056581062,Visalia Unified School District
zcrm_5436421000135201635,5436421000056581190,San Juan Unified School District
zcrm_5436421000135206137,5436421000056581638,Modesto City High School District
zcrm_5436421000135206038,5436421000056581691,Los Angeles Unified School District
zcrm_5436421000135218025,5436421000056582133,Fairfield-Suisun Unified School District
zcrm_5436421000135224568,5436421000056581062,Visalia Unified School District
zcrm_5436421000135204584,5436421000056581638,Modesto City High School District
zcrm_5436421000135205534,5436421000056581691,Los Angeles Unified School District
zcrm_5436421000135217654,5436421000056582133,Fairfield-Suisun Unified School District
zcrm_5436421000135224498,5436421000056581062,Visalia Unified School District
zcrm_5436421000135204522,5436421000056581638,Modesto City High School District
zcrm_5436421000135205514,5436421000056581691,Los Angeles Unified School District
zcrm_5436421000135215071,5436421000056582133,Fairfield-Suisun Unified School District
zcrm_5436421000135224485,5436421000056581062,Visalia Unified School District
zcrm_5436421000135204444,5436421000056581638,Modesto City High School District
zcrm_5436421000135204101,5436421000056581691,Los Angeles Unified School District
zcrm_5436421000135205456,5436421000056582133,Fairfield-Suisun Unified School District
zcrm_5436421000135224454,5436421000056581062,Visalia Unified School District
zcrm_5436421000135203995,5436421000056581638,Modesto City High School District
zcrm_5436421000135203083,5436421000056581691,Los Angeles Unified School District
zcrm_5436421000135224449,5436421000056581062,Visalia Unified School District
zcrm_5436421000135202501,5436421000056581638,Modesto City High School District
zcrm_5436421000135202121,5436421000056581691,Los Angeles Unified School District
zcrm_5436421000135224443,5436421000056581062,Visalia Unified School District
zcrm_5436421000135202139,5436421000056581638,Modesto City High School District
zcrm_5436421000135200051,5436421000056581691,Los Angeles Unified School District
zcrm_5436421000135224113,5436421000056581062,Visalia Unified School District
zcrm_5436421000135202125,5436421000056581638,Modesto City High School District
zcrm_5436421000135224092,5436421000056581062,Visalia Unified School District
zcrm_5436421000135200554,5436421000056581638,Modesto City High School District
zcrm_5436421000135223998,5436421000056581062,Visalia Unified School District
zcrm_5436421000135200550,5436421000056581638,Modesto City High School District
zcrm_5436421000135223985,5436421000056581062,Visalia Unified School District
zcrm_5436421000135200528,5436421000056581638,Modesto City High School District
zcrm_5436421000135223955,5436421000056581062,Visalia Unified School District
zcrm_5436421000135223680,5436421000056581062,Visalia Unified School District
zcrm_5436421000135223634,5436421000056581062,Visalia Unified School District
zcrm_5436421000135223613,5436421000056581062,Visalia Unified School District
zcrm_5436421000135223512,5436421000056581062,Visalia Unified School District
zcrm_5436421000135223509,5436421000056581062,Visalia Unified School District
zcrm_5436421000135223492,5436421000056581062,Visalia Unified School District
zcrm_5436421000135223462,5436421000056581062,Visalia Unified School District
zcrm_5436421000135223165,5436421000056581062,Visalia Unified School District
zcrm_5436421000135223164,5436421000056581062,Visalia Unified School District
zcrm_5436421000135222616,5436421000056581062,Visalia Unified School District
zcrm_5436421000135222546,5436421000056581062,Visalia Unified School District
zcrm_5436421000135222545,5436421000056581062,Visalia Unified School District
zcrm_5436421000135222524,5436421000056581062,Visalia Unified School District
zcrm_5436421000135222133,5436421000056581062,Visalia Unified School District
zcrm_5436421000135222071,5436421000056581062,Visalia Unified School District
zcrm_5436421000135221977,5436421000056581062,Visalia Unified School District
zcrm_5436421000135221599,5436421000056581062,Visalia Unified School District
zcrm_5436421000135221581,5436421000056581062,Visalia Unified School District
zcrm_5436421000135221508,5436421000056581062,Visalia Unified School District
zcrm_5436421000135221448,5436421000056581062,Visalia Unified School District
zcrm_5436421000135221443,5436421000056581062,Visalia Unified School District
zcrm_5436421000135221010,5436421000056581062,Visalia Unified School District
zcrm_5436421000135220988,5436421000056581062,Visalia Unified School District
zcrm_5436421000135220976,5436421000056581062,Visalia Unified School District
zcrm_5436421000135220968,5436421000056581062,Visalia Unified School District
zcrm_5436421000135220687,5436421000056581062,Visalia Unified School District
zcrm_5436421000135220679,5436421000056581062,Visalia Unified School District
zcrm_5436421000135220070,5436421000056581062,Visalia Unified School District
zcrm_5436421000135217054,5436421000056581062,Visalia Unified School District
zcrm_5436421000135205985,5436421000056581062,Visalia Unified School District
zcrm_5436421000135205064,5436421000056581062,Visalia Unified School District
zcrm_5436421000135201986,5436421000056581062,Visalia Unified School District
zcrm_5436421000135234939,5436421000056581079,Tulare City Elementary School District
zcrm_5436421000135200590,,
zcrm_5436421000135200617,,
zcrm_5436421000135200657,,
zcrm_5436421000135202538,,
zcrm_5436421000135202988,,
zcrm_5436421000135202997,,
zcrm_5436421000135203040,,
zcrm_5436421000135203572,,
zcrm_5436421000135203614,,
zcrm_5436421000135204125,,
zcrm_5436421000135204499,,
zcrm_5436421000135207639,,
zcrm_5436421000135207668,,
zcrm_5436421000135208126,,
zcrm_5436421000135209045,,
zcrm_5436421000135210624,,
zcrm_5436421000135211086,,
zcrm_5436421000135211583,,
zcrm_5436421000135211956,,
zcrm_5436421000135212100,,
zcrm_5436421000135213604,,
zcrm_5436421000135214033,,
zcrm_5436421000135214069,,
zcrm_5436421000135214180,,
zcrm_5436421000135214643,,
zcrm_5436421000135214666,,
zcrm_5436421000135215470,,
zcrm_5436421000135215561,,
zcrm_5436421000135216505,,
zcrm_5436421000135216624,,
zcrm_5436421000135216960,,
zcrm_5436421000135217496,,
zcrm_5436421000135218112,,
zcrm_5436421000135219142,,
zcrm_5436421000135219509,,
zcrm_5436421000135219529,,
zcrm_5436421000135219639,,
zcrm_5436421000135220497,,
zcrm_5436421000135220568,,
zcrm_5436421000135220681,,
zcrm_5436421000135220947,,
zcrm_5436421000135220960,,
zcrm_5436421000135222940,,
zcrm_5436421000135222949,,
zcrm_5436421000135222993,,
zcrm_5436421000135223135,,
zcrm_5436421000135225010,,
zcrm_5436421000135226041,,
zcrm_5436421000135226500,,
zcrm_5436421000135227558,,
zcrm_5436421000135229167,,
zcrm_5436421000135229668,,
zcrm_5436421000135231040,,
zcrm_5436421000135233163,,
zcrm_5436421000135233539,,
zcrm_5436421000135233650,,
zcrm_5436421000135233673,,
zcrm_5436421000135234654,,
zcrm_5436421000135235081,,
zcrm_5436421000135127196,,
zcrm_5436421000135127259,,
zcrm_5436421000135201593,,
zcrm_5436421000135201647,,
zcrm_5436421000135201980,,
zcrm_5436421000135202030,,
zcrm_5436421000135202604,,
zcrm_5436421000135204034,,
zcrm_5436421000135204072,,
zcrm_5436421000135204648,,
zcrm_5436421000135206161,,
zcrm_5436421000135207682,,
zcrm_5436421000135208016,,
zcrm_5436421000135208674,,
zcrm_5436421000135209024,,
zcrm_5436421000135209060,,
zcrm_5436421000135209110,,
zcrm_5436421000135210645,,
zcrm_5436421000135211029,,
zcrm_5436421000135212126,,
zcrm_5436421000135212177,,
zcrm_5436421000135212571,,
zcrm_5436421000135213078,,
zcrm_5436421000135214459,,
zcrm_5436421000135214552,,
zcrm_5436421000135214576,,
zcrm_5436421000135215563,,
zcrm_5436421000135215635,,
zcrm_5436421000135216603,,
zcrm_5436421000135218067,,
zcrm_5436421000135219448,,
zcrm_5436421000135219552,,
zcrm_5436421000135220532,,
zcrm_5436421000135222062,,
zcrm_5436421000135222149,,
zcrm_5436421000135222470,,
zcrm_5436421000135222960,,
zcrm_5436421000135225160,,
zcrm_5436421000135226115,,
zcrm_5436421000135226618,,
zcrm_5436421000135226957,,
zcrm_5436421000135226963,,
zcrm_5436421000135226978,,
zcrm_5436421000135226986,,
zcrm_5436421000135227038,,
zcrm_5436421000135227939,,
zcrm_5436421000135228129,,
zcrm_5436421000135229599,,
zcrm_5436421000135230556,,
zcrm_5436421000135231083,,
zcrm_5436421000135233045,,
zcrm_5436421000135233448,,
zcrm_5436421000135233591,,
zcrm_5436421000135234511,,
zcrm_5436421000135234938,,
zcrm_5436421000135234968,,
zcrm_5436421000135235025,,
zcrm_5436421000135235040,,
zcrm_5436421000135235042,,
zcrm_5436421000135235052,,
zcrm_5436421000135235056,,
zcrm_5436421000135235057,,
zcrm_5436421000135235070,,
zcrm_5436421000135235110,,
zcrm_5436421000135235117,,
zcrm_5436421000135202077,,
zcrm_5436421000135202490,,
zcrm_5436421000135202579,,
zcrm_5436421000135202675,,
zcrm_5436421000135203652,,
zcrm_5436421000135205680,,
zcrm_5436421000135205971,,
zcrm_5436421000135207133,,
zcrm_5436421000135207979,,
zcrm_5436421000135210992,,
zcrm_5436421000135211461,,
zcrm_5436421000135211551,,
zcrm_5436421000135213657,,
zcrm_5436421000135214987,,
zcrm_5436421000135215680,,
zcrm_5436421000135216162,,
zcrm_5436421000135217057,,
zcrm_5436421000135217468,,
zcrm_5436421000135218483,,
zcrm_5436421000135218962,,
zcrm_5436421000135218963,,
zcrm_5436421000135219054,,
zcrm_5436421000135219155,,
zcrm_5436421000135219486,,
zcrm_5436421000135219657,,
zcrm_5436421000135220021,,
zcrm_5436421000135220054,,
zcrm_5436421000135220140,,
zcrm_5436421000135220520,,
zcrm_5436421000135220636,,
zcrm_5436421000135221016,,
zcrm_5436421000135221544,,
zcrm_5436421000135222175,,
zcrm_5436421000135222439,,
zcrm_5436421000135222472,,
zcrm_5436421000135222493,,
zcrm_5436421000135222525,,
zcrm_5436421000135222533,,
zcrm_5436421000135222604,,
zcrm_5436421000135223167,,
zcrm_5436421000135223530,,
zcrm_5436421000135223588,,
zcrm_5436421000135223616,,
zcrm_5436421000135224005,,
zcrm_5436421000135224484,,
zcrm_5436421000135224995,,
zcrm_5436421000135225062,,
zcrm_5436421000135225063,,
zcrm_5436421000135225070,,
zcrm_5436421000135225510,,
zcrm_5436421000135225973,,
zcrm_5436421000135226088,,
zcrm_5436421000135226094,,
zcrm_5436421000135226107,,
zcrm_5436421000135226125,,
zcrm_5436421000135226133,,
zcrm_5436421000135226134,,
zcrm_5436421000135226174,,
zcrm_5436421000135226554,,
zcrm_5436421000135226556,,
zcrm_5436421000135227088,,
zcrm_5436421000135227110,,
zcrm_5436421000135227111,,
zcrm_5436421000135227485,,
zcrm_5436421000135227488,,
zcrm_5436421000135227494,,
zcrm_5436421000135227498,,
zcrm_5436421000135227566,,
zcrm_5436421000135227585,,
zcrm_5436421000135227595,,
zcrm_5436421000135227674,,
zcrm_5436421000135227941,,
zcrm_5436421000135228016,,
zcrm_5436421000135228144,,
zcrm_5436421000135228452,,
zcrm_5436421000135228581,,
zcrm_5436421000135230109,,
zcrm_5436421000135230472,,
zcrm_5436421000135231565,,
zcrm_5436421000135232626,,
zcrm_5436421000135235006,,
zcrm_5436421000135235007,,
zcrm_5436421000135235008,,
zcrm_5436421000135200505,,
zcrm_5436421000135200978,,
zcrm_5436421000135201162,,
zcrm_5436421000135203526,,
zcrm_5436421000135203670,,
zcrm_5436421000135206491,,
zcrm_5436421000135207475,,
zcrm_5436421000135207971,,
zcrm_5436421000135209177,,
zcrm_5436421000135210020,,
zcrm_5436421000135210071,,
zcrm_5436421000135210486,,
zcrm_5436421000135210498,,
zcrm_5436421000135210586,,
zcrm_5436421000135210640,,
zcrm_5436421000135212520,,
zcrm_5436421000135213679,,
zcrm_5436421000135214012,,
zcrm_5436421000135214021,,
zcrm_5436421000135215075,,
zcrm_5436421000135215150,,
zcrm_5436421000135215610,,
zcrm_5436421000135215954,,
zcrm_5436421000135216040,,
zcrm_5436421000135216625,,
zcrm_5436421000135216944,,
zcrm_5436421000135218124,,
zcrm_5436421000135218524,,
zcrm_5436421000135220615,,
zcrm_5436421000135221108,,
zcrm_5436421000135222072,,
zcrm_5436421000135222529,,
zcrm_5436421000135222945,,
zcrm_5436421000135225963,,
zcrm_5436421000135226650,,
zcrm_5436421000135228506,,
zcrm_5436421000135230046,,
zcrm_5436421000135230576,,
zcrm_5436421000135230975,,
zcrm_5436421000135230976,,
zcrm_5436421000135231522,,
zcrm_5436421000135232049,,
zcrm_5436421000135233139,,
zcrm_5436421000135233450,,
zcrm_5436421000135233482,,
zcrm_5436421000135233517,,
zcrm_5436421000135233525,,
zcrm_5436421000135233573,,
zcrm_5436421000135233989,,
zcrm_5436421000135234450,,
zcrm_5436421000135234455,,
zcrm_5436421000135234496,,
zcrm_5436421000135234510,,
zcrm_5436421000135234565,,
zcrm_5436421000135234614,,
zcrm_5436421000135234951,,
zcrm_5436421000135077232,,
zcrm_5436421000135127288,,
zcrm_5436421000135127289,,
zcrm_5436421000135194799,,
zcrm_5436421000135194801,,
zcrm_5436421000135194802,,
zcrm_5436421000135194804,,
zcrm_5436421000135194808,,
zcrm_5436421000135194810,,
zcrm_5436421000135194814,,
zcrm_5436421000135194816,,
zcrm_5436421000135194817,,
zcrm_5436421000135194818,,
zcrm_5436421000135194824,,
zcrm_5436421000135194828,,
zcrm_5436421000135194829,,
zcrm_5436421000135194832,,
zcrm_5436421000135194833,,
zcrm_5436421000135194837,,
zcrm_5436421000135194838,,
zcrm_5436421000135194839,,
zcrm_5436421000135194842,,
zcrm_5436421000135194843,,
zcrm_5436421000135200021,,
zcrm_5436421000135200041,,
zcrm_5436421000135200623,,
zcrm_5436421000135201110,,
zcrm_5436421000135201114,,
zcrm_5436421000135201492,,
zcrm_5436421000135201526,,
zcrm_5436421000135201537,,
zcrm_5436421000135202148,,
zcrm_5436421000135202598,,
zcrm_5436421000135203488,,
zcrm_5436421000135203959,,
zcrm_5436421000135204610,,
zcrm_5436421000135205082,,
zcrm_5436421000135205637,,
zcrm_5436421000135206962,,
zcrm_5436421000135208988,,
zcrm_5436421000135210584,,
zcrm_5436421000135211036,,
zcrm_5436421000135212511,,
zcrm_5436421000135213639,,
zcrm_5436421000135213684,,
zcrm_5436421000135213965,,
zcrm_5436421000135215034,,
zcrm_5436421000135215061,,
zcrm_5436421000135215078,,
zcrm_5436421000135215606,,
zcrm_5436421000135216500,,
zcrm_5436421000135216673,,
zcrm_5436421000135217562,,
zcrm_5436421000135217586,,
zcrm_5436421000135217604,,
zcrm_5436421000135217608,,
zcrm_5436421000135217612,,
zcrm_5436421000135217671,,
zcrm_5436421000135218058,,
zcrm_5436421000135218120,,
zcrm_5436421000135218147,,
zcrm_5436421000135218185,,
zcrm_5436421000135218460,,
zcrm_5436421000135219005,,
zcrm_5436421000135219081,,
zcrm_5436421000135219100,,
zcrm_5436421000135219513,,
zcrm_5436421000135219548,,
zcrm_5436421000135219630,,
zcrm_5436421000135220004,,
zcrm_5436421000135220459,,
zcrm_5436421000135220642,,
zcrm_5436421000135220680,,
zcrm_5436421000135221021,,
zcrm_5436421000135221591,,
zcrm_5436421000135222048,,
zcrm_5436421000135222116,,
zcrm_5436421000135223147,,
zcrm_5436421000135223546,,
zcrm_5436421000135223615,,
zcrm_5436421000135223620,,
zcrm_5436421000135224074,,
zcrm_5436421000135224167,,
zcrm_5436421000135225556,,
zcrm_5436421000135225990,,
zcrm_5436421000135226162,,
zcrm_5436421000135227176,,
zcrm_5436421000135227451,,
zcrm_5436421000135227986,,
zcrm_5436421000135227992,,
zcrm_5436421000135228029,,
zcrm_5436421000135228036,,
zcrm_5436421000135228673,,
zcrm_5436421000135228683,,
zcrm_5436421000135228940,,
zcrm_5436421000135231004,,
zcrm_5436421000135231574,,
zcrm_5436421000135231589,,
zcrm_5436421000135231656,,
zcrm_5436421000135231668,,
zcrm_5436421000135232069,,
zcrm_5436421000135232100,,
zcrm_5436421000135233015,,
zcrm_5436421000135233158,,
zcrm_5436421000135233446,,
zcrm_5436421000135233461,,
zcrm_5436421000135233495,,
zcrm_5436421000135233602,,
zcrm_5436421000135234629,,
zcrm_5436421000135234665,,
zcrm_5436421000135235016,,
zcrm_5436421000135200029,,
zcrm_5436421000135202006,,
zcrm_5436421000135204496,,
zcrm_5436421000135204592,,
zcrm_5436421000135204681,,
zcrm_5436421000135205572,,
zcrm_5436421000135207998,,
zcrm_5436421000135208093,,
zcrm_5436421000135209472,,
zcrm_5436421000135209611,,
zcrm_5436421000135210671,,
zcrm_5436421000135210968,,
zcrm_5436421000135210980,,
zcrm_5436421000135211619,,
zcrm_5436421000135211960,,
zcrm_5436421000135211969,,
zcrm_5436421000135211992,,
zcrm_5436421000135212184,,
zcrm_5436421000135212463,,
zcrm_5436421000135213174,,
zcrm_5436421000135214496,,
zcrm_5436421000135215979,,
zcrm_5436421000135217954,,
zcrm_5436421000135219476,,
zcrm_5436421000135221017,,
zcrm_5436421000135221148,,
zcrm_5436421000135222543,,
zcrm_5436421000135222977,,
zcrm_5436421000135224036,,
zcrm_5436421000135224178,,
zcrm_5436421000135224179,,
zcrm_5436421000135224503,,
zcrm_5436421000135224559,,
zcrm_5436421000135224668,,
zcrm_5436421000135225620,,
zcrm_5436421000135225951,,
zcrm_5436421000135226052,,
zcrm_5436421000135226486,,
zcrm_5436421000135227022,,
zcrm_5436421000135227035,,
zcrm_5436421000135227442,,
zcrm_5436421000135227501,,
zcrm_5436421000135227550,,
zcrm_5436421000135227573,,
zcrm_5436421000135227582,,
zcrm_5436421000135228074,,
zcrm_5436421000135228629,,
zcrm_5436421000135229117,,
zcrm_5436421000135229174,,
zcrm_5436421000135229466,,
zcrm_5436421000135230083,,
zcrm_5436421000135230086,,
zcrm_5436421000135230511,,
zcrm_5436421000135231472,,
zcrm_5436421000135232035,,
zcrm_5436421000135232178,,
zcrm_5436421000135232184,,
zcrm_5436421000135232438,,
zcrm_5436421000135232507,,
zcrm_5436421000135232533,,
zcrm_5436421000135232583,,
zcrm_5436421000135232595,,
zcrm_5436421000135232985,,
zcrm_5436421000135234957,,
zcrm_5436421000135235119,,
zcrm_5436421000135235122,,
zcrm_5436421000135203140,,
zcrm_5436421000135203590,,
zcrm_5436421000135203665,,
zcrm_5436421000135204967,,
zcrm_5436421000135206028,,
zcrm_5436421000135206170,,
zcrm_5436421000135206539,,
zcrm_5436421000135207445,,
zcrm_5436421000135207451,,
zcrm_5436421000135207511,,
zcrm_5436421000135207521,,
zcrm_5436421000135207565,,
zcrm_5436421000135207583,,
zcrm_5436421000135207612,,
zcrm_5436421000135207659,,
zcrm_5436421000135207938,,
zcrm_5436421000135208030,,
zcrm_5436421000135210102,,
zcrm_5436421000135211445,,
zcrm_5436421000135211491,,
zcrm_5436421000135211505,,
zcrm_5436421000135211981,,
zcrm_5436421000135211994,,
zcrm_5436421000135214683,,
zcrm_5436421000135215600,,
zcrm_5436421000135215613,,
zcrm_5436421000135215617,,
zcrm_5436421000135216686,,
zcrm_5436421000135216989,,
zcrm_5436421000135217486,,
zcrm_5436421000135218667,,
zcrm_5436421000135218682,,
zcrm_5436421000135218999,,
zcrm_5436421000135219042,,
zcrm_5436421000135219065,,
zcrm_5436421000135219106,,
zcrm_5436421000135219131,,
zcrm_5436421000135219138,,
zcrm_5436421000135219507,,
zcrm_5436421000135219969,,
zcrm_5436421000135220017,,
zcrm_5436421000135220656,,
zcrm_5436421000135220666,,
zcrm_5436421000135220959,,
zcrm_5436421000135221491,,
zcrm_5436421000135222134,,
zcrm_5436421000135222142,,
zcrm_5436421000135222492,,
zcrm_5436421000135222497,,
zcrm_5436421000135222599,,
zcrm_5436421000135223568,,
zcrm_5436421000135224572,,
zcrm_5436421000135224662,,
zcrm_5436421000135224994,,
zcrm_5436421000135225659,,
zcrm_5436421000135225670,,
zcrm_5436421000135225984,,
zcrm_5436421000135226010,,
zcrm_5436421000135226165,,
zcrm_5436421000135227601,,
zcrm_5436421000135227633,,
zcrm_5436421000135227969,,
zcrm_5436421000135228031,,
zcrm_5436421000135228157,,
zcrm_5436421000135228180,,
zcrm_5436421000135228564,,
zcrm_5436421000135228567,,
zcrm_5436421000135228572,,
zcrm_5436421000135228638,,
zcrm_5436421000135228958,,
zcrm_5436421000135229008,,
zcrm_5436421000135229013,,
zcrm_5436421000135229021,,
zcrm_5436421000135229076,,
zcrm_5436421000135229143,,
zcrm_5436421000135229588,,
zcrm_5436421000135229654,,
zcrm_5436421000135230023,,
zcrm_5436421000135230066,,
zcrm_5436421000135230479,,
zcrm_5436421000135230509,,
zcrm_5436421000135230661,,
zcrm_5436421000135230662,,
zcrm_5436421000135230663,,
zcrm_5436421000135230666,,
zcrm_5436421000135230667,,
zcrm_5436421000135230673,,
zcrm_5436421000135230675,,
zcrm_5436421000135230676,,
zcrm_5436421000135230677,,
zcrm_5436421000135230685,,
zcrm_5436421000135230686,,
zcrm_5436421000135230939,,
zcrm_5436421000135230944,,
zcrm_5436421000135230967,,
zcrm_5436421000135230974,,
zcrm_5436421000135230981,,
zcrm_5436421000135230989,,
zcrm_5436421000135230992,,
zcrm_5436421000135231003,,
zcrm_5436421000135231005,,
zcrm_5436421000135231008,,
zcrm_5436421000135231017,,
zcrm_5436421000135231018,,
zcrm_5436421000135231023,,
zcrm_5436421000135231027,,
zcrm_5436421000135231029,,
zcrm_5436421000135231034,,
zcrm_5436421000135231084,,
zcrm_5436421000135231114,,
zcrm_5436421000135231138,,
zcrm_5436421000135231152,,
zcrm_5436421000135231162,,
zcrm_5436421000135231441,,
zcrm_5436421000135231451,,
zcrm_5436421000135231475,,
zcrm_5436421000135231493,,
zcrm_5436421000135231518,,
zcrm_5436421000135231540,,
zcrm_5436421000135231670,,
zcrm_5436421000135231977,,
zcrm_5436421000135232015,,
zcrm_5436421000135232019,,
zcrm_5436421000135232025,,
zcrm_5436421000135232519,,
zcrm_5436421000135232523,,
zcrm_5436421000135233442,,
zcrm_5436421000135233641,,
zcrm_5436421000135234465,,
zcrm_5436421000135234484,,
zcrm_5436421000135234489,,
zcrm_5436421000135234506,,
zcrm_5436421000135234508,,
zcrm_5436421000135234533,,
zcrm_5436421000135234548,,
zcrm_5436421000135234549,,
zcrm_5436421000135234555,,
zcrm_5436421000135234621,,
zcrm_5436421000135201505,,
zcrm_5436421000135201547,,
zcrm_5436421000135202576,,
zcrm_5436421000135203064,,
zcrm_5436421000135208990,,
zcrm_5436421000135209078,,
zcrm_5436421000135209130,,
zcrm_5436421000135211555,,
zcrm_5436421000135211633,,
zcrm_5436421000135212092,,
zcrm_5436421000135214017,,
zcrm_5436421000135214476,,
zcrm_5436421000135214631,,
zcrm_5436421000135214667,,
zcrm_5436421000135216535,,
zcrm_5436421000135216640,,
zcrm_5436421000135217958,,
zcrm_5436421000135218607,,
zcrm_5436421000135220045,,
zcrm_5436421000135222042,,
zcrm_5436421000135223055,,
zcrm_5436421000135223185,,
zcrm_5436421000135224078,,
zcrm_5436421000135224177,,
zcrm_5436421000135225651,,
zcrm_5436421000135226473,,
zcrm_5436421000135226975,,
zcrm_5436421000135227016,,
zcrm_5436421000135227048,,
zcrm_5436421000135228019,,
zcrm_5436421000135228027,,
zcrm_5436421000135228143,,
zcrm_5436421000135228507,,
zcrm_5436421000135228628,,
zcrm_5436421000135229034,,
zcrm_5436421000135229486,,
zcrm_5436421000135230586,,
zcrm_5436421000135230611,,
zcrm_5436421000135230946,,
zcrm_5436421000135230965,,
zcrm_5436421000135230978,,
zcrm_5436421000135230987,,
zcrm_5436421000135230993,,
zcrm_5436421000135230994,,
zcrm_5436421000135230995,,
zcrm_5436421000135230999,,
zcrm_5436421000135231001,,
zcrm_5436421000135231011,,
zcrm_5436421000135231032,,
zcrm_5436421000135231045,,
zcrm_5436421000135233519,,
zcrm_5436421000135234438,,
zcrm_5436421000135234458,,
zcrm_5436421000135234461,,
zcrm_5436421000135234472,,
zcrm_5436421000135234482,,
zcrm_5436421000135235018,,
zcrm_5436421000135235020,,
zcrm_5436421000135200079,,
zcrm_5436421000135200618,,
zcrm_5436421000135200680,,
zcrm_5436421000135201161,,
zcrm_5436421000135201166,,
zcrm_5436421000135201475,,
zcrm_5436421000135201533,,
zcrm_5436421000135201539,,
zcrm_5436421000135201559,,
zcrm_5436421000135201588,,
zcrm_5436421000135203573,,
zcrm_5436421000135206459,,
zcrm_5436421000135207571,,
zcrm_5436421000135210138,,
zcrm_5436421000135210623,,
zcrm_5436421000135210686,,
zcrm_5436421000135212187,,
zcrm_5436421000135212650,,
zcrm_5436421000135214155,,
zcrm_5436421000135214451,,
zcrm_5436421000135215119,,
zcrm_5436421000135215546,,
zcrm_5436421000135217673,,
zcrm_5436421000135218162,,
zcrm_5436421000135218489,,
zcrm_5436421000135218968,,
zcrm_5436421000135219024,,
zcrm_5436421000135219071,,
zcrm_5436421000135219168,,
zcrm_5436421000135219687,,
zcrm_5436421000135219972,,
zcrm_5436421000135220008,,
zcrm_5436421000135220061,,
zcrm_5436421000135220067,,
zcrm_5436421000135220117,,
zcrm_5436421000135220163,,
zcrm_5436421000135220980,,
zcrm_5436421000135220984,,
zcrm_5436421000135221076,,
zcrm_5436421000135221183,,
zcrm_5436421000135222043,,
zcrm_5436421000135222490,,
zcrm_5436421000135222562,,
zcrm_5436421000135222582,,
zcrm_5436421000135222618,,
zcrm_5436421000135222675,,
zcrm_5436421000135222681,,
zcrm_5436421000135222956,,
zcrm_5436421000135223565,,
zcrm_5436421000135223604,,
zcrm_5436421000135223975,,
zcrm_5436421000135223991,,
zcrm_5436421000135224057,,
zcrm_5436421000135224086,,
zcrm_5436421000135224121,,
zcrm_5436421000135224131,,
zcrm_5436421000135224142,,
zcrm_5436421000135224183,,
zcrm_5436421000135224627,,
zcrm_5436421000135224681,,
zcrm_5436421000135224682,,
zcrm_5436421000135224957,,
zcrm_5436421000135224991,,
zcrm_5436421000135225000,,
zcrm_5436421000135225111,,
zcrm_5436421000135225125,,
zcrm_5436421000135225185,,
zcrm_5436421000135225455,,
zcrm_5436421000135225464,,
zcrm_5436421000135225486,,
zcrm_5436421000135225572,,
zcrm_5436421000135225573,,
zcrm_5436421000135225588,,
zcrm_5436421000135225643,,
zcrm_5436421000135225654,,
zcrm_5436421000135225988,,
zcrm_5436421000135226066,,
zcrm_5436421000135226072,,
zcrm_5436421000135226093,,
zcrm_5436421000135226490,,
zcrm_5436421000135226555,,
zcrm_5436421000135226586,,
zcrm_5436421000135227441,,
zcrm_5436421000135227617,,
zcrm_5436421000135228002,,
zcrm_5436421000135228522,,
zcrm_5436421000135228523,,
zcrm_5436421000135228681,,
zcrm_5436421000135228988,,
zcrm_5436421000135229025,,
zcrm_5436421000135229060,,
zcrm_5436421000135229073,,
zcrm_5436421000135229129,,
zcrm_5436421000135229580,,
zcrm_5436421000135229600,,
zcrm_5436421000135229658,,
zcrm_5436421000135229660,,
zcrm_5436421000135230094,,
zcrm_5436421000135230142,,
zcrm_5436421000135230185,,
zcrm_5436421000135230448,,
zcrm_5436421000135231056,,
zcrm_5436421000135231058,,
zcrm_5436421000135231443,,
zcrm_5436421000135231448,,
zcrm_5436421000135231452,,
zcrm_5436421000135231474,,
zcrm_5436421000135231477,,
zcrm_5436421000135231480,,
zcrm_5436421000135231486,,
zcrm_5436421000135231515,,
zcrm_5436421000135231572,,
zcrm_5436421000135231658,,
zcrm_5436421000135231944,,
zcrm_5436421000135231947,,
zcrm_5436421000135231994,,
zcrm_5436421000135232014,,
zcrm_5436421000135232109,,
zcrm_5436421000135232487,,
zcrm_5436421000135232493,,
zcrm_5436421000135232499,,
zcrm_5436421000135232644,,
zcrm_5436421000135233019,,
zcrm_5436421000135233038,,
zcrm_5436421000135233046,,
zcrm_5436421000135233178,,
zcrm_5436421000135233480,,
zcrm_5436421000135233547,,
zcrm_5436421000135233993,,
zcrm_5436421000135234127,,
zcrm_5436421000135234509,,
zcrm_5436421000135234967,,
zcrm_5436421000135235141,,
zcrm_5436421000135200633,,
zcrm_5436421000135201680,,
zcrm_5436421000135202169,,
zcrm_5436421000135204582,,
zcrm_5436421000135206132,,
zcrm_5436421000135206531,,
zcrm_5436421000135206685,,
zcrm_5436421000135207546,,
zcrm_5436421000135208090,,
zcrm_5436421000135208561,,
zcrm_5436421000135209025,,
zcrm_5436421000135209456,,
zcrm_5436421000135210012,,
zcrm_5436421000135210099,,
zcrm_5436421000135210178,,
zcrm_5436421000135210484,,
zcrm_5436421000135211008,,
zcrm_5436421000135211585,,
zcrm_5436421000135212991,,
zcrm_5436421000135213498,,
zcrm_5436421000135214006,,
zcrm_5436421000135214127,,
zcrm_5436421000135214649,,
zcrm_5436421000135216523,,
zcrm_5436421000135217158,,
zcrm_5436421000135220039,,
zcrm_5436421000135220091,,
zcrm_5436421000135220167,,
zcrm_5436421000135220452,,
zcrm_5436421000135220541,,
zcrm_5436421000135220555,,
zcrm_5436421000135220582,,
zcrm_5436421000135221080,,
zcrm_5436421000135221498,,
zcrm_5436421000135223641,,
zcrm_5436421000135223974,,
zcrm_5436421000135224107,,
zcrm_5436421000135224521,,
zcrm_5436421000135224560,,
zcrm_5436421000135224667,,
zcrm_5436421000135228035,,
zcrm_5436421000135228153,,
zcrm_5436421000135228687,,
zcrm_5436421000135229510,,
zcrm_5436421000135229603,,
zcrm_5436421000135232559,,
zcrm_5436421000135232979,,
zcrm_5436421000135233132,,
zcrm_5436421000135233181,,
zcrm_5436421000135233481,,
zcrm_5436421000135233590,,
zcrm_5436421000135234069,,
zcrm_5436421000135234532,,
zcrm_5436421000135235076,,
zcrm_5436421000135200980,,
zcrm_5436421000135201599,,
zcrm_5436421000135203001,,
zcrm_5436421000135204051,,
zcrm_5436421000135204679,,
zcrm_5436421000135205104,,
zcrm_5436421000135206091,,
zcrm_5436421000135208021,,
zcrm_5436421000135208442,,
zcrm_5436421000135209010,,
zcrm_5436421000135209170,,
zcrm_5436421000135209617,,
zcrm_5436421000135210539,,
zcrm_5436421000135211448,,
zcrm_5436421000135211460,,
zcrm_5436421000135211467,,
zcrm_5436421000135211533,,
zcrm_5436421000135212095,,
zcrm_5436421000135212164,,
zcrm_5436421000135212176,,
zcrm_5436421000135213112,,
zcrm_5436421000135213652,,
zcrm_5436421000135214487,,
zcrm_5436421000135215987,,
zcrm_5436421000135216511,,
zcrm_5436421000135216647,,
zcrm_5436421000135216991,,
zcrm_5436421000135217019,,
zcrm_5436421000135217055,,
zcrm_5436421000135217497,,
zcrm_5436421000135217968,,
zcrm_5436421000135218491,,
zcrm_5436421000135218500,,
zcrm_5436421000135218559,,
zcrm_5436421000135219608,,
zcrm_5436421000135219641,,
zcrm_5436421000135220086,,
zcrm_5436421000135222471,,
zcrm_5436421000135222554,,
zcrm_5436421000135223481,,
zcrm_5436421000135223573,,
zcrm_5436421000135224671,,
zcrm_5436421000135225116,,
zcrm_5436421000135226649,,
zcrm_5436421000135226655,,
zcrm_5436421000135226665,,
zcrm_5436421000135227008,,
zcrm_5436421000135227497,,
zcrm_5436421000135227973,,
zcrm_5436421000135228587,,
zcrm_5436421000135228675,,
zcrm_5436421000135229499,,
zcrm_5436421000135230124,,
zcrm_5436421000135230654,,
zcrm_5436421000135231105,,
zcrm_5436421000135234042,,
zcrm_5436421000135234576,,
zcrm_5436421000135235077,,
zcrm_5436421000135127269,,
zcrm_5436421000135202659,,
zcrm_5436421000135202971,,
zcrm_5436421000135203988,,
zcrm_5436421000135205452,,
zcrm_5436421000135205576,,
zcrm_5436421000135205577,,
zcrm_5436421000135206047,,
zcrm_5436421000135207172,,
zcrm_5436421000135207173,,
zcrm_5436421000135207186,,
zcrm_5436421000135207502,,
zcrm_5436421000135207547,,
zcrm_5436421000135207944,,
zcrm_5436421000135207946,,
zcrm_5436421000135209485,,
zcrm_5436421000135209507,,
zcrm_5436421000135210124,,
zcrm_5436421000135210455,,
zcrm_5436421000135210515,,
zcrm_5436421000135211582,,
zcrm_5436421000135211997,,
zcrm_5436421000135212583,,
zcrm_5436421000135213995,,
zcrm_5436421000135217617,,
zcrm_5436421000135219450,,
zcrm_5436421000135220038,,
zcrm_5436421000135220049,,
zcrm_5436421000135220577,,
zcrm_5436421000135221563,,
zcrm_5436421000135222157,,
zcrm_5436421000135222513,,
zcrm_5436421000135222600,,
zcrm_5436421000135225053,,
zcrm_5436421000135225061,,
zcrm_5436421000135225501,,
zcrm_5436421000135228164,,
zcrm_5436421000135228466,,
zcrm_5436421000135229123,,
zcrm_5436421000135229133,,
zcrm_5436421000135229136,,
zcrm_5436421000135229474,,
zcrm_5436421000135229495,,
zcrm_5436421000135229519,,
zcrm_5436421000135229532,,
zcrm_5436421000135229557,,
zcrm_5436421000135229572,,
zcrm_5436421000135229584,,
zcrm_5436421000135229602,,
zcrm_5436421000135229663,,
zcrm_5436421000135229675,,
zcrm_5436421000135229680,,
zcrm_5436421000135229956,,
zcrm_5436421000135230105,,
zcrm_5436421000135230166,,
zcrm_5436421000135230646,,
zcrm_5436421000135230683,,
zcrm_5436421000135230941,,
zcrm_5436421000135231092,,
zcrm_5436421000135231098,,
zcrm_5436421000135231553,,
zcrm_5436421000135232060,,
zcrm_5436421000135232087,,
zcrm_5436421000135232122,,
zcrm_5436421000135232127,,
zcrm_5436421000135232148,,
zcrm_5436421000135232162,,
zcrm_5436421000135232463,,
zcrm_5436421000135232513,,
zcrm_5436421000135232514,,
zcrm_5436421000135232596,,
zcrm_5436421000135232966,,
zcrm_5436421000135233113,,
zcrm_5436421000135233551,,
zcrm_5436421000135233977,,
zcrm_5436421000135234110,,
zcrm_5436421000135234136,,
zcrm_5436421000135234568,,
zcrm_5436421000135194805,,
zcrm_5436421000135200162,,
zcrm_5436421000135202052,,
zcrm_5436421000135202504,,
zcrm_5436421000135204547,,
zcrm_5436421000135205978,,
zcrm_5436421000135206078,,
zcrm_5436421000135210091,,
zcrm_5436421000135210142,,
zcrm_5436421000135210439,,
zcrm_5436421000135210460,,
zcrm_5436421000135211083,,
zcrm_5436421000135211186,,
zcrm_5436421000135211479,,
zcrm_5436421000135212144,,
zcrm_5436421000135212185,,
zcrm_5436421000135212539,,
zcrm_5436421000135212664,,
zcrm_5436421000135213088,,
zcrm_5436421000135213683,,
zcrm_5436421000135213998,,
zcrm_5436421000135214008,,
zcrm_5436421000135214014,,
zcrm_5436421000135214041,,
zcrm_5436421000135214050,,
zcrm_5436421000135214054,,
zcrm_5436421000135214569,,
zcrm_5436421000135214975,,
zcrm_5436421000135215138,,
zcrm_5436421000135215998,,
zcrm_5436421000135216015,,
zcrm_5436421000135216078,,
zcrm_5436421000135216438,,
zcrm_5436421000135216530,,
zcrm_5436421000135216565,,
zcrm_5436421000135217045,,
zcrm_5436421000135217157,,
zcrm_5436421000135217549,,
zcrm_5436421000135217571,,
zcrm_5436421000135217575,,
zcrm_5436421000135218007,,
zcrm_5436421000135218182,,
zcrm_5436421000135218471,,
zcrm_5436421000135220089,,
zcrm_5436421000135220115,,
zcrm_5436421000135220537,,
zcrm_5436421000135220684,,
zcrm_5436421000135220978,,
zcrm_5436421000135221013,,
zcrm_5436421000135221106,,
zcrm_5436421000135221117,,
zcrm_5436421000135221130,,
zcrm_5436421000135221154,,
zcrm_5436421000135221468,,
zcrm_5436421000135221542,,
zcrm_5436421000135221551,,
zcrm_5436421000135221554,,
zcrm_5436421000135221636,,
zcrm_5436421000135221641,,
zcrm_5436421000135222082,,
zcrm_5436421000135222538,,
zcrm_5436421000135223157,,
zcrm_5436421000135223480,,
zcrm_5436421000135223544,,
zcrm_5436421000135223583,,
zcrm_5436421000135223637,,
zcrm_5436421000135223959,,
zcrm_5436421000135223976,,
zcrm_5436421000135224063,,
zcrm_5436421000135224105,,
zcrm_5436421000135224155,,
zcrm_5436421000135224174,,
zcrm_5436421000135224441,,
zcrm_5436421000135224463,,
zcrm_5436421000135224571,,
zcrm_5436421000135224636,,
zcrm_5436421000135224661,,
zcrm_5436421000135224672,,
zcrm_5436421000135224676,,
zcrm_5436421000135224944,,
zcrm_5436421000135224959,,
zcrm_5436421000135224997,,
zcrm_5436421000135225039,,
zcrm_5436421000135225122,,
zcrm_5436421000135225563,,
zcrm_5436421000135225565,,
zcrm_5436421000135225597,,
zcrm_5436421000135225648,,
zcrm_5436421000135225664,,
zcrm_5436421000135225965,,
zcrm_5436421000135226023,,
zcrm_5436421000135226035,,
zcrm_5436421000135226037,,
zcrm_5436421000135226073,,
zcrm_5436421000135226078,,
zcrm_5436421000135226130,,
zcrm_5436421000135227129,,
zcrm_5436421000135227486,,
zcrm_5436421000135227530,,
zcrm_5436421000135227680,,
zcrm_5436421000135228003,,
zcrm_5436421000135228005,,
zcrm_5436421000135228085,,
zcrm_5436421000135228094,,
zcrm_5436421000135228109,,
zcrm_5436421000135228117,,
zcrm_5436421000135228490,,
zcrm_5436421000135228658,,
zcrm_5436421000135228939,,
zcrm_5436421000135229513,,
zcrm_5436421000135229573,,
zcrm_5436421000135230022,,
zcrm_5436421000135230061,,
zcrm_5436421000135231581,,
zcrm_5436421000135231644,,
zcrm_5436421000135231677,,
zcrm_5436421000135232156,,
zcrm_5436421000135233026,,
zcrm_5436421000135233049,,
zcrm_5436421000135233054,,
zcrm_5436421000135233058,,
zcrm_5436421000135233073,,
zcrm_5436421000135233095,,
zcrm_5436421000135233128,,
zcrm_5436421000135233130,,
zcrm_5436421000135233152,,
zcrm_5436421000135233456,,
zcrm_5436421000135234003,,
zcrm_5436421000135234610,,
zcrm_5436421000135235140,,
zcrm_5436421000135077760,,
zcrm_5436421000135127207,,
zcrm_5436421000135127247,,
zcrm_5436421000135200153,,
zcrm_5436421000135200637,,
zcrm_5436421000135200971,,
zcrm_5436421000135201993,,
zcrm_5436421000135202479,,
zcrm_5436421000135202613,,
zcrm_5436421000135202637,,
zcrm_5436421000135204167,,
zcrm_5436421000135205110,,
zcrm_5436421000135205558,,
zcrm_5436421000135206000,,
zcrm_5436421000135206080,,
zcrm_5436421000135206451,,
zcrm_5436421000135206627,,
zcrm_5436421000135208106,,
zcrm_5436421000135208604,,
zcrm_5436421000135210147,,
zcrm_5436421000135210569,,
zcrm_5436421000135212071,,
zcrm_5436421000135212098,,
zcrm_5436421000135213164,,
zcrm_5436421000135213185,,
zcrm_5436421000135213600,,
zcrm_5436421000135213635,,
zcrm_5436421000135213686,,
zcrm_5436421000135213960,,
zcrm_5436421000135214464,,
zcrm_5436421000135214645,,
zcrm_5436421000135216174,,
zcrm_5436421000135216596,,
zcrm_5436421000135217052,,
zcrm_5436421000135217059,,
zcrm_5436421000135217092,,
zcrm_5436421000135217646,,
zcrm_5436421000135217661,,
zcrm_5436421000135218184,,
zcrm_5436421000135219098,,
zcrm_5436421000135219572,,
zcrm_5436421000135219677,,
zcrm_5436421000135219951,,
zcrm_5436421000135219977,,
zcrm_5436421000135220118,,
zcrm_5436421000135220153,,
zcrm_5436421000135220545,,
zcrm_5436421000135221073,,
zcrm_5436421000135221107,,
zcrm_5436421000135221178,,
zcrm_5436421000135221496,,
zcrm_5436421000135221954,,
zcrm_5436421000135222040,,
zcrm_5436421000135222085,,
zcrm_5436421000135222443,,
zcrm_5436421000135222624,,
zcrm_5436421000135223111,,
zcrm_5436421000135223949,,
zcrm_5436421000135224019,,
zcrm_5436421000135224065,,
zcrm_5436421000135224127,,
zcrm_5436421000135224487,,
zcrm_5436421000135224509,,
zcrm_5436421000135224548,,
zcrm_5436421000135224650,,
zcrm_5436421000135225029,,
zcrm_5436421000135225492,,
zcrm_5436421000135225617,,
zcrm_5436421000135226009,,
zcrm_5436421000135226062,,
zcrm_5436421000135226143,,
zcrm_5436421000135226446,,
zcrm_5436421000135226502,,
zcrm_5436421000135226525,,
zcrm_5436421000135227101,,
zcrm_5436421000135227162,,
zcrm_5436421000135227575,,
zcrm_5436421000135228041,,
zcrm_5436421000135228071,,
zcrm_5436421000135229028,,
zcrm_5436421000135230038,,
zcrm_5436421000135230041,,
zcrm_5436421000135231442,,
zcrm_5436421000135231950,,
zcrm_5436421000135231973,,
zcrm_5436421000135232000,,
zcrm_5436421000135232055,,
zcrm_5436421000135232085,,
zcrm_5436421000135232177,,
zcrm_5436421000135232478,,
zcrm_5436421000135232579,,
zcrm_5436421000135232600,,
zcrm_5436421000135232653,,
zcrm_5436421000135232983,,
zcrm_5436421000135232992,,
zcrm_5436421000135233043,,
zcrm_5436421000135233550,,
zcrm_5436421000135233978,,
zcrm_5436421000135057981,,
zcrm_5436421000135201451,,
zcrm_5436421000135202666,,
zcrm_5436421000135202938,,
zcrm_5436421000135203026,,
zcrm_5436421000135204074,,
zcrm_5436421000135204186,,
zcrm_5436421000135206442,,
zcrm_5436421000135206573,,
zcrm_5436421000135206663,,
zcrm_5436421000135207120,,
zcrm_5436421000135209511,,
zcrm_5436421000135210990,,
zcrm_5436421000135211109,,
zcrm_5436421000135211480,,
zcrm_5436421000135213158,,
zcrm_5436421000135214520,,
zcrm_5436421000135214571,,
zcrm_5436421000135214572,,
zcrm_5436421000135214574,,
zcrm_5436421000135216108,,
zcrm_5436421000135216571,,
zcrm_5436421000135217138,,
zcrm_5436421000135217534,,
zcrm_5436421000135217568,,
zcrm_5436421000135217625,,
zcrm_5436421000135218484,,
zcrm_5436421000135220056,,
zcrm_5436421000135220496,,
zcrm_5436421000135220569,,
zcrm_5436421000135220635,,
zcrm_5436421000135220670,,
zcrm_5436421000135221014,,
zcrm_5436421000135221678,,
zcrm_5436421000135221946,,
zcrm_5436421000135222032,,
zcrm_5436421000135222622,,
zcrm_5436421000135223494,,
zcrm_5436421000135224079,,
zcrm_5436421000135224137,,
zcrm_5436421000135224633,,
zcrm_5436421000135224634,,
zcrm_5436421000135225438,,
zcrm_5436421000135225477,,
zcrm_5436421000135226583,,
zcrm_5436421000135227443,,
zcrm_5436421000135227444,,
zcrm_5436421000135227475,,
zcrm_5436421000135227590,,
zcrm_5436421000135228007,,
zcrm_5436421000135228448,,
zcrm_5436421000135228481,,
zcrm_5436421000135228664,,
zcrm_5436421000135228945,,
zcrm_5436421000135229577,,
zcrm_5436421000135229980,,
zcrm_5436421000135230051,,
zcrm_5436421000135231659,,
zcrm_5436421000135231983,,
zcrm_5436421000135232584,,
zcrm_5436421000135232606,,
zcrm_5436421000135232642,,
zcrm_5436421000135233018,,
zcrm_5436421000135233024,,
zcrm_5436421000135233094,,
zcrm_5436421000135233136,,
zcrm_5436421000135233438,,
zcrm_5436421000135233552,,
zcrm_5436421000135233595,,
zcrm_5436421000135234121,,
zcrm_5436421000135194453,,
zcrm_5436421000135200582,,
zcrm_5436421000135204671,,
zcrm_5436421000135205152,,
zcrm_5436421000135206158,,
zcrm_5436421000135206471,,
zcrm_5436421000135206495,,
zcrm_5436421000135206566,,
zcrm_5436421000135208573,,
zcrm_5436421000135209132,,
zcrm_5436421000135209554,,
zcrm_5436421000135210170,,
zcrm_5436421000135211098,,
zcrm_5436421000135213650,,
zcrm_5436421000135214048,,
zcrm_5436421000135214156,,
zcrm_5436421000135214602,,
zcrm_5436421000135215092,,
zcrm_5436421000135216005,,
zcrm_5436421000135216061,,
zcrm_5436421000135216441,,
zcrm_5436421000135216542,,
zcrm_5436421000135217643,,
zcrm_5436421000135218054,,
zcrm_5436421000135218074,,
zcrm_5436421000135218104,,
zcrm_5436421000135218159,,
zcrm_5436421000135218523,,
zcrm_5436421000135219565,,
zcrm_5436421000135220116,,
zcrm_5436421000135220516,,
zcrm_5436421000135220645,,
zcrm_5436421000135220682,,
zcrm_5436421000135221023,,
zcrm_5436421000135221440,,
zcrm_5436421000135221992,,
zcrm_5436421000135222151,,
zcrm_5436421000135223619,,
zcrm_5436421000135223674,,
zcrm_5436421000135224533,,
zcrm_5436421000135224993,,
zcrm_5436421000135225128,,
zcrm_5436421000135225469,,
zcrm_5436421000135225579,,
zcrm_5436421000135226608,,
zcrm_5436421000135227140,,
zcrm_5436421000135227518,,
zcrm_5436421000135228075,,
zcrm_5436421000135228187,,
zcrm_5436421000135228441,,
zcrm_5436421000135228483,,
zcrm_5436421000135228511,,
zcrm_5436421000135228575,,
zcrm_5436421000135228592,,
zcrm_5436421000135229078,,
zcrm_5436421000135229105,,
zcrm_5436421000135229446,,
zcrm_5436421000135230122,,
zcrm_5436421000135230507,,
zcrm_5436421000135231953,,
zcrm_5436421000135232174,,
zcrm_5436421000135232504,,
zcrm_5436421000135232548,,
zcrm_5436421000135233117,,