Record Id,Tag
zcrm_5436421000135057972,Wide Net - May 2026
zcrm_5436421000135077434,Wide Net - May 2026
zcrm_5436421000135077778,Wide Net - May 2026
zcrm_5436421000135194217,Wide Net - May 2026
zcrm_5436421000135194228,Wide Net - May 2026
zcrm_5436421000135200036,Wide Net - May 2026
zcrm_5436421000135200443,Wide Net - May 2026
zcrm_5436421000135201111,Wide Net - May 2026
zcrm_5436421000135201133,Wide Net - May 2026
zcrm_5436421000135201481,Wide Net - May 2026
zcrm_5436421000135201513,Wide Net - May 2026
zcrm_5436421000135201534,Wide Net - May 2026
zcrm_5436421000135201548,Wide Net - May 2026
zcrm_5436421000135201577,Wide Net - May 2026
zcrm_5436421000135201687,Wide Net - May 2026
zcrm_5436421000135202012,Wide Net - May 2026
zcrm_5436421000135202032,Wide Net - May 2026
zcrm_5436421000135202116,Wide Net - May 2026
zcrm_5436421000135202640,Wide Net - May 2026
zcrm_5436421000135203082,Wide Net - May 2026
zcrm_5436421000135203181,Wide Net - May 2026
zcrm_5436421000135203446,Wide Net - May 2026
zcrm_5436421000135203460,Wide Net - May 2026
zcrm_5436421000135203469,Wide Net - May 2026
zcrm_5436421000135203635,Wide Net - May 2026
zcrm_5436421000135203938,Wide Net - May 2026
zcrm_5436421000135204148,Wide Net - May 2026
zcrm_5436421000135204521,Wide Net - May 2026
zcrm_5436421000135204973,Wide Net - May 2026
zcrm_5436421000135205027,Wide Net - May 2026
zcrm_5436421000135205131,Wide Net - May 2026
zcrm_5436421000135205171,Wide Net - May 2026
zcrm_5436421000135205187,Wide Net - May 2026
zcrm_5436421000135205676,Wide Net - May 2026
zcrm_5436421000135205942,Wide Net - May 2026
zcrm_5436421000135205975,Wide Net - May 2026
zcrm_5436421000135205992,Wide Net - May 2026
zcrm_5436421000135206983,Wide Net - May 2026
zcrm_5436421000135207098,Wide Net - May 2026
zcrm_5436421000135207467,Wide Net - May 2026
zcrm_5436421000135207481,Wide Net - May 2026
zcrm_5436421000135207508,Wide Net - May 2026
zcrm_5436421000135207609,Wide Net - May 2026
zcrm_5436421000135208001,Wide Net - May 2026
zcrm_5436421000135208104,Wide Net - May 2026
zcrm_5436421000135208122,Wide Net - May 2026
zcrm_5436421000135208178,Wide Net - May 2026
zcrm_5436421000135208597,Wide Net - May 2026
zcrm_5436421000135208635,Wide Net - May 2026
zcrm_5436421000135208686,Wide Net - May 2026
zcrm_5436421000135209509,Wide Net - May 2026
zcrm_5436421000135209686,Wide Net - May 2026
zcrm_5436421000135210081,Wide Net - May 2026
zcrm_5436421000135211631,Wide Net - May 2026
zcrm_5436421000135211938,Wide Net - May 2026
zcrm_5436421000135212449,Wide Net - May 2026
zcrm_5436421000135212456,Wide Net - May 2026
zcrm_5436421000135212473,Wide Net - May 2026
zcrm_5436421000135212503,Wide Net - May 2026
zcrm_5436421000135212673,Wide Net - May 2026
zcrm_5436421000135212956,Wide Net - May 2026
zcrm_5436421000135213097,Wide Net - May 2026
zcrm_5436421000135213111,Wide Net - May 2026
zcrm_5436421000135213457,Wide Net - May 2026
zcrm_5436421000135214023,Wide Net - May 2026
zcrm_5436421000135214512,Wide Net - May 2026
zcrm_5436421000135214534,Wide Net - May 2026
zcrm_5436421000135214668,Wide Net - May 2026
zcrm_5436421000135215016,Wide Net - May 2026
zcrm_5436421000135215050,Wide Net - May 2026
zcrm_5436421000135215143,Wide Net - May 2026
zcrm_5436421000135215144,Wide Net - May 2026
zcrm_5436421000135215466,Wide Net - May 2026
zcrm_5436421000135215495,Wide Net - May 2026
zcrm_5436421000135215512,Wide Net - May 2026
zcrm_5436421000135215576,Wide Net - May 2026
zcrm_5436421000135215662,Wide Net - May 2026
zcrm_5436421000135216125,Wide Net - May 2026
zcrm_5436421000135216152,Wide Net - May 2026
zcrm_5436421000135216443,Wide Net - May 2026
zcrm_5436421000135216452,Wide Net - May 2026
zcrm_5436421000135216472,Wide Net - May 2026
zcrm_5436421000135216564,Wide Net - May 2026
zcrm_5436421000135217672,Wide Net - May 2026
zcrm_5436421000135218176,Wide Net - May 2026
zcrm_5436421000135218468,Wide Net - May 2026
zcrm_5436421000135219526,Wide Net - May 2026
zcrm_5436421000135219663,Wide Net - May 2026
zcrm_5436421000135219943,Wide Net - May 2026
zcrm_5436421000135220111,Wide Net - May 2026
zcrm_5436421000135220938,Wide Net - May 2026
zcrm_5436421000135221057,Wide Net - May 2026
zcrm_5436421000135222118,Wide Net - May 2026
zcrm_5436421000135222137,Wide Net - May 2026
zcrm_5436421000135222168,Wide Net - May 2026
zcrm_5436421000135222177,Wide Net - May 2026
zcrm_5436421000135222488,Wide Net - May 2026
zcrm_5436421000135222565,Wide Net - May 2026
zcrm_5436421000135223059,Wide Net - May 2026
zcrm_5436421000135223994,Wide Net - May 2026
zcrm_5436421000135223999,Wide Net - May 2026
zcrm_5436421000135224138,Wide Net - May 2026
zcrm_5436421000135224462,Wide Net - May 2026
zcrm_5436421000135224577,Wide Net - May 2026
zcrm_5436421000135225012,Wide Net - May 2026
zcrm_5436421000135225075,Wide Net - May 2026
zcrm_5436421000135225444,Wide Net - May 2026
zcrm_5436421000135225445,Wide Net - May 2026
zcrm_5436421000135225543,Wide Net - May 2026
zcrm_5436421000135225640,Wide Net - May 2026
zcrm_5436421000135226472,Wide Net - May 2026
zcrm_5436421000135227125,Wide Net - May 2026
zcrm_5436421000135227134,Wide Net - May 2026
zcrm_5436421000135227609,Wide Net - May 2026
zcrm_5436421000135228108,Wide Net - May 2026
zcrm_5436421000135229041,Wide Net - May 2026
zcrm_5436421000135229150,Wide Net - May 2026
zcrm_5436421000135229487,Wide Net - May 2026
zcrm_5436421000135229497,Wide Net - May 2026
zcrm_5436421000135229506,Wide Net - May 2026
zcrm_5436421000135230491,Wide Net - May 2026
zcrm_5436421000135230621,Wide Net - May 2026
zcrm_5436421000135230656,Wide Net - May 2026
zcrm_5436421000135231037,Wide Net - May 2026
zcrm_5436421000135231044,Wide Net - May 2026
zcrm_5436421000135231446,Wide Net - May 2026
zcrm_5436421000135231469,Wide Net - May 2026
zcrm_5436421000135231639,Wide Net - May 2026
zcrm_5436421000135232469,Wide Net - May 2026
zcrm_5436421000135232556,Wide Net - May 2026
zcrm_5436421000135233084,Wide Net - May 2026
zcrm_5436421000135233185,Wide Net - May 2026
zcrm_5436421000135233561,Wide Net - May 2026
zcrm_5436421000135234658,Wide Net - May 2026
zcrm_5436421000135077331,Wide Net - May 2026
zcrm_5436421000135077446,Wide Net - May 2026
zcrm_5436421000135077747,Wide Net - May 2026
zcrm_5436421000135127205,Wide Net - May 2026
zcrm_5436421000135194245,Wide Net - May 2026
zcrm_5436421000135194780,Wide Net - May 2026
zcrm_5436421000135200105,Wide Net - May 2026
zcrm_5436421000135200984,Wide Net - May 2026
zcrm_5436421000135200992,Wide Net - May 2026
zcrm_5436421000135202127,Wide Net - May 2026
zcrm_5436421000135202522,Wide Net - May 2026
zcrm_5436421000135203137,Wide Net - May 2026
zcrm_5436421000135203455,Wide Net - May 2026
zcrm_5436421000135203588,Wide Net - May 2026
zcrm_5436421000135203609,Wide Net - May 2026
zcrm_5436421000135203658,Wide Net - May 2026
zcrm_5436421000135204006,Wide Net - May 2026
zcrm_5436421000135204562,Wide Net - May 2026
zcrm_5436421000135204589,Wide Net - May 2026
zcrm_5436421000135204978,Wide Net - May 2026
zcrm_5436421000135205003,Wide Net - May 2026
zcrm_5436421000135206099,Wide Net - May 2026
zcrm_5436421000135206569,Wide Net - May 2026
zcrm_5436421000135206958,Wide Net - May 2026
zcrm_5436421000135207027,Wide Net - May 2026
zcrm_5436421000135207458,Wide Net - May 2026
zcrm_5436421000135208171,Wide Net - May 2026
zcrm_5436421000135208447,Wide Net - May 2026
zcrm_5436421000135208542,Wide Net - May 2026
zcrm_5436421000135208656,Wide Net - May 2026
zcrm_5436421000135209098,Wide Net - May 2026
zcrm_5436421000135209100,Wide Net - May 2026
zcrm_5436421000135209134,Wide Net - May 2026
zcrm_5436421000135210017,Wide Net - May 2026
zcrm_5436421000135210043,Wide Net - May 2026
zcrm_5436421000135210056,Wide Net - May 2026
zcrm_5436421000135210144,Wide Net - May 2026
zcrm_5436421000135210446,Wide Net - May 2026
zcrm_5436421000135211151,Wide Net - May 2026
zcrm_5436421000135211584,Wide Net - May 2026
zcrm_5436421000135211685,Wide Net - May 2026
zcrm_5436421000135211964,Wide Net - May 2026
zcrm_5436421000135211990,Wide Net - May 2026
zcrm_5436421000135211993,Wide Net - May 2026
zcrm_5436421000135212161,Wide Net - May 2026
zcrm_5436421000135212174,Wide Net - May 2026
zcrm_5436421000135212447,Wide Net - May 2026
zcrm_5436421000135212534,Wide Net - May 2026
zcrm_5436421000135212966,Wide Net - May 2026
zcrm_5436421000135213101,Wide Net - May 2026
zcrm_5436421000135213173,Wide Net - May 2026
zcrm_5436421000135213438,Wide Net - May 2026
zcrm_5436421000135213440,Wide Net - May 2026
zcrm_5436421000135213972,Wide Net - May 2026
zcrm_5436421000135214093,Wide Net - May 2026
zcrm_5436421000135214176,Wide Net - May 2026
zcrm_5436421000135214665,Wide Net - May 2026
zcrm_5436421000135215131,Wide Net - May 2026
zcrm_5436421000135215598,Wide Net - May 2026
zcrm_5436421000135215953,Wide Net - May 2026
zcrm_5436421000135216004,Wide Net - May 2026
zcrm_5436421000135216023,Wide Net - May 2026
zcrm_5436421000135216024,Wide Net - May 2026
zcrm_5436421000135216105,Wide Net - May 2026
zcrm_5436421000135216630,Wide Net - May 2026
zcrm_5436421000135216675,Wide Net - May 2026
zcrm_5436421000135217077,Wide Net - May 2026
zcrm_5436421000135217142,Wide Net - May 2026
zcrm_5436421000135217442,Wide Net - May 2026
zcrm_5436421000135217477,Wide Net - May 2026
zcrm_5436421000135217510,Wide Net - May 2026
zcrm_5436421000135217963,Wide Net - May 2026
zcrm_5436421000135218459,Wide Net - May 2026
zcrm_5436421000135219577,Wide Net - May 2026
zcrm_5436421000135219643,Wide Net - May 2026
zcrm_5436421000135219670,Wide Net - May 2026
zcrm_5436421000135219679,Wide Net - May 2026
zcrm_5436421000135220066,Wide Net - May 2026
zcrm_5436421000135220513,Wide Net - May 2026
zcrm_5436421000135220970,Wide Net - May 2026
zcrm_5436421000135221062,Wide Net - May 2026
zcrm_5436421000135221553,Wide Net - May 2026
zcrm_5436421000135221560,Wide Net - May 2026
zcrm_5436421000135222506,Wide Net - May 2026
zcrm_5436421000135224048,Wide Net - May 2026
zcrm_5436421000135224580,Wide Net - May 2026
zcrm_5436421000135225035,Wide Net - May 2026
zcrm_5436421000135226050,Wide Net - May 2026
zcrm_5436421000135226553,Wide Net - May 2026
zcrm_5436421000135226645,Wide Net - May 2026
zcrm_5436421000135227013,Wide Net - May 2026
zcrm_5436421000135227099,Wide Net - May 2026
zcrm_5436421000135227170,Wide Net - May 2026
zcrm_5436421000135227458,Wide Net - May 2026
zcrm_5436421000135228464,Wide Net - May 2026
zcrm_5436421000135228471,Wide Net - May 2026
zcrm_5436421000135228491,Wide Net - May 2026
zcrm_5436421000135229575,Wide Net - May 2026
zcrm_5436421000135229652,Wide Net - May 2026
zcrm_5436421000135229962,Wide Net - May 2026
zcrm_5436421000135230546,Wide Net - May 2026
zcrm_5436421000135231087,Wide Net - May 2026
zcrm_5436421000135231148,Wide Net - May 2026
zcrm_5436421000135232998,Wide Net - May 2026
zcrm_5436421000135233968,Wide Net - May 2026
zcrm_5436421000135234059,Wide Net - May 2026
zcrm_5436421000135234135,Wide Net - May 2026
zcrm_5436421000135234943,Wide Net - May 2026
zcrm_5436421000135235104,Wide Net - May 2026
zcrm_5436421000135235121,Wide Net - May 2026
zcrm_5436421000135235125,Wide Net - May 2026
zcrm_5436421000135077714,Wide Net - May 2026
zcrm_5436421000135077751,Wide Net - May 2026
zcrm_5436421000135077841,Wide Net - May 2026
zcrm_5436421000135194235,Wide Net - May 2026
zcrm_5436421000135194411,Wide Net - May 2026
zcrm_5436421000135194766,Wide Net - May 2026
zcrm_5436421000135200096,Wide Net - May 2026
zcrm_5436421000135200120,Wide Net - May 2026
zcrm_5436421000135200467,Wide Net - May 2026
zcrm_5436421000135200550,Wide Net - May 2026
zcrm_5436421000135201087,Wide Net - May 2026
zcrm_5436421000135201102,Wide Net - May 2026
zcrm_5436421000135201645,Wide Net - May 2026
zcrm_5436421000135201982,Wide Net - May 2026
zcrm_5436421000135202139,Wide Net - May 2026
zcrm_5436421000135202502,Wide Net - May 2026
zcrm_5436421000135202617,Wide Net - May 2026
zcrm_5436421000135202953,Wide Net - May 2026
zcrm_5436421000135202974,Wide Net - May 2026
zcrm_5436421000135203138,Wide Net - May 2026
zcrm_5436421000135203178,Wide Net - May 2026
zcrm_5436421000135203184,Wide Net - May 2026
zcrm_5436421000135203474,Wide Net - May 2026
zcrm_5436421000135203523,Wide Net - May 2026
zcrm_5436421000135203532,Wide Net - May 2026
zcrm_5436421000135203547,Wide Net - May 2026
zcrm_5436421000135203580,Wide Net - May 2026
zcrm_5436421000135203600,Wide Net - May 2026
zcrm_5436421000135203637,Wide Net - May 2026
zcrm_5436421000135203655,Wide Net - May 2026
zcrm_5436421000135203661,Wide Net - May 2026
zcrm_5436421000135203667,Wide Net - May 2026
zcrm_5436421000135204030,Wide Net - May 2026
zcrm_5436421000135204133,Wide Net - May 2026
zcrm_5436421000135205607,Wide Net - May 2026
zcrm_5436421000135205687,Wide Net - May 2026
zcrm_5436421000135207013,Wide Net - May 2026
zcrm_5436421000135207037,Wide Net - May 2026
zcrm_5436421000135207183,Wide Net - May 2026
zcrm_5436421000135207505,Wide Net - May 2026
zcrm_5436421000135207536,Wide Net - May 2026
zcrm_5436421000135207576,Wide Net - May 2026
zcrm_5436421000135207603,Wide Net - May 2026
zcrm_5436421000135207950,Wide Net - May 2026
zcrm_5436421000135207961,Wide Net - May 2026
zcrm_5436421000135207977,Wide Net - May 2026
zcrm_5436421000135207983,Wide Net - May 2026
zcrm_5436421000135208078,Wide Net - May 2026
zcrm_5436421000135208138,Wide Net - May 2026
zcrm_5436421000135208541,Wide Net - May 2026
zcrm_5436421000135209119,Wide Net - May 2026
zcrm_5436421000135209157,Wide Net - May 2026
zcrm_5436421000135209559,Wide Net - May 2026
zcrm_5436421000135209677,Wide Net - May 2026
zcrm_5436421000135210577,Wide Net - May 2026
zcrm_5436421000135211003,Wide Net - May 2026
zcrm_5436421000135211011,Wide Net - May 2026
zcrm_5436421000135211016,Wide Net - May 2026
zcrm_5436421000135211017,Wide Net - May 2026
zcrm_5436421000135211103,Wide Net - May 2026
zcrm_5436421000135211484,Wide Net - May 2026
zcrm_5436421000135211528,Wide Net - May 2026
zcrm_5436421000135211553,Wide Net - May 2026
zcrm_5436421000135211639,Wide Net - May 2026
zcrm_5436421000135212025,Wide Net - May 2026
zcrm_5436421000135212462,Wide Net - May 2026
zcrm_5436421000135212549,Wide Net - May 2026
zcrm_5436421000135212999,Wide Net - May 2026
zcrm_5436421000135213105,Wide Net - May 2026
zcrm_5436421000135213153,Wide Net - May 2026
zcrm_5436421000135213949,Wide Net - May 2026
zcrm_5436421000135214051,Wide Net - May 2026
zcrm_5436421000135214528,Wide Net - May 2026
zcrm_5436421000135214542,Wide Net - May 2026
zcrm_5436421000135214597,Wide Net - May 2026
zcrm_5436421000135215083,Wide Net - May 2026
zcrm_5436421000135215507,Wide Net - May 2026
zcrm_5436421000135215945,Wide Net - May 2026
zcrm_5436421000135216019,Wide Net - May 2026
zcrm_5436421000135216159,Wide Net - May 2026
zcrm_5436421000135216185,Wide Net - May 2026
zcrm_5436421000135216489,Wide Net - May 2026
zcrm_5436421000135216650,Wide Net - May 2026
zcrm_5436421000135217020,Wide Net - May 2026
zcrm_5436421000135217573,Wide Net - May 2026
zcrm_5436421000135218959,Wide Net - May 2026
zcrm_5436421000135218992,Wide Net - May 2026
zcrm_5436421000135219063,Wide Net - May 2026
zcrm_5436421000135219671,Wide Net - May 2026
zcrm_5436421000135219682,Wide Net - May 2026
zcrm_5436421000135219952,Wide Net - May 2026
zcrm_5436421000135220003,Wide Net - May 2026
zcrm_5436421000135220138,Wide Net - May 2026
zcrm_5436421000135220596,Wide Net - May 2026
zcrm_5436421000135221159,Wide Net - May 2026
zcrm_5436421000135221445,Wide Net - May 2026
zcrm_5436421000135221562,Wide Net - May 2026
zcrm_5436421000135222655,Wide Net - May 2026
zcrm_5436421000135222969,Wide Net - May 2026
zcrm_5436421000135223472,Wide Net - May 2026
zcrm_5436421000135223528,Wide Net - May 2026
zcrm_5436421000135223567,Wide Net - May 2026
zcrm_5436421000135223981,Wide Net - May 2026
zcrm_5436421000135225020,Wide Net - May 2026
zcrm_5436421000135226439,Wide Net - May 2026
zcrm_5436421000135226491,Wide Net - May 2026
zcrm_5436421000135226626,Wide Net - May 2026
zcrm_5436421000135227143,Wide Net - May 2026
zcrm_5436421000135227946,Wide Net - May 2026
zcrm_5436421000135227996,Wide Net - May 2026
zcrm_5436421000135228502,Wide Net - May 2026
zcrm_5436421000135228521,Wide Net - May 2026
zcrm_5436421000135228616,Wide Net - May 2026
zcrm_5436421000135228963,Wide Net - May 2026
zcrm_5436421000135230527,Wide Net - May 2026
zcrm_5436421000135231956,Wide Net - May 2026
zcrm_5436421000135233644,Wide Net - May 2026
zcrm_5436421000135234164,Wide Net - May 2026
zcrm_5436421000135234534,Wide Net - May 2026
zcrm_5436421000135234647,Wide Net - May 2026
zcrm_5436421000135057970,Wide Net - May 2026
zcrm_5436421000135077303,Wide Net - May 2026
zcrm_5436421000135077425,Wide Net - May 2026
zcrm_5436421000135077772,Wide Net - May 2026
zcrm_5436421000135077802,Wide Net - May 2026
zcrm_5436421000135077869,Wide Net - May 2026
zcrm_5436421000135127183,Wide Net - May 2026
zcrm_5436421000135127185,Wide Net - May 2026
zcrm_5436421000135127214,Wide Net - May 2026
zcrm_5436421000135194372,Wide Net - May 2026
zcrm_5436421000135194757,Wide Net - May 2026
zcrm_5436421000135200038,Wide Net - May 2026
zcrm_5436421000135200110,Wide Net - May 2026
zcrm_5436421000135200155,Wide Net - May 2026
zcrm_5436421000135200482,Wide Net - May 2026
zcrm_5436421000135200621,Wide Net - May 2026
zcrm_5436421000135201007,Wide Net - May 2026
zcrm_5436421000135201020,Wide Net - May 2026
zcrm_5436421000135201082,Wide Net - May 2026
zcrm_5436421000135201089,Wide Net - May 2026
zcrm_5436421000135201170,Wide Net - May 2026
zcrm_5436421000135201179,Wide Net - May 2026
zcrm_5436421000135201438,Wide Net - May 2026
zcrm_5436421000135201468,Wide Net - May 2026
zcrm_5436421000135201629,Wide Net - May 2026
zcrm_5436421000135201989,Wide Net - May 2026
zcrm_5436421000135202018,Wide Net - May 2026
zcrm_5436421000135202663,Wide Net - May 2026
zcrm_5436421000135202674,Wide Net - May 2026
zcrm_5436421000135202994,Wide Net - May 2026
zcrm_5436421000135203540,Wide Net - May 2026
zcrm_5436421000135204147,Wide Net - May 2026
zcrm_5436421000135204161,Wide Net - May 2026
zcrm_5436421000135204512,Wide Net - May 2026
zcrm_5436421000135204645,Wide Net - May 2026
zcrm_5436421000135205036,Wide Net - May 2026
zcrm_5436421000135205460,Wide Net - May 2026
zcrm_5436421000135205505,Wide Net - May 2026
zcrm_5436421000135205945,Wide Net - May 2026
zcrm_5436421000135206561,Wide Net - May 2026
zcrm_5436421000135206938,Wide Net - May 2026
zcrm_5436421000135206982,Wide Net - May 2026
zcrm_5436421000135207049,Wide Net - May 2026
zcrm_5436421000135207090,Wide Net - May 2026
zcrm_5436421000135207455,Wide Net - May 2026
zcrm_5436421000135208029,Wide Net - May 2026
zcrm_5436421000135208034,Wide Net - May 2026
zcrm_5436421000135208459,Wide Net - May 2026
zcrm_5436421000135208568,Wide Net - May 2026
zcrm_5436421000135208991,Wide Net - May 2026
zcrm_5436421000135209034,Wide Net - May 2026
zcrm_5436421000135209067,Wide Net - May 2026
zcrm_5436421000135209103,Wide Net - May 2026
zcrm_5436421000135209467,Wide Net - May 2026
zcrm_5436421000135209581,Wide Net - May 2026
zcrm_5436421000135209945,Wide Net - May 2026
zcrm_5436421000135209946,Wide Net - May 2026
zcrm_5436421000135209956,Wide Net - May 2026
zcrm_5436421000135210135,Wide Net - May 2026
zcrm_5436421000135210158,Wide Net - May 2026
zcrm_5436421000135210613,Wide Net - May 2026
zcrm_5436421000135210625,Wide Net - May 2026
zcrm_5436421000135210649,Wide Net - May 2026
zcrm_5436421000135210660,Wide Net - May 2026
zcrm_5436421000135210670,Wide Net - May 2026
zcrm_5436421000135211049,Wide Net - May 2026
zcrm_5436421000135211107,Wide Net - May 2026
zcrm_5436421000135211650,Wide Net - May 2026
zcrm_5436421000135212544,Wide Net - May 2026
zcrm_5436421000135212657,Wide Net - May 2026
zcrm_5436421000135212683,Wide Net - May 2026
zcrm_5436421000135213067,Wide Net - May 2026
zcrm_5436421000135213179,Wide Net - May 2026
zcrm_5436421000135213445,Wide Net - May 2026
zcrm_5436421000135213535,Wide Net - May 2026
zcrm_5436421000135214076,Wide Net - May 2026
zcrm_5436421000135214939,Wide Net - May 2026
zcrm_5436421000135214990,Wide Net - May 2026
zcrm_5436421000135215024,Wide Net - May 2026
zcrm_5436421000135215069,Wide Net - May 2026
zcrm_5436421000135215491,Wide Net - May 2026
zcrm_5436421000135215682,Wide Net - May 2026
zcrm_5436421000135215977,Wide Net - May 2026
zcrm_5436421000135215980,Wide Net - May 2026
zcrm_5436421000135216017,Wide Net - May 2026
zcrm_5436421000135216058,Wide Net - May 2026
zcrm_5436421000135216512,Wide Net - May 2026
zcrm_5436421000135216556,Wide Net - May 2026
zcrm_5436421000135216587,Wide Net - May 2026
zcrm_5436421000135216622,Wide Net - May 2026
zcrm_5436421000135217012,Wide Net - May 2026
zcrm_5436421000135217457,Wide Net - May 2026
zcrm_5436421000135217556,Wide Net - May 2026
zcrm_5436421000135217939,Wide Net - May 2026
zcrm_5436421000135218022,Wide Net - May 2026
zcrm_5436421000135218037,Wide Net - May 2026
zcrm_5436421000135218617,Wide Net - May 2026
zcrm_5436421000135219587,Wide Net - May 2026
zcrm_5436421000135219619,Wide Net - May 2026
zcrm_5436421000135219629,Wide Net - May 2026
zcrm_5436421000135219680,Wide Net - May 2026
zcrm_5436421000135219949,Wide Net - May 2026
zcrm_5436421000135220000,Wide Net - May 2026
zcrm_5436421000135220126,Wide Net - May 2026
zcrm_5436421000135220168,Wide Net - May 2026
zcrm_5436421000135221001,Wide Net - May 2026
zcrm_5436421000135221011,Wide Net - May 2026
zcrm_5436421000135221077,Wide Net - May 2026
zcrm_5436421000135221127,Wide Net - May 2026
zcrm_5436421000135221990,Wide Net - May 2026
zcrm_5436421000135222034,Wide Net - May 2026
zcrm_5436421000135222499,Wide Net - May 2026
zcrm_5436421000135222573,Wide Net - May 2026
zcrm_5436421000135223006,Wide Net - May 2026
zcrm_5436421000135223058,Wide Net - May 2026
zcrm_5436421000135223515,Wide Net - May 2026
zcrm_5436421000135223954,Wide Net - May 2026
zcrm_5436421000135223969,Wide Net - May 2026
zcrm_5436421000135224146,Wide Net - May 2026
zcrm_5436421000135224455,Wide Net - May 2026
zcrm_5436421000135225068,Wide Net - May 2026
zcrm_5436421000135225085,Wide Net - May 2026
zcrm_5436421000135225443,Wide Net - May 2026
zcrm_5436421000135225676,Wide Net - May 2026
zcrm_5436421000135225981,Wide Net - May 2026
zcrm_5436421000135226053,Wide Net - May 2026
zcrm_5436421000135226058,Wide Net - May 2026
zcrm_5436421000135226485,Wide Net - May 2026
zcrm_5436421000135226527,Wide Net - May 2026
zcrm_5436421000135226549,Wide Net - May 2026
zcrm_5436421000135226644,Wide Net - May 2026
zcrm_5436421000135226652,Wide Net - May 2026
zcrm_5436421000135227510,Wide Net - May 2026
zcrm_5436421000135227596,Wide Net - May 2026
zcrm_5436421000135227950,Wide Net - May 2026
zcrm_5436421000135228645,Wide Net - May 2026
zcrm_5436421000135228948,Wide Net - May 2026
zcrm_5436421000135228967,Wide Net - May 2026
zcrm_5436421000135228995,Wide Net - May 2026
zcrm_5436421000135229551,Wide Net - May 2026
zcrm_5436421000135229619,Wide Net - May 2026
zcrm_5436421000135229687,Wide Net - May 2026
zcrm_5436421000135230120,Wide Net - May 2026
zcrm_5436421000135230684,Wide Net - May 2026
zcrm_5436421000135231019,Wide Net - May 2026
zcrm_5436421000135231068,Wide Net - May 2026
zcrm_5436421000135231557,Wide Net - May 2026
zcrm_5436421000135231558,Wide Net - May 2026
zcrm_5436421000135231601,Wide Net - May 2026
zcrm_5436421000135232042,Wide Net - May 2026
zcrm_5436421000135232452,Wide Net - May 2026
zcrm_5436421000135232599,Wide Net - May 2026
zcrm_5436421000135232675,Wide Net - May 2026
zcrm_5436421000135233000,Wide Net - May 2026
zcrm_5436421000135233454,Wide Net - May 2026
zcrm_5436421000135233483,Wide Net - May 2026
zcrm_5436421000135233530,Wide Net - May 2026
zcrm_5436421000135233535,Wide Net - May 2026
zcrm_5436421000135233559,Wide Net - May 2026
zcrm_5436421000135233576,Wide Net - May 2026
zcrm_5436421000135233597,Wide Net - May 2026
zcrm_5436421000135233616,Wide Net - May 2026
zcrm_5436421000135234444,Wide Net - May 2026
zcrm_5436421000135234513,Wide Net - May 2026
zcrm_5436421000135234581,Wide Net - May 2026
zcrm_5436421000135235102,Wide Net - May 2026
zcrm_5436421000135077442,Wide Net - May 2026
zcrm_5436421000135077903,Wide Net - May 2026
zcrm_5436421000135127208,Wide Net - May 2026
zcrm_5436421000135127237,Wide Net - May 2026
zcrm_5436421000135127265,Wide Net - May 2026
zcrm_5436421000135194261,Wide Net - May 2026
zcrm_5436421000135194277,Wide Net - May 2026
zcrm_5436421000135194385,Wide Net - May 2026
zcrm_5436421000135194802,Wide Net - May 2026
zcrm_5436421000135194842,Wide Net - May 2026
zcrm_5436421000135200006,Wide Net - May 2026
zcrm_5436421000135200029,Wide Net - May 2026
zcrm_5436421000135200044,Wide Net - May 2026
zcrm_5436421000135200446,Wide Net - May 2026
zcrm_5436421000135200942,Wide Net - May 2026
zcrm_5436421000135201134,Wide Net - May 2026
zcrm_5436421000135201451,Wide Net - May 2026
zcrm_5436421000135201522,Wide Net - May 2026
zcrm_5436421000135201526,Wide Net - May 2026
zcrm_5436421000135201533,Wide Net - May 2026
zcrm_5436421000135201570,Wide Net - May 2026
zcrm_5436421000135201599,Wide Net - May 2026
zcrm_5436421000135202077,Wide Net - May 2026
zcrm_5436421000135202130,Wide Net - May 2026
zcrm_5436421000135202148,Wide Net - May 2026
zcrm_5436421000135202169,Wide Net - May 2026
zcrm_5436421000135202182,Wide Net - May 2026
zcrm_5436421000135202459,Wide Net - May 2026
zcrm_5436421000135202463,Wide Net - May 2026
zcrm_5436421000135202478,Wide Net - May 2026
zcrm_5436421000135202483,Wide Net - May 2026
zcrm_5436421000135202531,Wide Net - May 2026
zcrm_5436421000135202538,Wide Net - May 2026
zcrm_5436421000135202659,Wide Net - May 2026
zcrm_5436421000135202942,Wide Net - May 2026
zcrm_5436421000135202988,Wide Net - May 2026
zcrm_5436421000135203001,Wide Net - May 2026
zcrm_5436421000135203515,Wide Net - May 2026
zcrm_5436421000135203574,Wide Net - May 2026
zcrm_5436421000135203616,Wide Net - May 2026
zcrm_5436421000135204064,Wide Net - May 2026
zcrm_5436421000135204119,Wide Net - May 2026
zcrm_5436421000135204556,Wide Net - May 2026
zcrm_5436421000135204686,Wide Net - May 2026
zcrm_5436421000135205043,Wide Net - May 2026
zcrm_5436421000135205520,Wide Net - May 2026
zcrm_5436421000135205656,Wide Net - May 2026
zcrm_5436421000135205978,Wide Net - May 2026
zcrm_5436421000135205991,Wide Net - May 2026
zcrm_5436421000135206015,Wide Net - May 2026
zcrm_5436421000135206170,Wide Net - May 2026
zcrm_5436421000135206539,Wide Net - May 2026
zcrm_5436421000135207120,Wide Net - May 2026
zcrm_5436421000135207133,Wide Net - May 2026
zcrm_5436421000135207152,Wide Net - May 2026
zcrm_5436421000135207172,Wide Net - May 2026
zcrm_5436421000135207173,Wide Net - May 2026
zcrm_5436421000135207445,Wide Net - May 2026
zcrm_5436421000135207497,Wide Net - May 2026
zcrm_5436421000135207642,Wide Net - May 2026
zcrm_5436421000135207979,Wide Net - May 2026
zcrm_5436421000135207989,Wide Net - May 2026
zcrm_5436421000135208075,Wide Net - May 2026
zcrm_5436421000135208601,Wide Net - May 2026
zcrm_5436421000135208604,Wide Net - May 2026
zcrm_5436421000135208674,Wide Net - May 2026
zcrm_5436421000135208988,Wide Net - May 2026
zcrm_5436421000135209010,Wide Net - May 2026
zcrm_5436421000135209029,Wide Net - May 2026
zcrm_5436421000135209078,Wide Net - May 2026
zcrm_5436421000135209080,Wide Net - May 2026
zcrm_5436421000135209132,Wide Net - May 2026
zcrm_5436421000135209160,Wide Net - May 2026
zcrm_5436421000135209170,Wide Net - May 2026
zcrm_5436421000135209179,Wide Net - May 2026
zcrm_5436421000135210070,Wide Net - May 2026
zcrm_5436421000135210159,Wide Net - May 2026
zcrm_5436421000135210180,Wide Net - May 2026
zcrm_5436421000135210484,Wide Net - May 2026
zcrm_5436421000135210496,Wide Net - May 2026
zcrm_5436421000135210498,Wide Net - May 2026
zcrm_5436421000135210623,Wide Net - May 2026
zcrm_5436421000135210645,Wide Net - May 2026
zcrm_5436421000135210968,Wide Net - May 2026
zcrm_5436421000135210983,Wide Net - May 2026
zcrm_5436421000135211023,Wide Net - May 2026
zcrm_5436421000135211080,Wide Net - May 2026
zcrm_5436421000135211479,Wide Net - May 2026
zcrm_5436421000135211537,Wide Net - May 2026
zcrm_5436421000135211554,Wide Net - May 2026
zcrm_5436421000135211555,Wide Net - May 2026
zcrm_5436421000135211585,Wide Net - May 2026
zcrm_5436421000135211601,Wide Net - May 2026
zcrm_5436421000135211619,Wide Net - May 2026
zcrm_5436421000135211651,Wide Net - May 2026
zcrm_5436421000135211953,Wide Net - May 2026
zcrm_5436421000135211992,Wide Net - May 2026
zcrm_5436421000135212058,Wide Net - May 2026
zcrm_5436421000135212100,Wide Net - May 2026
zcrm_5436421000135212126,Wide Net - May 2026
zcrm_5436421000135212164,Wide Net - May 2026
zcrm_5436421000135212533,Wide Net - May 2026
zcrm_5436421000135212572,Wide Net - May 2026
zcrm_5436421000135212650,Wide Net - May 2026
zcrm_5436421000135212941,Wide Net - May 2026
zcrm_5436421000135213078,Wide Net - May 2026
zcrm_5436421000135213088,Wide Net - May 2026
zcrm_5436421000135213112,Wide Net - May 2026
zcrm_5436421000135213116,Wide Net - May 2026
zcrm_5436421000135213441,Wide Net - May 2026
zcrm_5436421000135213503,Wide Net - May 2026
zcrm_5436421000135213604,Wide Net - May 2026
zcrm_5436421000135213652,Wide Net - May 2026
zcrm_5436421000135213679,Wide Net - May 2026
zcrm_5436421000135213969,Wide Net - May 2026
zcrm_5436421000135214033,Wide Net - May 2026
zcrm_5436421000135214069,Wide Net - May 2026
zcrm_5436421000135214631,Wide Net - May 2026
zcrm_5436421000135214667,Wide Net - May 2026
zcrm_5436421000135214957,Wide Net - May 2026
zcrm_5436421000135215001,Wide Net - May 2026
zcrm_5436421000135215055,Wide Net - May 2026
zcrm_5436421000135215057,Wide Net - May 2026
zcrm_5436421000135215075,Wide Net - May 2026
zcrm_5436421000135215092,Wide Net - May 2026
zcrm_5436421000135215150,Wide Net - May 2026
zcrm_5436421000135215485,Wide Net - May 2026
zcrm_5436421000135215501,Wide Net - May 2026
zcrm_5436421000135216028,Wide Net - May 2026
zcrm_5436421000135216108,Wide Net - May 2026
zcrm_5436421000135216162,Wide Net - May 2026
zcrm_5436421000135216186,Wide Net - May 2026
zcrm_5436421000135216438,Wide Net - May 2026
zcrm_5436421000135216565,Wide Net - May 2026
zcrm_5436421000135216638,Wide Net - May 2026
zcrm_5436421000135216657,Wide Net - May 2026
zcrm_5436421000135216944,Wide Net - May 2026
zcrm_5436421000135217019,Wide Net - May 2026
zcrm_5436421000135217059,Wide Net - May 2026
zcrm_5436421000135217094,Wide Net - May 2026
zcrm_5436421000135217101,Wide Net - May 2026
zcrm_5436421000135217138,Wide Net - May 2026
zcrm_5436421000135217507,Wide Net - May 2026
zcrm_5436421000135217592,Wide Net - May 2026
zcrm_5436421000135217941,Wide Net - May 2026
zcrm_5436421000135217954,Wide Net - May 2026
zcrm_5436421000135218005,Wide Net - May 2026
zcrm_5436421000135218049,Wide Net - May 2026
zcrm_5436421000135218057,Wide Net - May 2026
zcrm_5436421000135218124,Wide Net - May 2026
zcrm_5436421000135218147,Wide Net - May 2026
zcrm_5436421000135218441,Wide Net - May 2026
zcrm_5436421000135218523,Wide Net - May 2026
zcrm_5436421000135218605,Wide Net - May 2026
zcrm_5436421000135218948,Wide Net - May 2026
zcrm_5436421000135219454,Wide Net - May 2026
zcrm_5436421000135219486,Wide Net - May 2026
zcrm_5436421000135219509,Wide Net - May 2026
zcrm_5436421000135219630,Wide Net - May 2026
zcrm_5436421000135219677,Wide Net - May 2026
zcrm_5436421000135219977,Wide Net - May 2026
zcrm_5436421000135220021,Wide Net - May 2026
zcrm_5436421000135220067,Wide Net - May 2026
zcrm_5436421000135220086,Wide Net - May 2026
zcrm_5436421000135220091,Wide Net - May 2026
zcrm_5436421000135220532,Wide Net - May 2026
zcrm_5436421000135220666,Wide Net - May 2026
zcrm_5436421000135221017,Wide Net - May 2026
zcrm_5436421000135221032,Wide Net - May 2026
zcrm_5436421000135221045,Wide Net - May 2026
zcrm_5436421000135221117,Wide Net - May 2026
zcrm_5436421000135221130,Wide Net - May 2026
zcrm_5436421000135221551,Wide Net - May 2026
zcrm_5436421000135221636,Wide Net - May 2026
zcrm_5436421000135221677,Wide Net - May 2026
zcrm_5436421000135222048,Wide Net - May 2026
zcrm_5436421000135222082,Wide Net - May 2026
zcrm_5436421000135222134,Wide Net - May 2026
zcrm_5436421000135222443,Wide Net - May 2026
zcrm_5436421000135222456,Wide Net - May 2026
zcrm_5436421000135222493,Wide Net - May 2026
zcrm_5436421000135222538,Wide Net - May 2026
zcrm_5436421000135222582,Wide Net - May 2026
zcrm_5436421000135222618,Wide Net - May 2026
zcrm_5436421000135222656,Wide Net - May 2026
zcrm_5436421000135222940,Wide Net - May 2026
zcrm_5436421000135223055,Wide Net - May 2026
zcrm_5436421000135223104,Wide Net - May 2026
zcrm_5436421000135223609,Wide Net - May 2026
zcrm_5436421000135223641,Wide Net - May 2026
zcrm_5436421000135223674,Wide Net - May 2026
zcrm_5436421000135223975,Wide Net - May 2026
zcrm_5436421000135223989,Wide Net - May 2026
zcrm_5436421000135224035,Wide Net - May 2026
zcrm_5436421000135224057,Wide Net - May 2026
zcrm_5436421000135224079,Wide Net - May 2026
zcrm_5436421000135224177,Wide Net - May 2026
zcrm_5436421000135224183,Wide Net - May 2026
zcrm_5436421000135224521,Wide Net - May 2026
zcrm_5436421000135224560,Wide Net - May 2026
zcrm_5436421000135224612,Wide Net - May 2026
zcrm_5436421000135224624,Wide Net - May 2026
zcrm_5436421000135224635,Wide Net - May 2026
zcrm_5436421000135224650,Wide Net - May 2026
zcrm_5436421000135224661,Wide Net - May 2026
zcrm_5436421000135224944,Wide Net - May 2026
zcrm_5436421000135225010,Wide Net - May 2026
zcrm_5436421000135225128,Wide Net - May 2026
zcrm_5436421000135225438,Wide Net - May 2026
zcrm_5436421000135225602,Wide Net - May 2026
zcrm_5436421000135225620,Wide Net - May 2026
zcrm_5436421000135225664,Wide Net - May 2026
zcrm_5436421000135226023,Wide Net - May 2026
zcrm_5436421000135226066,Wide Net - May 2026
zcrm_5436421000135226072,Wide Net - May 2026
zcrm_5436421000135226125,Wide Net - May 2026
zcrm_5436421000135226138,Wide Net - May 2026
zcrm_5436421000135226162,Wide Net - May 2026
zcrm_5436421000135226187,Wide Net - May 2026
zcrm_5436421000135226490,Wide Net - May 2026
zcrm_5436421000135226517,Wide Net - May 2026
zcrm_5436421000135226522,Wide Net - May 2026
zcrm_5436421000135226533,Wide Net - May 2026
zcrm_5436421000135226551,Wide Net - May 2026
zcrm_5436421000135226556,Wide Net - May 2026
zcrm_5436421000135226978,Wide Net - May 2026
zcrm_5436421000135227088,Wide Net - May 2026
zcrm_5436421000135227110,Wide Net - May 2026
zcrm_5436421000135227172,Wide Net - May 2026
zcrm_5436421000135227475,Wide Net - May 2026
zcrm_5436421000135227501,Wide Net - May 2026
zcrm_5436421000135227590,Wide Net - May 2026
zcrm_5436421000135227680,Wide Net - May 2026
zcrm_5436421000135227947,Wide Net - May 2026
zcrm_5436421000135228035,Wide Net - May 2026
zcrm_5436421000135228074,Wide Net - May 2026
zcrm_5436421000135228117,Wide Net - May 2026
zcrm_5436421000135228187,Wide Net - May 2026
zcrm_5436421000135228447,Wide Net - May 2026
zcrm_5436421000135228450,Wide Net - May 2026
zcrm_5436421000135228506,Wide Net - May 2026
zcrm_5436421000135228522,Wide Net - May 2026
zcrm_5436421000135228592,Wide Net - May 2026
zcrm_5436421000135228596,Wide Net - May 2026
zcrm_5436421000135228628,Wide Net - May 2026
zcrm_5436421000135228673,Wide Net - May 2026
zcrm_5436421000135228939,Wide Net - May 2026
zcrm_5436421000135228986,Wide Net - May 2026
zcrm_5436421000135228988,Wide Net - May 2026
zcrm_5436421000135229028,Wide Net - May 2026
zcrm_5436421000135229034,Wide Net - May 2026
zcrm_5436421000135229161,Wide Net - May 2026
zcrm_5436421000135229499,Wide Net - May 2026
zcrm_5436421000135229513,Wide Net - May 2026
zcrm_5436421000135230041,Wide Net - May 2026
zcrm_5436421000135230083,Wide Net - May 2026
zcrm_5436421000135230109,Wide Net - May 2026
zcrm_5436421000135230117,Wide Net - May 2026
zcrm_5436421000135230166,Wide Net - May 2026
zcrm_5436421000135230448,Wide Net - May 2026
zcrm_5436421000135230564,Wide Net - May 2026
zcrm_5436421000135230662,Wide Net - May 2026
zcrm_5436421000135230666,Wide Net - May 2026
zcrm_5436421000135230685,Wide Net - May 2026
zcrm_5436421000135230981,Wide Net - May 2026
zcrm_5436421000135230987,Wide Net - May 2026
zcrm_5436421000135231017,Wide Net - May 2026
zcrm_5436421000135231058,Wide Net - May 2026
zcrm_5436421000135231138,Wide Net - May 2026
zcrm_5436421000135231443,Wide Net - May 2026
zcrm_5436421000135231451,Wide Net - May 2026
zcrm_5436421000135231452,Wide Net - May 2026
zcrm_5436421000135231474,Wide Net - May 2026
zcrm_5436421000135231589,Wide Net - May 2026
zcrm_5436421000135231950,Wide Net - May 2026
zcrm_5436421000135232049,Wide Net - May 2026
zcrm_5436421000135232085,Wide Net - May 2026
zcrm_5436421000135232092,Wide Net - May 2026
zcrm_5436421000135232553,Wide Net - May 2026
zcrm_5436421000135232606,Wide Net - May 2026
zcrm_5436421000135232644,Wide Net - May 2026
zcrm_5436421000135232670,Wide Net - May 2026
zcrm_5436421000135233019,Wide Net - May 2026
zcrm_5436421000135233049,Wide Net - May 2026
zcrm_5436421000135233119,Wide Net - May 2026
zcrm_5436421000135233123,Wide Net - May 2026
zcrm_5436421000135233136,Wide Net - May 2026
zcrm_5436421000135233158,Wide Net - May 2026
zcrm_5436421000135233440,Wide Net - May 2026
zcrm_5436421000135233446,Wide Net - May 2026
zcrm_5436421000135233482,Wide Net - May 2026
zcrm_5436421000135233519,Wide Net - May 2026
zcrm_5436421000135233525,Wide Net - May 2026
zcrm_5436421000135233551,Wide Net - May 2026
zcrm_5436421000135233591,Wide Net - May 2026
zcrm_5436421000135233641,Wide Net - May 2026
zcrm_5436421000135234071,Wide Net - May 2026
zcrm_5436421000135234104,Wide Net - May 2026
zcrm_5436421000135234176,Wide Net - May 2026
zcrm_5436421000135234455,Wide Net - May 2026
zcrm_5436421000135234458,Wide Net - May 2026
zcrm_5436421000135234474,Wide Net - May 2026
zcrm_5436421000135234482,Wide Net - May 2026
zcrm_5436421000135234489,Wide Net - May 2026
zcrm_5436421000135234565,Wide Net - May 2026
zcrm_5436421000135234568,Wide Net - May 2026
zcrm_5436421000135235018,Wide Net - May 2026
zcrm_5436421000135235056,Wide Net - May 2026
zcrm_5436421000135077212,Wide Net - May 2026
zcrm_5436421000135077310,Wide Net - May 2026
zcrm_5436421000135077311,Wide Net - May 2026
zcrm_5436421000135077357,Wide Net - May 2026
zcrm_5436421000135077408,Wide Net - May 2026
zcrm_5436421000135077435,Wide Net - May 2026
zcrm_5436421000135077450,Wide Net - May 2026
zcrm_5436421000135077912,Wide Net - May 2026
zcrm_5436421000135127220,Wide Net - May 2026
zcrm_5436421000135194282,Wide Net - May 2026
zcrm_5436421000135194783,Wide Net - May 2026
zcrm_5436421000135194785,Wide Net - May 2026
zcrm_5436421000135200508,Wide Net - May 2026
zcrm_5436421000135200557,Wide Net - May 2026
zcrm_5436421000135201097,Wide Net - May 2026
zcrm_5436421000135201650,Wide Net - May 2026
zcrm_5436421000135201669,Wide Net - May 2026
zcrm_5436421000135202519,Wide Net - May 2026
zcrm_5436421000135202680,Wide Net - May 2026
zcrm_5436421000135203003,Wide Net - May 2026
zcrm_5436421000135203054,Wide Net - May 2026
zcrm_5436421000135203439,Wide Net - May 2026
zcrm_5436421000135204038,Wide Net - May 2026
zcrm_5436421000135204145,Wide Net - May 2026
zcrm_5436421000135204970,Wide Net - May 2026
zcrm_5436421000135205014,Wide Net - May 2026
zcrm_5436421000135205019,Wide Net - May 2026
zcrm_5436421000135205166,Wide Net - May 2026
zcrm_5436421000135205185,Wide Net - May 2026
zcrm_5436421000135205459,Wide Net - May 2026
zcrm_5436421000135205597,Wide Net - May 2026
zcrm_5436421000135205619,Wide Net - May 2026
zcrm_5436421000135205996,Wide Net - May 2026
zcrm_5436421000135206668,Wide Net - May 2026
zcrm_5436421000135206974,Wide Net - May 2026
zcrm_5436421000135207555,Wide Net - May 2026
zcrm_5436421000135207672,Wide Net - May 2026
zcrm_5436421000135207680,Wide Net - May 2026
zcrm_5436421000135207987,Wide Net - May 2026
zcrm_5436421000135208165,Wide Net - May 2026
zcrm_5436421000135209122,Wide Net - May 2026
zcrm_5436421000135209955,Wide Net - May 2026
zcrm_5436421000135210663,Wide Net - May 2026
zcrm_5436421000135211984,Wide Net - May 2026
zcrm_5436421000135212467,Wide Net - May 2026
zcrm_5436421000135212492,Wide Net - May 2026
zcrm_5436421000135212557,Wide Net - May 2026
zcrm_5436421000135212649,Wide Net - May 2026
zcrm_5436421000135213444,Wide Net - May 2026
zcrm_5436421000135214044,Wide Net - May 2026
zcrm_5436421000135214640,Wide Net - May 2026
zcrm_5436421000135214938,Wide Net - May 2026
zcrm_5436421000135215120,Wide Net - May 2026
zcrm_5436421000135215152,Wide Net - May 2026
zcrm_5436421000135215580,Wide Net - May 2026
zcrm_5436421000135215594,Wide Net - May 2026
zcrm_5436421000135215626,Wide Net - May 2026
zcrm_5436421000135216007,Wide Net - May 2026
zcrm_5436421000135216087,Wide Net - May 2026
zcrm_5436421000135216138,Wide Net - May 2026
zcrm_5436421000135216154,Wide Net - May 2026
zcrm_5436421000135216658,Wide Net - May 2026
zcrm_5436421000135216981,Wide Net - May 2026
zcrm_5436421000135217487,Wide Net - May 2026
zcrm_5436421000135217620,Wide Net - May 2026
zcrm_5436421000135217621,Wide Net - May 2026
zcrm_5436421000135217664,Wide Net - May 2026
zcrm_5436421000135217967,Wide Net - May 2026
zcrm_5436421000135217998,Wide Net - May 2026
zcrm_5436421000135218467,Wide Net - May 2026
zcrm_5436421000135219485,Wide Net - May 2026
zcrm_5436421000135219508,Wide Net - May 2026
zcrm_5436421000135219575,Wide Net - May 2026
zcrm_5436421000135219662,Wide Net - May 2026
zcrm_5436421000135219958,Wide Net - May 2026
zcrm_5436421000135220006,Wide Net - May 2026
zcrm_5436421000135220113,Wide Net - May 2026
zcrm_5436421000135220114,Wide Net - May 2026
zcrm_5436421000135220612,Wide Net - May 2026
zcrm_5436421000135221039,Wide Net - May 2026
zcrm_5436421000135221068,Wide Net - May 2026
zcrm_5436421000135221614,Wide Net - May 2026
zcrm_5436421000135221957,Wide Net - May 2026
zcrm_5436421000135222077,Wide Net - May 2026
zcrm_5436421000135223119,Wide Net - May 2026
zcrm_5436421000135223137,Wide Net - May 2026
zcrm_5436421000135223169,Wide Net - May 2026
zcrm_5436421000135223184,Wide Net - May 2026
zcrm_5436421000135223984,Wide Net - May 2026
zcrm_5436421000135224528,Wide Net - May 2026
zcrm_5436421000135224629,Wide Net - May 2026
zcrm_5436421000135225586,Wide Net - May 2026
zcrm_5436421000135226001,Wide Net - May 2026
zcrm_5436421000135226141,Wide Net - May 2026
zcrm_5436421000135226505,Wide Net - May 2026
zcrm_5436421000135227017,Wide Net - May 2026
zcrm_5436421000135227096,Wide Net - May 2026
zcrm_5436421000135227128,Wide Net - May 2026
zcrm_5436421000135227462,Wide Net - May 2026
zcrm_5436421000135227532,Wide Net - May 2026
zcrm_5436421000135227565,Wide Net - May 2026
zcrm_5436421000135227665,Wide Net - May 2026
zcrm_5436421000135228160,Wide Net - May 2026
zcrm_5436421000135229483,Wide Net - May 2026
zcrm_5436421000135229546,Wide Net - May 2026
zcrm_5436421000135229587,Wide Net - May 2026
zcrm_5436421000135229610,Wide Net - May 2026
zcrm_5436421000135230149,Wide Net - May 2026
zcrm_5436421000135231110,Wide Net - May 2026
zcrm_5436421000135231519,Wide Net - May 2026
zcrm_5436421000135231576,Wide Net - May 2026
zcrm_5436421000135231594,Wide Net - May 2026
zcrm_5436421000135231616,Wide Net - May 2026
zcrm_5436421000135231637,Wide Net - May 2026
zcrm_5436421000135231948,Wide Net - May 2026
zcrm_5436421000135232141,Wide Net - May 2026
zcrm_5436421000135232470,Wide Net - May 2026
zcrm_5436421000135232551,Wide Net - May 2026
zcrm_5436421000135232592,Wide Net - May 2026
zcrm_5436421000135232973,Wide Net - May 2026
zcrm_5436421000135233586,Wide Net - May 2026
zcrm_5436421000135233619,Wide Net - May 2026
zcrm_5436421000135234009,Wide Net - May 2026
zcrm_5436421000135234615,Wide Net - May 2026
zcrm_5436421000135077267,Wide Net - May 2026
zcrm_5436421000135077337,Wide Net - May 2026
zcrm_5436421000135077339,Wide Net - May 2026
zcrm_5436421000135077810,Wide Net - May 2026
zcrm_5436421000135077816,Wide Net - May 2026
zcrm_5436421000135127266,Wide Net - May 2026
zcrm_5436421000135127281,Wide Net - May 2026
zcrm_5436421000135194367,Wide Net - May 2026
zcrm_5436421000135194387,Wide Net - May 2026
zcrm_5436421000135194768,Wide Net - May 2026
zcrm_5436421000135194794,Wide Net - May 2026
zcrm_5436421000135200078,Wide Net - May 2026
zcrm_5436421000135200465,Wide Net - May 2026
zcrm_5436421000135200477,Wide Net - May 2026
zcrm_5436421000135200645,Wide Net - May 2026
zcrm_5436421000135200988,Wide Net - May 2026
zcrm_5436421000135201029,Wide Net - May 2026
zcrm_5436421000135202528,Wide Net - May 2026
zcrm_5436421000135202532,Wide Net - May 2026
zcrm_5436421000135202629,Wide Net - May 2026
zcrm_5436421000135203104,Wide Net - May 2026
zcrm_5436421000135203680,Wide Net - May 2026
zcrm_5436421000135205493,Wide Net - May 2026
zcrm_5436421000135205581,Wide Net - May 2026
zcrm_5436421000135206466,Wide Net - May 2026
zcrm_5436421000135206548,Wide Net - May 2026
zcrm_5436421000135206588,Wide Net - May 2026
zcrm_5436421000135207549,Wide Net - May 2026
zcrm_5436421000135207985,Wide Net - May 2026
zcrm_5436421000135207995,Wide Net - May 2026
zcrm_5436421000135208137,Wide Net - May 2026
zcrm_5436421000135208953,Wide Net - May 2026
zcrm_5436421000135209638,Wide Net - May 2026
zcrm_5436421000135210036,Wide Net - May 2026
zcrm_5436421000135210104,Wide Net - May 2026
zcrm_5436421000135210119,Wide Net - May 2026
zcrm_5436421000135210149,Wide Net - May 2026
zcrm_5436421000135210513,Wide Net - May 2026
zcrm_5436421000135210529,Wide Net - May 2026
zcrm_5436421000135210556,Wide Net - May 2026
zcrm_5436421000135210947,Wide Net - May 2026
zcrm_5436421000135210985,Wide Net - May 2026
zcrm_5436421000135211082,Wide Net - May 2026
zcrm_5436421000135211090,Wide Net - May 2026
zcrm_5436421000135211133,Wide Net - May 2026
zcrm_5436421000135211623,Wide Net - May 2026
zcrm_5436421000135212086,Wide Net - May 2026
zcrm_5436421000135212470,Wide Net - May 2026
zcrm_5436421000135213012,Wide Net - May 2026
zcrm_5436421000135213117,Wide Net - May 2026
zcrm_5436421000135213537,Wide Net - May 2026
zcrm_5436421000135213966,Wide Net - May 2026
zcrm_5436421000135214082,Wide Net - May 2026
zcrm_5436421000135214121,Wide Net - May 2026
zcrm_5436421000135214123,Wide Net - May 2026
zcrm_5436421000135214465,Wide Net - May 2026
zcrm_5436421000135214521,Wide Net - May 2026
zcrm_5436421000135214533,Wide Net - May 2026
zcrm_5436421000135214687,Wide Net - May 2026
zcrm_5436421000135215040,Wide Net - May 2026
zcrm_5436421000135215098,Wide Net - May 2026
zcrm_5436421000135215149,Wide Net - May 2026
zcrm_5436421000135216064,Wide Net - May 2026
zcrm_5436421000135216466,Wide Net - May 2026
zcrm_5436421000135217095,Wide Net - May 2026
zcrm_5436421000135217123,Wide Net - May 2026
zcrm_5436421000135217590,Wide Net - May 2026
zcrm_5436421000135217676,Wide Net - May 2026
zcrm_5436421000135218449,Wide Net - May 2026
zcrm_5436421000135218494,Wide Net - May 2026
zcrm_5436421000135218510,Wide Net - May 2026
zcrm_5436421000135218597,Wide Net - May 2026
zcrm_5436421000135218649,Wide Net - May 2026
zcrm_5436421000135218653,Wide Net - May 2026
zcrm_5436421000135219532,Wide Net - May 2026
zcrm_5436421000135219562,Wide Net - May 2026
zcrm_5436421000135219996,Wide Net - May 2026
zcrm_5436421000135220033,Wide Net - May 2026
zcrm_5436421000135220177,Wide Net - May 2026
zcrm_5436421000135220593,Wide Net - May 2026
zcrm_5436421000135220997,Wide Net - May 2026
zcrm_5436421000135221662,Wide Net - May 2026
zcrm_5436421000135222010,Wide Net - May 2026
zcrm_5436421000135222184,Wide Net - May 2026
zcrm_5436421000135222447,Wide Net - May 2026
zcrm_5436421000135222623,Wide Net - May 2026
zcrm_5436421000135222944,Wide Net - May 2026
zcrm_5436421000135222989,Wide Net - May 2026
zcrm_5436421000135223160,Wide Net - May 2026
zcrm_5436421000135223644,Wide Net - May 2026
zcrm_5436421000135223681,Wide Net - May 2026
zcrm_5436421000135224492,Wide Net - May 2026
zcrm_5436421000135224963,Wide Net - May 2026
zcrm_5436421000135225084,Wide Net - May 2026
zcrm_5436421000135225473,Wide Net - May 2026
zcrm_5436421000135225509,Wide Net - May 2026
zcrm_5436421000135225524,Wide Net - May 2026
zcrm_5436421000135225548,Wide Net - May 2026
zcrm_5436421000135226076,Wide Net - May 2026
zcrm_5436421000135226116,Wide Net - May 2026
zcrm_5436421000135226459,Wide Net - May 2026
zcrm_5436421000135227598,Wide Net - May 2026
zcrm_5436421000135227978,Wide Net - May 2026
zcrm_5436421000135227994,Wide Net - May 2026
zcrm_5436421000135228026,Wide Net - May 2026
zcrm_5436421000135229622,Wide Net - May 2026
zcrm_5436421000135230955,Wide Net - May 2026
zcrm_5436421000135232564,Wide Net - May 2026
zcrm_5436421000135232598,Wide Net - May 2026
zcrm_5436421000135232997,Wide Net - May 2026
zcrm_5436421000135233008,Wide Net - May 2026
zcrm_5436421000135233175,Wide Net - May 2026
zcrm_5436421000135234005,Wide Net - May 2026
zcrm_5436421000135234977,Wide Net - May 2026
zcrm_5436421000135235003,Wide Net - May 2026
zcrm_5436421000135235011,Wide Net - May 2026
zcrm_5436421000135235116,Wide Net - May 2026
zcrm_5436421000135057940,Wide Net - May 2026
zcrm_5436421000135057942,Wide Net - May 2026
zcrm_5436421000135057944,Wide Net - May 2026
zcrm_5436421000135057948,Wide Net - May 2026
zcrm_5436421000135057959,Wide Net - May 2026
zcrm_5436421000135057991,Wide Net - May 2026
zcrm_5436421000135077737,Wide Net - May 2026
zcrm_5436421000135077791,Wide Net - May 2026
zcrm_5436421000135077913,Wide Net - May 2026
zcrm_5436421000135077956,Wide Net - May 2026
zcrm_5436421000135127173,Wide Net - May 2026
zcrm_5436421000135127241,Wide Net - May 2026
zcrm_5436421000135194391,Wide Net - May 2026
zcrm_5436421000135200598,Wide Net - May 2026
zcrm_5436421000135201086,Wide Net - May 2026
zcrm_5436421000135201106,Wide Net - May 2026
zcrm_5436421000135201125,Wide Net - May 2026
zcrm_5436421000135201500,Wide Net - May 2026
zcrm_5436421000135202166,Wide Net - May 2026
zcrm_5436421000135202981,Wide Net - May 2026
zcrm_5436421000135203650,Wide Net - May 2026
zcrm_5436421000135203656,Wide Net - May 2026
zcrm_5436421000135204008,Wide Net - May 2026
zcrm_5436421000135204014,Wide Net - May 2026
zcrm_5436421000135204443,Wide Net - May 2026
zcrm_5436421000135204983,Wide Net - May 2026
zcrm_5436421000135205028,Wide Net - May 2026
zcrm_5436421000135205067,Wide Net - May 2026
zcrm_5436421000135205468,Wide Net - May 2026
zcrm_5436421000135205586,Wide Net - May 2026
zcrm_5436421000135205615,Wide Net - May 2026
zcrm_5436421000135206503,Wide Net - May 2026
zcrm_5436421000135206951,Wide Net - May 2026
zcrm_5436421000135206998,Wide Net - May 2026
zcrm_5436421000135207107,Wide Net - May 2026
zcrm_5436421000135207614,Wide Net - May 2026
zcrm_5436421000135208084,Wide Net - May 2026
zcrm_5436421000135208578,Wide Net - May 2026
zcrm_5436421000135208669,Wide Net - May 2026
zcrm_5436421000135208938,Wide Net - May 2026
zcrm_5436421000135209162,Wide Net - May 2026
zcrm_5436421000135209587,Wide Net - May 2026
zcrm_5436421000135209996,Wide Net - May 2026
zcrm_5436421000135210049,Wide Net - May 2026
zcrm_5436421000135210456,Wide Net - May 2026
zcrm_5436421000135210576,Wide Net - May 2026
zcrm_5436421000135210958,Wide Net - May 2026
zcrm_5436421000135210981,Wide Net - May 2026
zcrm_5436421000135211004,Wide Net - May 2026
zcrm_5436421000135211146,Wide Net - May 2026
zcrm_5436421000135211508,Wide Net - May 2026
zcrm_5436421000135211522,Wide Net - May 2026
zcrm_5436421000135211561,Wide Net - May 2026
zcrm_5436421000135212476,Wide Net - May 2026
zcrm_5436421000135212559,Wide Net - May 2026
zcrm_5436421000135212629,Wide Net - May 2026
zcrm_5436421000135212653,Wide Net - May 2026
zcrm_5436421000135213003,Wide Net - May 2026
zcrm_5436421000135213591,Wide Net - May 2026
zcrm_5436421000135213666,Wide Net - May 2026
zcrm_5436421000135214122,Wide Net - May 2026
zcrm_5436421000135214145,Wide Net - May 2026
zcrm_5436421000135214636,Wide Net - May 2026
zcrm_5436421000135214973,Wide Net - May 2026
zcrm_5436421000135215011,Wide Net - May 2026
zcrm_5436421000135215023,Wide Net - May 2026
zcrm_5436421000135215051,Wide Net - May 2026
zcrm_5436421000135215073,Wide Net - May 2026
zcrm_5436421000135215609,Wide Net - May 2026
zcrm_5436421000135216541,Wide Net - May 2026
zcrm_5436421000135217022,Wide Net - May 2026
zcrm_5436421000135217666,Wide Net - May 2026
zcrm_5436421000135218060,Wide Net - May 2026
zcrm_5436421000135218131,Wide Net - May 2026
zcrm_5436421000135218532,Wide Net - May 2026
zcrm_5436421000135218599,Wide Net - May 2026
zcrm_5436421000135218687,Wide Net - May 2026
zcrm_5436421000135219113,Wide Net - May 2026
zcrm_5436421000135219538,Wide Net - May 2026
zcrm_5436421000135220572,Wide Net - May 2026
zcrm_5436421000135220940,Wide Net - May 2026
zcrm_5436421000135221004,Wide Net - May 2026
zcrm_5436421000135221067,Wide Net - May 2026
zcrm_5436421000135221084,Wide Net - May 2026
zcrm_5436421000135221590,Wide Net - May 2026
zcrm_5436421000135221605,Wide Net - May 2026
zcrm_5436421000135222179,Wide Net - May 2026
zcrm_5436421000135222572,Wide Net - May 2026
zcrm_5436421000135223461,Wide Net - May 2026
zcrm_5436421000135223511,Wide Net - May 2026
zcrm_5436421000135223953,Wide Net - May 2026
zcrm_5436421000135224171,Wide Net - May 2026
zcrm_5436421000135224500,Wide Net - May 2026
zcrm_5436421000135224962,Wide Net - May 2026
zcrm_5436421000135225052,Wide Net - May 2026
zcrm_5436421000135225108,Wide Net - May 2026
zcrm_5436421000135225566,Wide Net - May 2026
zcrm_5436421000135225665,Wide Net - May 2026
zcrm_5436421000135226967,Wide Net - May 2026
zcrm_5436421000135227072,Wide Net - May 2026
zcrm_5436421000135227577,Wide Net - May 2026
zcrm_5436421000135228072,Wide Net - May 2026
zcrm_5436421000135228663,Wide Net - May 2026
zcrm_5436421000135229586,Wide Net - May 2026
zcrm_5436421000135230168,Wide Net - May 2026
zcrm_5436421000135231445,Wide Net - May 2026
zcrm_5436421000135232154,Wide Net - May 2026
zcrm_5436421000135232482,Wide Net - May 2026
zcrm_5436421000135232569,Wide Net - May 2026
zcrm_5436421000135233006,Wide Net - May 2026
zcrm_5436421000135233467,Wide Net - May 2026
zcrm_5436421000135234648,Wide Net - May 2026
zcrm_5436421000135234939,Wide Net - May 2026
zcrm_5436421000135235139,Wide Net - May 2026
zcrm_5436421000135077239,Wide Net - May 2026
zcrm_5436421000135077264,Wide Net - May 2026
zcrm_5436421000135077309,Wide Net - May 2026
zcrm_5436421000135077350,Wide Net - May 2026
zcrm_5436421000135194227,Wide Net - May 2026
zcrm_5436421000135194249,Wide Net - May 2026
zcrm_5436421000135194315,Wide Net - May 2026
zcrm_5436421000135201011,Wide Net - May 2026
zcrm_5436421000135201128,Wide Net - May 2026
zcrm_5436421000135201619,Wide Net - May 2026
zcrm_5436421000135201955,Wide Net - May 2026
zcrm_5436421000135201995,Wide Net - May 2026
zcrm_5436421000135202098,Wide Net - May 2026
zcrm_5436421000135202468,Wide Net - May 2026
zcrm_5436421000135203945,Wide Net - May 2026
zcrm_5436421000135204057,Wide Net - May 2026
zcrm_5436421000135204130,Wide Net - May 2026
zcrm_5436421000135204149,Wide Net - May 2026
zcrm_5436421000135204172,Wide Net - May 2026
zcrm_5436421000135204519,Wide Net - May 2026
zcrm_5436421000135204549,Wide Net - May 2026
zcrm_5436421000135204581,Wide Net - May 2026
zcrm_5436421000135204649,Wide Net - May 2026
zcrm_5436421000135204655,Wide Net - May 2026
zcrm_5436421000135204661,Wide Net - May 2026
zcrm_5436421000135204965,Wide Net - May 2026
zcrm_5436421000135205160,Wide Net - May 2026
zcrm_5436421000135205563,Wide Net - May 2026
zcrm_5436421000135205675,Wide Net - May 2026
zcrm_5436421000135205966,Wide Net - May 2026
zcrm_5436421000135206120,Wide Net - May 2026
zcrm_5436421000135206456,Wide Net - May 2026
zcrm_5436421000135206483,Wide Net - May 2026
zcrm_5436421000135206535,Wide Net - May 2026
zcrm_5436421000135206599,Wide Net - May 2026
zcrm_5436421000135206675,Wide Net - May 2026
zcrm_5436421000135207018,Wide Net - May 2026
zcrm_5436421000135208082,Wide Net - May 2026
zcrm_5436421000135208105,Wide Net - May 2026
zcrm_5436421000135208112,Wide Net - May 2026
zcrm_5436421000135208449,Wide Net - May 2026
zcrm_5436421000135208645,Wide Net - May 2026
zcrm_5436421000135209028,Wide Net - May 2026
zcrm_5436421000135209476,Wide Net - May 2026
zcrm_5436421000135209687,Wide Net - May 2026
zcrm_5436421000135210073,Wide Net - May 2026
zcrm_5436421000135210123,Wide Net - May 2026
zcrm_5436421000135210457,Wide Net - May 2026
zcrm_5436421000135210582,Wide Net - May 2026
zcrm_5436421000135211056,Wide Net - May 2026
zcrm_5436421000135211124,Wide Net - May 2026
zcrm_5436421000135211463,Wide Net - May 2026
zcrm_5436421000135211487,Wide Net - May 2026
zcrm_5436421000135212001,Wide Net - May 2026
zcrm_5436421000135212591,Wide Net - May 2026
zcrm_5436421000135213147,Wide Net - May 2026
zcrm_5436421000135213451,Wide Net - May 2026
zcrm_5436421000135213487,Wide Net - May 2026
zcrm_5436421000135213557,Wide Net - May 2026
zcrm_5436421000135213575,Wide Net - May 2026
zcrm_5436421000135214074,Wide Net - May 2026
zcrm_5436421000135214526,Wide Net - May 2026
zcrm_5436421000135214623,Wide Net - May 2026
zcrm_5436421000135216059,Wide Net - May 2026
zcrm_5436421000135216446,Wide Net - May 2026
zcrm_5436421000135216478,Wide Net - May 2026
zcrm_5436421000135216568,Wide Net - May 2026
zcrm_5436421000135216572,Wide Net - May 2026
zcrm_5436421000135216667,Wide Net - May 2026
zcrm_5436421000135216680,Wide Net - May 2026
zcrm_5436421000135217024,Wide Net - May 2026
zcrm_5436421000135217991,Wide Net - May 2026
zcrm_5436421000135218503,Wide Net - May 2026
zcrm_5436421000135218939,Wide Net - May 2026
zcrm_5436421000135219021,Wide Net - May 2026
zcrm_5436421000135219094,Wide Net - May 2026
zcrm_5436421000135219112,Wide Net - May 2026
zcrm_5436421000135219975,Wide Net - May 2026
zcrm_5436421000135220059,Wide Net - May 2026
zcrm_5436421000135220097,Wide Net - May 2026
zcrm_5436421000135220120,Wide Net - May 2026
zcrm_5436421000135220443,Wide Net - May 2026
zcrm_5436421000135220462,Wide Net - May 2026
zcrm_5436421000135221105,Wide Net - May 2026
zcrm_5436421000135221952,Wide Net - May 2026
zcrm_5436421000135222442,Wide Net - May 2026
zcrm_5436421000135222939,Wide Net - May 2026
zcrm_5436421000135222950,Wide Net - May 2026
zcrm_5436421000135223015,Wide Net - May 2026
zcrm_5436421000135224058,Wide Net - May 2026
zcrm_5436421000135224456,Wide Net - May 2026
zcrm_5436421000135225162,Wide Net - May 2026
zcrm_5436421000135225440,Wide Net - May 2026
zcrm_5436421000135225467,Wide Net - May 2026
zcrm_5436421000135225494,Wide Net - May 2026
zcrm_5436421000135225567,Wide Net - May 2026
zcrm_5436421000135225999,Wide Net - May 2026
zcrm_5436421000135226048,Wide Net - May 2026
zcrm_5436421000135226173,Wide Net - May 2026
zcrm_5436421000135226492,Wide Net - May 2026
zcrm_5436421000135226503,Wide Net - May 2026
zcrm_5436421000135227084,Wide Net - May 2026
zcrm_5436421000135227109,Wide Net - May 2026
zcrm_5436421000135227468,Wide Net - May 2026
zcrm_5436421000135227645,Wide Net - May 2026
zcrm_5436421000135227662,Wide Net - May 2026
zcrm_5436421000135228024,Wide Net - May 2026
zcrm_5436421000135228030,Wide Net - May 2026
zcrm_5436421000135228059,Wide Net - May 2026
zcrm_5436421000135229038,Wide Net - May 2026
zcrm_5436421000135229074,Wide Net - May 2026
zcrm_5436421000135229671,Wide Net - May 2026
zcrm_5436421000135229999,Wide Net - May 2026
zcrm_5436421000135230136,Wide Net - May 2026
zcrm_5436421000135230681,Wide Net - May 2026
zcrm_5436421000135231089,Wide Net - May 2026
zcrm_5436421000135231543,Wide Net - May 2026
zcrm_5436421000135232058,Wide Net - May 2026
zcrm_5436421000135232491,Wide Net - May 2026
zcrm_5436421000135232613,Wide Net - May 2026
zcrm_5436421000135232686,Wide Net - May 2026
zcrm_5436421000135233176,Wide Net - May 2026
zcrm_5436421000135233184,Wide Net - May 2026
zcrm_5436421000135233478,Wide Net - May 2026
zcrm_5436421000135233962,Wide Net - May 2026
zcrm_5436421000135234027,Wide Net - May 2026
zcrm_5436421000135234029,Wide Net - May 2026
zcrm_5436421000135234072,Wide Net - May 2026
zcrm_5436421000135234996,Wide Net - May 2026
zcrm_5436421000135235027,Wide Net - May 2026
zcrm_5436421000135077314,Wide Net - May 2026
zcrm_5436421000135077724,Wide Net - May 2026
zcrm_5436421000135077902,Wide Net - May 2026
zcrm_5436421000135127167,Wide Net - May 2026
zcrm_5436421000135194297,Wide Net - May 2026
zcrm_5436421000135194777,Wide Net - May 2026
zcrm_5436421000135202608,Wide Net - May 2026
zcrm_5436421000135203058,Wide Net - May 2026
zcrm_5436421000135204077,Wide Net - May 2026
zcrm_5436421000135204513,Wide Net - May 2026
zcrm_5436421000135204991,Wide Net - May 2026
zcrm_5436421000135205095,Wide Net - May 2026
zcrm_5436421000135205498,Wide Net - May 2026
zcrm_5436421000135205530,Wide Net - May 2026
zcrm_5436421000135205574,Wide Net - May 2026
zcrm_5436421000135205949,Wide Net - May 2026
zcrm_5436421000135205990,Wide Net - May 2026
zcrm_5436421000135206957,Wide Net - May 2026
zcrm_5436421000135207446,Wide Net - May 2026
zcrm_5436421000135207560,Wide Net - May 2026
zcrm_5436421000135207653,Wide Net - May 2026
zcrm_5436421000135207679,Wide Net - May 2026
zcrm_5436421000135208136,Wide Net - May 2026
zcrm_5436421000135208174,Wide Net - May 2026
zcrm_5436421000135208441,Wide Net - May 2026
zcrm_5436421000135208554,Wide Net - May 2026
zcrm_5436421000135209043,Wide Net - May 2026
zcrm_5436421000135209459,Wide Net - May 2026
zcrm_5436421000135209614,Wide Net - May 2026
zcrm_5436421000135209625,Wide Net - May 2026
zcrm_5436421000135209626,Wide Net - May 2026
zcrm_5436421000135209997,Wide Net - May 2026
zcrm_5436421000135210051,Wide Net - May 2026
zcrm_5436421000135210561,Wide Net - May 2026
zcrm_5436421000135210581,Wide Net - May 2026
zcrm_5436421000135210648,Wide Net - May 2026
zcrm_5436421000135211153,Wide Net - May 2026
zcrm_5436421000135211544,Wide Net - May 2026
zcrm_5436421000135212020,Wide Net - May 2026
zcrm_5436421000135212524,Wide Net - May 2026
zcrm_5436421000135212526,Wide Net - May 2026
zcrm_5436421000135212540,Wide Net - May 2026
zcrm_5436421000135212602,Wide Net - May 2026
zcrm_5436421000135212983,Wide Net - May 2026
zcrm_5436421000135213034,Wide Net - May 2026
zcrm_5436421000135213443,Wide Net - May 2026
zcrm_5436421000135213542,Wide Net - May 2026
zcrm_5436421000135215587,Wide Net - May 2026
zcrm_5436421000135215603,Wide Net - May 2026
zcrm_5436421000135215673,Wide Net - May 2026
zcrm_5436421000135215944,Wide Net - May 2026
zcrm_5436421000135215950,Wide Net - May 2026
zcrm_5436421000135216060,Wide Net - May 2026
zcrm_5436421000135216627,Wide Net - May 2026
zcrm_5436421000135217520,Wide Net - May 2026
zcrm_5436421000135217631,Wide Net - May 2026
zcrm_5436421000135217633,Wide Net - May 2026
zcrm_5436421000135218071,Wide Net - May 2026
zcrm_5436421000135218470,Wide Net - May 2026
zcrm_5436421000135218528,Wide Net - May 2026
zcrm_5436421000135218677,Wide Net - May 2026
zcrm_5436421000135218941,Wide Net - May 2026
zcrm_5436421000135219030,Wide Net - May 2026
zcrm_5436421000135219157,Wide Net - May 2026
zcrm_5436421000135219971,Wide Net - May 2026
zcrm_5436421000135220074,Wide Net - May 2026
zcrm_5436421000135220956,Wide Net - May 2026
zcrm_5436421000135221003,Wide Net - May 2026
zcrm_5436421000135221502,Wide Net - May 2026
zcrm_5436421000135222559,Wide Net - May 2026
zcrm_5436421000135222597,Wide Net - May 2026
zcrm_5436421000135222611,Wide Net - May 2026
zcrm_5436421000135222980,Wide Net - May 2026
zcrm_5436421000135223057,Wide Net - May 2026
zcrm_5436421000135223168,Wide Net - May 2026
zcrm_5436421000135223958,Wide Net - May 2026
zcrm_5436421000135224040,Wide Net - May 2026
zcrm_5436421000135224606,Wide Net - May 2026
zcrm_5436421000135225167,Wide Net - May 2026
zcrm_5436421000135225522,Wide Net - May 2026
zcrm_5436421000135225642,Wide Net - May 2026
zcrm_5436421000135226442,Wide Net - May 2026
zcrm_5436421000135226448,Wide Net - May 2026
zcrm_5436421000135226629,Wide Net - May 2026
zcrm_5436421000135226953,Wide Net - May 2026
zcrm_5436421000135227025,Wide Net - May 2026
zcrm_5436421000135227544,Wide Net - May 2026
zcrm_5436421000135227949,Wide Net - May 2026
zcrm_5436421000135228468,Wide Net - May 2026
zcrm_5436421000135228985,Wide Net - May 2026
zcrm_5436421000135229608,Wide Net - May 2026
zcrm_5436421000135230644,Wide Net - May 2026
zcrm_5436421000135231122,Wide Net - May 2026
zcrm_5436421000135231187,Wide Net - May 2026
zcrm_5436421000135231676,Wide Net - May 2026
zcrm_5436421000135233029,Wide Net - May 2026
zcrm_5436421000135233092,Wide Net - May 2026
zcrm_5436421000135233444,Wide Net - May 2026
zcrm_5436421000135233545,Wide Net - May 2026
zcrm_5436421000135233621,Wide Net - May 2026
zcrm_5436421000135233658,Wide Net - May 2026
zcrm_5436421000135234158,Wide Net - May 2026
zcrm_5436421000135234478,Wide Net - May 2026
zcrm_5436421000135234497,Wide Net - May 2026
zcrm_5436421000135234546,Wide Net - May 2026
zcrm_5436421000135234632,Wide Net - May 2026
zcrm_5436421000135077249,Wide Net - May 2026
zcrm_5436421000135077426,Wide Net - May 2026
zcrm_5436421000135077754,Wide Net - May 2026
zcrm_5436421000135077853,Wide Net - May 2026
zcrm_5436421000135077937,Wide Net - May 2026
zcrm_5436421000135127263,Wide Net - May 2026
zcrm_5436421000135194229,Wide Net - May 2026
zcrm_5436421000135200040,Wide Net - May 2026
zcrm_5436421000135200438,Wide Net - May 2026
zcrm_5436421000135200570,Wide Net - May 2026
zcrm_5436421000135200586,Wide Net - May 2026
zcrm_5436421000135200628,Wide Net - May 2026
zcrm_5436421000135200970,Wide Net - May 2026
zcrm_5436421000135201070,Wide Net - May 2026
zcrm_5436421000135201182,Wide Net - May 2026
zcrm_5436421000135201460,Wide Net - May 2026
zcrm_5436421000135201562,Wide Net - May 2026
zcrm_5436421000135201655,Wide Net - May 2026
zcrm_5436421000135202443,Wide Net - May 2026
zcrm_5436421000135202557,Wide Net - May 2026
zcrm_5436421000135202603,Wide Net - May 2026
zcrm_5436421000135203059,Wide Net - May 2026
zcrm_5436421000135203143,Wide Net - May 2026
zcrm_5436421000135203679,Wide Net - May 2026
zcrm_5436421000135203979,Wide Net - May 2026
zcrm_5436421000135204120,Wide Net - May 2026
zcrm_5436421000135204170,Wide Net - May 2026
zcrm_5436421000135204687,Wide Net - May 2026
zcrm_5436421000135205016,Wide Net - May 2026
zcrm_5436421000135205064,Wide Net - May 2026
zcrm_5436421000135205618,Wide Net - May 2026
zcrm_5436421000135205955,Wide Net - May 2026
zcrm_5436421000135205968,Wide Net - May 2026
zcrm_5436421000135206458,Wide Net - May 2026
zcrm_5436421000135206480,Wide Net - May 2026
zcrm_5436421000135206492,Wide Net - May 2026
zcrm_5436421000135206516,Wide Net - May 2026
zcrm_5436421000135206552,Wide Net - May 2026
zcrm_5436421000135206940,Wide Net - May 2026
zcrm_5436421000135206990,Wide Net - May 2026
zcrm_5436421000135207170,Wide Net - May 2026
zcrm_5436421000135208060,Wide Net - May 2026
zcrm_5436421000135208968,Wide Net - May 2026
zcrm_5436421000135209001,Wide Net - May 2026
zcrm_5436421000135209065,Wide Net - May 2026
zcrm_5436421000135209074,Wide Net - May 2026
zcrm_5436421000135209444,Wide Net - May 2026
zcrm_5436421000135209491,Wide Net - May 2026
zcrm_5436421000135209624,Wide Net - May 2026
zcrm_5436421000135210083,Wide Net - May 2026
zcrm_5436421000135210090,Wide Net - May 2026
zcrm_5436421000135210164,Wide Net - May 2026
zcrm_5436421000135211114,Wide Net - May 2026
zcrm_5436421000135211157,Wide Net - May 2026
zcrm_5436421000135211489,Wide Net - May 2026
zcrm_5436421000135211575,Wide Net - May 2026
zcrm_5436421000135212011,Wide Net - May 2026
zcrm_5436421000135212014,Wide Net - May 2026
zcrm_5436421000135212069,Wide Net - May 2026
zcrm_5436421000135212977,Wide Net - May 2026
zcrm_5436421000135213018,Wide Net - May 2026
zcrm_5436421000135213555,Wide Net - May 2026
zcrm_5436421000135213629,Wide Net - May 2026
zcrm_5436421000135213662,Wide Net - May 2026
zcrm_5436421000135213668,Wide Net - May 2026
zcrm_5436421000135214040,Wide Net - May 2026
zcrm_5436421000135214447,Wide Net - May 2026
zcrm_5436421000135214607,Wide Net - May 2026
zcrm_5436421000135214962,Wide Net - May 2026
zcrm_5436421000135215157,Wide Net - May 2026
zcrm_5436421000135215440,Wide Net - May 2026
zcrm_5436421000135216619,Wide Net - May 2026
zcrm_5436421000135217054,Wide Net - May 2026
zcrm_5436421000135217480,Wide Net - May 2026
zcrm_5436421000135217524,Wide Net - May 2026
zcrm_5436421000135218018,Wide Net - May 2026
zcrm_5436421000135218137,Wide Net - May 2026
zcrm_5436421000135219084,Wide Net - May 2026
zcrm_5436421000135220470,Wide Net - May 2026
zcrm_5436421000135220477,Wide Net - May 2026
zcrm_5436421000135220538,Wide Net - May 2026
zcrm_5436421000135220561,Wide Net - May 2026
zcrm_5436421000135220597,Wide Net - May 2026
zcrm_5436421000135221010,Wide Net - May 2026
zcrm_5436421000135221018,Wide Net - May 2026
zcrm_5436421000135221061,Wide Net - May 2026
zcrm_5436421000135221094,Wide Net - May 2026
zcrm_5436421000135221141,Wide Net - May 2026
zcrm_5436421000135221508,Wide Net - May 2026
zcrm_5436421000135221606,Wide Net - May 2026
zcrm_5436421000135221964,Wide Net - May 2026
zcrm_5436421000135222029,Wide Net - May 2026
zcrm_5436421000135222052,Wide Net - May 2026
zcrm_5436421000135222074,Wide Net - May 2026
zcrm_5436421000135222169,Wide Net - May 2026
zcrm_5436421000135222451,Wide Net - May 2026
zcrm_5436421000135223030,Wide Net - May 2026
zcrm_5436421000135223069,Wide Net - May 2026
zcrm_5436421000135223439,Wide Net - May 2026
zcrm_5436421000135223578,Wide Net - May 2026
zcrm_5436421000135223656,Wide Net - May 2026
zcrm_5436421000135223669,Wide Net - May 2026
zcrm_5436421000135224006,Wide Net - May 2026
zcrm_5436421000135224044,Wide Net - May 2026
zcrm_5436421000135224147,Wide Net - May 2026
zcrm_5436421000135224172,Wide Net - May 2026
zcrm_5436421000135224181,Wide Net - May 2026
zcrm_5436421000135224524,Wide Net - May 2026
zcrm_5436421000135224553,Wide Net - May 2026
zcrm_5436421000135224595,Wide Net - May 2026
zcrm_5436421000135224657,Wide Net - May 2026
zcrm_5436421000135225051,Wide Net - May 2026
zcrm_5436421000135225150,Wide Net - May 2026
zcrm_5436421000135225449,Wide Net - May 2026
zcrm_5436421000135225530,Wide Net - May 2026
zcrm_5436421000135225964,Wide Net - May 2026
zcrm_5436421000135226987,Wide Net - May 2026
zcrm_5436421000135227083,Wide Net - May 2026
zcrm_5436421000135227153,Wide Net - May 2026
zcrm_5436421000135227167,Wide Net - May 2026
zcrm_5436421000135227610,Wide Net - May 2026
zcrm_5436421000135227655,Wide Net - May 2026
zcrm_5436421000135228020,Wide Net - May 2026
zcrm_5436421000135228064,Wide Net - May 2026
zcrm_5436421000135228475,Wide Net - May 2026
zcrm_5436421000135229007,Wide Net - May 2026
zcrm_5436421000135229043,Wide Net - May 2026
zcrm_5436421000135229170,Wide Net - May 2026
zcrm_5436421000135229504,Wide Net - May 2026
zcrm_5436421000135229548,Wide Net - May 2026
zcrm_5436421000135229552,Wide Net - May 2026
zcrm_5436421000135229559,Wide Net - May 2026
zcrm_5436421000135229616,Wide Net - May 2026
zcrm_5436421000135230005,Wide Net - May 2026
zcrm_5436421000135230006,Wide Net - May 2026
zcrm_5436421000135230042,Wide Net - May 2026
zcrm_5436421000135230047,Wide Net - May 2026
zcrm_5436421000135230134,Wide Net - May 2026
zcrm_5436421000135230138,Wide Net - May 2026
zcrm_5436421000135230444,Wide Net - May 2026
zcrm_5436421000135230547,Wide Net - May 2026
zcrm_5436421000135230598,Wide Net - May 2026
zcrm_5436421000135230961,Wide Net - May 2026
zcrm_5436421000135231069,Wide Net - May 2026
zcrm_5436421000135231075,Wide Net - May 2026
zcrm_5436421000135231458,Wide Net - May 2026
zcrm_5436421000135231499,Wide Net - May 2026
zcrm_5436421000135231679,Wide Net - May 2026
zcrm_5436421000135232057,Wide Net - May 2026
zcrm_5436421000135232059,Wide Net - May 2026
zcrm_5436421000135232126,Wide Net - May 2026
zcrm_5436421000135232527,Wide Net - May 2026
zcrm_5436421000135232990,Wide Net - May 2026
zcrm_5436421000135233497,Wide Net - May 2026
zcrm_5436421000135233625,Wide Net - May 2026
zcrm_5436421000135233634,Wide Net - May 2026
zcrm_5436421000135234167,Wide Net - May 2026
zcrm_5436421000135234596,Wide Net - May 2026
zcrm_5436421000135234958,Wide Net - May 2026
zcrm_5436421000135077275,Wide Net - May 2026
zcrm_5436421000135077360,Wide Net - May 2026
zcrm_5436421000135077850,Wide Net - May 2026
zcrm_5436421000135194461,Wide Net - May 2026
zcrm_5436421000135194749,Wide Net - May 2026
zcrm_5436421000135200615,Wide Net - May 2026
zcrm_5436421000135201682,Wide Net - May 2026
zcrm_5436421000135202979,Wide Net - May 2026
zcrm_5436421000135203596,Wide Net - May 2026
zcrm_5436421000135204139,Wide Net - May 2026
zcrm_5436421000135204442,Wide Net - May 2026
zcrm_5436421000135204529,Wide Net - May 2026
zcrm_5436421000135204550,Wide Net - May 2026
zcrm_5436421000135205587,Wide Net - May 2026
zcrm_5436421000135205964,Wide Net - May 2026
zcrm_5436421000135206151,Wide Net - May 2026
zcrm_5436421000135206165,Wide Net - May 2026
zcrm_5436421000135206520,Wide Net - May 2026
zcrm_5436421000135206648,Wide Net - May 2026
zcrm_5436421000135206687,Wide Net - May 2026
zcrm_5436421000135208071,Wide Net - May 2026
zcrm_5436421000135208468,Wide Net - May 2026
zcrm_5436421000135209185,Wide Net - May 2026
zcrm_5436421000135209513,Wide Net - May 2026
zcrm_5436421000135209585,Wide Net - May 2026
zcrm_5436421000135210140,Wide Net - May 2026
zcrm_5436421000135210504,Wide Net - May 2026
zcrm_5436421000135210542,Wide Net - May 2026
zcrm_5436421000135210550,Wide Net - May 2026
zcrm_5436421000135210587,Wide Net - May 2026
zcrm_5436421000135210946,Wide Net - May 2026
zcrm_5436421000135211074,Wide Net - May 2026
zcrm_5436421000135211110,Wide Net - May 2026
zcrm_5436421000135211150,Wide Net - May 2026
zcrm_5436421000135211970,Wide Net - May 2026
zcrm_5436421000135212162,Wide Net - May 2026
zcrm_5436421000135212169,Wide Net - May 2026
zcrm_5436421000135212450,Wide Net - May 2026
zcrm_5436421000135212525,Wide Net - May 2026
zcrm_5436421000135212617,Wide Net - May 2026
zcrm_5436421000135212654,Wide Net - May 2026
zcrm_5436421000135212980,Wide Net - May 2026
zcrm_5436421000135213030,Wide Net - May 2026
zcrm_5436421000135213473,Wide Net - May 2026
zcrm_5436421000135213505,Wide Net - May 2026
zcrm_5436421000135213594,Wide Net - May 2026
zcrm_5436421000135213608,Wide Net - May 2026
zcrm_5436421000135214138,Wide Net - May 2026
zcrm_5436421000135214684,Wide Net - May 2026
zcrm_5436421000135214965,Wide Net - May 2026
zcrm_5436421000135215053,Wide Net - May 2026
zcrm_5436421000135215123,Wide Net - May 2026
zcrm_5436421000135215179,Wide Net - May 2026
zcrm_5436421000135215487,Wide Net - May 2026
zcrm_5436421000135215620,Wide Net - May 2026
zcrm_5436421000135215687,Wide Net - May 2026
zcrm_5436421000135216183,Wide Net - May 2026
zcrm_5436421000135216509,Wide Net - May 2026
zcrm_5436421000135216634,Wide Net - May 2026
zcrm_5436421000135217173,Wide Net - May 2026
zcrm_5436421000135217600,Wide Net - May 2026
zcrm_5436421000135217637,Wide Net - May 2026
zcrm_5436421000135218063,Wide Net - May 2026
zcrm_5436421000135218469,Wide Net - May 2026
zcrm_5436421000135218534,Wide Net - May 2026
zcrm_5436421000135219066,Wide Net - May 2026
zcrm_5436421000135219574,Wide Net - May 2026
zcrm_5436421000135219598,Wide Net - May 2026
zcrm_5436421000135219616,Wide Net - May 2026
zcrm_5436421000135220028,Wide Net - May 2026
zcrm_5436421000135220050,Wide Net - May 2026
zcrm_5436421000135220604,Wide Net - May 2026
zcrm_5436421000135221176,Wide Net - May 2026
zcrm_5436421000135221513,Wide Net - May 2026
zcrm_5436421000135223021,Wide Net - May 2026
zcrm_5436421000135223053,Wide Net - May 2026
zcrm_5436421000135223120,Wide Net - May 2026
zcrm_5436421000135223153,Wide Net - May 2026
zcrm_5436421000135223543,Wide Net - May 2026
zcrm_5436421000135223940,Wide Net - May 2026
zcrm_5436421000135224061,Wide Net - May 2026
zcrm_5436421000135224940,Wide Net - May 2026
zcrm_5436421000135225561,Wide Net - May 2026
zcrm_5436421000135225632,Wide Net - May 2026
zcrm_5436421000135226594,Wide Net - May 2026
zcrm_5436421000135226648,Wide Net - May 2026
zcrm_5436421000135227126,Wide Net - May 2026
zcrm_5436421000135228047,Wide Net - May 2026
zcrm_5436421000135228132,Wide Net - May 2026
zcrm_5436421000135228676,Wide Net - May 2026
zcrm_5436421000135229027,Wide Net - May 2026
zcrm_5436421000135229093,Wide Net - May 2026
zcrm_5436421000135230092,Wide Net - May 2026
zcrm_5436421000135230452,Wide Net - May 2026
zcrm_5436421000135230551,Wide Net - May 2026
zcrm_5436421000135230652,Wide Net - May 2026
zcrm_5436421000135231491,Wide Net - May 2026
zcrm_5436421000135232005,Wide Net - May 2026
zcrm_5436421000135232453,Wide Net - May 2026
zcrm_5436421000135232497,Wide Net - May 2026
zcrm_5436421000135232632,Wide Net - May 2026
zcrm_5436421000135232646,Wide Net - May 2026
zcrm_5436421000135233077,Wide Net - May 2026
zcrm_5436421000135233459,Wide Net - May 2026
zcrm_5436421000135233468,Wide Net - May 2026
zcrm_5436421000135233528,Wide Net - May 2026
zcrm_5436421000135234598,Wide Net - May 2026
zcrm_5436421000135234622,Wide Net - May 2026
zcrm_5436421000135235050,Wide Net - May 2026
zcrm_5436421000135235051,Wide Net - May 2026
zcrm_5436421000135057984,Wide Net - May 2026
zcrm_5436421000135077283,Wide Net - May 2026
zcrm_5436421000135077372,Wide Net - May 2026
zcrm_5436421000135077383,Wide Net - May 2026
zcrm_5436421000135194238,Wide Net - May 2026
zcrm_5436421000135194271,Wide Net - May 2026
zcrm_5436421000135194343,Wide Net - May 2026
zcrm_5436421000135194362,Wide Net - May 2026
zcrm_5436421000135194459,Wide Net - May 2026
zcrm_5436421000135194789,Wide Net - May 2026
zcrm_5436421000135200451,Wide Net - May 2026
zcrm_5436421000135200619,Wide Net - May 2026
zcrm_5436421000135201030,Wide Net - May 2026
zcrm_5436421000135201448,Wide Net - May 2026
zcrm_5436421000135201659,Wide Net - May 2026
zcrm_5436421000135202129,Wide Net - May 2026
zcrm_5436421000135202158,Wide Net - May 2026
zcrm_5436421000135202455,Wide Net - May 2026
zcrm_5436421000135202484,Wide Net - May 2026
zcrm_5436421000135202574,Wide Net - May 2026
zcrm_5436421000135202630,Wide Net - May 2026
zcrm_5436421000135203644,Wide Net - May 2026
zcrm_5436421000135204061,Wide Net - May 2026
zcrm_5436421000135204504,Wide Net - May 2026
zcrm_5436421000135204576,Wide Net - May 2026
zcrm_5436421000135205163,Wide Net - May 2026
zcrm_5436421000135205469,Wide Net - May 2026
zcrm_5436421000135205537,Wide Net - May 2026
zcrm_5436421000135208102,Wide Net - May 2026
zcrm_5436421000135208679,Wide Net - May 2026
zcrm_5436421000135208962,Wide Net - May 2026
zcrm_5436421000135208984,Wide Net - May 2026
zcrm_5436421000135209005,Wide Net - May 2026
zcrm_5436421000135209047,Wide Net - May 2026
zcrm_5436421000135209155,Wide Net - May 2026
zcrm_5436421000135209186,Wide Net - May 2026
zcrm_5436421000135209943,Wide Net - May 2026
zcrm_5436421000135209966,Wide Net - May 2026
zcrm_5436421000135210068,Wide Net - May 2026
zcrm_5436421000135210136,Wide Net - May 2026
zcrm_5436421000135210511,Wide Net - May 2026
zcrm_5436421000135210971,Wide Net - May 2026
zcrm_5436421000135211043,Wide Net - May 2026
zcrm_5436421000135211545,Wide Net - May 2026
zcrm_5436421000135211946,Wide Net - May 2026
zcrm_5436421000135212114,Wide Net - May 2026
zcrm_5436421000135212173,Wide Net - May 2026
zcrm_5436421000135213478,Wide Net - May 2026
zcrm_5436421000135213617,Wide Net - May 2026
zcrm_5436421000135213648,Wide Net - May 2026
zcrm_5436421000135213997,Wide Net - May 2026
zcrm_5436421000135214456,Wide Net - May 2026
zcrm_5436421000135215004,Wide Net - May 2026
zcrm_5436421000135215571,Wide Net - May 2026
zcrm_5436421000135216454,Wide Net - May 2026
zcrm_5436421000135216990,Wide Net - May 2026
zcrm_5436421000135217033,Wide Net - May 2026
zcrm_5436421000135217051,Wide Net - May 2026
zcrm_5436421000135217135,Wide Net - May 2026
zcrm_5436421000135217668,Wide Net - May 2026
zcrm_5436421000135219186,Wide Net - May 2026
zcrm_5436421000135220022,Wide Net - May 2026
zcrm_5436421000135220032,Wide Net - May 2026
zcrm_5436421000135220130,Wide Net - May 2026
zcrm_5436421000135220166,Wide Net - May 2026
zcrm_5436421000135220985,Wide Net - May 2026
zcrm_5436421000135221037,Wide Net - May 2026
zcrm_5436421000135221578,Wide Net - May 2026
zcrm_5436421000135222068,Wide Net - May 2026
zcrm_5436421000135222069,Wide Net - May 2026
zcrm_5436421000135222478,Wide Net - May 2026
zcrm_5436421000135222553,Wide Net - May 2026
zcrm_5436421000135223048,Wide Net - May 2026
zcrm_5436421000135223596,Wide Net - May 2026
zcrm_5436421000135224631,Wide Net - May 2026
zcrm_5436421000135224967,Wide Net - May 2026
zcrm_5436421000135225521,Wide Net - May 2026
zcrm_5436421000135225939,Wide Net - May 2026
zcrm_5436421000135226015,Wide Net - May 2026
zcrm_5436421000135226681,Wide Net - May 2026
zcrm_5436421000135227044,Wide Net - May 2026
zcrm_5436421000135227479,Wide Net - May 2026
zcrm_5436421000135227496,Wide Net - May 2026
zcrm_5436421000135227613,Wide Net - May 2026
zcrm_5436421000135227944,Wide Net - May 2026
zcrm_5436421000135228126,Wide Net - May 2026
zcrm_5436421000135229449,Wide Net - May 2026
zcrm_5436421000135229451,Wide Net - May 2026
zcrm_5436421000135229453,Wide Net - May 2026
zcrm_5436421000135229970,Wide Net - May 2026
zcrm_5436421000135230172,Wide Net - May 2026
zcrm_5436421000135232585,Wide Net - May 2026
zcrm_5436421000135232672,Wide Net - May 2026
zcrm_5436421000135232956,Wide Net - May 2026
zcrm_5436421000135233009,Wide Net - May 2026
zcrm_5436421000135233612,Wide Net - May 2026
zcrm_5436421000135233682,Wide Net - May 2026
zcrm_5436421000135234010,Wide Net - May 2026
zcrm_5436421000135234123,Wide Net - May 2026
zcrm_5436421000135234464,Wide Net - May 2026
zcrm_5436421000135235000,Wide Net - May 2026
zcrm_5436421000135235084,Wide Net - May 2026
zcrm_5436421000135235088,Wide Net - May 2026
zcrm_5436421000135235115,Wide Net - May 2026
zcrm_5436421000135077346,Wide Net - May 2026
zcrm_5436421000135077781,Wide Net - May 2026
zcrm_5436421000135194430,Wide Net - May 2026
zcrm_5436421000135194718,Wide Net - May 2026
zcrm_5436421000135200603,Wide Net - May 2026
zcrm_5436421000135201120,Wide Net - May 2026
zcrm_5436421000135201160,Wide Net - May 2026
zcrm_5436421000135201181,Wide Net - May 2026
zcrm_5436421000135201454,Wide Net - May 2026
zcrm_5436421000135201552,Wide Net - May 2026
zcrm_5436421000135201990,Wide Net - May 2026
zcrm_5436421000135202005,Wide Net - May 2026
zcrm_5436421000135202035,Wide Net - May 2026
zcrm_5436421000135202043,Wide Net - May 2026
zcrm_5436421000135202593,Wide Net - May 2026
zcrm_5436421000135202595,Wide Net - May 2026
zcrm_5436421000135202993,Wide Net - May 2026
zcrm_5436421000135203999,Wide Net - May 2026
zcrm_5436421000135204054,Wide Net - May 2026
zcrm_5436421000135204465,Wide Net - May 2026
zcrm_5436421000135204507,Wide Net - May 2026
zcrm_5436421000135204566,Wide Net - May 2026
zcrm_5436421000135204583,Wide Net - May 2026
zcrm_5436421000135204627,Wide Net - May 2026
zcrm_5436421000135204948,Wide Net - May 2026
zcrm_5436421000135205138,Wide Net - May 2026
zcrm_5436421000135205144,Wide Net - May 2026
zcrm_5436421000135205483,Wide Net - May 2026
zcrm_5436421000135206452,Wide Net - May 2026
zcrm_5436421000135206603,Wide Net - May 2026
zcrm_5436421000135206621,Wide Net - May 2026
zcrm_5436421000135207127,Wide Net - May 2026
zcrm_5436421000135207139,Wide Net - May 2026
zcrm_5436421000135208146,Wide Net - May 2026
zcrm_5436421000135208169,Wide Net - May 2026
zcrm_5436421000135208480,Wide Net - May 2026
zcrm_5436421000135208535,Wide Net - May 2026
zcrm_5436421000135208536,Wide Net - May 2026
zcrm_5436421000135208667,Wide Net - May 2026
zcrm_5436421000135209042,Wide Net - May 2026
zcrm_5436421000135209504,Wide Net - May 2026
zcrm_5436421000135209618,Wide Net - May 2026
zcrm_5436421000135210568,Wide Net - May 2026
zcrm_5436421000135210575,Wide Net - May 2026
zcrm_5436421000135210668,Wide Net - May 2026
zcrm_5436421000135212120,Wide Net - May 2026
zcrm_5436421000135212170,Wide Net - May 2026
zcrm_5436421000135212497,Wide Net - May 2026
zcrm_5436421000135212672,Wide Net - May 2026
zcrm_5436421000135212958,Wide Net - May 2026
zcrm_5436421000135213551,Wide Net - May 2026
zcrm_5436421000135214587,Wide Net - May 2026
zcrm_5436421000135214655,Wide Net - May 2026
zcrm_5436421000135214675,Wide Net - May 2026
zcrm_5436421000135214944,Wide Net - May 2026
zcrm_5436421000135214964,Wide Net - May 2026
zcrm_5436421000135214986,Wide Net - May 2026
zcrm_5436421000135214993,Wide Net - May 2026
zcrm_5436421000135215090,Wide Net - May 2026
zcrm_5436421000135216652,Wide Net - May 2026
zcrm_5436421000135216939,Wide Net - May 2026
zcrm_5436421000135216951,Wide Net - May 2026
zcrm_5436421000135216964,Wide Net - May 2026
zcrm_5436421000135217087,Wide Net - May 2026
zcrm_5436421000135217089,Wide Net - May 2026
zcrm_5436421000135218155,Wide Net - May 2026
zcrm_5436421000135218170,Wide Net - May 2026
zcrm_5436421000135218186,Wide Net - May 2026
zcrm_5436421000135220620,Wide Net - May 2026
zcrm_5436421000135220639,Wide Net - May 2026
zcrm_5436421000135221180,Wide Net - May 2026
zcrm_5436421000135222091,Wide Net - May 2026
zcrm_5436421000135222103,Wide Net - May 2026
zcrm_5436421000135222159,Wide Net - May 2026
zcrm_5436421000135222957,Wide Net - May 2026
zcrm_5436421000135223608,Wide Net - May 2026
zcrm_5436421000135224101,Wide Net - May 2026
zcrm_5436421000135224106,Wide Net - May 2026
zcrm_5436421000135224478,Wide Net - May 2026
zcrm_5436421000135225022,Wide Net - May 2026
zcrm_5436421000135225183,Wide Net - May 2026
zcrm_5436421000135225520,Wide Net - May 2026
zcrm_5436421000135225639,Wide Net - May 2026
zcrm_5436421000135226003,Wide Net - May 2026
zcrm_5436421000135226573,Wide Net - May 2026
zcrm_5436421000135226590,Wide Net - May 2026
zcrm_5436421000135226999,Wide Net - May 2026
zcrm_5436421000135227002,Wide Net - May 2026
zcrm_5436421000135227064,Wide Net - May 2026
zcrm_5436421000135227137,Wide Net - May 2026
zcrm_5436421000135227484,Wide Net - May 2026
zcrm_5436421000135227618,Wide Net - May 2026
zcrm_5436421000135227951,Wide Net - May 2026
zcrm_5436421000135227981,Wide Net - May 2026
zcrm_5436421000135228137,Wide Net - May 2026
zcrm_5436421000135228462,Wide Net - May 2026
zcrm_5436421000135228513,Wide Net - May 2026
zcrm_5436421000135229069,Wide Net - May 2026
zcrm_5436421000135229173,Wide Net - May 2026
zcrm_5436421000135229975,Wide Net - May 2026
zcrm_5436421000135230026,Wide Net - May 2026
zcrm_5436421000135230566,Wide Net - May 2026
zcrm_5436421000135231057,Wide Net - May 2026
zcrm_5436421000135231482,Wide Net - May 2026
zcrm_5436421000135231520,Wide Net - May 2026
zcrm_5436421000135231957,Wide Net - May 2026
zcrm_5436421000135232079,Wide Net - May 2026
zcrm_5436421000135232565,Wide Net - May 2026
zcrm_5436421000135232685,Wide Net - May 2026
zcrm_5436421000135233955,Wide Net - May 2026
zcrm_5436421000135234531,Wide Net - May 2026
zcrm_5436421000135234634,Wide Net - May 2026
zcrm_5436421000135235080,Wide Net - May 2026
zcrm_5436421000135057966,Wide Net - May 2026
zcrm_5436421000135077256,Wide Net - May 2026
zcrm_5436421000135077308,Wide Net - May 2026
zcrm_5436421000135077318,Wide Net - May 2026
zcrm_5436421000135077323,Wide Net - May 2026
zcrm_5436421000135077457,Wide Net - May 2026
zcrm_5436421000135077458,Wide Net - May 2026
zcrm_5436421000135077907,Wide Net - May 2026
zcrm_5436421000135127280,Wide Net - May 2026
zcrm_5436421000135194287,Wide Net - May 2026
zcrm_5436421000135194355,Wide Net - May 2026
zcrm_5436421000135200098,Wide Net - May 2026
zcrm_5436421000135200534,Wide Net - May 2026
zcrm_5436421000135200543,Wide Net - May 2026
zcrm_5436421000135200642,Wide Net - May 2026
zcrm_5436421000135200977,Wide Net - May 2026
zcrm_5436421000135201670,Wide Net - May 2026
zcrm_5436421000135202019,Wide Net - May 2026
zcrm_5436421000135202485,Wide Net - May 2026
zcrm_5436421000135202541,Wide Net - May 2026
zcrm_5436421000135203974,Wide Net - May 2026
zcrm_5436421000135204472,Wide Net - May 2026
zcrm_5436421000135204998,Wide Net - May 2026
zcrm_5436421000135205616,Wide Net - May 2026
zcrm_5436421000135206005,Wide Net - May 2026
zcrm_5436421000135206029,Wide Net - May 2026
zcrm_5436421000135206171,Wide Net - May 2026
zcrm_5436421000135206645,Wide Net - May 2026
zcrm_5436421000135206954,Wide Net - May 2026
zcrm_5436421000135207525,Wide Net - May 2026
zcrm_5436421000135207540,Wide Net - May 2026
zcrm_5436421000135207630,Wide Net - May 2026
zcrm_5436421000135207673,Wide Net - May 2026
zcrm_5436421000135208139,Wide Net - May 2026
zcrm_5436421000135208594,Wide Net - May 2026
zcrm_5436421000135208977,Wide Net - May 2026
zcrm_5436421000135209151,Wide Net - May 2026
zcrm_5436421000135209969,Wide Net - May 2026
zcrm_5436421000135210133,Wide Net - May 2026
zcrm_5436421000135210661,Wide Net - May 2026
zcrm_5436421000135210950,Wide Net - May 2026
zcrm_5436421000135211982,Wide Net - May 2026
zcrm_5436421000135212113,Wide Net - May 2026
zcrm_5436421000135212555,Wide Net - May 2026
zcrm_5436421000135212666,Wide Net - May 2026
zcrm_5436421000135212943,Wide Net - May 2026
zcrm_5436421000135212954,Wide Net - May 2026
zcrm_5436421000135213058,Wide Net - May 2026
zcrm_5436421000135213075,Wide Net - May 2026
zcrm_5436421000135213564,Wide Net - May 2026
zcrm_5436421000135214468,Wide Net - May 2026
zcrm_5436421000135214659,Wide Net - May 2026
zcrm_5436421000135215562,Wide Net - May 2026
zcrm_5436421000135216080,Wide Net - May 2026
zcrm_5436421000135216983,Wide Net - May 2026
zcrm_5436421000135217485,Wide Net - May 2026
zcrm_5436421000135217488,Wide Net - May 2026
zcrm_5436421000135217957,Wide Net - May 2026
zcrm_5436421000135217969,Wide Net - May 2026
zcrm_5436421000135218174,Wide Net - May 2026
zcrm_5436421000135218608,Wide Net - May 2026
zcrm_5436421000135219166,Wide Net - May 2026
zcrm_5436421000135220065,Wide Net - May 2026
zcrm_5436421000135220187,Wide Net - May 2026
zcrm_5436421000135220472,Wide Net - May 2026
zcrm_5436421000135220673,Wide Net - May 2026
zcrm_5436421000135221024,Wide Net - May 2026
zcrm_5436421000135221470,Wide Net - May 2026
zcrm_5436421000135221522,Wide Net - May 2026
zcrm_5436421000135223045,Wide Net - May 2026
zcrm_5436421000135223129,Wide Net - May 2026
zcrm_5436421000135223501,Wide Net - May 2026
zcrm_5436421000135223526,Wide Net - May 2026
zcrm_5436421000135224055,Wide Net - May 2026
zcrm_5436421000135224071,Wide Net - May 2026
zcrm_5436421000135224085,Wide Net - May 2026
zcrm_5436421000135224160,Wide Net - May 2026
zcrm_5436421000135224442,Wide Net - May 2026
zcrm_5436421000135224472,Wide Net - May 2026
zcrm_5436421000135224563,Wide Net - May 2026
zcrm_5436421000135224590,Wide Net - May 2026
zcrm_5436421000135224604,Wide Net - May 2026
zcrm_5436421000135225094,Wide Net - May 2026
zcrm_5436421000135225107,Wide Net - May 2026
zcrm_5436421000135226105,Wide Net - May 2026
zcrm_5436421000135226564,Wide Net - May 2026
zcrm_5436421000135226619,Wide Net - May 2026
zcrm_5436421000135226663,Wide Net - May 2026
zcrm_5436421000135226983,Wide Net - May 2026
zcrm_5436421000135226988,Wide Net - May 2026
zcrm_5436421000135227139,Wide Net - May 2026
zcrm_5436421000135227568,Wide Net - May 2026
zcrm_5436421000135228068,Wide Net - May 2026
zcrm_5436421000135228135,Wide Net - May 2026
zcrm_5436421000135228492,Wide Net - May 2026
zcrm_5436421000135229624,Wide Net - May 2026
zcrm_5436421000135229639,Wide Net - May 2026
zcrm_5436421000135230025,Wide Net - May 2026
zcrm_5436421000135230104,Wide Net - May 2026
zcrm_5436421000135230162,Wide Net - May 2026
zcrm_5436421000135231081,Wide Net - May 2026
zcrm_5436421000135231125,Wide Net - May 2026
zcrm_5436421000135231505,Wide Net - May 2026
zcrm_5436421000135231682,Wide Net - May 2026
zcrm_5436421000135231955,Wide Net - May 2026
zcrm_5436421000135232661,Wide Net - May 2026
zcrm_5436421000135233666,Wide Net - May 2026
zcrm_5436421000135234119,Wide Net - May 2026
zcrm_5436421000135077437,Wide Net - May 2026
zcrm_5436421000135077440,Wide Net - May 2026
zcrm_5436421000135077870,Wide Net - May 2026
zcrm_5436421000135194374,Wide Net - May 2026
zcrm_5436421000135194727,Wide Net - May 2026
zcrm_5436421000135194737,Wide Net - May 2026
zcrm_5436421000135200093,Wide Net - May 2026
zcrm_5436421000135200173,Wide Net - May 2026
zcrm_5436421000135200963,Wide Net - May 2026
zcrm_5436421000135201456,Wide Net - May 2026
zcrm_5436421000135201482,Wide Net - May 2026
zcrm_5436421000135201646,Wide Net - May 2026
zcrm_5436421000135201972,Wide Net - May 2026
zcrm_5436421000135202071,Wide Net - May 2026
zcrm_5436421000135202461,Wide Net - May 2026
zcrm_5436421000135202470,Wide Net - May 2026
zcrm_5436421000135202955,Wide Net - May 2026
zcrm_5436421000135203087,Wide Net - May 2026
zcrm_5436421000135203966,Wide Net - May 2026
zcrm_5436421000135204449,Wide Net - May 2026
zcrm_5436421000135205487,Wide Net - May 2026
zcrm_5436421000135205578,Wide Net - May 2026
zcrm_5436421000135206008,Wide Net - May 2026
zcrm_5436421000135206016,Wide Net - May 2026
zcrm_5436421000135206464,Wide Net - May 2026
zcrm_5436421000135207167,Wide Net - May 2026
zcrm_5436421000135207569,Wide Net - May 2026
zcrm_5436421000135208121,Wide Net - May 2026
zcrm_5436421000135208155,Wide Net - May 2026
zcrm_5436421000135208509,Wide Net - May 2026
zcrm_5436421000135210633,Wide Net - May 2026
zcrm_5436421000135210644,Wide Net - May 2026
zcrm_5436421000135210666,Wide Net - May 2026
zcrm_5436421000135210955,Wide Net - May 2026
zcrm_5436421000135210956,Wide Net - May 2026
zcrm_5436421000135211439,Wide Net - May 2026
zcrm_5436421000135211464,Wide Net - May 2026
zcrm_5436421000135211495,Wide Net - May 2026
zcrm_5436421000135211662,Wide Net - May 2026
zcrm_5436421000135211978,Wide Net - May 2026
zcrm_5436421000135212006,Wide Net - May 2026
zcrm_5436421000135212438,Wide Net - May 2026
zcrm_5436421000135212469,Wide Net - May 2026
zcrm_5436421000135212484,Wide Net - May 2026
zcrm_5436421000135212596,Wide Net - May 2026
zcrm_5436421000135212986,Wide Net - May 2026
zcrm_5436421000135213002,Wide Net - May 2026
zcrm_5436421000135213065,Wide Net - May 2026
zcrm_5436421000135213143,Wide Net - May 2026
zcrm_5436421000135213644,Wide Net - May 2026
zcrm_5436421000135214491,Wide Net - May 2026
zcrm_5436421000135214505,Wide Net - May 2026
zcrm_5436421000135215162,Wide Net - May 2026
zcrm_5436421000135215636,Wide Net - May 2026
zcrm_5436421000135215674,Wide Net - May 2026
zcrm_5436421000135216480,Wide Net - May 2026
zcrm_5436421000135217017,Wide Net - May 2026
zcrm_5436421000135217548,Wide Net - May 2026
zcrm_5436421000135217581,Wide Net - May 2026
zcrm_5436421000135218140,Wide Net - May 2026
zcrm_5436421000135218175,Wide Net - May 2026
zcrm_5436421000135218187,Wide Net - May 2026
zcrm_5436421000135218593,Wide Net - May 2026
zcrm_5436421000135219041,Wide Net - May 2026
zcrm_5436421000135219060,Wide Net - May 2026
zcrm_5436421000135219075,Wide Net - May 2026
zcrm_5436421000135219441,Wide Net - May 2026
zcrm_5436421000135219554,Wide Net - May 2026
zcrm_5436421000135219583,Wide Net - May 2026
zcrm_5436421000135220526,Wide Net - May 2026
zcrm_5436421000135220562,Wide Net - May 2026
zcrm_5436421000135220567,Wide Net - May 2026
zcrm_5436421000135220613,Wide Net - May 2026
zcrm_5436421000135221093,Wide Net - May 2026
zcrm_5436421000135222657,Wide Net - May 2026
zcrm_5436421000135222938,Wide Net - May 2026
zcrm_5436421000135224098,Wide Net - May 2026
zcrm_5436421000135224536,Wide Net - May 2026
zcrm_5436421000135224639,Wide Net - May 2026
zcrm_5436421000135224989,Wide Net - May 2026
zcrm_5436421000135225148,Wide Net - May 2026
zcrm_5436421000135227654,Wide Net - May 2026
zcrm_5436421000135227984,Wide Net - May 2026
zcrm_5436421000135229128,Wide Net - May 2026
zcrm_5436421000135229459,Wide Net - May 2026
zcrm_5436421000135229643,Wide Net - May 2026
zcrm_5436421000135229977,Wide Net - May 2026
zcrm_5436421000135230548,Wide Net - May 2026
zcrm_5436421000135232082,Wide Net - May 2026
zcrm_5436421000135232140,Wide Net - May 2026
zcrm_5436421000135232485,Wide Net - May 2026
zcrm_5436421000135232634,Wide Net - May 2026
zcrm_5436421000135232641,Wide Net - May 2026
zcrm_5436421000135232659,Wide Net - May 2026
zcrm_5436421000135233057,Wide Net - May 2026
zcrm_5436421000135233676,Wide Net - May 2026
zcrm_5436421000135234052,Wide Net - May 2026
zcrm_5436421000135234094,Wide Net - May 2026
zcrm_5436421000135234676,Wide Net - May 2026
zcrm_5436421000135234945,Wide Net - May 2026
zcrm_5436421000135234969,Wide Net - May 2026
zcrm_5436421000135235045,Wide Net - May 2026
zcrm_5436421000135235137,Wide Net - May 2026
zcrm_5436421000135077248,Wide Net - May 2026
zcrm_5436421000135077265,Wide Net - May 2026
zcrm_5436421000135077793,Wide Net - May 2026
zcrm_5436421000135077821,Wide Net - May 2026
zcrm_5436421000135194307,Wide Net - May 2026
zcrm_5436421000135194379,Wide Net - May 2026
zcrm_5436421000135194433,Wide Net - May 2026
zcrm_5436421000135194753,Wide Net - May 2026
zcrm_5436421000135194765,Wide Net - May 2026
zcrm_5436421000135194786,Wide Net - May 2026
zcrm_5436421000135194798,Wide Net - May 2026
zcrm_5436421000135200073,Wide Net - May 2026
zcrm_5436421000135200116,Wide Net - May 2026
zcrm_5436421000135200485,Wide Net - May 2026
zcrm_5436421000135200609,Wide Net - May 2026
zcrm_5436421000135201018,Wide Net - May 2026
zcrm_5436421000135201469,Wide Net - May 2026
zcrm_5436421000135201527,Wide Net - May 2026
zcrm_5436421000135201565,Wide Net - May 2026
zcrm_5436421000135201610,Wide Net - May 2026
zcrm_5436421000135202965,Wide Net - May 2026
zcrm_5436421000135203119,Wide Net - May 2026
zcrm_5436421000135203156,Wide Net - May 2026
zcrm_5436421000135203161,Wide Net - May 2026
zcrm_5436421000135203466,Wide Net - May 2026
zcrm_5436421000135203508,Wide Net - May 2026
zcrm_5436421000135203539,Wide Net - May 2026
zcrm_5436421000135204450,Wide Net - May 2026
zcrm_5436421000135204951,Wide Net - May 2026
zcrm_5436421000135205024,Wide Net - May 2026
zcrm_5436421000135205040,Wide Net - May 2026
zcrm_5436421000135205045,Wide Net - May 2026
zcrm_5436421000135205470,Wide Net - May 2026
zcrm_5436421000135205959,Wide Net - May 2026
zcrm_5436421000135206077,Wide Net - May 2026
zcrm_5436421000135206164,Wide Net - May 2026
zcrm_5436421000135206620,Wide Net - May 2026
zcrm_5436421000135207008,Wide Net - May 2026
zcrm_5436421000135207058,Wide Net - May 2026
zcrm_5436421000135207077,Wide Net - May 2026
zcrm_5436421000135207134,Wide Net - May 2026
zcrm_5436421000135207534,Wide Net - May 2026
zcrm_5436421000135207562,Wide Net - May 2026
zcrm_5436421000135208037,Wide Net - May 2026
zcrm_5436421000135208063,Wide Net - May 2026
zcrm_5436421000135208464,Wide Net - May 2026
zcrm_5436421000135208592,Wide Net - May 2026
zcrm_5436421000135208644,Wide Net - May 2026
zcrm_5436421000135208659,Wide Net - May 2026
zcrm_5436421000135209473,Wide Net - May 2026
zcrm_5436421000135209499,Wide Net - May 2026
zcrm_5436421000135209576,Wide Net - May 2026
zcrm_5436421000135209594,Wide Net - May 2026
zcrm_5436421000135209623,Wide Net - May 2026
zcrm_5436421000135210139,Wide Net - May 2026
zcrm_5436421000135210501,Wide Net - May 2026
zcrm_5436421000135211493,Wide Net - May 2026
zcrm_5436421000135211600,Wide Net - May 2026
zcrm_5436421000135211670,Wide Net - May 2026
zcrm_5436421000135212564,Wide Net - May 2026
zcrm_5436421000135213045,Wide Net - May 2026
zcrm_5436421000135213068,Wide Net - May 2026
zcrm_5436421000135213481,Wide Net - May 2026
zcrm_5436421000135213516,Wide Net - May 2026
zcrm_5436421000135213530,Wide Net - May 2026
zcrm_5436421000135214536,Wide Net - May 2026
zcrm_5436421000135214579,Wide Net - May 2026
zcrm_5436421000135214670,Wide Net - May 2026
zcrm_5436421000135214673,Wide Net - May 2026
zcrm_5436421000135214946,Wide Net - May 2026
zcrm_5436421000135215013,Wide Net - May 2026
zcrm_5436421000135215574,Wide Net - May 2026
zcrm_5436421000135215634,Wide Net - May 2026
zcrm_5436421000135215995,Wide Net - May 2026
zcrm_5436421000135216045,Wide Net - May 2026
zcrm_5436421000135216442,Wide Net - May 2026
zcrm_5436421000135216521,Wide Net - May 2026
zcrm_5436421000135216609,Wide Net - May 2026
zcrm_5436421000135216669,Wide Net - May 2026
zcrm_5436421000135217079,Wide Net - May 2026
zcrm_5436421000135217502,Wide Net - May 2026
zcrm_5436421000135217552,Wide Net - May 2026
zcrm_5436421000135217662,Wide Net - May 2026
zcrm_5436421000135217942,Wide Net - May 2026
zcrm_5436421000135217964,Wide Net - May 2026
zcrm_5436421000135218443,Wide Net - May 2026
zcrm_5436421000135219503,Wide Net - May 2026
zcrm_5436421000135219534,Wide Net - May 2026
zcrm_5436421000135219535,Wide Net - May 2026
zcrm_5436421000135219585,Wide Net - May 2026
zcrm_5436421000135220079,Wide Net - May 2026
zcrm_5436421000135220105,Wide Net - May 2026
zcrm_5436421000135221104,Wide Net - May 2026
zcrm_5436421000135222075,Wide Net - May 2026
zcrm_5436421000135222148,Wide Net - May 2026
zcrm_5436421000135222480,Wide Net - May 2026
zcrm_5436421000135222539,Wide Net - May 2026
zcrm_5436421000135224080,Wide Net - May 2026
zcrm_5436421000135224652,Wide Net - May 2026
zcrm_5436421000135225105,Wide Net - May 2026
zcrm_5436421000135225133,Wide Net - May 2026
zcrm_5436421000135225627,Wide Net - May 2026
zcrm_5436421000135226168,Wide Net - May 2026
zcrm_5436421000135226993,Wide Net - May 2026
zcrm_5436421000135227127,Wide Net - May 2026
zcrm_5436421000135227450,Wide Net - May 2026
zcrm_5436421000135227516,Wide Net - May 2026
zcrm_5436421000135227630,Wide Net - May 2026
zcrm_5436421000135228545,Wide Net - May 2026
zcrm_5436421000135230459,Wide Net - May 2026
zcrm_5436421000135230506,Wide Net - May 2026
zcrm_5436421000135230572,Wide Net - May 2026
zcrm_5436421000135230628,Wide Net - May 2026
zcrm_5436421000135230634,Wide Net - May 2026
zcrm_5436421000135231987,Wide Net - May 2026
zcrm_5436421000135232181,Wide Net - May 2026
zcrm_5436421000135232449,Wide Net - May 2026
zcrm_5436421000135232537,Wide Net - May 2026
zcrm_5436421000135232581,Wide Net - May 2026
zcrm_5436421000135233487,Wide Net - May 2026
zcrm_5436421000135233531,Wide Net - May 2026
zcrm_5436421000135233623,Wide Net - May 2026
zcrm_5436421000135234157,Wide Net - May 2026
zcrm_5436421000135234460,Wide Net - May 2026
zcrm_5436421000135234584,Wide Net - May 2026
zcrm_5436421000135235133,Wide Net - May 2026
zcrm_5436421000135077305,Wide Net - May 2026
zcrm_5436421000135077368,Wide Net - May 2026
zcrm_5436421000135077908,Wide Net - May 2026
zcrm_5436421000135127206,Wide Net - May 2026
zcrm_5436421000135194309,Wide Net - May 2026
zcrm_5436421000135194345,Wide Net - May 2026
zcrm_5436421000135194764,Wide Net - May 2026
zcrm_5436421000135194774,Wide Net - May 2026
zcrm_5436421000135200170,Wide Net - May 2026
zcrm_5436421000135200509,Wide Net - May 2026
zcrm_5436421000135200681,Wide Net - May 2026
zcrm_5436421000135200948,Wide Net - May 2026
zcrm_5436421000135201477,Wide Net - May 2026
zcrm_5436421000135201479,Wide Net - May 2026
zcrm_5436421000135201958,Wide Net - May 2026
zcrm_5436421000135202136,Wide Net - May 2026
zcrm_5436421000135202160,Wide Net - May 2026
zcrm_5436421000135203669,Wide Net - May 2026
zcrm_5436421000135204974,Wide Net - May 2026
zcrm_5436421000135205176,Wide Net - May 2026
zcrm_5436421000135206565,Wide Net - May 2026
zcrm_5436421000135207187,Wide Net - May 2026
zcrm_5436421000135207943,Wide Net - May 2026
zcrm_5436421000135207981,Wide Net - May 2026
zcrm_5436421000135208143,Wide Net - May 2026
zcrm_5436421000135208558,Wide Net - May 2026
zcrm_5436421000135209062,Wide Net - May 2026
zcrm_5436421000135209066,Wide Net - May 2026
zcrm_5436421000135209146,Wide Net - May 2026
zcrm_5436421000135209563,Wide Net - May 2026
zcrm_5436421000135209987,Wide Net - May 2026
zcrm_5436421000135211044,Wide Net - May 2026
zcrm_5436421000135211540,Wide Net - May 2026
zcrm_5436421000135211614,Wide Net - May 2026
zcrm_5436421000135212454,Wide Net - May 2026
zcrm_5436421000135212479,Wide Net - May 2026
zcrm_5436421000135212577,Wide Net - May 2026
zcrm_5436421000135213118,Wide Net - May 2026
zcrm_5436421000135213172,Wide Net - May 2026
zcrm_5436421000135213560,Wide Net - May 2026
zcrm_5436421000135213585,Wide Net - May 2026
zcrm_5436421000135213609,Wide Net - May 2026
zcrm_5436421000135213942,Wide Net - May 2026
zcrm_5436421000135214019,Wide Net - May 2026
zcrm_5436421000135214573,Wide Net - May 2026
zcrm_5436421000135215444,Wide Net - May 2026
zcrm_5436421000135215484,Wide Net - May 2026
zcrm_5436421000135215560,Wide Net - May 2026
zcrm_5436421000135216118,Wide Net - May 2026
zcrm_5436421000135216127,Wide Net - May 2026
zcrm_5436421000135216576,Wide Net - May 2026
zcrm_5436421000135216636,Wide Net - May 2026
zcrm_5436421000135217034,Wide Net - May 2026
zcrm_5436421000135217065,Wide Net - May 2026
zcrm_5436421000135217121,Wide Net - May 2026
zcrm_5436421000135217467,Wide Net - May 2026
zcrm_5436421000135218001,Wide Net - May 2026
zcrm_5436421000135218113,Wide Net - May 2026
zcrm_5436421000135218133,Wide Net - May 2026
zcrm_5436421000135218135,Wide Net - May 2026
zcrm_5436421000135218506,Wide Net - May 2026
zcrm_5436421000135218586,Wide Net - May 2026
zcrm_5436421000135218964,Wide Net - May 2026
zcrm_5436421000135219484,Wide Net - May 2026
zcrm_5436421000135219686,Wide Net - May 2026
zcrm_5436421000135219950,Wide Net - May 2026
zcrm_5436421000135220042,Wide Net - May 2026
zcrm_5436421000135220171,Wide Net - May 2026
zcrm_5436421000135220176,Wide Net - May 2026
zcrm_5436421000135220474,Wide Net - May 2026
zcrm_5436421000135220476,Wide Net - May 2026
zcrm_5436421000135220539,Wide Net - May 2026
zcrm_5436421000135220982,Wide Net - May 2026
zcrm_5436421000135221065,Wide Net - May 2026
zcrm_5436421000135221121,Wide Net - May 2026
zcrm_5436421000135221134,Wide Net - May 2026
zcrm_5436421000135221505,Wide Net - May 2026
zcrm_5436421000135221634,Wide Net - May 2026
zcrm_5436421000135222106,Wide Net - May 2026
zcrm_5436421000135222487,Wide Net - May 2026
zcrm_5436421000135222530,Wide Net - May 2026
zcrm_5436421000135222643,Wide Net - May 2026
zcrm_5436421000135223460,Wide Net - May 2026
zcrm_5436421000135223557,Wide Net - May 2026
zcrm_5436421000135223626,Wide Net - May 2026
zcrm_5436421000135225448,Wide Net - May 2026
zcrm_5436421000135225462,Wide Net - May 2026
zcrm_5436421000135225942,Wide Net - May 2026
zcrm_5436421000135226021,Wide Net - May 2026
zcrm_5436421000135226498,Wide Net - May 2026
zcrm_5436421000135226939,Wide Net - May 2026
zcrm_5436421000135227549,Wide Net - May 2026
zcrm_5436421000135227580,Wide Net - May 2026
zcrm_5436421000135228183,Wide Net - May 2026
zcrm_5436421000135228440,Wide Net - May 2026
zcrm_5436421000135228443,Wide Net - May 2026
zcrm_5436421000135228470,Wide Net - May 2026
zcrm_5436421000135228473,Wide Net - May 2026
zcrm_5436421000135228531,Wide Net - May 2026
zcrm_5436421000135228595,Wide Net - May 2026
zcrm_5436421000135228612,Wide Net - May 2026
zcrm_5436421000135230027,Wide Net - May 2026
zcrm_5436421000135230052,Wide Net - May 2026
zcrm_5436421000135230175,Wide Net - May 2026
zcrm_5436421000135230487,Wide Net - May 2026
zcrm_5436421000135231120,Wide Net - May 2026
zcrm_5436421000135231136,Wide Net - May 2026
zcrm_5436421000135231181,Wide Net - May 2026
zcrm_5436421000135231494,Wide Net - May 2026
zcrm_5436421000135232046,Wide Net - May 2026
zcrm_5436421000135232051,Wide Net - May 2026
zcrm_5436421000135233090,Wide Net - May 2026
zcrm_5436421000135233112,Wide Net - May 2026
zcrm_5436421000135233140,Wide Net - May 2026
zcrm_5436421000135233156,Wide Net - May 2026
zcrm_5436421000135233452,Wide Net - May 2026
zcrm_5436421000135233961,Wide Net - May 2026
zcrm_5436421000135233964,Wide Net - May 2026
zcrm_5436421000135234106,Wide Net - May 2026
zcrm_5436421000135234439,Wide Net - May 2026
zcrm_5436421000135234556,Wide Net - May 2026
zcrm_5436421000135234954,Wide Net - May 2026
zcrm_5436421000135235107,Wide Net - May 2026
zcrm_5436421000135235111,Wide Net - May 2026
zcrm_5436421000135235126,Wide Net - May 2026
zcrm_5436421000135077355,Wide Net - May 2026
zcrm_5436421000135077776,Wide Net - May 2026
zcrm_5436421000135077805,Wide Net - May 2026
zcrm_5436421000135077875,Wide Net - May 2026
zcrm_5436421000135077926,Wide Net - May 2026
zcrm_5436421000135127243,Wide Net - May 2026
zcrm_5436421000135194380,Wide Net - May 2026
zcrm_5436421000135200528,Wide Net - May 2026
zcrm_5436421000135200554,Wide Net - May 2026
zcrm_5436421000135200644,Wide Net - May 2026
zcrm_5436421000135201508,Wide Net - May 2026
zcrm_5436421000135201953,Wide Net - May 2026
zcrm_5436421000135202480,Wide Net - May 2026
zcrm_5436421000135202507,Wide Net - May 2026
zcrm_5436421000135203039,Wide Net - May 2026
zcrm_5436421000135203139,Wide Net - May 2026
zcrm_5436421000135203442,Wide Net - May 2026
zcrm_5436421000135203468,Wide Net - May 2026
zcrm_5436421000135203489,Wide Net - May 2026
zcrm_5436421000135203493,Wide Net - May 2026
zcrm_5436421000135203503,Wide Net - May 2026
zcrm_5436421000135203587,Wide Net - May 2026
zcrm_5436421000135204062,Wide Net - May 2026
zcrm_5436421000135204482,Wide Net - May 2026
zcrm_5436421000135204634,Wide Net - May 2026
zcrm_5436421000135205547,Wide Net - May 2026
zcrm_5436421000135205650,Wide Net - May 2026
zcrm_5436421000135205685,Wide Net - May 2026
zcrm_5436421000135205938,Wide Net - May 2026
zcrm_5436421000135206066,Wide Net - May 2026
zcrm_5436421000135206110,Wide Net - May 2026
zcrm_5436421000135206124,Wide Net - May 2026
zcrm_5436421000135206502,Wide Net - May 2026
zcrm_5436421000135206550,Wide Net - May 2026
zcrm_5436421000135206637,Wide Net - May 2026
zcrm_5436421000135207022,Wide Net - May 2026
zcrm_5436421000135207033,Wide Net - May 2026
zcrm_5436421000135207158,Wide Net - May 2026
zcrm_5436421000135207439,Wide Net - May 2026
zcrm_5436421000135207453,Wide Net - May 2026
zcrm_5436421000135207461,Wide Net - May 2026
zcrm_5436421000135207466,Wide Net - May 2026
zcrm_5436421000135207633,Wide Net - May 2026
zcrm_5436421000135207637,Wide Net - May 2026
zcrm_5436421000135207952,Wide Net - May 2026
zcrm_5436421000135207968,Wide Net - May 2026
zcrm_5436421000135208014,Wide Net - May 2026
zcrm_5436421000135208637,Wide Net - May 2026
zcrm_5436421000135208982,Wide Net - May 2026
zcrm_5436421000135209458,Wide Net - May 2026
zcrm_5436421000135209678,Wide Net - May 2026
zcrm_5436421000135210016,Wide Net - May 2026
zcrm_5436421000135210179,Wide Net - May 2026
zcrm_5436421000135210465,Wide Net - May 2026
zcrm_5436421000135210993,Wide Net - May 2026
zcrm_5436421000135211118,Wide Net - May 2026
zcrm_5436421000135211499,Wide Net - May 2026
zcrm_5436421000135211527,Wide Net - May 2026
zcrm_5436421000135211602,Wide Net - May 2026
zcrm_5436421000135212021,Wide Net - May 2026
zcrm_5436421000135212468,Wide Net - May 2026
zcrm_5436421000135212504,Wide Net - May 2026
zcrm_5436421000135212505,Wide Net - May 2026
zcrm_5436421000135212590,Wide Net - May 2026
zcrm_5436421000135214100,Wide Net - May 2026
zcrm_5436421000135215000,Wide Net - May 2026
zcrm_5436421000135215046,Wide Net - May 2026
zcrm_5436421000135215071,Wide Net - May 2026
zcrm_5436421000135215182,Wide Net - May 2026
zcrm_5436421000135215500,Wide Net - May 2026
zcrm_5436421000135215601,Wide Net - May 2026
zcrm_5436421000135215675,Wide Net - May 2026
zcrm_5436421000135216039,Wide Net - May 2026
zcrm_5436421000135216081,Wide Net - May 2026
zcrm_5436421000135216474,Wide Net - May 2026
zcrm_5436421000135216492,Wide Net - May 2026
zcrm_5436421000135216581,Wide Net - May 2026
zcrm_5436421000135216671,Wide Net - May 2026
zcrm_5436421000135217450,Wide Net - May 2026
zcrm_5436421000135217945,Wide Net - May 2026
zcrm_5436421000135219048,Wide Net - May 2026
zcrm_5436421000135219086,Wide Net - May 2026
zcrm_5436421000135219650,Wide Net - May 2026
zcrm_5436421000135220060,Wide Net - May 2026
zcrm_5436421000135220121,Wide Net - May 2026
zcrm_5436421000135220603,Wide Net - May 2026
zcrm_5436421000135220999,Wide Net - May 2026
zcrm_5436421000135221015,Wide Net - May 2026
zcrm_5436421000135221600,Wide Net - May 2026
zcrm_5436421000135221947,Wide Net - May 2026
zcrm_5436421000135222097,Wide Net - May 2026
zcrm_5436421000135223627,Wide Net - May 2026
zcrm_5436421000135224003,Wide Net - May 2026
zcrm_5436421000135224066,Wide Net - May 2026
zcrm_5436421000135224091,Wide Net - May 2026
zcrm_5436421000135224578,Wide Net - May 2026
zcrm_5436421000135224619,Wide Net - May 2026
zcrm_5436421000135225113,Wide Net - May 2026
zcrm_5436421000135225439,Wide Net - May 2026
zcrm_5436421000135225512,Wide Net - May 2026
zcrm_5436421000135226024,Wide Net - May 2026
zcrm_5436421000135226571,Wide Net - May 2026
zcrm_5436421000135226672,Wide Net - May 2026
zcrm_5436421000135227445,Wide Net - May 2026
zcrm_5436421000135227570,Wide Net - May 2026
zcrm_5436421000135227679,Wide Net - May 2026
zcrm_5436421000135228090,Wide Net - May 2026
zcrm_5436421000135228128,Wide Net - May 2026
zcrm_5436421000135228525,Wide Net - May 2026
zcrm_5436421000135228561,Wide Net - May 2026
zcrm_5436421000135228644,Wide Net - May 2026
zcrm_5436421000135229954,Wide Net - May 2026
zcrm_5436421000135229968,Wide Net - May 2026
zcrm_5436421000135230071,Wide Net - May 2026
zcrm_5436421000135230080,Wide Net - May 2026
zcrm_5436421000135230091,Wide Net - May 2026
zcrm_5436421000135230545,Wide Net - May 2026
zcrm_5436421000135230950,Wide Net - May 2026
zcrm_5436421000135231002,Wide Net - May 2026
zcrm_5436421000135231140,Wide Net - May 2026
zcrm_5436421000135231141,Wide Net - May 2026
zcrm_5436421000135231504,Wide Net - May 2026
zcrm_5436421000135231951,Wide Net - May 2026
zcrm_5436421000135231979,Wide Net - May 2026
zcrm_5436421000135232050,Wide Net - May 2026
zcrm_5436421000135232111,Wide Net - May 2026
zcrm_5436421000135232128,Wide Net - May 2026
zcrm_5436421000135232175,Wide Net - May 2026
zcrm_5436421000135232534,Wide Net - May 2026
zcrm_5436421000135232656,Wide Net - May 2026
zcrm_5436421000135232665,Wide Net - May 2026
zcrm_5436421000135233544,Wide Net - May 2026
zcrm_5436421000135057974,Wide Net - May 2026
zcrm_5436421000135057998,Wide Net - May 2026
zcrm_5436421000135077270,Wide Net - May 2026
zcrm_5436421000135077391,Wide Net - May 2026
zcrm_5436421000135077727,Wide Net - May 2026
zcrm_5436421000135077865,Wide Net - May 2026
zcrm_5436421000135077885,Wide Net - May 2026
zcrm_5436421000135127213,Wide Net - May 2026
zcrm_5436421000135127278,Wide Net - May 2026
zcrm_5436421000135194234,Wide Net - May 2026
zcrm_5436421000135194413,Wide Net - May 2026
zcrm_5436421000135194426,Wide Net - May 2026
zcrm_5436421000135194432,Wide Net - May 2026
zcrm_5436421000135200013,Wide Net - May 2026
zcrm_5436421000135200024,Wide Net - May 2026
zcrm_5436421000135200137,Wide Net - May 2026
zcrm_5436421000135200145,Wide Net - May 2026
zcrm_5436421000135200176,Wide Net - May 2026
zcrm_5436421000135200181,Wide Net - May 2026
zcrm_5436421000135200183,Wide Net - May 2026
zcrm_5436421000135200473,Wide Net - May 2026
zcrm_5436421000135200480,Wide Net - May 2026
zcrm_5436421000135200481,Wide Net - May 2026
zcrm_5436421000135200993,Wide Net - May 2026
zcrm_5436421000135201013,Wide Net - May 2026
zcrm_5436421000135201045,Wide Net - May 2026
zcrm_5436421000135201072,Wide Net - May 2026
zcrm_5436421000135201139,Wide Net - May 2026
zcrm_5436421000135201171,Wide Net - May 2026
zcrm_5436421000135201172,Wide Net - May 2026
zcrm_5436421000135201466,Wide Net - May 2026
zcrm_5436421000135201470,Wide Net - May 2026
zcrm_5436421000135201490,Wide Net - May 2026
zcrm_5436421000135201558,Wide Net - May 2026
zcrm_5436421000135201581,Wide Net - May 2026
zcrm_5436421000135201615,Wide Net - May 2026
zcrm_5436421000135201622,Wide Net - May 2026
zcrm_5436421000135202600,Wide Net - May 2026
zcrm_5436421000135202602,Wide Net - May 2026
zcrm_5436421000135203043,Wide Net - May 2026
zcrm_5436421000135203060,Wide Net - May 2026
zcrm_5436421000135204169,Wide Net - May 2026
zcrm_5436421000135204448,Wide Net - May 2026
zcrm_5436421000135204668,Wide Net - May 2026
zcrm_5436421000135204953,Wide Net - May 2026
zcrm_5436421000135205038,Wide Net - May 2026
zcrm_5436421000135205599,Wide Net - May 2026
zcrm_5436421000135205614,Wide Net - May 2026
zcrm_5436421000135205944,Wide Net - May 2026
zcrm_5436421000135206079,Wide Net - May 2026
zcrm_5436421000135206133,Wide Net - May 2026
zcrm_5436421000135206640,Wide Net - May 2026
zcrm_5436421000135206665,Wide Net - May 2026
zcrm_5436421000135207088,Wide Net - May 2026
zcrm_5436421000135207452,Wide Net - May 2026
zcrm_5436421000135208461,Wide Net - May 2026
zcrm_5436421000135208527,Wide Net - May 2026
zcrm_5436421000135209650,Wide Net - May 2026
zcrm_5436421000135209957,Wide Net - May 2026
zcrm_5436421000135210057,Wide Net - May 2026
zcrm_5436421000135210181,Wide Net - May 2026
zcrm_5436421000135211179,Wide Net - May 2026
zcrm_5436421000135211450,Wide Net - May 2026
zcrm_5436421000135211548,Wide Net - May 2026
zcrm_5436421000135212047,Wide Net - May 2026
zcrm_5436421000135213027,Wide Net - May 2026
zcrm_5436421000135213063,Wide Net - May 2026
zcrm_5436421000135213064,Wide Net - May 2026
zcrm_5436421000135213463,Wide Net - May 2026
zcrm_5436421000135213578,Wide Net - May 2026
zcrm_5436421000135213603,Wide Net - May 2026
zcrm_5436421000135214508,Wide Net - May 2026
zcrm_5436421000135214644,Wide Net - May 2026
zcrm_5436421000135215080,Wide Net - May 2026
zcrm_5436421000135215112,Wide Net - May 2026
zcrm_5436421000135215186,Wide Net - May 2026
zcrm_5436421000135215644,Wide Net - May 2026
zcrm_5436421000135215650,Wide Net - May 2026
zcrm_5436421000135215653,Wide Net - May 2026
zcrm_5436421000135216136,Wide Net - May 2026
zcrm_5436421000135216496,Wide Net - May 2026
zcrm_5436421000135216661,Wide Net - May 2026
zcrm_5436421000135217041,Wide Net - May 2026
zcrm_5436421000135217451,Wide Net - May 2026
zcrm_5436421000135217461,Wide Net - May 2026
zcrm_5436421000135217462,Wide Net - May 2026
zcrm_5436421000135217636,Wide Net - May 2026
zcrm_5436421000135218099,Wide Net - May 2026
zcrm_5436421000135218545,Wide Net - May 2026
zcrm_5436421000135218603,Wide Net - May 2026
zcrm_5436421000135218960,Wide Net - May 2026
zcrm_5436421000135218970,Wide Net - May 2026
zcrm_5436421000135219180,Wide Net - May 2026
zcrm_5436421000135219181,Wide Net - May 2026
zcrm_5436421000135219498,Wide Net - May 2026
zcrm_5436421000135219545,Wide Net - May 2026
zcrm_5436421000135220027,Wide Net - May 2026
zcrm_5436421000135220630,Wide Net - May 2026
zcrm_5436421000135221485,Wide Net - May 2026
zcrm_5436421000135221529,Wide Net - May 2026
zcrm_5436421000135222016,Wide Net - May 2026
zcrm_5436421000135222120,Wide Net - May 2026
zcrm_5436421000135222136,Wide Net - May 2026
zcrm_5436421000135222154,Wide Net - May 2026
zcrm_5436421000135222181,Wide Net - May 2026
zcrm_5436421000135222441,Wide Net - May 2026
zcrm_5436421000135222583,Wide Net - May 2026
zcrm_5436421000135222590,Wide Net - May 2026
zcrm_5436421000135222608,Wide Net - May 2026
zcrm_5436421000135222947,Wide Net - May 2026
zcrm_5436421000135223151,Wide Net - May 2026
zcrm_5436421000135224059,Wide Net - May 2026
zcrm_5436421000135224124,Wide Net - May 2026
zcrm_5436421000135224596,Wide Net - May 2026
zcrm_5436421000135224638,Wide Net - May 2026
zcrm_5436421000135224949,Wide Net - May 2026
zcrm_5436421000135224978,Wide Net - May 2026
zcrm_5436421000135225171,Wide Net - May 2026
zcrm_5436421000135225575,Wide Net - May 2026
zcrm_5436421000135225987,Wide Net - May 2026
zcrm_5436421000135226004,Wide Net - May 2026
zcrm_5436421000135226603,Wide Net - May 2026
zcrm_5436421000135228110,Wide Net - May 2026
zcrm_5436421000135228667,Wide Net - May 2026
zcrm_5436421000135228679,Wide Net - May 2026
zcrm_5436421000135228993,Wide Net - May 2026
zcrm_5436421000135228998,Wide Net - May 2026
zcrm_5436421000135229062,Wide Net - May 2026
zcrm_5436421000135229494,Wide Net - May 2026
zcrm_5436421000135229556,Wide Net - May 2026
zcrm_5436421000135229646,Wide Net - May 2026
zcrm_5436421000135229982,Wide Net - May 2026
zcrm_5436421000135230070,Wide Net - May 2026
zcrm_5436421000135230460,Wide Net - May 2026
zcrm_5436421000135230518,Wide Net - May 2026
zcrm_5436421000135230593,Wide Net - May 2026
zcrm_5436421000135230960,Wide Net - May 2026
zcrm_5436421000135231042,Wide Net - May 2026
zcrm_5436421000135231094,Wide Net - May 2026
zcrm_5436421000135231506,Wide Net - May 2026
zcrm_5436421000135231651,Wide Net - May 2026
zcrm_5436421000135231990,Wide Net - May 2026
zcrm_5436421000135232041,Wide Net - May 2026
zcrm_5436421000135232064,Wide Net - May 2026
zcrm_5436421000135232160,Wide Net - May 2026
zcrm_5436421000135232182,Wide Net - May 2026
zcrm_5436421000135232468,Wide Net - May 2026
zcrm_5436421000135232954,Wide Net - May 2026
zcrm_5436421000135233022,Wide Net - May 2026
zcrm_5436421000135233116,Wide Net - May 2026
zcrm_5436421000135233126,Wide Net - May 2026
zcrm_5436421000135234109,Wide Net - May 2026
zcrm_5436421000135077211,Wide Net - May 2026
zcrm_5436421000135077242,Wide Net - May 2026
zcrm_5436421000135077402,Wide Net - May 2026
zcrm_5436421000135077419,Wide Net - May 2026
zcrm_5436421000135077748,Wide Net - May 2026
zcrm_5436421000135077827,Wide Net - May 2026
zcrm_5436421000135127217,Wide Net - May 2026
zcrm_5436421000135127247,Wide Net - May 2026
zcrm_5436421000135127269,Wide Net - May 2026
zcrm_5436421000135127284,Wide Net - May 2026
zcrm_5436421000135194435,Wide Net - May 2026
zcrm_5436421000135194738,Wide Net - May 2026
zcrm_5436421000135194804,Wide Net - May 2026
zcrm_5436421000135200076,Wide Net - May 2026
zcrm_5436421000135200127,Wide Net - May 2026
zcrm_5436421000135200147,Wide Net - May 2026
zcrm_5436421000135200166,Wide Net - May 2026
zcrm_5436421000135200505,Wide Net - May 2026
zcrm_5436421000135200637,Wide Net - May 2026
zcrm_5436421000135200647,Wide Net - May 2026
zcrm_5436421000135200663,Wide Net - May 2026
zcrm_5436421000135200674,Wide Net - May 2026
zcrm_5436421000135200680,Wide Net - May 2026
zcrm_5436421000135201050,Wide Net - May 2026
zcrm_5436421000135201101,Wide Net - May 2026
zcrm_5436421000135201604,Wide Net - May 2026
zcrm_5436421000135201985,Wide Net - May 2026
zcrm_5436421000135202143,Wide Net - May 2026
zcrm_5436421000135202613,Wide Net - May 2026
zcrm_5436421000135202961,Wide Net - May 2026
zcrm_5436421000135203040,Wide Net - May 2026
zcrm_5436421000135203959,Wide Net - May 2026
zcrm_5436421000135203988,Wide Net - May 2026
zcrm_5436421000135204045,Wide Net - May 2026
zcrm_5436421000135204516,Wide Net - May 2026
zcrm_5436421000135204582,Wide Net - May 2026
zcrm_5436421000135204599,Wide Net - May 2026
zcrm_5436421000135205046,Wide Net - May 2026
zcrm_5436421000135205104,Wide Net - May 2026
zcrm_5436421000135205114,Wide Net - May 2026
zcrm_5436421000135205153,Wide Net - May 2026
zcrm_5436421000135205496,Wide Net - May 2026
zcrm_5436421000135205626,Wide Net - May 2026
zcrm_5436421000135206032,Wide Net - May 2026
zcrm_5436421000135206078,Wide Net - May 2026
zcrm_5436421000135206091,Wide Net - May 2026
zcrm_5436421000135206442,Wide Net - May 2026
zcrm_5436421000135206495,Wide Net - May 2026
zcrm_5436421000135206540,Wide Net - May 2026
zcrm_5436421000135206549,Wide Net - May 2026
zcrm_5436421000135206567,Wide Net - May 2026
zcrm_5436421000135206592,Wide Net - May 2026
zcrm_5436421000135207062,Wide Net - May 2026
zcrm_5436421000135207616,Wide Net - May 2026
zcrm_5436421000135207635,Wide Net - May 2026
zcrm_5436421000135208005,Wide Net - May 2026
zcrm_5436421000135208090,Wide Net - May 2026
zcrm_5436421000135208466,Wide Net - May 2026
zcrm_5436421000135208573,Wide Net - May 2026
zcrm_5436421000135208655,Wide Net - May 2026
zcrm_5436421000135208990,Wide Net - May 2026
zcrm_5436421000135209024,Wide Net - May 2026
zcrm_5436421000135209037,Wide Net - May 2026
zcrm_5436421000135209110,Wide Net - May 2026
zcrm_5436421000135209130,Wide Net - May 2026
zcrm_5436421000135209479,Wide Net - May 2026
zcrm_5436421000135209611,Wide Net - May 2026
zcrm_5436421000135209617,Wide Net - May 2026
zcrm_5436421000135209641,Wide Net - May 2026
zcrm_5436421000135209643,Wide Net - May 2026
zcrm_5436421000135210091,Wide Net - May 2026
zcrm_5436421000135210111,Wide Net - May 2026
zcrm_5436421000135210142,Wide Net - May 2026
zcrm_5436421000135210515,Wide Net - May 2026
zcrm_5436421000135210539,Wide Net - May 2026
zcrm_5436421000135211008,Wide Net - May 2026
zcrm_5436421000135211448,Wide Net - May 2026
zcrm_5436421000135211476,Wide Net - May 2026
zcrm_5436421000135211582,Wide Net - May 2026
zcrm_5436421000135211994,Wide Net - May 2026
zcrm_5436421000135212071,Wide Net - May 2026
zcrm_5436421000135212092,Wide Net - May 2026
zcrm_5436421000135212144,Wide Net - May 2026
zcrm_5436421000135212538,Wide Net - May 2026
zcrm_5436421000135212610,Wide Net - May 2026
zcrm_5436421000135212613,Wide Net - May 2026
zcrm_5436421000135213157,Wide Net - May 2026
zcrm_5436421000135213158,Wide Net - May 2026
zcrm_5436421000135213495,Wide Net - May 2026
zcrm_5436421000135213588,Wide Net - May 2026
zcrm_5436421000135213599,Wide Net - May 2026
zcrm_5436421000135213658,Wide Net - May 2026
zcrm_5436421000135213962,Wide Net - May 2026
zcrm_5436421000135213968,Wide Net - May 2026
zcrm_5436421000135213978,Wide Net - May 2026
zcrm_5436421000135214017,Wide Net - May 2026
zcrm_5436421000135214057,Wide Net - May 2026
zcrm_5436421000135214119,Wide Net - May 2026
zcrm_5436421000135214180,Wide Net - May 2026
zcrm_5436421000135214459,Wide Net - May 2026
zcrm_5436421000135214511,Wide Net - May 2026
zcrm_5436421000135214568,Wide Net - May 2026
zcrm_5436421000135214578,Wide Net - May 2026
zcrm_5436421000135214598,Wide Net - May 2026
zcrm_5436421000135214649,Wide Net - May 2026
zcrm_5436421000135215067,Wide Net - May 2026
zcrm_5436421000135215089,Wide Net - May 2026
zcrm_5436421000135215133,Wide Net - May 2026
zcrm_5436421000135215178,Wide Net - May 2026
zcrm_5436421000135215569,Wide Net - May 2026
zcrm_5436421000135215606,Wide Net - May 2026
zcrm_5436421000135215610,Wide Net - May 2026
zcrm_5436421000135215613,Wide Net - May 2026
zcrm_5436421000135215635,Wide Net - May 2026
zcrm_5436421000135215946,Wide Net - May 2026
zcrm_5436421000135215975,Wide Net - May 2026
zcrm_5436421000135215979,Wide Net - May 2026
zcrm_5436421000135215987,Wide Net - May 2026
zcrm_5436421000135216057,Wide Net - May 2026
zcrm_5436421000135216075,Wide Net - May 2026
zcrm_5436421000135216078,Wide Net - May 2026
zcrm_5436421000135216464,Wide Net - May 2026
zcrm_5436421000135216530,Wide Net - May 2026
zcrm_5436421000135216673,Wide Net - May 2026
zcrm_5436421000135216685,Wide Net - May 2026
zcrm_5436421000135216949,Wide Net - May 2026
zcrm_5436421000135216952,Wide Net - May 2026
zcrm_5436421000135217055,Wide Net - May 2026
zcrm_5436421000135217060,Wide Net - May 2026
zcrm_5436421000135217092,Wide Net - May 2026
zcrm_5436421000135217458,Wide Net - May 2026
zcrm_5436421000135217468,Wide Net - May 2026
zcrm_5436421000135217608,Wide Net - May 2026
zcrm_5436421000135217958,Wide Net - May 2026
zcrm_5436421000135217981,Wide Net - May 2026
zcrm_5436421000135218058,Wide Net - May 2026
zcrm_5436421000135218067,Wide Net - May 2026
zcrm_5436421000135218112,Wide Net - May 2026
zcrm_5436421000135218183,Wide Net - May 2026
zcrm_5436421000135218524,Wide Net - May 2026
zcrm_5436421000135219024,Wide Net - May 2026
zcrm_5436421000135219054,Wide Net - May 2026
zcrm_5436421000135219138,Wide Net - May 2026
zcrm_5436421000135219163,Wide Net - May 2026
zcrm_5436421000135219448,Wide Net - May 2026
zcrm_5436421000135219456,Wide Net - May 2026
zcrm_5436421000135219476,Wide Net - May 2026
zcrm_5436421000135219591,Wide Net - May 2026
zcrm_5436421000135219608,Wide Net - May 2026
zcrm_5436421000135219969,Wide Net - May 2026
zcrm_5436421000135220008,Wide Net - May 2026
zcrm_5436421000135220016,Wide Net - May 2026
zcrm_5436421000135220017,Wide Net - May 2026
zcrm_5436421000135220045,Wide Net - May 2026
zcrm_5436421000135220056,Wide Net - May 2026
zcrm_5436421000135220115,Wide Net - May 2026
zcrm_5436421000135220520,Wide Net - May 2026
zcrm_5436421000135220642,Wide Net - May 2026
zcrm_5436421000135220656,Wide Net - May 2026
zcrm_5436421000135220680,Wide Net - May 2026
zcrm_5436421000135221014,Wide Net - May 2026
zcrm_5436421000135221126,Wide Net - May 2026
zcrm_5436421000135221145,Wide Net - May 2026
zcrm_5436421000135221157,Wide Net - May 2026
zcrm_5436421000135221450,Wide Net - May 2026
zcrm_5436421000135221468,Wide Net - May 2026
zcrm_5436421000135221544,Wide Net - May 2026
zcrm_5436421000135221591,Wide Net - May 2026
zcrm_5436421000135221660,Wide Net - May 2026
zcrm_5436421000135222040,Wide Net - May 2026
zcrm_5436421000135222072,Wide Net - May 2026
zcrm_5436421000135222114,Wide Net - May 2026
zcrm_5436421000135222507,Wide Net - May 2026
zcrm_5436421000135222525,Wide Net - May 2026
zcrm_5436421000135223060,Wide Net - May 2026
zcrm_5436421000135223101,Wide Net - May 2026
zcrm_5436421000135223159,Wide Net - May 2026
zcrm_5436421000135223573,Wide Net - May 2026
zcrm_5436421000135223604,Wide Net - May 2026
zcrm_5436421000135223675,Wide Net - May 2026
zcrm_5436421000135224036,Wide Net - May 2026
zcrm_5436421000135224121,Wide Net - May 2026
zcrm_5436421000135224137,Wide Net - May 2026
zcrm_5436421000135224163,Wide Net - May 2026
zcrm_5436421000135224484,Wide Net - May 2026
zcrm_5436421000135224487,Wide Net - May 2026
zcrm_5436421000135224503,Wide Net - May 2026
zcrm_5436421000135224548,Wide Net - May 2026
zcrm_5436421000135224667,Wide Net - May 2026
zcrm_5436421000135224686,Wide Net - May 2026
zcrm_5436421000135224991,Wide Net - May 2026
zcrm_5436421000135225011,Wide Net - May 2026
zcrm_5436421000135225053,Wide Net - May 2026
zcrm_5436421000135225063,Wide Net - May 2026
zcrm_5436421000135225122,Wide Net - May 2026
zcrm_5436421000135225139,Wide Net - May 2026
zcrm_5436421000135225464,Wide Net - May 2026
zcrm_5436421000135225477,Wide Net - May 2026
zcrm_5436421000135225564,Wide Net - May 2026
zcrm_5436421000135225588,Wide Net - May 2026
zcrm_5436421000135225633,Wide Net - May 2026
zcrm_5436421000135225654,Wide Net - May 2026
zcrm_5436421000135225988,Wide Net - May 2026
zcrm_5436421000135226088,Wide Net - May 2026
zcrm_5436421000135226093,Wide Net - May 2026
zcrm_5436421000135226136,Wide Net - May 2026
zcrm_5436421000135226166,Wide Net - May 2026
zcrm_5436421000135226470,Wide Net - May 2026
zcrm_5436421000135226486,Wide Net - May 2026
zcrm_5436421000135226568,Wide Net - May 2026
zcrm_5436421000135226608,Wide Net - May 2026
zcrm_5436421000135226656,Wide Net - May 2026
zcrm_5436421000135226678,Wide Net - May 2026
zcrm_5436421000135227008,Wide Net - May 2026
zcrm_5436421000135227035,Wide Net - May 2026
zcrm_5436421000135227048,Wide Net - May 2026
zcrm_5436421000135227494,Wide Net - May 2026
zcrm_5436421000135227530,Wide Net - May 2026
zcrm_5436421000135227617,Wide Net - May 2026
zcrm_5436421000135227681,Wide Net - May 2026
zcrm_5436421000135228016,Wide Net - May 2026
zcrm_5436421000135228036,Wide Net - May 2026
zcrm_5436421000135228071,Wide Net - May 2026
zcrm_5436421000135228133,Wide Net - May 2026
zcrm_5436421000135228143,Wide Net - May 2026
zcrm_5436421000135228144,Wide Net - May 2026
zcrm_5436421000135228465,Wide Net - May 2026
zcrm_5436421000135228487,Wide Net - May 2026
zcrm_5436421000135228658,Wide Net - May 2026
zcrm_5436421000135229006,Wide Net - May 2026
zcrm_5436421000135229015,Wide Net - May 2026
zcrm_5436421000135229073,Wide Net - May 2026
zcrm_5436421000135229143,Wide Net - May 2026
zcrm_5436421000135229446,Wide Net - May 2026
zcrm_5436421000135229495,Wide Net - May 2026
zcrm_5436421000135229538,Wide Net - May 2026
zcrm_5436421000135229591,Wide Net - May 2026
zcrm_5436421000135229651,Wide Net - May 2026
zcrm_5436421000135230003,Wide Net - May 2026
zcrm_5436421000135230066,Wide Net - May 2026
zcrm_5436421000135230150,Wide Net - May 2026
zcrm_5436421000135230180,Wide Net - May 2026
zcrm_5436421000135230510,Wide Net - May 2026
zcrm_5436421000135230525,Wide Net - May 2026
zcrm_5436421000135230661,Wide Net - May 2026
zcrm_5436421000135230991,Wide Net - May 2026
zcrm_5436421000135230992,Wide Net - May 2026
zcrm_5436421000135231022,Wide Net - May 2026
zcrm_5436421000135231056,Wide Net - May 2026
zcrm_5436421000135231092,Wide Net - May 2026
zcrm_5436421000135231098,Wide Net - May 2026
zcrm_5436421000135231441,Wide Net - May 2026
zcrm_5436421000135231442,Wide Net - May 2026
zcrm_5436421000135231450,Wide Net - May 2026
zcrm_5436421000135231493,Wide Net - May 2026
zcrm_5436421000135231565,Wide Net - May 2026
zcrm_5436421000135231677,Wide Net - May 2026
zcrm_5436421000135231685,Wide Net - May 2026
zcrm_5436421000135232025,Wide Net - May 2026
zcrm_5436421000135232060,Wide Net - May 2026
zcrm_5436421000135232156,Wide Net - May 2026
zcrm_5436421000135232487,Wide Net - May 2026
zcrm_5436421000135232504,Wide Net - May 2026
zcrm_5436421000135232593,Wide Net - May 2026
zcrm_5436421000135233054,Wide Net - May 2026
zcrm_5436421000135233163,Wide Net - May 2026
zcrm_5436421000135233461,Wide Net - May 2026
zcrm_5436421000135233517,Wide Net - May 2026
zcrm_5436421000135233977,Wide Net - May 2026
zcrm_5436421000135233978,Wide Net - May 2026
zcrm_5436421000135234050,Wide Net - May 2026
zcrm_5436421000135234165,Wide Net - May 2026
zcrm_5436421000135234465,Wide Net - May 2026
zcrm_5436421000135234494,Wide Net - May 2026
zcrm_5436421000135234506,Wide Net - May 2026
zcrm_5436421000135234508,Wide Net - May 2026
zcrm_5436421000135234511,Wide Net - May 2026
zcrm_5436421000135234654,Wide Net - May 2026
zcrm_5436421000135234967,Wide Net - May 2026
zcrm_5436421000135235016,Wide Net - May 2026
zcrm_5436421000135235077,Wide Net - May 2026
zcrm_5436421000135235138,Wide Net - May 2026
zcrm_5436421000135057993,Wide Net - May 2026
zcrm_5436421000135077407,Wide Net - May 2026
zcrm_5436421000135077459,Wide Net - May 2026
zcrm_5436421000135077893,Wide Net - May 2026
zcrm_5436421000135127191,Wide Net - May 2026
zcrm_5436421000135194283,Wide Net - May 2026
zcrm_5436421000135194732,Wide Net - May 2026
zcrm_5436421000135194773,Wide Net - May 2026
zcrm_5436421000135200088,Wide Net - May 2026
zcrm_5436421000135200533,Wide Net - May 2026
zcrm_5436421000135201635,Wide Net - May 2026
zcrm_5436421000135202514,Wide Net - May 2026
zcrm_5436421000135202995,Wide Net - May 2026
zcrm_5436421000135203055,Wide Net - May 2026
zcrm_5436421000135203451,Wide Net - May 2026
zcrm_5436421000135203615,Wide Net - May 2026
zcrm_5436421000135203943,Wide Net - May 2026
zcrm_5436421000135204438,Wide Net - May 2026
zcrm_5436421000135204458,Wide Net - May 2026
zcrm_5436421000135204534,Wide Net - May 2026
zcrm_5436421000135204625,Wide Net - May 2026
zcrm_5436421000135204633,Wide Net - May 2026
zcrm_5436421000135205015,Wide Net - May 2026
zcrm_5436421000135205039,Wide Net - May 2026
zcrm_5436421000135205454,Wide Net - May 2026
zcrm_5436421000135205491,Wide Net - May 2026
zcrm_5436421000135205515,Wide Net - May 2026
zcrm_5436421000135205585,Wide Net - May 2026
zcrm_5436421000135205596,Wide Net - May 2026
zcrm_5436421000135205602,Wide Net - May 2026
zcrm_5436421000135205666,Wide Net - May 2026
zcrm_5436421000135206040,Wide Net - May 2026
zcrm_5436421000135206048,Wide Net - May 2026
zcrm_5436421000135206153,Wide Net - May 2026
zcrm_5436421000135206678,Wide Net - May 2026
zcrm_5436421000135207031,Wide Net - May 2026
zcrm_5436421000135207663,Wide Net - May 2026
zcrm_5436421000135208133,Wide Net - May 2026
zcrm_5436421000135208182,Wide Net - May 2026
zcrm_5436421000135209652,Wide Net - May 2026
zcrm_5436421000135209992,Wide Net - May 2026
zcrm_5436421000135210468,Wide Net - May 2026
zcrm_5436421000135210499,Wide Net - May 2026
zcrm_5436421000135210608,Wide Net - May 2026
zcrm_5436421000135210675,Wide Net - May 2026
zcrm_5436421000135211668,Wide Net - May 2026
zcrm_5436421000135212446,Wide Net - May 2026
zcrm_5436421000135212528,Wide Net - May 2026
zcrm_5436421000135213492,Wide Net - May 2026
zcrm_5436421000135214118,Wide Net - May 2026
zcrm_5436421000135214524,Wide Net - May 2026
zcrm_5436421000135214654,Wide Net - May 2026
zcrm_5436421000135214682,Wide Net - May 2026
zcrm_5436421000135214974,Wide Net - May 2026
zcrm_5436421000135215103,Wide Net - May 2026
zcrm_5436421000135215177,Wide Net - May 2026
zcrm_5436421000135216071,Wide Net - May 2026
zcrm_5436421000135216149,Wide Net - May 2026
zcrm_5436421000135216553,Wide Net - May 2026
zcrm_5436421000135216562,Wide Net - May 2026
zcrm_5436421000135216599,Wide Net - May 2026
zcrm_5436421000135216683,Wide Net - May 2026
zcrm_5436421000135217009,Wide Net - May 2026
zcrm_5436421000135217028,Wide Net - May 2026
zcrm_5436421000135217064,Wide Net - May 2026
zcrm_5436421000135217126,Wide Net - May 2026
zcrm_5436421000135217132,Wide Net - May 2026
zcrm_5436421000135217149,Wide Net - May 2026
zcrm_5436421000135217440,Wide Net - May 2026
zcrm_5436421000135217557,Wide Net - May 2026
zcrm_5436421000135218035,Wide Net - May 2026
zcrm_5436421000135218085,Wide Net - May 2026
zcrm_5436421000135218109,Wide Net - May 2026
zcrm_5436421000135218132,Wide Net - May 2026
zcrm_5436421000135218163,Wide Net - May 2026
zcrm_5436421000135218479,Wide Net - May 2026
zcrm_5436421000135218540,Wide Net - May 2026
zcrm_5436421000135218551,Wide Net - May 2026
zcrm_5436421000135218575,Wide Net - May 2026
zcrm_5436421000135218600,Wide Net - May 2026
zcrm_5436421000135218940,Wide Net - May 2026
zcrm_5436421000135219102,Wide Net - May 2026
zcrm_5436421000135219139,Wide Net - May 2026
zcrm_5436421000135219675,Wide Net - May 2026
zcrm_5436421000135219997,Wide Net - May 2026
zcrm_5436421000135220110,Wide Net - May 2026
zcrm_5436421000135221052,Wide Net - May 2026
zcrm_5436421000135221089,Wide Net - May 2026
zcrm_5436421000135221455,Wide Net - May 2026
zcrm_5436421000135221582,Wide Net - May 2026
zcrm_5436421000135222680,Wide Net - May 2026
zcrm_5436421000135222684,Wide Net - May 2026
zcrm_5436421000135223035,Wide Net - May 2026
zcrm_5436421000135223939,Wide Net - May 2026
zcrm_5436421000135223987,Wide Net - May 2026
zcrm_5436421000135224010,Wide Net - May 2026
zcrm_5436421000135224020,Wide Net - May 2026
zcrm_5436421000135224093,Wide Net - May 2026
zcrm_5436421000135224122,Wide Net - May 2026
zcrm_5436421000135224467,Wide Net - May 2026
zcrm_5436421000135225110,Wide Net - May 2026
zcrm_5436421000135225135,Wide Net - May 2026
zcrm_5436421000135225537,Wide Net - May 2026
zcrm_5436421000135225621,Wide Net - May 2026
zcrm_5436421000135225680,Wide Net - May 2026
zcrm_5436421000135226487,Wide Net - May 2026
zcrm_5436421000135227070,Wide Net - May 2026
zcrm_5436421000135227117,Wide Net - May 2026
zcrm_5436421000135227507,Wide Net - May 2026
zcrm_5436421000135227511,Wide Net - May 2026
zcrm_5436421000135228056,Wide Net - May 2026
zcrm_5436421000135228079,Wide Net - May 2026
zcrm_5436421000135228505,Wide Net - May 2026
zcrm_5436421000135228552,Wide Net - May 2026
zcrm_5436421000135229048,Wide Net - May 2026
zcrm_5436421000135229067,Wide Net - May 2026
zcrm_5436421000135229096,Wide Net - May 2026
zcrm_5436421000135229134,Wide Net - May 2026
zcrm_5436421000135229461,Wide Net - May 2026
zcrm_5436421000135229541,Wide Net - May 2026
zcrm_5436421000135229991,Wide Net - May 2026
zcrm_5436421000135230049,Wide Net - May 2026
zcrm_5436421000135230085,Wide Net - May 2026
zcrm_5436421000135230640,Wide Net - May 2026
zcrm_5436421000135231006,Wide Net - May 2026
zcrm_5436421000135231115,Wide Net - May 2026
zcrm_5436421000135231135,Wide Net - May 2026
zcrm_5436421000135231143,Wide Net - May 2026
zcrm_5436421000135231146,Wide Net - May 2026
zcrm_5436421000135231177,Wide Net - May 2026
zcrm_5436421000135231182,Wide Net - May 2026
zcrm_5436421000135231489,Wide Net - May 2026
zcrm_5436421000135231503,Wide Net - May 2026
zcrm_5436421000135231569,Wide Net - May 2026
zcrm_5436421000135231669,Wide Net - May 2026
zcrm_5436421000135231942,Wide Net - May 2026
zcrm_5436421000135232030,Wide Net - May 2026
zcrm_5436421000135232066,Wide Net - May 2026
zcrm_5436421000135232077,Wide Net - May 2026
zcrm_5436421000135232508,Wide Net - May 2026
zcrm_5436421000135232510,Wide Net - May 2026
zcrm_5436421000135232601,Wide Net - May 2026
zcrm_5436421000135232610,Wide Net - May 2026
zcrm_5436421000135232967,Wide Net - May 2026
zcrm_5436421000135233462,Wide Net - May 2026
zcrm_5436421000135233600,Wide Net - May 2026
zcrm_5436421000135233661,Wide Net - May 2026
zcrm_5436421000135234600,Wide Net - May 2026
zcrm_5436421000135234631,Wide Net - May 2026
zcrm_5436421000135234950,Wide Net - May 2026
zcrm_5436421000135234994,Wide Net - May 2026
zcrm_5436421000135077358,Wide Net - May 2026
zcrm_5436421000135077733,Wide Net - May 2026
zcrm_5436421000135077750,Wide Net - May 2026
zcrm_5436421000135077852,Wide Net - May 2026
zcrm_5436421000135077923,Wide Net - May 2026
zcrm_5436421000135077945,Wide Net - May 2026
zcrm_5436421000135127290,Wide Net - May 2026
zcrm_5436421000135194290,Wide Net - May 2026
zcrm_5436421000135194349,Wide Net - May 2026
zcrm_5436421000135200118,Wide Net - May 2026
zcrm_5436421000135200154,Wide Net - May 2026
zcrm_5436421000135200158,Wide Net - May 2026
zcrm_5436421000135200453,Wide Net - May 2026
zcrm_5436421000135201065,Wide Net - May 2026
zcrm_5436421000135201503,Wide Net - May 2026
zcrm_5436421000135202527,Wide Net - May 2026
zcrm_5436421000135202559,Wide Net - May 2026
zcrm_5436421000135202958,Wide Net - May 2026
zcrm_5436421000135203677,Wide Net - May 2026
zcrm_5436421000135204138,Wide Net - May 2026
zcrm_5436421000135204995,Wide Net - May 2026
zcrm_5436421000135205107,Wide Net - May 2026
zcrm_5436421000135206031,Wide Net - May 2026
zcrm_5436421000135206525,Wide Net - May 2026
zcrm_5436421000135206579,Wide Net - May 2026
zcrm_5436421000135206670,Wide Net - May 2026
zcrm_5436421000135208172,Wide Net - May 2026
zcrm_5436421000135208479,Wide Net - May 2026
zcrm_5436421000135208549,Wide Net - May 2026
zcrm_5436421000135208621,Wide Net - May 2026
zcrm_5436421000135208640,Wide Net - May 2026
zcrm_5436421000135208941,Wide Net - May 2026
zcrm_5436421000135208954,Wide Net - May 2026
zcrm_5436421000135209530,Wide Net - May 2026
zcrm_5436421000135209538,Wide Net - May 2026
zcrm_5436421000135209575,Wide Net - May 2026
zcrm_5436421000135209586,Wide Net - May 2026
zcrm_5436421000135209986,Wide Net - May 2026
zcrm_5436421000135210087,Wide Net - May 2026
zcrm_5436421000135210110,Wide Net - May 2026
zcrm_5436421000135211589,Wide Net - May 2026
zcrm_5436421000135211613,Wide Net - May 2026
zcrm_5436421000135212061,Wide Net - May 2026
zcrm_5436421000135212159,Wide Net - May 2026
zcrm_5436421000135212444,Wide Net - May 2026
zcrm_5436421000135212464,Wide Net - May 2026
zcrm_5436421000135213033,Wide Net - May 2026
zcrm_5436421000135213135,Wide Net - May 2026
zcrm_5436421000135213446,Wide Net - May 2026
zcrm_5436421000135214022,Wide Net - May 2026
zcrm_5436421000135214028,Wide Net - May 2026
zcrm_5436421000135214146,Wide Net - May 2026
zcrm_5436421000135214525,Wide Net - May 2026
zcrm_5436421000135214627,Wide Net - May 2026
zcrm_5436421000135214646,Wide Net - May 2026
zcrm_5436421000135214679,Wide Net - May 2026
zcrm_5436421000135215056,Wide Net - May 2026
zcrm_5436421000135215519,Wide Net - May 2026
zcrm_5436421000135215521,Wide Net - May 2026
zcrm_5436421000135215602,Wide Net - May 2026
zcrm_5436421000135215990,Wide Net - May 2026
zcrm_5436421000135216070,Wide Net - May 2026
zcrm_5436421000135216121,Wide Net - May 2026
zcrm_5436421000135216545,Wide Net - May 2026
zcrm_5436421000135216974,Wide Net - May 2026
zcrm_5436421000135217096,Wide Net - May 2026
zcrm_5436421000135217453,Wide Net - May 2026
zcrm_5436421000135217503,Wide Net - May 2026
zcrm_5436421000135217539,Wide Net - May 2026
zcrm_5436421000135218066,Wide Net - May 2026
zcrm_5436421000135218978,Wide Net - May 2026
zcrm_5436421000135219053,Wide Net - May 2026
zcrm_5436421000135221007,Wide Net - May 2026
zcrm_5436421000135221009,Wide Net - May 2026
zcrm_5436421000135221654,Wide Net - May 2026
zcrm_5436421000135222121,Wide Net - May 2026
zcrm_5436421000135222662,Wide Net - May 2026
zcrm_5436421000135222663,Wide Net - May 2026
zcrm_5436421000135223061,Wide Net - May 2026
zcrm_5436421000135223677,Wide Net - May 2026
zcrm_5436421000135223990,Wide Net - May 2026
zcrm_5436421000135224109,Wide Net - May 2026
zcrm_5436421000135224469,Wide Net - May 2026
zcrm_5436421000135224614,Wide Net - May 2026
zcrm_5436421000135224628,Wide Net - May 2026
zcrm_5436421000135224999,Wide Net - May 2026
zcrm_5436421000135225078,Wide Net - May 2026
zcrm_5436421000135225526,Wide Net - May 2026
zcrm_5436421000135225682,Wide Net - May 2026
zcrm_5436421000135225986,Wide Net - May 2026
zcrm_5436421000135226020,Wide Net - May 2026
zcrm_5436421000135226942,Wide Net - May 2026
zcrm_5436421000135226972,Wide Net - May 2026
zcrm_5436421000135227513,Wide Net - May 2026
zcrm_5436421000135227650,Wide Net - May 2026
zcrm_5436421000135228537,Wide Net - May 2026
zcrm_5436421000135228565,Wide Net - May 2026
zcrm_5436421000135228602,Wide Net - May 2026
zcrm_5436421000135228955,Wide Net - May 2026
zcrm_5436421000135229080,Wide Net - May 2026
zcrm_5436421000135229102,Wide Net - May 2026
zcrm_5436421000135229986,Wide Net - May 2026
zcrm_5436421000135230037,Wide Net - May 2026
zcrm_5436421000135230043,Wide Net - May 2026
zcrm_5436421000135230659,Wide Net - May 2026
zcrm_5436421000135231131,Wide Net - May 2026
zcrm_5436421000135231521,Wide Net - May 2026
zcrm_5436421000135231536,Wide Net - May 2026
zcrm_5436421000135232495,Wide Net - May 2026
zcrm_5436421000135232643,Wide Net - May 2026
zcrm_5436421000135232961,Wide Net - May 2026
zcrm_5436421000135233036,Wide Net - May 2026
zcrm_5436421000135233067,Wide Net - May 2026
zcrm_5436421000135233566,Wide Net - May 2026
zcrm_5436421000135233953,Wide Net - May 2026
zcrm_5436421000135234116,Wide Net - May 2026
zcrm_5436421000135234170,Wide Net - May 2026
zcrm_5436421000135234177,Wide Net - May 2026
zcrm_5436421000135234962,Wide Net - May 2026
zcrm_5436421000135235005,Wide Net - May 2026
zcrm_5436421000135235009,Wide Net - May 2026
zcrm_5436421000135235023,Wide Net - May 2026
zcrm_5436421000135235058,Wide Net - May 2026
zcrm_5436421000135235100,Wide Net - May 2026
zcrm_5436421000135235101,Wide Net - May 2026
zcrm_5436421000135057939,Wide Net - May 2026
zcrm_5436421000135057946,Wide Net - May 2026
zcrm_5436421000135057949,Wide Net - May 2026
zcrm_5436421000135057950,Wide Net - May 2026
zcrm_5436421000135057951,Wide Net - May 2026
zcrm_5436421000135057956,Wide Net - May 2026
zcrm_5436421000135077328,Wide Net - May 2026
zcrm_5436421000135077453,Wide Net - May 2026
zcrm_5436421000135077729,Wide Net - May 2026
zcrm_5436421000135077834,Wide Net - May 2026
zcrm_5436421000135194313,Wide Net - May 2026
zcrm_5436421000135194416,Wide Net - May 2026
zcrm_5436421000135194803,Wide Net - May 2026
zcrm_5436421000135200172,Wide Net - May 2026
zcrm_5436421000135200976,Wide Net - May 2026
zcrm_5436421000135201066,Wide Net - May 2026
zcrm_5436421000135201100,Wide Net - May 2026
zcrm_5436421000135201531,Wide Net - May 2026
zcrm_5436421000135202058,Wide Net - May 2026
zcrm_5436421000135202153,Wide Net - May 2026
zcrm_5436421000135202462,Wide Net - May 2026
zcrm_5436421000135202529,Wide Net - May 2026
zcrm_5436421000135203947,Wide Net - May 2026
zcrm_5436421000135204007,Wide Net - May 2026
zcrm_5436421000135204555,Wide Net - May 2026
zcrm_5436421000135204657,Wide Net - May 2026
zcrm_5436421000135205477,Wide Net - May 2026
zcrm_5436421000135205989,Wide Net - May 2026
zcrm_5436421000135207075,Wide Net - May 2026
zcrm_5436421000135207496,Wide Net - May 2026
zcrm_5436421000135207552,Wide Net - May 2026
zcrm_5436421000135208015,Wide Net - May 2026
zcrm_5436421000135208076,Wide Net - May 2026
zcrm_5436421000135208095,Wide Net - May 2026
zcrm_5436421000135208128,Wide Net - May 2026
zcrm_5436421000135208948,Wide Net - May 2026
zcrm_5436421000135209011,Wide Net - May 2026
zcrm_5436421000135209180,Wide Net - May 2026
zcrm_5436421000135209470,Wide Net - May 2026
zcrm_5436421000135209533,Wide Net - May 2026
zcrm_5436421000135209553,Wide Net - May 2026
zcrm_5436421000135210184,Wide Net - May 2026
zcrm_5436421000135211661,Wide Net - May 2026
zcrm_5436421000135211961,Wide Net - May 2026
zcrm_5436421000135212146,Wide Net - May 2026
zcrm_5436421000135212458,Wide Net - May 2026
zcrm_5436421000135212551,Wide Net - May 2026
zcrm_5436421000135212982,Wide Net - May 2026
zcrm_5436421000135213072,Wide Net - May 2026
zcrm_5436421000135213091,Wide Net - May 2026
zcrm_5436421000135213107,Wide Net - May 2026
zcrm_5436421000135214473,Wide Net - May 2026
zcrm_5436421000135215084,Wide Net - May 2026
zcrm_5436421000135215439,Wide Net - May 2026
zcrm_5436421000135216116,Wide Net - May 2026
zcrm_5436421000135217667,Wide Net - May 2026
zcrm_5436421000135217682,Wide Net - May 2026
zcrm_5436421000135217972,Wide Net - May 2026
zcrm_5436421000135218028,Wide Net - May 2026
zcrm_5436421000135218055,Wide Net - May 2026
zcrm_5436421000135218143,Wide Net - May 2026
zcrm_5436421000135218547,Wide Net - May 2026
zcrm_5436421000135218956,Wide Net - May 2026
zcrm_5436421000135218996,Wide Net - May 2026
zcrm_5436421000135219146,Wide Net - May 2026
zcrm_5436421000135219652,Wide Net - May 2026
zcrm_5436421000135220098,Wide Net - May 2026
zcrm_5436421000135220521,Wide Net - May 2026
zcrm_5436421000135220522,Wide Net - May 2026
zcrm_5436421000135220677,Wide Net - May 2026
zcrm_5436421000135221066,Wide Net - May 2026
zcrm_5436421000135221462,Wide Net - May 2026
zcrm_5436421000135221963,Wide Net - May 2026
zcrm_5436421000135222173,Wide Net - May 2026
zcrm_5436421000135222178,Wide Net - May 2026
zcrm_5436421000135222550,Wide Net - May 2026
zcrm_5436421000135222626,Wide Net - May 2026
zcrm_5436421000135222649,Wide Net - May 2026
zcrm_5436421000135223118,Wide Net - May 2026
zcrm_5436421000135223122,Wide Net - May 2026
zcrm_5436421000135224447,Wide Net - May 2026
zcrm_5436421000135224547,Wide Net - May 2026
zcrm_5436421000135224581,Wide Net - May 2026
zcrm_5436421000135224669,Wide Net - May 2026
zcrm_5436421000135225142,Wide Net - May 2026
zcrm_5436421000135225609,Wide Net - May 2026
zcrm_5436421000135225672,Wide Net - May 2026
zcrm_5436421000135226083,Wide Net - May 2026
zcrm_5436421000135226145,Wide Net - May 2026
zcrm_5436421000135226971,Wide Net - May 2026
zcrm_5436421000135226973,Wide Net - May 2026
zcrm_5436421000135227119,Wide Net - May 2026
zcrm_5436421000135227163,Wide Net - May 2026
zcrm_5436421000135227453,Wide Net - May 2026
zcrm_5436421000135227461,Wide Net - May 2026
zcrm_5436421000135227464,Wide Net - May 2026
zcrm_5436421000135227962,Wide Net - May 2026
zcrm_5436421000135228154,Wide Net - May 2026
zcrm_5436421000135228171,Wide Net - May 2026
zcrm_5436421000135228608,Wide Net - May 2026
zcrm_5436421000135228938,Wide Net - May 2026
zcrm_5436421000135229477,Wide Net - May 2026
zcrm_5436421000135229560,Wide Net - May 2026
zcrm_5436421000135229684,Wide Net - May 2026
zcrm_5436421000135230076,Wide Net - May 2026
zcrm_5436421000135230475,Wide Net - May 2026
zcrm_5436421000135230550,Wide Net - May 2026
zcrm_5436421000135230613,Wide Net - May 2026
zcrm_5436421000135231621,Wide Net - May 2026
zcrm_5436421000135232053,Wide Net - May 2026
zcrm_5436421000135232473,Wide Net - May 2026
zcrm_5436421000135232959,Wide Net - May 2026
zcrm_5436421000135233111,Wide Net - May 2026
zcrm_5436421000135233455,Wide Net - May 2026
zcrm_5436421000135234017,Wide Net - May 2026
zcrm_5436421000135234459,Wide Net - May 2026
zcrm_5436421000135234650,Wide Net - May 2026
zcrm_5436421000135234981,Wide Net - May 2026
zcrm_5436421000135235017,Wide Net - May 2026
zcrm_5436421000135235109,Wide Net - May 2026
zcrm_5436421000135077320,Wide Net - May 2026
zcrm_5436421000135077730,Wide Net - May 2026
zcrm_5436421000135077891,Wide Net - May 2026
zcrm_5436421000135194242,Wide Net - May 2026
zcrm_5436421000135194272,Wide Net - May 2026
zcrm_5436421000135194447,Wide Net - May 2026
zcrm_5436421000135200059,Wide Net - May 2026
zcrm_5436421000135200185,Wide Net - May 2026
zcrm_5436421000135200949,Wide Net - May 2026
zcrm_5436421000135200959,Wide Net - May 2026
zcrm_5436421000135201177,Wide Net - May 2026
zcrm_5436421000135201499,Wide Net - May 2026
zcrm_5436421000135201549,Wide Net - May 2026
zcrm_5436421000135201602,Wide Net - May 2026
zcrm_5436421000135201952,Wide Net - May 2026
zcrm_5436421000135202066,Wide Net - May 2026
zcrm_5436421000135202138,Wide Net - May 2026
zcrm_5436421000135202184,Wide Net - May 2026
zcrm_5436421000135202445,Wide Net - May 2026
zcrm_5436421000135202453,Wide Net - May 2026
zcrm_5436421000135202517,Wide Net - May 2026
zcrm_5436421000135202571,Wide Net - May 2026
zcrm_5436421000135203585,Wide Net - May 2026
zcrm_5436421000135204056,Wide Net - May 2026
zcrm_5436421000135204178,Wide Net - May 2026
zcrm_5436421000135204476,Wide Net - May 2026
zcrm_5436421000135204604,Wide Net - May 2026
zcrm_5436421000135204977,Wide Net - May 2026
zcrm_5436421000135204996,Wide Net - May 2026
zcrm_5436421000135205004,Wide Net - May 2026
zcrm_5436421000135205103,Wide Net - May 2026
zcrm_5436421000135205504,Wide Net - May 2026
zcrm_5436421000135205600,Wide Net - May 2026
zcrm_5436421000135206053,Wide Net - May 2026
zcrm_5436421000135206121,Wide Net - May 2026
zcrm_5436421000135206180,Wide Net - May 2026
zcrm_5436421000135206475,Wide Net - May 2026
zcrm_5436421000135206963,Wide Net - May 2026
zcrm_5436421000135207067,Wide Net - May 2026
zcrm_5436421000135207103,Wide Net - May 2026
zcrm_5436421000135207136,Wide Net - May 2026
zcrm_5436421000135208048,Wide Net - May 2026
zcrm_5436421000135208094,Wide Net - May 2026
zcrm_5436421000135208127,Wide Net - May 2026
zcrm_5436421000135208504,Wide Net - May 2026
zcrm_5436421000135208546,Wide Net - May 2026
zcrm_5436421000135208557,Wide Net - May 2026
zcrm_5436421000135208581,Wide Net - May 2026
zcrm_5436421000135208681,Wide Net - May 2026
zcrm_5436421000135208986,Wide Net - May 2026
zcrm_5436421000135209035,Wide Net - May 2026
zcrm_5436421000135209143,Wide Net - May 2026
zcrm_5436421000135209149,Wide Net - May 2026
zcrm_5436421000135209166,Wide Net - May 2026
zcrm_5436421000135209967,Wide Net - May 2026
zcrm_5436421000135210166,Wide Net - May 2026
zcrm_5436421000135210524,Wide Net - May 2026
zcrm_5436421000135210977,Wide Net - May 2026
zcrm_5436421000135211088,Wide Net - May 2026
zcrm_5436421000135211452,Wide Net - May 2026
zcrm_5436421000135211632,Wide Net - May 2026
zcrm_5436421000135212128,Wide Net - May 2026
zcrm_5436421000135212536,Wide Net - May 2026
zcrm_5436421000135212640,Wide Net - May 2026
zcrm_5436421000135212990,Wide Net - May 2026
zcrm_5436421000135213485,Wide Net - May 2026
zcrm_5436421000135213493,Wide Net - May 2026
zcrm_5436421000135213536,Wide Net - May 2026
zcrm_5436421000135213548,Wide Net - May 2026
zcrm_5436421000135214055,Wide Net - May 2026
zcrm_5436421000135214149,Wide Net - May 2026
zcrm_5436421000135215087,Wide Net - May 2026
zcrm_5436421000135215630,Wide Net - May 2026
zcrm_5436421000135215669,Wide Net - May 2026
zcrm_5436421000135215956,Wide Net - May 2026
zcrm_5436421000135217013,Wide Net - May 2026
zcrm_5436421000135217046,Wide Net - May 2026
zcrm_5436421000135217080,Wide Net - May 2026
zcrm_5436421000135217107,Wide Net - May 2026
zcrm_5436421000135217951,Wide Net - May 2026
zcrm_5436421000135218128,Wide Net - May 2026
zcrm_5436421000135218177,Wide Net - May 2026
zcrm_5436421000135218967,Wide Net - May 2026
zcrm_5436421000135219033,Wide Net - May 2026
zcrm_5436421000135219111,Wide Net - May 2026
zcrm_5436421000135219447,Wide Net - May 2026
zcrm_5436421000135219453,Wide Net - May 2026
zcrm_5436421000135219462,Wide Net - May 2026
zcrm_5436421000135219473,Wide Net - May 2026
zcrm_5436421000135219644,Wide Net - May 2026
zcrm_5436421000135220037,Wide Net - May 2026
zcrm_5436421000135220092,Wide Net - May 2026
zcrm_5436421000135220132,Wide Net - May 2026
zcrm_5436421000135220633,Wide Net - May 2026
zcrm_5436421000135221642,Wide Net - May 2026
zcrm_5436421000135221655,Wide Net - May 2026
zcrm_5436421000135221999,Wide Net - May 2026
zcrm_5436421000135222057,Wide Net - May 2026
zcrm_5436421000135222147,Wide Net - May 2026
zcrm_5436421000135222448,Wide Net - May 2026
zcrm_5436421000135222614,Wide Net - May 2026
zcrm_5436421000135222974,Wide Net - May 2026
zcrm_5436421000135223187,Wide Net - May 2026
zcrm_5436421000135223663,Wide Net - May 2026
zcrm_5436421000135224464,Wide Net - May 2026
zcrm_5436421000135225015,Wide Net - May 2026
zcrm_5436421000135225140,Wide Net - May 2026
zcrm_5436421000135225503,Wide Net - May 2026
zcrm_5436421000135225587,Wide Net - May 2026
zcrm_5436421000135226044,Wide Net - May 2026
zcrm_5436421000135226084,Wide Net - May 2026
zcrm_5436421000135226653,Wide Net - May 2026
zcrm_5436421000135227666,Wide Net - May 2026
zcrm_5436421000135228032,Wide Net - May 2026
zcrm_5436421000135228630,Wide Net - May 2026
zcrm_5436421000135228646,Wide Net - May 2026
zcrm_5436421000135229030,Wide Net - May 2026
zcrm_5436421000135229118,Wide Net - May 2026
zcrm_5436421000135230542,Wide Net - May 2026
zcrm_5436421000135232017,Wide Net - May 2026
zcrm_5436421000135232023,Wide Net - May 2026
zcrm_5436421000135232114,Wide Net - May 2026
zcrm_5436421000135232602,Wide Net - May 2026
zcrm_5436421000135232635,Wide Net - May 2026
zcrm_5436421000135232972,Wide Net - May 2026
zcrm_5436421000135233121,Wide Net - May 2026
zcrm_5436421000135233155,Wide Net - May 2026
zcrm_5436421000135233161,Wide Net - May 2026
zcrm_5436421000135234041,Wide Net - May 2026
zcrm_5436421000135234112,Wide Net - May 2026
zcrm_5436421000135234617,Wide Net - May 2026
zcrm_5436421000135234619,Wide Net - May 2026
zcrm_5436421000135234960,Wide Net - May 2026
zcrm_5436421000135234978,Wide Net - May 2026
zcrm_5436421000135077246,Wide Net - May 2026
zcrm_5436421000135077831,Wide Net - May 2026
zcrm_5436421000135077894,Wide Net - May 2026
zcrm_5436421000135077951,Wide Net - May 2026
zcrm_5436421000135200049,Wide Net - May 2026
zcrm_5436421000135200566,Wide Net - May 2026
zcrm_5436421000135201056,Wide Net - May 2026
zcrm_5436421000135201626,Wide Net - May 2026
zcrm_5436421000135202055,Wide Net - May 2026
zcrm_5436421000135202057,Wide Net - May 2026
zcrm_5436421000135203024,Wide Net - May 2026
zcrm_5436421000135203606,Wide Net - May 2026
zcrm_5436421000135204647,Wide Net - May 2026
zcrm_5436421000135204975,Wide Net - May 2026
zcrm_5436421000135204985,Wide Net - May 2026
zcrm_5436421000135205001,Wide Net - May 2026
zcrm_5436421000135205011,Wide Net - May 2026
zcrm_5436421000135205081,Wide Net - May 2026
zcrm_5436421000135205513,Wide Net - May 2026
zcrm_5436421000135206618,Wide Net - May 2026
zcrm_5436421000135206682,Wide Net - May 2026
zcrm_5436421000135207019,Wide Net - May 2026
zcrm_5436421000135207506,Wide Net - May 2026
zcrm_5436421000135207524,Wide Net - May 2026
zcrm_5436421000135207535,Wide Net - May 2026
zcrm_5436421000135207611,Wide Net - May 2026
zcrm_5436421000135207940,Wide Net - May 2026
zcrm_5436421000135208563,Wide Net - May 2026
zcrm_5436421000135209081,Wide Net - May 2026
zcrm_5436421000135209664,Wide Net - May 2026
zcrm_5436421000135209665,Wide Net - May 2026
zcrm_5436421000135210079,Wide Net - May 2026
zcrm_5436421000135210126,Wide Net - May 2026
zcrm_5436421000135210488,Wide Net - May 2026
zcrm_5436421000135210614,Wide Net - May 2026
zcrm_5436421000135210638,Wide Net - May 2026
zcrm_5436421000135211502,Wide Net - May 2026
zcrm_5436421000135211520,Wide Net - May 2026
zcrm_5436421000135211669,Wide Net - May 2026
zcrm_5436421000135212026,Wide Net - May 2026
zcrm_5436421000135212107,Wide Net - May 2026
zcrm_5436421000135212143,Wide Net - May 2026
zcrm_5436421000135212641,Wide Net - May 2026
zcrm_5436421000135212677,Wide Net - May 2026
zcrm_5436421000135213612,Wide Net - May 2026
zcrm_5436421000135215037,Wide Net - May 2026
zcrm_5436421000135215048,Wide Net - May 2026
zcrm_5436421000135215139,Wide Net - May 2026
zcrm_5436421000135215443,Wide Net - May 2026
zcrm_5436421000135215510,Wide Net - May 2026
zcrm_5436421000135215552,Wide Net - May 2026
zcrm_5436421000135215619,Wide Net - May 2026
zcrm_5436421000135215985,Wide Net - May 2026
zcrm_5436421000135216439,Wide Net - May 2026
zcrm_5436421000135216467,Wide Net - May 2026
zcrm_5436421000135216573,Wide Net - May 2026
zcrm_5436421000135216601,Wide Net - May 2026
zcrm_5436421000135216995,Wide Net - May 2026
zcrm_5436421000135217039,Wide Net - May 2026
zcrm_5436421000135217050,Wide Net - May 2026
zcrm_5436421000135217473,Wide Net - May 2026
zcrm_5436421000135218985,Wide Net - May 2026
zcrm_5436421000135218994,Wide Net - May 2026
zcrm_5436421000135219028,Wide Net - May 2026
zcrm_5436421000135219101,Wide Net - May 2026
zcrm_5436421000135219149,Wide Net - May 2026
zcrm_5436421000135219568,Wide Net - May 2026
zcrm_5436421000135219580,Wide Net - May 2026
zcrm_5436421000135220123,Wide Net - May 2026
zcrm_5436421000135220152,Wide Net - May 2026
zcrm_5436421000135220482,Wide Net - May 2026
zcrm_5436421000135220638,Wide Net - May 2026
zcrm_5436421000135221167,Wide Net - May 2026
zcrm_5436421000135221479,Wide Net - May 2026
zcrm_5436421000135221489,Wide Net - May 2026
zcrm_5436421000135221499,Wide Net - May 2026
zcrm_5436421000135221512,Wide Net - May 2026
zcrm_5436421000135221624,Wide Net - May 2026
zcrm_5436421000135222117,Wide Net - May 2026
zcrm_5436421000135222555,Wide Net - May 2026
zcrm_5436421000135222674,Wide Net - May 2026
zcrm_5436421000135222958,Wide Net - May 2026
zcrm_5436421000135223103,Wide Net - May 2026
zcrm_5436421000135223139,Wide Net - May 2026
zcrm_5436421000135223514,Wide Net - May 2026
zcrm_5436421000135223622,Wide Net - May 2026
zcrm_5436421000135223960,Wide Net - May 2026
zcrm_5436421000135224039,Wide Net - May 2026
zcrm_5436421000135224545,Wide Net - May 2026
zcrm_5436421000135224977,Wide Net - May 2026
zcrm_5436421000135225054,Wide Net - May 2026
zcrm_5436421000135225484,Wide Net - May 2026
zcrm_5436421000135225625,Wide Net - May 2026
zcrm_5436421000135226034,Wide Net - May 2026
zcrm_5436421000135226559,Wide Net - May 2026
zcrm_5436421000135226627,Wide Net - May 2026
zcrm_5436421000135227108,Wide Net - May 2026
zcrm_5436421000135227529,Wide Net - May 2026
zcrm_5436421000135227611,Wide Net - May 2026
zcrm_5436421000135227668,Wide Net - May 2026
zcrm_5436421000135228092,Wide Net - May 2026
zcrm_5436421000135228497,Wide Net - May 2026
zcrm_5436421000135228556,Wide Net - May 2026
zcrm_5436421000135228685,Wide Net - May 2026
zcrm_5436421000135229614,Wide Net - May 2026
zcrm_5436421000135229615,Wide Net - May 2026
zcrm_5436421000135229635,Wide Net - May 2026
zcrm_5436421000135229664,Wide Net - May 2026
zcrm_5436421000135229685,Wide Net - May 2026
zcrm_5436421000135229988,Wide Net - May 2026
zcrm_5436421000135230559,Wide Net - May 2026
zcrm_5436421000135230643,Wide Net - May 2026
zcrm_5436421000135230959,Wide Net - May 2026
zcrm_5436421000135231041,Wide Net - May 2026
zcrm_5436421000135231127,Wide Net - May 2026
zcrm_5436421000135231595,Wide Net - May 2026
zcrm_5436421000135231624,Wide Net - May 2026
zcrm_5436421000135232009,Wide Net - May 2026
zcrm_5436421000135232037,Wide Net - May 2026
zcrm_5436421000135232089,Wide Net - May 2026
zcrm_5436421000135232095,Wide Net - May 2026
zcrm_5436421000135232465,Wide Net - May 2026
zcrm_5436421000135232575,Wide Net - May 2026
zcrm_5436421000135232619,Wide Net - May 2026
zcrm_5436421000135233131,Wide Net - May 2026
zcrm_5436421000135233187,Wide Net - May 2026
zcrm_5436421000135233580,Wide Net - May 2026
zcrm_5436421000135233629,Wide Net - May 2026
zcrm_5436421000135234562,Wide Net - May 2026
zcrm_5436421000135234628,Wide Net - May 2026
zcrm_5436421000135235022,Wide Net - May 2026
zcrm_5436421000135077278,Wide Net - May 2026
zcrm_5436421000135077376,Wide Net - May 2026
zcrm_5436421000135077721,Wide Net - May 2026
zcrm_5436421000135077740,Wide Net - May 2026
zcrm_5436421000135127218,Wide Net - May 2026
zcrm_5436421000135127275,Wide Net - May 2026
zcrm_5436421000135194393,Wide Net - May 2026
zcrm_5436421000135194438,Wide Net - May 2026
zcrm_5436421000135194743,Wide Net - May 2026
zcrm_5436421000135194827,Wide Net - May 2026
zcrm_5436421000135200072,Wide Net - May 2026
zcrm_5436421000135200463,Wide Net - May 2026
zcrm_5436421000135200665,Wide Net - May 2026
zcrm_5436421000135201017,Wide Net - May 2026
zcrm_5436421000135201081,Wide Net - May 2026
zcrm_5436421000135201096,Wide Net - May 2026
zcrm_5436421000135201463,Wide Net - May 2026
zcrm_5436421000135201515,Wide Net - May 2026
zcrm_5436421000135201516,Wide Net - May 2026
zcrm_5436421000135201535,Wide Net - May 2026
zcrm_5436421000135201632,Wide Net - May 2026
zcrm_5436421000135201986,Wide Net - May 2026
zcrm_5436421000135201999,Wide Net - May 2026
zcrm_5436421000135202001,Wide Net - May 2026
zcrm_5436421000135202093,Wide Net - May 2026
zcrm_5436421000135202110,Wide Net - May 2026
zcrm_5436421000135202137,Wide Net - May 2026
zcrm_5436421000135202676,Wide Net - May 2026
zcrm_5436421000135203033,Wide Net - May 2026
zcrm_5436421000135203619,Wide Net - May 2026
zcrm_5436421000135203992,Wide Net - May 2026
zcrm_5436421000135203997,Wide Net - May 2026
zcrm_5436421000135204065,Wide Net - May 2026
zcrm_5436421000135204552,Wide Net - May 2026
zcrm_5436421000135204560,Wide Net - May 2026
zcrm_5436421000135204606,Wide Net - May 2026
zcrm_5436421000135204642,Wide Net - May 2026
zcrm_5436421000135205012,Wide Net - May 2026
zcrm_5436421000135205440,Wide Net - May 2026
zcrm_5436421000135205478,Wide Net - May 2026
zcrm_5436421000135206118,Wide Net - May 2026
zcrm_5436421000135206633,Wide Net - May 2026
zcrm_5436421000135206641,Wide Net - May 2026
zcrm_5436421000135206952,Wide Net - May 2026
zcrm_5436421000135206972,Wide Net - May 2026
zcrm_5436421000135206994,Wide Net - May 2026
zcrm_5436421000135207045,Wide Net - May 2026
zcrm_5436421000135207154,Wide Net - May 2026
zcrm_5436421000135207604,Wide Net - May 2026
zcrm_5436421000135207666,Wide Net - May 2026
zcrm_5436421000135207965,Wide Net - May 2026
zcrm_5436421000135208458,Wide Net - May 2026
zcrm_5436421000135208551,Wide Net - May 2026
zcrm_5436421000135208685,Wide Net - May 2026
zcrm_5436421000135208687,Wide Net - May 2026
zcrm_5436421000135209063,Wide Net - May 2026
zcrm_5436421000135209168,Wide Net - May 2026
zcrm_5436421000135209452,Wide Net - May 2026
zcrm_5436421000135209950,Wide Net - May 2026
zcrm_5436421000135209975,Wide Net - May 2026
zcrm_5436421000135210610,Wide Net - May 2026
zcrm_5436421000135210642,Wide Net - May 2026
zcrm_5436421000135210973,Wide Net - May 2026
zcrm_5436421000135211558,Wide Net - May 2026
zcrm_5436421000135211675,Wide Net - May 2026
zcrm_5436421000135212029,Wide Net - May 2026
zcrm_5436421000135212041,Wide Net - May 2026
zcrm_5436421000135212599,Wide Net - May 2026
zcrm_5436421000135212606,Wide Net - May 2026
zcrm_5436421000135212648,Wide Net - May 2026
zcrm_5436421000135213031,Wide Net - May 2026
zcrm_5436421000135213035,Wide Net - May 2026
zcrm_5436421000135213052,Wide Net - May 2026
zcrm_5436421000135213439,Wide Net - May 2026
zcrm_5436421000135213582,Wide Net - May 2026
zcrm_5436421000135213618,Wide Net - May 2026
zcrm_5436421000135213957,Wide Net - May 2026
zcrm_5436421000135213970,Wide Net - May 2026
zcrm_5436421000135213975,Wide Net - May 2026
zcrm_5436421000135213990,Wide Net - May 2026
zcrm_5436421000135214020,Wide Net - May 2026
zcrm_5436421000135214133,Wide Net - May 2026
zcrm_5436421000135214539,Wide Net - May 2026
zcrm_5436421000135214581,Wide Net - May 2026
zcrm_5436421000135214954,Wide Net - May 2026
zcrm_5436421000135215107,Wide Net - May 2026
zcrm_5436421000135215537,Wide Net - May 2026
zcrm_5436421000135215615,Wide Net - May 2026
zcrm_5436421000135215641,Wide Net - May 2026
zcrm_5436421000135216002,Wide Net - May 2026
zcrm_5436421000135217084,Wide Net - May 2026
zcrm_5436421000135217143,Wide Net - May 2026
zcrm_5436421000135217177,Wide Net - May 2026
zcrm_5436421000135217504,Wide Net - May 2026
zcrm_5436421000135218050,Wide Net - May 2026
zcrm_5436421000135218072,Wide Net - May 2026
zcrm_5436421000135218509,Wide Net - May 2026
zcrm_5436421000135218646,Wide Net - May 2026
zcrm_5436421000135219993,Wide Net - May 2026
zcrm_5436421000135220090,Wide Net - May 2026
zcrm_5436421000135220119,Wide Net - May 2026
zcrm_5436421000135220544,Wide Net - May 2026
zcrm_5436421000135220687,Wide Net - May 2026
zcrm_5436421000135220968,Wide Net - May 2026
zcrm_5436421000135220976,Wide Net - May 2026
zcrm_5436421000135221599,Wide Net - May 2026
zcrm_5436421000135222613,Wide Net - May 2026
zcrm_5436421000135223165,Wide Net - May 2026
zcrm_5436421000135223442,Wide Net - May 2026
zcrm_5436421000135223451,Wide Net - May 2026
zcrm_5436421000135223459,Wide Net - May 2026
zcrm_5436421000135223610,Wide Net - May 2026
zcrm_5436421000135223613,Wide Net - May 2026
zcrm_5436421000135223998,Wide Net - May 2026
zcrm_5436421000135224113,Wide Net - May 2026
zcrm_5436421000135224158,Wide Net - May 2026
zcrm_5436421000135224457,Wide Net - May 2026
zcrm_5436421000135224498,Wide Net - May 2026
zcrm_5436421000135225131,Wide Net - May 2026
zcrm_5436421000135225483,Wide Net - May 2026
zcrm_5436421000135225684,Wide Net - May 2026
zcrm_5436421000135225977,Wide Net - May 2026
zcrm_5436421000135226019,Wide Net - May 2026
zcrm_5436421000135226176,Wide Net - May 2026
zcrm_5436421000135226958,Wide Net - May 2026
zcrm_5436421000135226969,Wide Net - May 2026
zcrm_5436421000135227028,Wide Net - May 2026
zcrm_5436421000135227041,Wide Net - May 2026
zcrm_5436421000135227060,Wide Net - May 2026
zcrm_5436421000135227187,Wide Net - May 2026
zcrm_5436421000135227661,Wide Net - May 2026
zcrm_5436421000135228083,Wide Net - May 2026
zcrm_5436421000135228086,Wide Net - May 2026
zcrm_5436421000135228087,Wide Net - May 2026
zcrm_5436421000135228123,Wide Net - May 2026
zcrm_5436421000135228649,Wide Net - May 2026
zcrm_5436421000135229086,Wide Net - May 2026
zcrm_5436421000135229106,Wide Net - May 2026
zcrm_5436421000135229124,Wide Net - May 2026
zcrm_5436421000135229183,Wide Net - May 2026
zcrm_5436421000135229479,Wide Net - May 2026
zcrm_5436421000135229534,Wide Net - May 2026
zcrm_5436421000135229539,Wide Net - May 2026
zcrm_5436421000135229542,Wide Net - May 2026
zcrm_5436421000135229547,Wide Net - May 2026
zcrm_5436421000135229634,Wide Net - May 2026
zcrm_5436421000135229952,Wide Net - May 2026
zcrm_5436421000135230089,Wide Net - May 2026
zcrm_5436421000135230099,Wide Net - May 2026
zcrm_5436421000135230154,Wide Net - May 2026
zcrm_5436421000135230164,Wide Net - May 2026
zcrm_5436421000135230478,Wide Net - May 2026
zcrm_5436421000135230515,Wide Net - May 2026
zcrm_5436421000135230523,Wide Net - May 2026
zcrm_5436421000135230953,Wide Net - May 2026
zcrm_5436421000135231009,Wide Net - May 2026
zcrm_5436421000135231156,Wide Net - May 2026
zcrm_5436421000135231168,Wide Net - May 2026
zcrm_5436421000135231629,Wide Net - May 2026
zcrm_5436421000135231653,Wide Net - May 2026
zcrm_5436421000135231965,Wide Net - May 2026
zcrm_5436421000135232072,Wide Net - May 2026
zcrm_5436421000135232138,Wide Net - May 2026
zcrm_5436421000135232440,Wide Net - May 2026
zcrm_5436421000135232506,Wide Net - May 2026
zcrm_5436421000135232525,Wide Net - May 2026
zcrm_5436421000135232625,Wide Net - May 2026
zcrm_5436421000135232636,Wide Net - May 2026
zcrm_5436421000135232658,Wide Net - May 2026
zcrm_5436421000135233014,Wide Net - May 2026
zcrm_5436421000135233099,Wide Net - May 2026
zcrm_5436421000135233458,Wide Net - May 2026
zcrm_5436421000135233659,Wide Net - May 2026
zcrm_5436421000135233660,Wide Net - May 2026
zcrm_5436421000135233951,Wide Net - May 2026
zcrm_5436421000135233982,Wide Net - May 2026
zcrm_5436421000135234118,Wide Net - May 2026
zcrm_5436421000135234594,Wide Net - May 2026
zcrm_5436421000135077380,Wide Net - May 2026
zcrm_5436421000135077788,Wide Net - May 2026
zcrm_5436421000135077789,Wide Net - May 2026
zcrm_5436421000135077815,Wide Net - May 2026
zcrm_5436421000135127160,Wide Net - May 2026
zcrm_5436421000135194258,Wide Net - May 2026
zcrm_5436421000135194399,Wide Net - May 2026
zcrm_5436421000135194807,Wide Net - May 2026
zcrm_5436421000135200648,Wide Net - May 2026
zcrm_5436421000135202506,Wide Net - May 2026
zcrm_5436421000135202534,Wide Net - May 2026
zcrm_5436421000135203982,Wide Net - May 2026
zcrm_5436421000135205066,Wide Net - May 2026
zcrm_5436421000135205072,Wide Net - May 2026
zcrm_5436421000135205183,Wide Net - May 2026
zcrm_5436421000135205630,Wide Net - May 2026
zcrm_5436421000135206030,Wide Net - May 2026
zcrm_5436421000135206612,Wide Net - May 2026
zcrm_5436421000135208114,Wide Net - May 2026
zcrm_5436421000135208116,Wide Net - May 2026
zcrm_5436421000135208980,Wide Net - May 2026
zcrm_5436421000135209169,Wide Net - May 2026
zcrm_5436421000135209457,Wide Net - May 2026
zcrm_5436421000135210033,Wide Net - May 2026
zcrm_5436421000135210578,Wide Net - May 2026
zcrm_5436421000135211037,Wide Net - May 2026
zcrm_5436421000135211678,Wide Net - May 2026
zcrm_5436421000135211954,Wide Net - May 2026
zcrm_5436421000135212443,Wide Net - May 2026
zcrm_5436421000135212947,Wide Net - May 2026
zcrm_5436421000135213133,Wide Net - May 2026
zcrm_5436421000135214671,Wide Net - May 2026
zcrm_5436421000135215033,Wide Net - May 2026
zcrm_5436421000135216488,Wide Net - May 2026
zcrm_5436421000135216978,Wide Net - May 2026
zcrm_5436421000135217002,Wide Net - May 2026
zcrm_5436421000135217992,Wide Net - May 2026
zcrm_5436421000135218020,Wide Net - May 2026
zcrm_5436421000135218169,Wide Net - May 2026
zcrm_5436421000135218952,Wide Net - May 2026
zcrm_5436421000135219000,Wide Net - May 2026
zcrm_5436421000135219983,Wide Net - May 2026
zcrm_5436421000135220009,Wide Net - May 2026
zcrm_5436421000135220040,Wide Net - May 2026
zcrm_5436421000135220082,Wide Net - May 2026
zcrm_5436421000135220580,Wide Net - May 2026
zcrm_5436421000135220655,Wide Net - May 2026
zcrm_5436421000135220669,Wide Net - May 2026
zcrm_5436421000135221058,Wide Net - May 2026
zcrm_5436421000135221060,Wide Net - May 2026
zcrm_5436421000135221113,Wide Net - May 2026
zcrm_5436421000135221488,Wide Net - May 2026
zcrm_5436421000135221595,Wide Net - May 2026
zcrm_5436421000135222165,Wide Net - May 2026
zcrm_5436421000135222455,Wide Net - May 2026
zcrm_5436421000135222593,Wide Net - May 2026
zcrm_5436421000135223158,Wide Net - May 2026
zcrm_5436421000135223458,Wide Net - May 2026
zcrm_5436421000135223479,Wide Net - May 2026
zcrm_5436421000135223555,Wide Net - May 2026
zcrm_5436421000135223569,Wide Net - May 2026
zcrm_5436421000135223684,Wide Net - May 2026
zcrm_5436421000135223947,Wide Net - May 2026
zcrm_5436421000135223966,Wide Net - May 2026
zcrm_5436421000135224015,Wide Net - May 2026
zcrm_5436421000135224187,Wide Net - May 2026
zcrm_5436421000135225124,Wide Net - May 2026
zcrm_5436421000135225461,Wide Net - May 2026
zcrm_5436421000135225950,Wide Net - May 2026
zcrm_5436421000135226000,Wide Net - May 2026
zcrm_5436421000135226124,Wide Net - May 2026
zcrm_5436421000135226488,Wide Net - May 2026
zcrm_5436421000135226563,Wide Net - May 2026
zcrm_5436421000135227600,Wide Net - May 2026
zcrm_5436421000135227953,Wide Net - May 2026
zcrm_5436421000135228082,Wide Net - May 2026
zcrm_5436421000135228654,Wide Net - May 2026
zcrm_5436421000135228946,Wide Net - May 2026
zcrm_5436421000135229441,Wide Net - May 2026
zcrm_5436421000135229498,Wide Net - May 2026
zcrm_5436421000135229972,Wide Net - May 2026
zcrm_5436421000135232008,Wide Net - May 2026
zcrm_5436421000135232022,Wide Net - May 2026
zcrm_5436421000135232027,Wide Net - May 2026
zcrm_5436421000135232161,Wide Net - May 2026
zcrm_5436421000135232529,Wide Net - May 2026
zcrm_5436421000135232630,Wide Net - May 2026
zcrm_5436421000135232649,Wide Net - May 2026
zcrm_5436421000135232987,Wide Net - May 2026
zcrm_5436421000135233075,Wide Net - May 2026
zcrm_5436421000135233648,Wide Net - May 2026
zcrm_5436421000135233654,Wide Net - May 2026
zcrm_5436421000135233946,Wide Net - May 2026
zcrm_5436421000135234141,Wide Net - May 2026
zcrm_5436421000135077363,Wide Net - May 2026
zcrm_5436421000135077381,Wide Net - May 2026
zcrm_5436421000135077755,Wide Net - May 2026
zcrm_5436421000135077790,Wide Net - May 2026
zcrm_5436421000135077798,Wide Net - May 2026
zcrm_5436421000135127224,Wide Net - May 2026
zcrm_5436421000135127239,Wide Net - May 2026
zcrm_5436421000135194284,Wide Net - May 2026
zcrm_5436421000135194813,Wide Net - May 2026
zcrm_5436421000135200441,Wide Net - May 2026
zcrm_5436421000135200524,Wide Net - May 2026
zcrm_5436421000135202183,Wide Net - May 2026
zcrm_5436421000135202513,Wide Net - May 2026
zcrm_5436421000135202625,Wide Net - May 2026
zcrm_5436421000135203025,Wide Net - May 2026
zcrm_5436421000135203586,Wide Net - May 2026
zcrm_5436421000135204070,Wide Net - May 2026
zcrm_5436421000135204474,Wide Net - May 2026
zcrm_5436421000135204664,Wide Net - May 2026
zcrm_5436421000135205657,Wide Net - May 2026
zcrm_5436421000135206100,Wide Net - May 2026
zcrm_5436421000135207598,Wide Net - May 2026
zcrm_5436421000135207978,Wide Net - May 2026
zcrm_5436421000135208103,Wide Net - May 2026
zcrm_5436421000135208548,Wide Net - May 2026
zcrm_5436421000135209676,Wide Net - May 2026
zcrm_5436421000135209989,Wide Net - May 2026
zcrm_5436421000135210046,Wide Net - May 2026
zcrm_5436421000135210127,Wide Net - May 2026
zcrm_5436421000135210482,Wide Net - May 2026
zcrm_5436421000135210483,Wide Net - May 2026
zcrm_5436421000135211155,Wide Net - May 2026
zcrm_5436421000135211643,Wide Net - May 2026
zcrm_5436421000135212141,Wide Net - May 2026
zcrm_5436421000135212521,Wide Net - May 2026
zcrm_5436421000135212531,Wide Net - May 2026
zcrm_5436421000135213525,Wide Net - May 2026
zcrm_5436421000135214162,Wide Net - May 2026
zcrm_5436421000135214500,Wide Net - May 2026
zcrm_5436421000135214547,Wide Net - May 2026
zcrm_5436421000135215185,Wide Net - May 2026
zcrm_5436421000135215493,Wide Net - May 2026
zcrm_5436421000135215992,Wide Net - May 2026
zcrm_5436421000135216114,Wide Net - May 2026
zcrm_5436421000135217049,Wide Net - May 2026
zcrm_5436421000135218080,Wide Net - May 2026
zcrm_5436421000135218542,Wide Net - May 2026
zcrm_5436421000135218548,Wide Net - May 2026
zcrm_5436421000135219016,Wide Net - May 2026
zcrm_5436421000135219953,Wide Net - May 2026
zcrm_5436421000135220046,Wide Net - May 2026
zcrm_5436421000135220495,Wide Net - May 2026
zcrm_5436421000135221548,Wide Net - May 2026
zcrm_5436421000135221673,Wide Net - May 2026
zcrm_5436421000135222094,Wide Net - May 2026
zcrm_5436421000135222115,Wide Net - May 2026
zcrm_5436421000135222143,Wide Net - May 2026
zcrm_5436421000135222570,Wide Net - May 2026
zcrm_5436421000135224491,Wide Net - May 2026
zcrm_5436421000135224640,Wide Net - May 2026
zcrm_5436421000135226519,Wide Net - May 2026
zcrm_5436421000135226680,Wide Net - May 2026
zcrm_5436421000135226959,Wide Net - May 2026
zcrm_5436421000135227625,Wide Net - May 2026
zcrm_5436421000135227667,Wide Net - May 2026
zcrm_5436421000135228496,Wide Net - May 2026
zcrm_5436421000135228498,Wide Net - May 2026
zcrm_5436421000135228560,Wide Net - May 2026
zcrm_5436421000135229085,Wide Net - May 2026
zcrm_5436421000135229175,Wide Net - May 2026
zcrm_5436421000135229618,Wide Net - May 2026
zcrm_5436421000135230447,Wide Net - May 2026
zcrm_5436421000135231020,Wide Net - May 2026
zcrm_5436421000135231545,Wide Net - May 2026
zcrm_5436421000135231580,Wide Net - May 2026
zcrm_5436421000135231945,Wide Net - May 2026
zcrm_5436421000135232187,Wide Net - May 2026
zcrm_5436421000135232628,Wide Net - May 2026
zcrm_5436421000135232940,Wide Net - May 2026
zcrm_5436421000135232980,Wide Net - May 2026
zcrm_5436421000135233460,Wide Net - May 2026
zcrm_5436421000135233588,Wide Net - May 2026
zcrm_5436421000135233980,Wide Net - May 2026
zcrm_5436421000135234006,Wide Net - May 2026
zcrm_5436421000135234150,Wide Net - May 2026
zcrm_5436421000135234640,Wide Net - May 2026
zcrm_5436421000135235031,Wide Net - May 2026
zcrm_5436421000135235036,Wide Net - May 2026
zcrm_5436421000135235054,Wide Net - May 2026
zcrm_5436421000135235065,Wide Net - May 2026
zcrm_5436421000135235085,Wide Net - May 2026
zcrm_5436421000135077414,Wide Net - May 2026
zcrm_5436421000135077422,Wide Net - May 2026
zcrm_5436421000135077832,Wide Net - May 2026
zcrm_5436421000135077854,Wide Net - May 2026
zcrm_5436421000135194233,Wide Net - May 2026
zcrm_5436421000135194263,Wide Net - May 2026
zcrm_5436421000135194382,Wide Net - May 2026
zcrm_5436421000135194821,Wide Net - May 2026
zcrm_5436421000135200084,Wide Net - May 2026
zcrm_5436421000135200107,Wide Net - May 2026
zcrm_5436421000135200983,Wide Net - May 2026
zcrm_5436421000135201136,Wide Net - May 2026
zcrm_5436421000135201168,Wide Net - May 2026
zcrm_5436421000135202060,Wide Net - May 2026
zcrm_5436421000135202067,Wide Net - May 2026
zcrm_5436421000135202081,Wide Net - May 2026
zcrm_5436421000135202549,Wide Net - May 2026
zcrm_5436421000135202563,Wide Net - May 2026
zcrm_5436421000135202568,Wide Net - May 2026
zcrm_5436421000135202686,Wide Net - May 2026
zcrm_5436421000135202996,Wide Net - May 2026
zcrm_5436421000135203070,Wide Net - May 2026
zcrm_5436421000135057975,Wide Net - May 2026
zcrm_5436421000135057985,Wide Net - May 2026
zcrm_5436421000135077417,Wide Net - May 2026
zcrm_5436421000135077887,Wide Net - May 2026
zcrm_5436421000135077940,Wide Net - May 2026
zcrm_5436421000135194232,Wide Net - May 2026
zcrm_5436421000135194275,Wide Net - May 2026
zcrm_5436421000135194369,Wide Net - May 2026
zcrm_5436421000135194755,Wide Net - May 2026
zcrm_5436421000135200031,Wide Net - May 2026
zcrm_5436421000135200081,Wide Net - May 2026
zcrm_5436421000135200494,Wide Net - May 2026
zcrm_5436421000135200506,Wide Net - May 2026
zcrm_5436421000135200514,Wide Net - May 2026
zcrm_5436421000135200678,Wide Net - May 2026
zcrm_5436421000135200990,Wide Net - May 2026
zcrm_5436421000135201022,Wide Net - May 2026
zcrm_5436421000135201078,Wide Net - May 2026
zcrm_5436421000135201094,Wide Net - May 2026
zcrm_5436421000135201638,Wide Net - May 2026
zcrm_5436421000135202140,Wide Net - May 2026
zcrm_5436421000135202567,Wide Net - May 2026
zcrm_5436421000135202649,Wide Net - May 2026
zcrm_5436421000135202683,Wide Net - May 2026
zcrm_5436421000135203029,Wide Net - May 2026
zcrm_5436421000135203135,Wide Net - May 2026
zcrm_5436421000135203141,Wide Net - May 2026
zcrm_5436421000135203159,Wide Net - May 2026
zcrm_5436421000135203443,Wide Net - May 2026
zcrm_5436421000135203452,Wide Net - May 2026
zcrm_5436421000135203506,Wide Net - May 2026
zcrm_5436421000135203516,Wide Net - May 2026
zcrm_5436421000135203531,Wide Net - May 2026
zcrm_5436421000135203605,Wide Net - May 2026
zcrm_5436421000135204453,Wide Net - May 2026
zcrm_5436421000135204946,Wide Net - May 2026
zcrm_5436421000135204986,Wide Net - May 2026
zcrm_5436421000135204994,Wide Net - May 2026
zcrm_5436421000135205112,Wide Net - May 2026
zcrm_5436421000135205115,Wide Net - May 2026
zcrm_5436421000135205129,Wide Net - May 2026
zcrm_5436421000135205560,Wide Net - May 2026
zcrm_5436421000135205668,Wide Net - May 2026
zcrm_5436421000135205987,Wide Net - May 2026
zcrm_5436421000135206063,Wide Net - May 2026
zcrm_5436421000135206112,Wide Net - May 2026
zcrm_5436421000135206571,Wide Net - May 2026
zcrm_5436421000135206586,Wide Net - May 2026
zcrm_5436421000135206667,Wide Net - May 2026
zcrm_5436421000135207064,Wide Net - May 2026
zcrm_5436421000135207628,Wide Net - May 2026
zcrm_5436421000135208650,Wide Net - May 2026
zcrm_5436421000135208680,Wide Net - May 2026
zcrm_5436421000135209487,Wide Net - May 2026
zcrm_5436421000135209505,Wide Net - May 2026
zcrm_5436421000135209508,Wide Net - May 2026
zcrm_5436421000135209597,Wide Net - May 2026
zcrm_5436421000135209953,Wide Net - May 2026
zcrm_5436421000135209961,Wide Net - May 2026
zcrm_5436421000135210092,Wide Net - May 2026
zcrm_5436421000135210177,Wide Net - May 2026
zcrm_5436421000135211031,Wide Net - May 2026
zcrm_5436421000135211156,Wide Net - May 2026
zcrm_5436421000135211438,Wide Net - May 2026
zcrm_5436421000135211543,Wide Net - May 2026
zcrm_5436421000135212050,Wide Net - May 2026
zcrm_5436421000135212486,Wide Net - May 2026
zcrm_5436421000135212611,Wide Net - May 2026
zcrm_5436421000135213036,Wide Net - May 2026
zcrm_5436421000135213053,Wide Net - May 2026
zcrm_5436421000135213071,Wide Net - May 2026
zcrm_5436421000135213461,Wide Net - May 2026
zcrm_5436421000135213504,Wide Net - May 2026
zcrm_5436421000135214463,Wide Net - May 2026
zcrm_5436421000135215550,Wide Net - May 2026
zcrm_5436421000135215949,Wide Net - May 2026
zcrm_5436421000135216096,Wide Net - May 2026
zcrm_5436421000135216956,Wide Net - May 2026
zcrm_5436421000135217078,Wide Net - May 2026
zcrm_5436421000135217609,Wide Net - May 2026
zcrm_5436421000135217630,Wide Net - May 2026
zcrm_5436421000135217635,Wide Net - May 2026
zcrm_5436421000135217678,Wide Net - May 2026
zcrm_5436421000135218044,Wide Net - May 2026
zcrm_5436421000135218065,Wide Net - May 2026
zcrm_5436421000135218107,Wide Net - May 2026
zcrm_5436421000135218563,Wide Net - May 2026
zcrm_5436421000135218947,Wide Net - May 2026
zcrm_5436421000135219110,Wide Net - May 2026
zcrm_5436421000135219613,Wide Net - May 2026
zcrm_5436421000135219964,Wide Net - May 2026
zcrm_5436421000135221115,Wide Net - May 2026
zcrm_5436421000135221185,Wide Net - May 2026
zcrm_5436421000135221474,Wide Net - May 2026
zcrm_5436421000135221476,Wide Net - May 2026
zcrm_5436421000135221592,Wide Net - May 2026
zcrm_5436421000135221996,Wide Net - May 2026
zcrm_5436421000135222139,Wide Net - May 2026
zcrm_5436421000135222574,Wide Net - May 2026
zcrm_5436421000135223520,Wide Net - May 2026
zcrm_5436421000135223527,Wide Net - May 2026
zcrm_5436421000135223553,Wide Net - May 2026
zcrm_5436421000135224126,Wide Net - May 2026
zcrm_5436421000135224644,Wide Net - May 2026
zcrm_5436421000135225081,Wide Net - May 2026
zcrm_5436421000135225667,Wide Net - May 2026
zcrm_5436421000135226061,Wide Net - May 2026
zcrm_5436421000135226455,Wide Net - May 2026
zcrm_5436421000135226524,Wide Net - May 2026
zcrm_5436421000135226532,Wide Net - May 2026
zcrm_5436421000135227087,Wide Net - May 2026
zcrm_5436421000135227181,Wide Net - May 2026
zcrm_5436421000135227626,Wide Net - May 2026
zcrm_5436421000135227998,Wide Net - May 2026
zcrm_5436421000135228014,Wide Net - May 2026
zcrm_5436421000135228661,Wide Net - May 2026
zcrm_5436421000135229016,Wide Net - May 2026
zcrm_5436421000135229090,Wide Net - May 2026
zcrm_5436421000135229184,Wide Net - May 2026
zcrm_5436421000135229947,Wide Net - May 2026
zcrm_5436421000135230013,Wide Net - May 2026
zcrm_5436421000135230097,Wide Net - May 2026
zcrm_5436421000135230125,Wide Net - May 2026
zcrm_5436421000135230647,Wide Net - May 2026
zcrm_5436421000135230650,Wide Net - May 2026
zcrm_5436421000135230997,Wide Net - May 2026
zcrm_5436421000135231024,Wide Net - May 2026
zcrm_5436421000135231498,Wide Net - May 2026
zcrm_5436421000135231551,Wide Net - May 2026
zcrm_5436421000135231592,Wide Net - May 2026
zcrm_5436421000135231993,Wide Net - May 2026
zcrm_5436421000135233472,Wide Net - May 2026
zcrm_5436421000135233503,Wide Net - May 2026
zcrm_5436421000135233631,Wide Net - May 2026
zcrm_5436421000135233672,Wide Net - May 2026
zcrm_5436421000135234056,Wide Net - May 2026
zcrm_5436421000135234183,Wide Net - May 2026
zcrm_5436421000135234491,Wide Net - May 2026
zcrm_5436421000135234578,Wide Net - May 2026
zcrm_5436421000135057983,Wide Net - May 2026
zcrm_5436421000135077272,Wide Net - May 2026
zcrm_5436421000135077957,Wide Net - May 2026
zcrm_5436421000135127187,Wide Net - May 2026
zcrm_5436421000135194442,Wide Net - May 2026
zcrm_5436421000135194754,Wide Net - May 2026
zcrm_5436421000135194841,Wide Net - May 2026
zcrm_5436421000135201561,Wide Net - May 2026
zcrm_5436421000135201668,Wide Net - May 2026
zcrm_5436421000135202155,Wide Net - May 2026
zcrm_5436421000135202646,Wide Net - May 2026
zcrm_5436421000135202976,Wide Net - May 2026
zcrm_5436421000135203009,Wide Net - May 2026
zcrm_5436421000135203682,Wide Net - May 2026
zcrm_5436421000135204004,Wide Net - May 2026
zcrm_5436421000135204016,Wide Net - May 2026
zcrm_5436421000135204027,Wide Net - May 2026
zcrm_5436421000135204081,Wide Net - May 2026
zcrm_5436421000135204498,Wide Net - May 2026
zcrm_5436421000135204672,Wide Net - May 2026
zcrm_5436421000135205013,Wide Net - May 2026
zcrm_5436421000135205055,Wide Net - May 2026
zcrm_5436421000135205184,Wide Net - May 2026
zcrm_5436421000135205462,Wide Net - May 2026
zcrm_5436421000135205481,Wide Net - May 2026
zcrm_5436421000135205638,Wide Net - May 2026
zcrm_5436421000135206107,Wide Net - May 2026
zcrm_5436421000135206657,Wide Net - May 2026
zcrm_5436421000135207160,Wide Net - May 2026
zcrm_5436421000135207162,Wide Net - May 2026
zcrm_5436421000135207644,Wide Net - May 2026
zcrm_5436421000135207654,Wide Net - May 2026
zcrm_5436421000135208004,Wide Net - May 2026
zcrm_5436421000135208472,Wide Net - May 2026
zcrm_5436421000135209085,Wide Net - May 2026
zcrm_5436421000135209125,Wide Net - May 2026
zcrm_5436421000135209159,Wide Net - May 2026
zcrm_5436421000135209981,Wide Net - May 2026
zcrm_5436421000135210027,Wide Net - May 2026
zcrm_5436421000135210072,Wide Net - May 2026
zcrm_5436421000135210160,Wide Net - May 2026
zcrm_5436421000135210441,Wide Net - May 2026
zcrm_5436421000135210480,Wide Net - May 2026
zcrm_5436421000135210634,Wide Net - May 2026
zcrm_5436421000135211580,Wide Net - May 2026
zcrm_5436421000135211598,Wide Net - May 2026
zcrm_5436421000135211664,Wide Net - May 2026
zcrm_5436421000135211686,Wide Net - May 2026
zcrm_5436421000135212080,Wide Net - May 2026
zcrm_5436421000135212125,Wide Net - May 2026
zcrm_5436421000135212127,Wide Net - May 2026
zcrm_5436421000135212459,Wide Net - May 2026
zcrm_5436421000135212474,Wide Net - May 2026
zcrm_5436421000135212519,Wide Net - May 2026
zcrm_5436421000135213096,Wide Net - May 2026
zcrm_5436421000135213946,Wide Net - May 2026
zcrm_5436421000135213948,Wide Net - May 2026
zcrm_5436421000135214096,Wide Net - May 2026
zcrm_5436421000135215451,Wide Net - May 2026
zcrm_5436421000135215453,Wide Net - May 2026
zcrm_5436421000135215467,Wide Net - May 2026
zcrm_5436421000135215540,Wide Net - May 2026
zcrm_5436421000135215605,Wide Net - May 2026
zcrm_5436421000135215973,Wide Net - May 2026
zcrm_5436421000135215983,Wide Net - May 2026
zcrm_5436421000135217006,Wide Net - May 2026
zcrm_5436421000135217035,Wide Net - May 2026
zcrm_5436421000135217170,Wide Net - May 2026
zcrm_5436421000135217650,Wide Net - May 2026
zcrm_5436421000135217959,Wide Net - May 2026
zcrm_5436421000135218444,Wide Net - May 2026
zcrm_5436421000135219036,Wide Net - May 2026
zcrm_5436421000135219124,Wide Net - May 2026
zcrm_5436421000135219150,Wide Net - May 2026
zcrm_5436421000135220586,Wide Net - May 2026
zcrm_5436421000135220589,Wide Net - May 2026
zcrm_5436421000135220969,Wide Net - May 2026
zcrm_5436421000135221075,Wide Net - May 2026
zcrm_5436421000135221158,Wide Net - May 2026
zcrm_5436421000135221466,Wide Net - May 2026
zcrm_5436421000135222090,Wide Net - May 2026
zcrm_5436421000135222489,Wide Net - May 2026
zcrm_5436421000135222569,Wide Net - May 2026
zcrm_5436421000135222998,Wide Net - May 2026
zcrm_5436421000135223628,Wide Net - May 2026
zcrm_5436421000135224515,Wide Net - May 2026
zcrm_5436421000135224549,Wide Net - May 2026
zcrm_5436421000135224574,Wide Net - May 2026
zcrm_5436421000135225552,Wide Net - May 2026
zcrm_5436421000135225687,Wide Net - May 2026
zcrm_5436421000135226589,Wide Net - May 2026
zcrm_5436421000135226950,Wide Net - May 2026
zcrm_5436421000135227039,Wide Net - May 2026
zcrm_5436421000135227503,Wide Net - May 2026
zcrm_5436421000135228139,Wide Net - May 2026
zcrm_5436421000135228467,Wide Net - May 2026
zcrm_5436421000135228597,Wide Net - May 2026
zcrm_5436421000135228997,Wide Net - May 2026
zcrm_5436421000135229036,Wide Net - May 2026
zcrm_5436421000135229104,Wide Net - May 2026
zcrm_5436421000135229976,Wide Net - May 2026
zcrm_5436421000135230499,Wide Net - May 2026
zcrm_5436421000135230544,Wide Net - May 2026
zcrm_5436421000135230578,Wide Net - May 2026
zcrm_5436421000135230951,Wide Net - May 2026
zcrm_5436421000135231039,Wide Net - May 2026
zcrm_5436421000135231090,Wide Net - May 2026
zcrm_5436421000135231153,Wide Net - May 2026
zcrm_5436421000135231517,Wide Net - May 2026
zcrm_5436421000135231556,Wide Net - May 2026
zcrm_5436421000135231563,Wide Net - May 2026
zcrm_5436421000135231571,Wide Net - May 2026
zcrm_5436421000135231992,Wide Net - May 2026
zcrm_5436421000135232088,Wide Net - May 2026
zcrm_5436421000135233078,Wide Net - May 2026
zcrm_5436421000135233162,Wide Net - May 2026
zcrm_5436421000135233170,Wide Net - May 2026
zcrm_5436421000135233486,Wide Net - May 2026
zcrm_5436421000135233653,Wide Net - May 2026
zcrm_5436421000135234486,Wide Net - May 2026
zcrm_5436421000135234639,Wide Net - May 2026
zcrm_5436421000135234684,Wide Net - May 2026
zcrm_5436421000135234955,Wide Net - May 2026
zcrm_5436421000135234956,Wide Net - May 2026
zcrm_5436421000135235090,Wide Net - May 2026
zcrm_5436421000135235096,Wide Net - May 2026
zcrm_5436421000135235128,Wide Net - May 2026
zcrm_5436421000135077336,Wide Net - May 2026
zcrm_5436421000135077454,Wide Net - May 2026
zcrm_5436421000135194417,Wide Net - May 2026
zcrm_5436421000135194748,Wide Net - May 2026
zcrm_5436421000135200007,Wide Net - May 2026
zcrm_5436421000135200015,Wide Net - May 2026
zcrm_5436421000135201060,Wide Net - May 2026
zcrm_5436421000135201068,Wide Net - May 2026
zcrm_5436421000135201461,Wide Net - May 2026
zcrm_5436421000135201484,Wide Net - May 2026
zcrm_5436421000135202465,Wide Net - May 2026
zcrm_5436421000135202501,Wide Net - May 2026
zcrm_5436421000135202542,Wide Net - May 2026
zcrm_5436421000135202578,Wide Net - May 2026
zcrm_5436421000135202978,Wide Net - May 2026
zcrm_5436421000135203155,Wide Net - May 2026
zcrm_5436421000135203158,Wide Net - May 2026
zcrm_5436421000135203169,Wide Net - May 2026
zcrm_5436421000135203172,Wide Net - May 2026
zcrm_5436421000135203438,Wide Net - May 2026
zcrm_5436421000135203484,Wide Net - May 2026
zcrm_5436421000135203542,Wide Net - May 2026
zcrm_5436421000135203560,Wide Net - May 2026
zcrm_5436421000135203578,Wide Net - May 2026
zcrm_5436421000135203599,Wide Net - May 2026
zcrm_5436421000135203628,Wide Net - May 2026
zcrm_5436421000135203641,Wide Net - May 2026
zcrm_5436421000135203642,Wide Net - May 2026
zcrm_5436421000135203666,Wide Net - May 2026
zcrm_5436421000135203681,Wide Net - May 2026
zcrm_5436421000135203949,Wide Net - May 2026
zcrm_5436421000135204037,Wide Net - May 2026
zcrm_5436421000135204637,Wide Net - May 2026
zcrm_5436421000135205539,Wide Net - May 2026
zcrm_5436421000135205608,Wide Net - May 2026
zcrm_5436421000135207046,Wide Net - May 2026
zcrm_5436421000135207051,Wide Net - May 2026
zcrm_5436421000135207130,Wide Net - May 2026
zcrm_5436421000135207157,Wide Net - May 2026
zcrm_5436421000135207530,Wide Net - May 2026
zcrm_5436421000135207566,Wide Net - May 2026
zcrm_5436421000135207675,Wide Net - May 2026
zcrm_5436421000135207955,Wide Net - May 2026
zcrm_5436421000135208008,Wide Net - May 2026
zcrm_5436421000135208022,Wide Net - May 2026
zcrm_5436421000135208156,Wide Net - May 2026
zcrm_5436421000135208184,Wide Net - May 2026
zcrm_5436421000135208523,Wide Net - May 2026
zcrm_5436421000135208584,Wide Net - May 2026
zcrm_5436421000135208660,Wide Net - May 2026
zcrm_5436421000135208973,Wide Net - May 2026
zcrm_5436421000135209013,Wide Net - May 2026
zcrm_5436421000135209016,Wide Net - May 2026
zcrm_5436421000135209660,Wide Net - May 2026
zcrm_5436421000135209977,Wide Net - May 2026
zcrm_5436421000135210007,Wide Net - May 2026
zcrm_5436421000135210106,Wide Net - May 2026
zcrm_5436421000135210141,Wide Net - May 2026
zcrm_5436421000135210150,Wide Net - May 2026
zcrm_5436421000135210951,Wide Net - May 2026
zcrm_5436421000135211070,Wide Net - May 2026
zcrm_5436421000135212601,Wide Net - May 2026
zcrm_5436421000135213008,Wide Net - May 2026
zcrm_5436421000135213039,Wide Net - May 2026
zcrm_5436421000135213043,Wide Net - May 2026
zcrm_5436421000135213060,Wide Net - May 2026
zcrm_5436421000135213083,Wide Net - May 2026
zcrm_5436421000135213581,Wide Net - May 2026
zcrm_5436421000135213597,Wide Net - May 2026
zcrm_5436421000135213663,Wide Net - May 2026
zcrm_5436421000135214029,Wide Net - May 2026
zcrm_5436421000135214477,Wide Net - May 2026
zcrm_5436421000135215005,Wide Net - May 2026
zcrm_5436421000135215163,Wide Net - May 2026
zcrm_5436421000135215530,Wide Net - May 2026
zcrm_5436421000135216120,Wide Net - May 2026
zcrm_5436421000135216605,Wide Net - May 2026
zcrm_5436421000135216945,Wide Net - May 2026
zcrm_5436421000135217615,Wide Net - May 2026
zcrm_5436421000135217952,Wide Net - May 2026
zcrm_5436421000135218134,Wide Net - May 2026
zcrm_5436421000135218573,Wide Net - May 2026
zcrm_5436421000135219031,Wide Net - May 2026
zcrm_5436421000135219468,Wide Net - May 2026
zcrm_5436421000135220084,Wide Net - May 2026
zcrm_5436421000135221042,Wide Net - May 2026
zcrm_5436421000135221139,Wide Net - May 2026
zcrm_5436421000135221558,Wide Net - May 2026
zcrm_5436421000135221676,Wide Net - May 2026
zcrm_5436421000135221986,Wide Net - May 2026
zcrm_5436421000135222140,Wide Net - May 2026
zcrm_5436421000135222625,Wide Net - May 2026
zcrm_5436421000135223113,Wide Net - May 2026
zcrm_5436421000135223456,Wide Net - May 2026
zcrm_5436421000135223552,Wide Net - May 2026
zcrm_5436421000135223977,Wide Net - May 2026
zcrm_5436421000135224133,Wide Net - May 2026
zcrm_5436421000135224438,Wide Net - May 2026
zcrm_5436421000135224535,Wide Net - May 2026
zcrm_5436421000135224585,Wide Net - May 2026
zcrm_5436421000135224586,Wide Net - May 2026
zcrm_5436421000135225120,Wide Net - May 2026
zcrm_5436421000135225961,Wide Net - May 2026
zcrm_5436421000135225985,Wide Net - May 2026
zcrm_5436421000135226456,Wide Net - May 2026
zcrm_5436421000135226458,Wide Net - May 2026
zcrm_5436421000135226679,Wide Net - May 2026
zcrm_5436421000135227438,Wide Net - May 2026
zcrm_5436421000135227514,Wide Net - May 2026
zcrm_5436421000135227672,Wide Net - May 2026
zcrm_5436421000135228095,Wide Net - May 2026
zcrm_5436421000135228559,Wide Net - May 2026
zcrm_5436421000135228943,Wide Net - May 2026
zcrm_5436421000135229126,Wide Net - May 2026
zcrm_5436421000135229530,Wide Net - May 2026
zcrm_5436421000135229601,Wide Net - May 2026
zcrm_5436421000135229984,Wide Net - May 2026
zcrm_5436421000135230549,Wide Net - May 2026
zcrm_5436421000135230942,Wide Net - May 2026
zcrm_5436421000135232456,Wide Net - May 2026
zcrm_5436421000135232547,Wide Net - May 2026
zcrm_5436421000135233033,Wide Net - May 2026
zcrm_5436421000135233524,Wide Net - May 2026
zcrm_5436421000135233594,Wide Net - May 2026
zcrm_5436421000135233640,Wide Net - May 2026
zcrm_5436421000135234004,Wide Net - May 2026
zcrm_5436421000135234520,Wide Net - May 2026
zcrm_5436421000135077253,Wide Net - May 2026
zcrm_5436421000135077307,Wide Net - May 2026
zcrm_5436421000135077375,Wide Net - May 2026
zcrm_5436421000135077447,Wide Net - May 2026
zcrm_5436421000135077846,Wide Net - May 2026
zcrm_5436421000135127175,Wide Net - May 2026
zcrm_5436421000135200026,Wide Net - May 2026
zcrm_5436421000135200055,Wide Net - May 2026
zcrm_5436421000135200461,Wide Net - May 2026
zcrm_5436421000135200486,Wide Net - May 2026
zcrm_5436421000135201023,Wide Net - May 2026
zcrm_5436421000135201024,Wide Net - May 2026
zcrm_5436421000135201053,Wide Net - May 2026
zcrm_5436421000135201084,Wide Net - May 2026
zcrm_5436421000135201085,Wide Net - May 2026
zcrm_5436421000135201147,Wide Net - May 2026
zcrm_5436421000135201149,Wide Net - May 2026
zcrm_5436421000135201150,Wide Net - May 2026
zcrm_5436421000135201154,Wide Net - May 2026
zcrm_5436421000135201465,Wide Net - May 2026
zcrm_5436421000135201474,Wide Net - May 2026
zcrm_5436421000135201517,Wide Net - May 2026
zcrm_5436421000135201607,Wide Net - May 2026
zcrm_5436421000135201620,Wide Net - May 2026
zcrm_5436421000135201623,Wide Net - May 2026
zcrm_5436421000135201941,Wide Net - May 2026
zcrm_5436421000135202115,Wide Net - May 2026
zcrm_5436421000135202626,Wide Net - May 2026
zcrm_5436421000135202636,Wide Net - May 2026
zcrm_5436421000135202672,Wide Net - May 2026
zcrm_5436421000135202677,Wide Net - May 2026
zcrm_5436421000135203116,Wide Net - May 2026
zcrm_5436421000135203576,Wide Net - May 2026
zcrm_5436421000135203577,Wide Net - May 2026
zcrm_5436421000135203673,Wide Net - May 2026
zcrm_5436421000135204180,Wide Net - May 2026
zcrm_5436421000135204187,Wide Net - May 2026
zcrm_5436421000135204666,Wide Net - May 2026
zcrm_5436421000135204669,Wide Net - May 2026
zcrm_5436421000135205158,Wide Net - May 2026
zcrm_5436421000135205510,Wide Net - May 2026
zcrm_5436421000135205643,Wide Net - May 2026
zcrm_5436421000135206092,Wide Net - May 2026
zcrm_5436421000135206608,Wide Net - May 2026
zcrm_5436421000135206658,Wide Net - May 2026
zcrm_5436421000135206945,Wide Net - May 2026
zcrm_5436421000135207009,Wide Net - May 2026
zcrm_5436421000135207079,Wide Net - May 2026
zcrm_5436421000135207135,Wide Net - May 2026
zcrm_5436421000135207472,Wide Net - May 2026
zcrm_5436421000135208035,Wide Net - May 2026
zcrm_5436421000135208109,Wide Net - May 2026
zcrm_5436421000135208476,Wide Net - May 2026
zcrm_5436421000135208510,Wide Net - May 2026
zcrm_5436421000135208623,Wide Net - May 2026
zcrm_5436421000135208960,Wide Net - May 2026
zcrm_5436421000135209498,Wide Net - May 2026
zcrm_5436421000135209965,Wide Net - May 2026
zcrm_5436421000135210171,Wide Net - May 2026
zcrm_5436421000135211009,Wide Net - May 2026
zcrm_5436421000135211608,Wide Net - May 2026
zcrm_5436421000135212586,Wide Net - May 2026
zcrm_5436421000135213046,Wide Net - May 2026
zcrm_5436421000135213137,Wide Net - May 2026
zcrm_5436421000135213155,Wide Net - May 2026
zcrm_5436421000135213168,Wide Net - May 2026
zcrm_5436421000135213943,Wide Net - May 2026
zcrm_5436421000135213988,Wide Net - May 2026
zcrm_5436421000135214446,Wide Net - May 2026
zcrm_5436421000135214677,Wide Net - May 2026
zcrm_5436421000135215461,Wide Net - May 2026
zcrm_5436421000135215469,Wide Net - May 2026
zcrm_5436421000135216119,Wide Net - May 2026
zcrm_5436421000135216540,Wide Net - May 2026
zcrm_5436421000135217521,Wide Net - May 2026
zcrm_5436421000135217574,Wide Net - May 2026
zcrm_5436421000135217944,Wide Net - May 2026
zcrm_5436421000135218101,Wide Net - May 2026
zcrm_5436421000135218515,Wide Net - May 2026
zcrm_5436421000135218592,Wide Net - May 2026
zcrm_5436421000135218683,Wide Net - May 2026
zcrm_5436421000135219044,Wide Net - May 2026
zcrm_5436421000135219666,Wide Net - May 2026
zcrm_5436421000135220081,Wide Net - May 2026
zcrm_5436421000135220148,Wide Net - May 2026
zcrm_5436421000135221102,Wide Net - May 2026
zcrm_5436421000135221478,Wide Net - May 2026
zcrm_5436421000135221602,Wide Net - May 2026
zcrm_5436421000135221683,Wide Net - May 2026
zcrm_5436421000135222086,Wide Net - May 2026
zcrm_5436421000135222561,Wide Net - May 2026
zcrm_5436421000135223082,Wide Net - May 2026
zcrm_5436421000135223452,Wide Net - May 2026
zcrm_5436421000135223657,Wide Net - May 2026
zcrm_5436421000135224522,Wide Net - May 2026
zcrm_5436421000135224665,Wide Net - May 2026
zcrm_5436421000135224684,Wide Net - May 2026
zcrm_5436421000135225071,Wide Net - May 2026
zcrm_5436421000135225176,Wide Net - May 2026
zcrm_5436421000135225655,Wide Net - May 2026
zcrm_5436421000135226686,Wide Net - May 2026
zcrm_5436421000135226938,Wide Net - May 2026
zcrm_5436421000135226966,Wide Net - May 2026
zcrm_5436421000135227597,Wide Net - May 2026
zcrm_5436421000135228099,Wide Net - May 2026
zcrm_5436421000135228499,Wide Net - May 2026
zcrm_5436421000135228648,Wide Net - May 2026
zcrm_5436421000135228653,Wide Net - May 2026
zcrm_5436421000135228669,Wide Net - May 2026
zcrm_5436421000135228670,Wide Net - May 2026
zcrm_5436421000135228954,Wide Net - May 2026
zcrm_5436421000135228991,Wide Net - May 2026
zcrm_5436421000135229139,Wide Net - May 2026
zcrm_5436421000135229535,Wide Net - May 2026
zcrm_5436421000135229594,Wide Net - May 2026
zcrm_5436421000135230486,Wide Net - May 2026
zcrm_5436421000135230521,Wide Net - May 2026
zcrm_5436421000135230571,Wide Net - May 2026
zcrm_5436421000135230678,Wide Net - May 2026
zcrm_5436421000135231046,Wide Net - May 2026
zcrm_5436421000135231101,Wide Net - May 2026
zcrm_5436421000135231109,Wide Net - May 2026
zcrm_5436421000135231112,Wide Net - May 2026
zcrm_5436421000135231618,Wide Net - May 2026
zcrm_5436421000135231964,Wide Net - May 2026
zcrm_5436421000135231988,Wide Net - May 2026
zcrm_5436421000135232006,Wide Net - May 2026
zcrm_5436421000135232045,Wide Net - May 2026
zcrm_5436421000135232093,Wide Net - May 2026
zcrm_5436421000135232136,Wide Net - May 2026
zcrm_5436421000135232153,Wide Net - May 2026
zcrm_5436421000135232172,Wide Net - May 2026
zcrm_5436421000135232532,Wide Net - May 2026
zcrm_5436421000135232627,Wide Net - May 2026
zcrm_5436421000135232993,Wide Net - May 2026
zcrm_5436421000135234039,Wide Net - May 2026
zcrm_5436421000135234138,Wide Net - May 2026
zcrm_5436421000135234147,Wide Net - May 2026
zcrm_5436421000135234161,Wide Net - May 2026
zcrm_5436421000135234451,Wide Net - May 2026
zcrm_5436421000135234530,Wide Net - May 2026
zcrm_5436421000135234577,Wide Net - May 2026
zcrm_5436421000135234959,Wide Net - May 2026
zcrm_5436421000135077241,Wide Net - May 2026
zcrm_5436421000135077762,Wide Net - May 2026
zcrm_5436421000135077814,Wide Net - May 2026
zcrm_5436421000135077849,Wide Net - May 2026
zcrm_5436421000135077859,Wide Net - May 2026
zcrm_5436421000135194221,Wide Net - May 2026
zcrm_5436421000135194251,Wide Net - May 2026
zcrm_5436421000135194742,Wide Net - May 2026
zcrm_5436421000135194760,Wide Net - May 2026
zcrm_5436421000135194791,Wide Net - May 2026
zcrm_5436421000135194810,Wide Net - May 2026
zcrm_5436421000135194839,Wide Net - May 2026
zcrm_5436421000135194843,Wide Net - May 2026
zcrm_5436421000135200021,Wide Net - May 2026
zcrm_5436421000135200462,Wide Net - May 2026
zcrm_5436421000135200633,Wide Net - May 2026
zcrm_5436421000135200980,Wide Net - May 2026
zcrm_5436421000135201114,Wide Net - May 2026
zcrm_5436421000135201118,Wide Net - May 2026
zcrm_5436421000135201166,Wide Net - May 2026
zcrm_5436421000135201492,Wide Net - May 2026
zcrm_5436421000135201529,Wide Net - May 2026
zcrm_5436421000135201677,Wide Net - May 2026
zcrm_5436421000135201686,Wide Net - May 2026
zcrm_5436421000135202497,Wide Net - May 2026
zcrm_5436421000135202564,Wide Net - May 2026
zcrm_5436421000135202579,Wide Net - May 2026
zcrm_5436421000135202598,Wide Net - May 2026
zcrm_5436421000135202604,Wide Net - May 2026
zcrm_5436421000135203092,Wide Net - May 2026
zcrm_5436421000135203098,Wide Net - May 2026
zcrm_5436421000135203579,Wide Net - May 2026
zcrm_5436421000135203590,Wide Net - May 2026
zcrm_5436421000135203665,Wide Net - May 2026
zcrm_5436421000135204026,Wide Net - May 2026
zcrm_5436421000135204042,Wide Net - May 2026
zcrm_5436421000135204072,Wide Net - May 2026
zcrm_5436421000135204092,Wide Net - May 2026
zcrm_5436421000135204167,Wide Net - May 2026
zcrm_5436421000135204477,Wide Net - May 2026
zcrm_5436421000135204503,Wide Net - May 2026
zcrm_5436421000135204597,Wide Net - May 2026
zcrm_5436421000135204671,Wide Net - May 2026
zcrm_5436421000135204950,Wide Net - May 2026
zcrm_5436421000135204957,Wide Net - May 2026
zcrm_5436421000135205034,Wide Net - May 2026
zcrm_5436421000135205078,Wide Net - May 2026
zcrm_5436421000135205485,Wide Net - May 2026
zcrm_5436421000135205512,Wide Net - May 2026
zcrm_5436421000135205538,Wide Net - May 2026
zcrm_5436421000135205941,Wide Net - May 2026
zcrm_5436421000135205981,Wide Net - May 2026
zcrm_5436421000135206169,Wide Net - May 2026
zcrm_5436421000135206473,Wide Net - May 2026
zcrm_5436421000135206484,Wide Net - May 2026
zcrm_5436421000135206996,Wide Net - May 2026
zcrm_5436421000135207186,Wide Net - May 2026
zcrm_5436421000135207456,Wide Net - May 2026
zcrm_5436421000135207494,Wide Net - May 2026
zcrm_5436421000135207521,Wide Net - May 2026
zcrm_5436421000135207547,Wide Net - May 2026
zcrm_5436421000135207944,Wide Net - May 2026
zcrm_5436421000135207971,Wide Net - May 2026
zcrm_5436421000135207991,Wide Net - May 2026
zcrm_5436421000135208066,Wide Net - May 2026
zcrm_5436421000135208500,Wide Net - May 2026
zcrm_5436421000135208501,Wide Net - May 2026
zcrm_5436421000135208599,Wide Net - May 2026
zcrm_5436421000135208616,Wide Net - May 2026
zcrm_5436421000135208620,Wide Net - May 2026
zcrm_5436421000135209681,Wide Net - May 2026
zcrm_5436421000135209985,Wide Net - May 2026
zcrm_5436421000135210071,Wide Net - May 2026
zcrm_5436421000135210074,Wide Net - May 2026
zcrm_5436421000135210118,Wide Net - May 2026
zcrm_5436421000135210124,Wide Net - May 2026
zcrm_5436421000135210170,Wide Net - May 2026
zcrm_5436421000135210450,Wide Net - May 2026
zcrm_5436421000135210565,Wide Net - May 2026
zcrm_5436421000135210938,Wide Net - May 2026
zcrm_5436421000135211020,Wide Net - May 2026
zcrm_5436421000135211040,Wide Net - May 2026
zcrm_5436421000135211065,Wide Net - May 2026
zcrm_5436421000135211098,Wide Net - May 2026
zcrm_5436421000135211109,Wide Net - May 2026
zcrm_5436421000135211460,Wide Net - May 2026
zcrm_5436421000135211583,Wide Net - May 2026
zcrm_5436421000135211599,Wide Net - May 2026
zcrm_5436421000135211981,Wide Net - May 2026
zcrm_5436421000135212130,Wide Net - May 2026
zcrm_5436421000135212569,Wide Net - May 2026
zcrm_5436421000135212571,Wide Net - May 2026
zcrm_5436421000135213163,Wide Net - May 2026
zcrm_5436421000135213164,Wide Net - May 2026
zcrm_5436421000135213183,Wide Net - May 2026
zcrm_5436421000135213468,Wide Net - May 2026
zcrm_5436421000135213489,Wide Net - May 2026
zcrm_5436421000135213628,Wide Net - May 2026
zcrm_5436421000135213650,Wide Net - May 2026
zcrm_5436421000135213657,Wide Net - May 2026
zcrm_5436421000135213684,Wide Net - May 2026
zcrm_5436421000135213965,Wide Net - May 2026
zcrm_5436421000135214014,Wide Net - May 2026
zcrm_5436421000135214021,Wide Net - May 2026
zcrm_5436421000135214041,Wide Net - May 2026
zcrm_5436421000135214167,Wide Net - May 2026
zcrm_5436421000135214552,Wide Net - May 2026
zcrm_5436421000135214585,Wide Net - May 2026
zcrm_5436421000135214602,Wide Net - May 2026
zcrm_5436421000135214610,Wide Net - May 2026
zcrm_5436421000135214647,Wide Net - May 2026
zcrm_5436421000135214975,Wide Net - May 2026
zcrm_5436421000135215034,Wide Net - May 2026
zcrm_5436421000135215529,Wide Net - May 2026
zcrm_5436421000135215546,Wide Net - May 2026
zcrm_5436421000135215547,Wide Net - May 2026
zcrm_5436421000135215940,Wide Net - May 2026
zcrm_5436421000135215941,Wide Net - May 2026
zcrm_5436421000135215943,Wide Net - May 2026
zcrm_5436421000135216005,Wide Net - May 2026
zcrm_5436421000135216015,Wide Net - May 2026
zcrm_5436421000135216016,Wide Net - May 2026
zcrm_5436421000135216072,Wide Net - May 2026
zcrm_5436421000135216147,Wide Net - May 2026
zcrm_5436421000135216511,Wide Net - May 2026
zcrm_5436421000135216542,Wide Net - May 2026
zcrm_5436421000135216580,Wide Net - May 2026
zcrm_5436421000135216625,Wide Net - May 2026
zcrm_5436421000135216670,Wide Net - May 2026
zcrm_5436421000135216943,Wide Net - May 2026
zcrm_5436421000135217036,Wide Net - May 2026
zcrm_5436421000135217048,Wide Net - May 2026
zcrm_5436421000135217052,Wide Net - May 2026
zcrm_5436421000135217131,Wide Net - May 2026
zcrm_5436421000135217157,Wide Net - May 2026
zcrm_5436421000135217549,Wide Net - May 2026
zcrm_5436421000135217551,Wide Net - May 2026
zcrm_5436421000135217617,Wide Net - May 2026
zcrm_5436421000135217646,Wide Net - May 2026
zcrm_5436421000135217661,Wide Net - May 2026
zcrm_5436421000135218007,Wide Net - May 2026
zcrm_5436421000135218054,Wide Net - May 2026
zcrm_5436421000135218162,Wide Net - May 2026
zcrm_5436421000135218471,Wide Net - May 2026
zcrm_5436421000135218595,Wide Net - May 2026
zcrm_5436421000135219065,Wide Net - May 2026
zcrm_5436421000135219106,Wide Net - May 2026
zcrm_5436421000135219142,Wide Net - May 2026
zcrm_5436421000135219455,Wide Net - May 2026
zcrm_5436421000135219516,Wide Net - May 2026
zcrm_5436421000135219565,Wide Net - May 2026
zcrm_5436421000135219657,Wide Net - May 2026
zcrm_5436421000135220061,Wide Net - May 2026
zcrm_5436421000135220083,Wide Net - May 2026
zcrm_5436421000135220452,Wide Net - May 2026
zcrm_5436421000135220459,Wide Net - May 2026
zcrm_5436421000135220568,Wide Net - May 2026
zcrm_5436421000135220632,Wide Net - May 2026
zcrm_5436421000135220960,Wide Net - May 2026
zcrm_5436421000135220987,Wide Net - May 2026
zcrm_5436421000135221013,Wide Net - May 2026
zcrm_5436421000135221454,Wide Net - May 2026
zcrm_5436421000135221498,Wide Net - May 2026
zcrm_5436421000135221563,Wide Net - May 2026
zcrm_5436421000135221609,Wide Net - May 2026
zcrm_5436421000135221678,Wide Net - May 2026
zcrm_5436421000135222027,Wide Net - May 2026
zcrm_5436421000135222032,Wide Net - May 2026
zcrm_5436421000135222033,Wide Net - May 2026
zcrm_5436421000135222085,Wide Net - May 2026
zcrm_5436421000135222153,Wide Net - May 2026
zcrm_5436421000135222490,Wide Net - May 2026
zcrm_5436421000135222497,Wide Net - May 2026
zcrm_5436421000135222554,Wide Net - May 2026
zcrm_5436421000135222571,Wide Net - May 2026
zcrm_5436421000135222604,Wide Net - May 2026
zcrm_5436421000135222979,Wide Net - May 2026
zcrm_5436421000135223111,Wide Net - May 2026
zcrm_5436421000135223185,Wide Net - May 2026
zcrm_5436421000135223493,Wide Net - May 2026
zcrm_5436421000135223565,Wide Net - May 2026
zcrm_5436421000135223620,Wide Net - May 2026
zcrm_5436421000135223637,Wide Net - May 2026
zcrm_5436421000135223652,Wide Net - May 2026
zcrm_5436421000135224063,Wide Net - May 2026
zcrm_5436421000135224065,Wide Net - May 2026
zcrm_5436421000135224074,Wide Net - May 2026
zcrm_5436421000135224178,Wide Net - May 2026
zcrm_5436421000135224627,Wide Net - May 2026
zcrm_5436421000135224636,Wide Net - May 2026
zcrm_5436421000135224676,Wide Net - May 2026
zcrm_5436421000135224681,Wide Net - May 2026
zcrm_5436421000135224959,Wide Net - May 2026
zcrm_5436421000135224994,Wide Net - May 2026
zcrm_5436421000135224997,Wide Net - May 2026
zcrm_5436421000135225029,Wide Net - May 2026
zcrm_5436421000135225111,Wide Net - May 2026
zcrm_5436421000135225137,Wide Net - May 2026
zcrm_5436421000135225469,Wide Net - May 2026
zcrm_5436421000135225482,Wide Net - May 2026
zcrm_5436421000135225510,Wide Net - May 2026
zcrm_5436421000135225651,Wide Net - May 2026
zcrm_5436421000135225965,Wide Net - May 2026
zcrm_5436421000135225971,Wide Net - May 2026
zcrm_5436421000135226035,Wide Net - May 2026
zcrm_5436421000135226094,Wide Net - May 2026
zcrm_5436421000135226586,Wide Net - May 2026
zcrm_5436421000135226618,Wide Net - May 2026
zcrm_5436421000135226956,Wide Net - May 2026
zcrm_5436421000135227038,Wide Net - May 2026
zcrm_5436421000135227042,Wide Net - May 2026
zcrm_5436421000135227053,Wide Net - May 2026
zcrm_5436421000135227142,Wide Net - May 2026
zcrm_5436421000135227443,Wide Net - May 2026
zcrm_5436421000135227444,Wide Net - May 2026
zcrm_5436421000135227573,Wide Net - May 2026
zcrm_5436421000135227587,Wide Net - May 2026
zcrm_5436421000135227682,Wide Net - May 2026
zcrm_5436421000135227956,Wide Net - May 2026
zcrm_5436421000135227992,Wide Net - May 2026
zcrm_5436421000135228114,Wide Net - May 2026
zcrm_5436421000135228153,Wide Net - May 2026
zcrm_5436421000135228166,Wide Net - May 2026
zcrm_5436421000135228490,Wide Net - May 2026
zcrm_5436421000135228547,Wide Net - May 2026
zcrm_5436421000135228589,Wide Net - May 2026
zcrm_5436421000135228664,Wide Net - May 2026
zcrm_5436421000135229025,Wide Net - May 2026
zcrm_5436421000135229076,Wide Net - May 2026
zcrm_5436421000135229123,Wide Net - May 2026
zcrm_5436421000135229464,Wide Net - May 2026
zcrm_5436421000135229466,Wide Net - May 2026
zcrm_5436421000135229486,Wide Net - May 2026
zcrm_5436421000135229585,Wide Net - May 2026
zcrm_5436421000135229602,Wide Net - May 2026
zcrm_5436421000135229658,Wide Net - May 2026
zcrm_5436421000135229659,Wide Net - May 2026
zcrm_5436421000135229660,Wide Net - May 2026
zcrm_5436421000135229663,Wide Net - May 2026
zcrm_5436421000135230022,Wide Net - May 2026
zcrm_5436421000135230185,Wide Net - May 2026
zcrm_5436421000135230450,Wide Net - May 2026
zcrm_5436421000135230507,Wide Net - May 2026
zcrm_5436421000135230611,Wide Net - May 2026
zcrm_5436421000135230646,Wide Net - May 2026
zcrm_5436421000135230663,Wide Net - May 2026
zcrm_5436421000135230667,Wide Net - May 2026
zcrm_5436421000135230944,Wide Net - May 2026
zcrm_5436421000135230976,Wide Net - May 2026
zcrm_5436421000135230988,Wide Net - May 2026
zcrm_5436421000135230995,Wide Net - May 2026
zcrm_5436421000135231005,Wide Net - May 2026
zcrm_5436421000135231008,Wide Net - May 2026
zcrm_5436421000135231029,Wide Net - May 2026
zcrm_5436421000135231162,Wide Net - May 2026
zcrm_5436421000135231495,Wide Net - May 2026
zcrm_5436421000135231515,Wide Net - May 2026
zcrm_5436421000135231522,Wide Net - May 2026
zcrm_5436421000135231644,Wide Net - May 2026
zcrm_5436421000135231658,Wide Net - May 2026
zcrm_5436421000135231670,Wide Net - May 2026
zcrm_5436421000135231953,Wide Net - May 2026
zcrm_5436421000135231977,Wide Net - May 2026
zcrm_5436421000135232035,Wide Net - May 2026
zcrm_5436421000135232148,Wide Net - May 2026
zcrm_5436421000135232184,Wide Net - May 2026
zcrm_5436421000135232499,Wide Net - May 2026
zcrm_5436421000135232507,Wide Net - May 2026
zcrm_5436421000135232523,Wide Net - May 2026
zcrm_5436421000135232944,Wide Net - May 2026
zcrm_5436421000135232979,Wide Net - May 2026
zcrm_5436421000135232983,Wide Net - May 2026
zcrm_5436421000135233024,Wide Net - May 2026
zcrm_5436421000135233026,Wide Net - May 2026
zcrm_5436421000135233073,Wide Net - May 2026
zcrm_5436421000135233450,Wide Net - May 2026
zcrm_5436421000135233495,Wide Net - May 2026
zcrm_5436421000135233547,Wide Net - May 2026
zcrm_5436421000135233573,Wide Net - May 2026
zcrm_5436421000135234110,Wide Net - May 2026
zcrm_5436421000135234127,Wide Net - May 2026
zcrm_5436421000135234438,Wide Net - May 2026
zcrm_5436421000135234452,Wide Net - May 2026
zcrm_5436421000135234509,Wide Net - May 2026
zcrm_5436421000135234545,Wide Net - May 2026
zcrm_5436421000135234610,Wide Net - May 2026
zcrm_5436421000135234624,Wide Net - May 2026
zcrm_5436421000135235025,Wide Net - May 2026
zcrm_5436421000135235129,Wide Net - May 2026
zcrm_5436421000135077266,Wide Net - May 2026
zcrm_5436421000135077312,Wide Net - May 2026
zcrm_5436421000135077322,Wide Net - May 2026
zcrm_5436421000135127180,Wide Net - May 2026
zcrm_5436421000135127204,Wide Net - May 2026
zcrm_5436421000135127283,Wide Net - May 2026
zcrm_5436421000135194347,Wide Net - May 2026
zcrm_5436421000135194384,Wide Net - May 2026
zcrm_5436421000135194386,Wide Net - May 2026
zcrm_5436421000135194415,Wide Net - May 2026
zcrm_5436421000135194418,Wide Net - May 2026
zcrm_5436421000135194424,Wide Net - May 2026
zcrm_5436421000135194448,Wide Net - May 2026
zcrm_5436421000135194457,Wide Net - May 2026
zcrm_5436421000135194796,Wide Net - May 2026
zcrm_5436421000135200004,Wide Net - May 2026
zcrm_5436421000135200122,Wide Net - May 2026
zcrm_5436421000135201521,Wide Net - May 2026
zcrm_5436421000135202009,Wide Net - May 2026
zcrm_5436421000135202094,Wide Net - May 2026
zcrm_5436421000135202516,Wide Net - May 2026
zcrm_5436421000135202590,Wide Net - May 2026
zcrm_5436421000135202673,Wide Net - May 2026
zcrm_5436421000135203081,Wide Net - May 2026
zcrm_5436421000135203085,Wide Net - May 2026
zcrm_5436421000135203147,Wide Net - May 2026
zcrm_5436421000135203672,Wide Net - May 2026
zcrm_5436421000135204047,Wide Net - May 2026
zcrm_5436421000135204103,Wide Net - May 2026
zcrm_5436421000135204452,Wide Net - May 2026
zcrm_5436421000135205009,Wide Net - May 2026
zcrm_5436421000135205025,Wide Net - May 2026
zcrm_5436421000135205090,Wide Net - May 2026
zcrm_5436421000135205438,Wide Net - May 2026
zcrm_5436421000135205461,Wide Net - May 2026
zcrm_5436421000135205533,Wide Net - May 2026
zcrm_5436421000135205603,Wide Net - May 2026
zcrm_5436421000135205622,Wide Net - May 2026
zcrm_5436421000135205624,Wide Net - May 2026
zcrm_5436421000135205982,Wide Net - May 2026
zcrm_5436421000135206070,Wide Net - May 2026
zcrm_5436421000135206985,Wide Net - May 2026
zcrm_5436421000135207016,Wide Net - May 2026
zcrm_5436421000135207114,Wide Net - May 2026
zcrm_5436421000135207181,Wide Net - May 2026
zcrm_5436421000135208183,Wide Net - May 2026
zcrm_5436421000135208562,Wide Net - May 2026
zcrm_5436421000135208587,Wide Net - May 2026
zcrm_5436421000135208639,Wide Net - May 2026
zcrm_5436421000135209018,Wide Net - May 2026
zcrm_5436421000135209591,Wide Net - May 2026
zcrm_5436421000135209620,Wide Net - May 2026
zcrm_5436421000135210187,Wide Net - May 2026
zcrm_5436421000135210646,Wide Net - May 2026
zcrm_5436421000135211140,Wide Net - May 2026
zcrm_5436421000135211456,Wide Net - May 2026
zcrm_5436421000135211564,Wide Net - May 2026
zcrm_5436421000135211629,Wide Net - May 2026
zcrm_5436421000135211975,Wide Net - May 2026
zcrm_5436421000135211995,Wide Net - May 2026
zcrm_5436421000135212101,Wide Net - May 2026
zcrm_5436421000135212453,Wide Net - May 2026
zcrm_5436421000135212574,Wide Net - May 2026
zcrm_5436421000135212618,Wide Net - May 2026
zcrm_5436421000135213093,Wide Net - May 2026
zcrm_5436421000135213100,Wide Net - May 2026
zcrm_5436421000135213474,Wide Net - May 2026
zcrm_5436421000135213547,Wide Net - May 2026
zcrm_5436421000135213566,Wide Net - May 2026
zcrm_5436421000135213655,Wide Net - May 2026
zcrm_5436421000135213944,Wide Net - May 2026
zcrm_5436421000135214175,Wide Net - May 2026
zcrm_5436421000135214504,Wide Net - May 2026
zcrm_5436421000135214540,Wide Net - May 2026
zcrm_5436421000135215124,Wide Net - May 2026
zcrm_5436421000135215142,Wide Net - May 2026
zcrm_5436421000135215160,Wide Net - May 2026
zcrm_5436421000135215503,Wide Net - May 2026
zcrm_5436421000135215506,Wide Net - May 2026
zcrm_5436421000135215556,Wide Net - May 2026
zcrm_5436421000135215666,Wide Net - May 2026
zcrm_5436421000135215958,Wide Net - May 2026
zcrm_5436421000135216135,Wide Net - May 2026
zcrm_5436421000135216515,Wide Net - May 2026
zcrm_5436421000135216516,Wide Net - May 2026
zcrm_5436421000135217120,Wide Net - May 2026
zcrm_5436421000135217136,Wide Net - May 2026
zcrm_5436421000135217648,Wide Net - May 2026
zcrm_5436421000135217996,Wide Net - May 2026
zcrm_5436421000135218091,Wide Net - May 2026
zcrm_5436421000135218100,Wide Net - May 2026
zcrm_5436421000135218136,Wide Net - May 2026
zcrm_5436421000135218152,Wide Net - May 2026
zcrm_5436421000135218451,Wide Net - May 2026
zcrm_5436421000135218535,Wide Net - May 2026
zcrm_5436421000135218570,Wide Net - May 2026
zcrm_5436421000135218589,Wide Net - May 2026
zcrm_5436421000135218643,Wide Net - May 2026
zcrm_5436421000135219500,Wide Net - May 2026
zcrm_5436421000135219609,Wide Net - May 2026
zcrm_5436421000135219645,Wide Net - May 2026
zcrm_5436421000135220019,Wide Net - May 2026
zcrm_5436421000135220088,Wide Net - May 2026
zcrm_5436421000135220460,Wide Net - May 2026
zcrm_5436421000135220468,Wide Net - May 2026
zcrm_5436421000135220648,Wide Net - May 2026
zcrm_5436421000135220672,Wide Net - May 2026
zcrm_5436421000135221002,Wide Net - May 2026
zcrm_5436421000135221035,Wide Net - May 2026
zcrm_5436421000135221054,Wide Net - May 2026
zcrm_5436421000135221460,Wide Net - May 2026
zcrm_5436421000135222104,Wide Net - May 2026
zcrm_5436421000135222540,Wide Net - May 2026
zcrm_5436421000135222621,Wide Net - May 2026
zcrm_5436421000135222664,Wide Net - May 2026
zcrm_5436421000135222665,Wide Net - May 2026
zcrm_5436421000135223141,Wide Net - May 2026
zcrm_5436421000135223593,Wide Net - May 2026
zcrm_5436421000135223623,Wide Net - May 2026
zcrm_5436421000135224094,Wide Net - May 2026
zcrm_5436421000135224108,Wide Net - May 2026
zcrm_5436421000135224143,Wide Net - May 2026
zcrm_5436421000135224468,Wide Net - May 2026
zcrm_5436421000135224645,Wide Net - May 2026
zcrm_5436421000135224948,Wide Net - May 2026
zcrm_5436421000135224964,Wide Net - May 2026
zcrm_5436421000135225088,Wide Net - May 2026
zcrm_5436421000135225121,Wide Net - May 2026
zcrm_5436421000135225466,Wide Net - May 2026
zcrm_5436421000135225544,Wide Net - May 2026
zcrm_5436421000135225560,Wide Net - May 2026
zcrm_5436421000135225599,Wide Net - May 2026
zcrm_5436421000135225653,Wide Net - May 2026
zcrm_5436421000135225991,Wide Net - May 2026
zcrm_5436421000135226018,Wide Net - May 2026
zcrm_5436421000135226090,Wide Net - May 2026
zcrm_5436421000135226537,Wide Net - May 2026
zcrm_5436421000135226657,Wide Net - May 2026
zcrm_5436421000135227080,Wide Net - May 2026
zcrm_5436421000135227132,Wide Net - May 2026
zcrm_5436421000135227173,Wide Net - May 2026
zcrm_5436421000135227525,Wide Net - May 2026
zcrm_5436421000135228121,Wide Net - May 2026
zcrm_5436421000135229112,Wide Net - May 2026
zcrm_5436421000135229187,Wide Net - May 2026
zcrm_5436421000135229516,Wide Net - May 2026
zcrm_5436421000135229661,Wide Net - May 2026
zcrm_5436421000135230110,Wide Net - May 2026
zcrm_5436421000135230126,Wide Net - May 2026
zcrm_5436421000135230130,Wide Net - May 2026
zcrm_5436421000135230140,Wide Net - May 2026
zcrm_5436421000135230186,Wide Net - May 2026
zcrm_5436421000135230456,Wide Net - May 2026
zcrm_5436421000135230514,Wide Net - May 2026
zcrm_5436421000135230984,Wide Net - May 2026
zcrm_5436421000135231055,Wide Net - May 2026
zcrm_5436421000135231124,Wide Net - May 2026
zcrm_5436421000135231161,Wide Net - May 2026
zcrm_5436421000135231485,Wide Net - May 2026
zcrm_5436421000135231549,Wide Net - May 2026
zcrm_5436421000135231567,Wide Net - May 2026
zcrm_5436421000135231972,Wide Net - May 2026
zcrm_5436421000135232052,Wide Net - May 2026
zcrm_5436421000135232448,Wide Net - May 2026
zcrm_5436421000135232550,Wide Net - May 2026
zcrm_5436421000135232614,Wide Net - May 2026
zcrm_5436421000135232621,Wide Net - May 2026
zcrm_5436421000135232638,Wide Net - May 2026
zcrm_5436421000135233003,Wide Net - May 2026
zcrm_5436421000135233520,Wide Net - May 2026
zcrm_5436421000135234173,Wide Net - May 2026
zcrm_5436421000135234487,Wide Net - May 2026
zcrm_5436421000135234500,Wide Net - May 2026
zcrm_5436421000135235113,Wide Net - May 2026
zcrm_5436421000135077230,Wide Net - May 2026
zcrm_5436421000135077436,Wide Net - May 2026
zcrm_5436421000135194342,Wide Net - May 2026
zcrm_5436421000135194428,Wide Net - May 2026
zcrm_5436421000135194434,Wide Net - May 2026
zcrm_5436421000135194439,Wide Net - May 2026
zcrm_5436421000135194746,Wide Net - May 2026
zcrm_5436421000135194775,Wide Net - May 2026
zcrm_5436421000135200080,Wide Net - May 2026
zcrm_5436421000135200521,Wide Net - May 2026
zcrm_5436421000135200962,Wide Net - May 2026
zcrm_5436421000135201113,Wide Net - May 2026
zcrm_5436421000135202126,Wide Net - May 2026
zcrm_5436421000135202668,Wide Net - May 2026
zcrm_5436421000135203610,Wide Net - May 2026
zcrm_5436421000135205105,Wide Net - May 2026
zcrm_5436421000135205644,Wide Net - May 2026
zcrm_5436421000135206975,Wide Net - May 2026
zcrm_5436421000135207021,Wide Net - May 2026
zcrm_5436421000135207177,Wide Net - May 2026
zcrm_5436421000135208007,Wide Net - May 2026
zcrm_5436421000135208130,Wide Net - May 2026
zcrm_5436421000135208632,Wide Net - May 2026
zcrm_5436421000135209022,Wide Net - May 2026
zcrm_5436421000135209088,Wide Net - May 2026
zcrm_5436421000135209118,Wide Net - May 2026
zcrm_5436421000135209455,Wide Net - May 2026
zcrm_5436421000135209524,Wide Net - May 2026
zcrm_5436421000135209583,Wide Net - May 2026
zcrm_5436421000135209993,Wide Net - May 2026
zcrm_5436421000135210519,Wide Net - May 2026
zcrm_5436421000135210591,Wide Net - May 2026
zcrm_5436421000135210940,Wide Net - May 2026
zcrm_5436421000135211510,Wide Net - May 2026
zcrm_5436421000135211530,Wide Net - May 2026
zcrm_5436421000135211547,Wide Net - May 2026
zcrm_5436421000135211653,Wide Net - May 2026
zcrm_5436421000135211955,Wide Net - May 2026
zcrm_5436421000135212012,Wide Net - May 2026
zcrm_5436421000135212051,Wide Net - May 2026
zcrm_5436421000135212158,Wide Net - May 2026
zcrm_5436421000135212644,Wide Net - May 2026
zcrm_5436421000135213005,Wide Net - May 2026
zcrm_5436421000135213538,Wide Net - May 2026
zcrm_5436421000135213554,Wide Net - May 2026
zcrm_5436421000135213593,Wide Net - May 2026
zcrm_5436421000135214083,Wide Net - May 2026
zcrm_5436421000135214132,Wide Net - May 2026
zcrm_5436421000135214562,Wide Net - May 2026
zcrm_5436421000135214664,Wide Net - May 2026
zcrm_5436421000135214945,Wide Net - May 2026
zcrm_5436421000135215060,Wide Net - May 2026
zcrm_5436421000135215093,Wide Net - May 2026
zcrm_5436421000135215458,Wide Net - May 2026
zcrm_5436421000135215543,Wide Net - May 2026
zcrm_5436421000135215986,Wide Net - May 2026
zcrm_5436421000135216538,Wide Net - May 2026
zcrm_5436421000135216977,Wide Net - May 2026
zcrm_5436421000135217141,Wide Net - May 2026
zcrm_5436421000135217578,Wide Net - May 2026
zcrm_5436421000135217626,Wide Net - May 2026
zcrm_5436421000135217970,Wide Net - May 2026
zcrm_5436421000135218070,Wide Net - May 2026
zcrm_5436421000135218119,Wide Net - May 2026
zcrm_5436421000135218181,Wide Net - May 2026
zcrm_5436421000135218665,Wide Net - May 2026
zcrm_5436421000135219097,Wide Net - May 2026
zcrm_5436421000135219439,Wide Net - May 2026
zcrm_5436421000135219615,Wide Net - May 2026
zcrm_5436421000135220035,Wide Net - May 2026
zcrm_5436421000135220125,Wide Net - May 2026
zcrm_5436421000135220156,Wide Net - May 2026
zcrm_5436421000135220654,Wide Net - May 2026
zcrm_5436421000135221063,Wide Net - May 2026
zcrm_5436421000135221173,Wide Net - May 2026
zcrm_5436421000135221441,Wide Net - May 2026
zcrm_5436421000135221459,Wide Net - May 2026
zcrm_5436421000135221628,Wide Net - May 2026
zcrm_5436421000135222039,Wide Net - May 2026
zcrm_5436421000135222123,Wide Net - May 2026
zcrm_5436421000135222579,Wide Net - May 2026
zcrm_5436421000135222683,Wide Net - May 2026
zcrm_5436421000135223075,Wide Net - May 2026
zcrm_5436421000135223145,Wide Net - May 2026
zcrm_5436421000135224002,Wide Net - May 2026
zcrm_5436421000135224506,Wide Net - May 2026
zcrm_5436421000135224525,Wide Net - May 2026
zcrm_5436421000135224674,Wide Net - May 2026
zcrm_5436421000135224961,Wide Net - May 2026
zcrm_5436421000135225098,Wide Net - May 2026
zcrm_5436421000135225165,Wide Net - May 2026
zcrm_5436421000135225456,Wide Net - May 2026
zcrm_5436421000135225578,Wide Net - May 2026
zcrm_5436421000135225974,Wide Net - May 2026
zcrm_5436421000135226011,Wide Net - May 2026
zcrm_5436421000135226508,Wide Net - May 2026
zcrm_5436421000135226596,Wide Net - May 2026
zcrm_5436421000135227032,Wide Net - May 2026
zcrm_5436421000135227135,Wide Net - May 2026
zcrm_5436421000135227979,Wide Net - May 2026
zcrm_5436421000135228066,Wide Net - May 2026
zcrm_5436421000135228636,Wide Net - May 2026
zcrm_5436421000135229127,Wide Net - May 2026
zcrm_5436421000135229508,Wide Net - May 2026
zcrm_5436421000135230084,Wide Net - May 2026
zcrm_5436421000135230147,Wide Net - May 2026
zcrm_5436421000135230672,Wide Net - May 2026
zcrm_5436421000135231662,Wide Net - May 2026
zcrm_5436421000135231980,Wide Net - May 2026
zcrm_5436421000135232029,Wide Net - May 2026
zcrm_5436421000135233649,Wide Net - May 2026
zcrm_5436421000135234074,Wide Net - May 2026
zcrm_5436421000135234142,Wide Net - May 2026
zcrm_5436421000135234535,Wide Net - May 2026
zcrm_5436421000135235012,Wide Net - May 2026
zcrm_5436421000135235059,Wide Net - May 2026
zcrm_5436421000135235103,Wide Net - May 2026
zcrm_5436421000135057938,Wide Net - May 2026
zcrm_5436421000135057941,Wide Net - May 2026
zcrm_5436421000135057958,Wide Net - May 2026
zcrm_5436421000135077329,Wide Net - May 2026
zcrm_5436421000135077332,Wide Net - May 2026
zcrm_5436421000135077370,Wide Net - May 2026
zcrm_5436421000135077783,Wide Net - May 2026
zcrm_5436421000135077881,Wide Net - May 2026
zcrm_5436421000135200008,Wide Net - May 2026
zcrm_5436421000135200014,Wide Net - May 2026
zcrm_5436421000135200178,Wide Net - May 2026
zcrm_5436421000135200544,Wide Net - May 2026
zcrm_5436421000135200632,Wide Net - May 2026
zcrm_5436421000135200668,Wide Net - May 2026
zcrm_5436421000135200967,Wide Net - May 2026
zcrm_5436421000135201090,Wide Net - May 2026
zcrm_5436421000135201165,Wide Net - May 2026
zcrm_5436421000135202477,Wide Net - May 2026
zcrm_5436421000135203651,Wide Net - May 2026
zcrm_5436421000135203948,Wide Net - May 2026
zcrm_5436421000135203962,Wide Net - May 2026
zcrm_5436421000135204022,Wide Net - May 2026
zcrm_5436421000135204113,Wide Net - May 2026
zcrm_5436421000135204963,Wide Net - May 2026
zcrm_5436421000135205089,Wide Net - May 2026
zcrm_5436421000135205556,Wide Net - May 2026
zcrm_5436421000135205565,Wide Net - May 2026
zcrm_5436421000135206555,Wide Net - May 2026
zcrm_5436421000135207142,Wide Net - May 2026
zcrm_5436421000135207559,Wide Net - May 2026
zcrm_5436421000135207632,Wide Net - May 2026
zcrm_5436421000135207959,Wide Net - May 2026
zcrm_5436421000135208170,Wide Net - May 2026
zcrm_5436421000135209154,Wide Net - May 2026
zcrm_5436421000135209528,Wide Net - May 2026
zcrm_5436421000135210040,Wide Net - May 2026
zcrm_5436421000135210097,Wide Net - May 2026
zcrm_5436421000135210527,Wide Net - May 2026
zcrm_5436421000135210533,Wide Net - May 2026
zcrm_5436421000135210629,Wide Net - May 2026
zcrm_5436421000135210687,Wide Net - May 2026
zcrm_5436421000135210952,Wide Net - May 2026
zcrm_5436421000135211052,Wide Net - May 2026
zcrm_5436421000135211166,Wide Net - May 2026
zcrm_5436421000135211169,Wide Net - May 2026
zcrm_5436421000135211477,Wide Net - May 2026
zcrm_5436421000135211560,Wide Net - May 2026
zcrm_5436421000135211674,Wide Net - May 2026
zcrm_5436421000135211677,Wide Net - May 2026
zcrm_5436421000135212628,Wide Net - May 2026
zcrm_5436421000135212970,Wide Net - May 2026
zcrm_5436421000135213022,Wide Net - May 2026
zcrm_5436421000135213040,Wide Net - May 2026
zcrm_5436421000135213082,Wide Net - May 2026
zcrm_5436421000135213521,Wide Net - May 2026
zcrm_5436421000135213556,Wide Net - May 2026
zcrm_5436421000135213596,Wide Net - May 2026
zcrm_5436421000135214094,Wide Net - May 2026
zcrm_5436421000135214442,Wide Net - May 2026
zcrm_5436421000135214449,Wide Net - May 2026
zcrm_5436421000135214457,Wide Net - May 2026
zcrm_5436421000135214531,Wide Net - May 2026
zcrm_5436421000135214561,Wide Net - May 2026
zcrm_5436421000135215062,Wide Net - May 2026
zcrm_5436421000135215076,Wide Net - May 2026
zcrm_5436421000135215102,Wide Net - May 2026
zcrm_5436421000135215476,Wide Net - May 2026
zcrm_5436421000135215479,Wide Net - May 2026
zcrm_5436421000135215642,Wide Net - May 2026
zcrm_5436421000135216440,Wide Net - May 2026
zcrm_5436421000135216586,Wide Net - May 2026
zcrm_5436421000135217154,Wide Net - May 2026
zcrm_5436421000135217965,Wide Net - May 2026
zcrm_5436421000135217995,Wide Net - May 2026
zcrm_5436421000135218606,Wide Net - May 2026
zcrm_5436421000135219145,Wide Net - May 2026
zcrm_5436421000135220013,Wide Net - May 2026
zcrm_5436421000135220608,Wide Net - May 2026
zcrm_5436421000135220957,Wide Net - May 2026
zcrm_5436421000135221143,Wide Net - May 2026
zcrm_5436421000135221163,Wide Net - May 2026
zcrm_5436421000135222644,Wide Net - May 2026
zcrm_5436421000135222648,Wide Net - May 2026
zcrm_5436421000135223962,Wide Net - May 2026
zcrm_5436421000135224104,Wide Net - May 2026
zcrm_5436421000135224446,Wide Net - May 2026
zcrm_5436421000135224561,Wide Net - May 2026
zcrm_5436421000135224972,Wide Net - May 2026
zcrm_5436421000135225037,Wide Net - May 2026
zcrm_5436421000135225630,Wide Net - May 2026
zcrm_5436421000135226049,Wide Net - May 2026
zcrm_5436421000135226100,Wide Net - May 2026
zcrm_5436421000135227150,Wide Net - May 2026
zcrm_5436421000135227183,Wide Net - May 2026
zcrm_5436421000135227637,Wide Net - May 2026
zcrm_5436421000135228042,Wide Net - May 2026
zcrm_5436421000135228052,Wide Net - May 2026
zcrm_5436421000135228570,Wide Net - May 2026
zcrm_5436421000135229443,Wide Net - May 2026
zcrm_5436421000135229582,Wide Net - May 2026
zcrm_5436421000135230002,Wide Net - May 2026
zcrm_5436421000135230116,Wide Net - May 2026
zcrm_5436421000135231106,Wide Net - May 2026
zcrm_5436421000135232098,Wide Net - May 2026
zcrm_5436421000135232589,Wide Net - May 2026
zcrm_5436421000135232969,Wide Net - May 2026
zcrm_5436421000135233983,Wide Net - May 2026
zcrm_5436421000135234117,Wide Net - May 2026
zcrm_5436421000135234493,Wide Net - May 2026
zcrm_5436421000135235024,Wide Net - May 2026
zcrm_5436421000135077257,Wide Net - May 2026
zcrm_5436421000135077317,Wide Net - May 2026
zcrm_5436421000135077369,Wide Net - May 2026
zcrm_5436421000135127181,Wide Net - May 2026
zcrm_5436421000135127182,Wide Net - May 2026
zcrm_5436421000135194302,Wide Net - May 2026
zcrm_5436421000135194392,Wide Net - May 2026
zcrm_5436421000135194781,Wide Net - May 2026
zcrm_5436421000135194787,Wide Net - May 2026
zcrm_5436421000135200099,Wide Net - May 2026
zcrm_5436421000135200994,Wide Net - May 2026
zcrm_5436421000135201144,Wide Net - May 2026
zcrm_5436421000135201145,Wide Net - May 2026
zcrm_5436421000135201998,Wide Net - May 2026
zcrm_5436421000135202040,Wide Net - May 2026
zcrm_5436421000135202089,Wide Net - May 2026
zcrm_5436421000135202149,Wide Net - May 2026
zcrm_5436421000135202444,Wide Net - May 2026
zcrm_5436421000135202458,Wide Net - May 2026
zcrm_5436421000135202469,Wide Net - May 2026
zcrm_5436421000135202638,Wide Net - May 2026
zcrm_5436421000135203013,Wide Net - May 2026
zcrm_5436421000135203089,Wide Net - May 2026
zcrm_5436421000135203124,Wide Net - May 2026
zcrm_5436421000135203130,Wide Net - May 2026
zcrm_5436421000135203598,Wide Net - May 2026
zcrm_5436421000135203983,Wide Net - May 2026
zcrm_5436421000135204013,Wide Net - May 2026
zcrm_5436421000135204025,Wide Net - May 2026
zcrm_5436421000135204106,Wide Net - May 2026
zcrm_5436421000135204176,Wide Net - May 2026
zcrm_5436421000135204459,Wide Net - May 2026
zcrm_5436421000135204489,Wide Net - May 2026
zcrm_5436421000135204567,Wide Net - May 2026
zcrm_5436421000135204602,Wide Net - May 2026
zcrm_5436421000135204614,Wide Net - May 2026
zcrm_5436421000135204683,Wide Net - May 2026
zcrm_5436421000135205000,Wide Net - May 2026
zcrm_5436421000135205008,Wide Net - May 2026
zcrm_5436421000135205523,Wide Net - May 2026
zcrm_5436421000135205529,Wide Net - May 2026
zcrm_5436421000135205561,Wide Net - May 2026
zcrm_5436421000135205582,Wide Net - May 2026
zcrm_5436421000135205640,Wide Net - May 2026
zcrm_5436421000135205984,Wide Net - May 2026
zcrm_5436421000135206611,Wide Net - May 2026
zcrm_5436421000135206619,Wide Net - May 2026
zcrm_5436421000135206970,Wide Net - May 2026
zcrm_5436421000135207068,Wide Net - May 2026
zcrm_5436421000135208469,Wide Net - May 2026
zcrm_5436421000135208498,Wide Net - May 2026
zcrm_5436421000135208514,Wide Net - May 2026
zcrm_5436421000135208556,Wide Net - May 2026
zcrm_5436421000135208619,Wide Net - May 2026
zcrm_5436421000135208981,Wide Net - May 2026
zcrm_5436421000135208995,Wide Net - May 2026
zcrm_5436421000135209004,Wide Net - May 2026
zcrm_5436421000135209138,Wide Net - May 2026
zcrm_5436421000135209595,Wide Net - May 2026
zcrm_5436421000135209598,Wide Net - May 2026
zcrm_5436421000135209615,Wide Net - May 2026
zcrm_5436421000135209971,Wide Net - May 2026
zcrm_5436421000135210459,Wide Net - May 2026
zcrm_5436421000135210492,Wide Net - May 2026
zcrm_5436421000135210523,Wide Net - May 2026
zcrm_5436421000135210631,Wide Net - May 2026
zcrm_5436421000135210995,Wide Net - May 2026
zcrm_5436421000135211597,Wide Net - May 2026
zcrm_5436421000135211996,Wide Net - May 2026
zcrm_5436421000135212007,Wide Net - May 2026
zcrm_5436421000135212124,Wide Net - May 2026
zcrm_5436421000135212498,Wide Net - May 2026
zcrm_5436421000135212609,Wide Net - May 2026
zcrm_5436421000135213115,Wide Net - May 2026
zcrm_5436421000135213455,Wide Net - May 2026
zcrm_5436421000135214124,Wide Net - May 2026
zcrm_5436421000135214130,Wide Net - May 2026
zcrm_5436421000135214685,Wide Net - May 2026
zcrm_5436421000135215649,Wide Net - May 2026
zcrm_5436421000135215939,Wide Net - May 2026
zcrm_5436421000135216051,Wide Net - May 2026
zcrm_5436421000135216054,Wide Net - May 2026
zcrm_5436421000135216097,Wide Net - May 2026
zcrm_5436421000135216679,Wide Net - May 2026
zcrm_5436421000135216950,Wide Net - May 2026
zcrm_5436421000135217632,Wide Net - May 2026
zcrm_5436421000135218011,Wide Net - May 2026
zcrm_5436421000135218084,Wide Net - May 2026
zcrm_5436421000135218123,Wide Net - May 2026
zcrm_5436421000135219095,Wide Net - May 2026
zcrm_5436421000135219563,Wide Net - May 2026
zcrm_5436421000135219596,Wide Net - May 2026
zcrm_5436421000135219658,Wide Net - May 2026
zcrm_5436421000135220173,Wide Net - May 2026
zcrm_5436421000135220556,Wide Net - May 2026
zcrm_5436421000135220640,Wide Net - May 2026
zcrm_5436421000135220678,Wide Net - May 2026
zcrm_5436421000135221029,Wide Net - May 2026
zcrm_5436421000135221980,Wide Net - May 2026
zcrm_5436421000135222006,Wide Net - May 2026
zcrm_5436421000135222058,Wide Net - May 2026
zcrm_5436421000135222449,Wide Net - May 2026
zcrm_5436421000135222669,Wide Net - May 2026
zcrm_5436421000135222999,Wide Net - May 2026
zcrm_5436421000135223562,Wide Net - May 2026
zcrm_5436421000135223581,Wide Net - May 2026
zcrm_5436421000135223635,Wide Net - May 2026
zcrm_5436421000135223971,Wide Net - May 2026
zcrm_5436421000135224111,Wide Net - May 2026
zcrm_5436421000135225677,Wide Net - May 2026
zcrm_5436421000135226169,Wide Net - May 2026
zcrm_5436421000135226997,Wide Net - May 2026
zcrm_5436421000135227149,Wide Net - May 2026
zcrm_5436421000135227469,Wide Net - May 2026
zcrm_5436421000135227561,Wide Net - May 2026
zcrm_5436421000135229014,Wide Net - May 2026
zcrm_5436421000135231454,Wide Net - May 2026
zcrm_5436421000135231602,Wide Net - May 2026
zcrm_5436421000135232176,Wide Net - May 2026
zcrm_5436421000135232666,Wide Net - May 2026
zcrm_5436421000135233141,Wide Net - May 2026
zcrm_5436421000135233150,Wide Net - May 2026
zcrm_5436421000135233555,Wide Net - May 2026
zcrm_5436421000135234492,Wide Net - May 2026
zcrm_5436421000135234672,Wide Net - May 2026
zcrm_5436421000135077385,Wide Net - May 2026
zcrm_5436421000135077424,Wide Net - May 2026
zcrm_5436421000135077713,Wide Net - May 2026
zcrm_5436421000135077872,Wide Net - May 2026
zcrm_5436421000135077888,Wide Net - May 2026
zcrm_5436421000135077896,Wide Net - May 2026
zcrm_5436421000135077950,Wide Net - May 2026
zcrm_5436421000135127186,Wide Net - May 2026
zcrm_5436421000135200608,Wide Net - May 2026
zcrm_5436421000135201058,Wide Net - May 2026
zcrm_5436421000135201064,Wide Net - May 2026
zcrm_5436421000135202054,Wide Net - May 2026
zcrm_5436421000135202658,Wide Net - May 2026
zcrm_5436421000135202661,Wide Net - May 2026
zcrm_5436421000135202946,Wide Net - May 2026
zcrm_5436421000135203601,Wide Net - May 2026
zcrm_5436421000135204462,Wide Net - May 2026
zcrm_5436421000135205109,Wide Net - May 2026
zcrm_5436421000135205136,Wide Net - May 2026
zcrm_5436421000135205486,Wide Net - May 2026
zcrm_5436421000135205531,Wide Net - May 2026
zcrm_5436421000135206130,Wide Net - May 2026
zcrm_5436421000135206656,Wide Net - May 2026
zcrm_5436421000135207620,Wide Net - May 2026
zcrm_5436421000135207634,Wide Net - May 2026
zcrm_5436421000135207942,Wide Net - May 2026
zcrm_5436421000135208024,Wide Net - May 2026
zcrm_5436421000135208945,Wide Net - May 2026
zcrm_5436421000135209153,Wide Net - May 2026
zcrm_5436421000135209469,Wide Net - May 2026
zcrm_5436421000135209555,Wide Net - May 2026
zcrm_5436421000135209958,Wide Net - May 2026
zcrm_5436421000135210076,Wide Net - May 2026
zcrm_5436421000135210605,Wide Net - May 2026
zcrm_5436421000135210948,Wide Net - May 2026
zcrm_5436421000135211506,Wide Net - May 2026
zcrm_5436421000135211973,Wide Net - May 2026
zcrm_5436421000135212097,Wide Net - May 2026
zcrm_5436421000135212441,Wide Net - May 2026
zcrm_5436421000135212567,Wide Net - May 2026
zcrm_5436421000135212627,Wide Net - May 2026
zcrm_5436421000135212680,Wide Net - May 2026
zcrm_5436421000135213450,Wide Net - May 2026
zcrm_5436421000135213567,Wide Net - May 2026
zcrm_5436421000135214099,Wide Net - May 2026
zcrm_5436421000135214680,Wide Net - May 2026
zcrm_5436421000135215492,Wide Net - May 2026
zcrm_5436421000135215496,Wide Net - May 2026
zcrm_5436421000135215586,Wide Net - May 2026
zcrm_5436421000135216062,Wide Net - May 2026
zcrm_5436421000135216940,Wide Net - May 2026
zcrm_5436421000135217595,Wide Net - May 2026
zcrm_5436421000135217597,Wide Net - May 2026
zcrm_5436421000135217601,Wide Net - May 2026
zcrm_5436421000135217647,Wide Net - May 2026
zcrm_5436421000135218088,Wide Net - May 2026
zcrm_5436421000135218463,Wide Net - May 2026
zcrm_5436421000135218655,Wide Net - May 2026
zcrm_5436421000135218681,Wide Net - May 2026
zcrm_5436421000135218980,Wide Net - May 2026
zcrm_5436421000135219009,Wide Net - May 2026
zcrm_5436421000135219011,Wide Net - May 2026
zcrm_5436421000135219043,Wide Net - May 2026
zcrm_5436421000135219105,Wide Net - May 2026
zcrm_5436421000135219135,Wide Net - May 2026
zcrm_5436421000135219169,Wide Net - May 2026
zcrm_5436421000135219495,Wide Net - May 2026
zcrm_5436421000135219968,Wide Net - May 2026
zcrm_5436421000135220439,Wide Net - May 2026
zcrm_5436421000135221038,Wide Net - May 2026
zcrm_5436421000135221135,Wide Net - May 2026
zcrm_5436421000135222037,Wide Net - May 2026
zcrm_5436421000135222453,Wide Net - May 2026
zcrm_5436421000135222461,Wide Net - May 2026
zcrm_5436421000135222594,Wide Net - May 2026
zcrm_5436421000135222630,Wide Net - May 2026
zcrm_5436421000135222659,Wide Net - May 2026
zcrm_5436421000135222996,Wide Net - May 2026
zcrm_5436421000135223002,Wide Net - May 2026
zcrm_5436421000135223017,Wide Net - May 2026
zcrm_5436421000135223051,Wide Net - May 2026
zcrm_5436421000135223052,Wide Net - May 2026
zcrm_5436421000135223115,Wide Net - May 2026
zcrm_5436421000135223646,Wide Net - May 2026
zcrm_5436421000135223678,Wide Net - May 2026
zcrm_5436421000135223938,Wide Net - May 2026
zcrm_5436421000135223945,Wide Net - May 2026
zcrm_5436421000135223983,Wide Net - May 2026
zcrm_5436421000135224075,Wide Net - May 2026
zcrm_5436421000135224537,Wide Net - May 2026
zcrm_5436421000135225153,Wide Net - May 2026
zcrm_5436421000135225589,Wide Net - May 2026
zcrm_5436421000135226081,Wide Net - May 2026
zcrm_5436421000135226578,Wide Net - May 2026
zcrm_5436421000135226582,Wide Net - May 2026
zcrm_5436421000135226611,Wide Net - May 2026
zcrm_5436421000135226677,Wide Net - May 2026
zcrm_5436421000135226684,Wide Net - May 2026
zcrm_5436421000135226979,Wide Net - May 2026
zcrm_5436421000135227052,Wide Net - May 2026
zcrm_5436421000135227079,Wide Net - May 2026
zcrm_5436421000135228034,Wide Net - May 2026
zcrm_5436421000135228622,Wide Net - May 2026
zcrm_5436421000135228637,Wide Net - May 2026
zcrm_5436421000135228982,Wide Net - May 2026
zcrm_5436421000135229462,Wide Net - May 2026
zcrm_5436421000135229649,Wide Net - May 2026
zcrm_5436421000135229657,Wide Net - May 2026
zcrm_5436421000135229672,Wide Net - May 2026
zcrm_5436421000135230182,Wide Net - May 2026
zcrm_5436421000135230966,Wide Net - May 2026
zcrm_5436421000135230983,Wide Net - May 2026
zcrm_5436421000135231088,Wide Net - May 2026
zcrm_5436421000135231606,Wide Net - May 2026
zcrm_5436421000135231650,Wide Net - May 2026
zcrm_5436421000135231989,Wide Net - May 2026
zcrm_5436421000135233149,Wide Net - May 2026
zcrm_5436421000135234018,Wide Net - May 2026
zcrm_5436421000135234174,Wide Net - May 2026
zcrm_5436421000135234179,Wide Net - May 2026
zcrm_5436421000135234563,Wide Net - May 2026
zcrm_5436421000135234603,Wide Net - May 2026
zcrm_5436421000135234635,Wide Net - May 2026
zcrm_5436421000135234651,Wide Net - May 2026
zcrm_5436421000135234674,Wide Net - May 2026
zcrm_5436421000135234953,Wide Net - May 2026
zcrm_5436421000135234961,Wide Net - May 2026
zcrm_5436421000135077394,Wide Net - May 2026
zcrm_5436421000135077862,Wide Net - May 2026
zcrm_5436421000135127244,Wide Net - May 2026
zcrm_5436421000135194273,Wide Net - May 2026
zcrm_5436421000135200065,Wide Net - May 2026
zcrm_5436421000135200143,Wide Net - May 2026
zcrm_5436421000135200573,Wide Net - May 2026
zcrm_5436421000135200676,Wide Net - May 2026
zcrm_5436421000135200960,Wide Net - May 2026
zcrm_5436421000135201447,Wide Net - May 2026
zcrm_5436421000135201504,Wide Net - May 2026
zcrm_5436421000135201654,Wide Net - May 2026
zcrm_5436421000135202100,Wide Net - May 2026
zcrm_5436421000135202134,Wide Net - May 2026
zcrm_5436421000135202651,Wide Net - May 2026
zcrm_5436421000135203111,Wide Net - May 2026
zcrm_5436421000135203660,Wide Net - May 2026
zcrm_5436421000135203977,Wide Net - May 2026
zcrm_5436421000135204024,Wide Net - May 2026
zcrm_5436421000135205020,Wide Net - May 2026
zcrm_5436421000135205550,Wide Net - May 2026
zcrm_5436421000135205963,Wide Net - May 2026
zcrm_5436421000135206626,Wide Net - May 2026
zcrm_5436421000135206978,Wide Net - May 2026
zcrm_5436421000135207996,Wide Net - May 2026
zcrm_5436421000135208028,Wide Net - May 2026
zcrm_5436421000135208457,Wide Net - May 2026
zcrm_5436421000135208528,Wide Net - May 2026
zcrm_5436421000135208966,Wide Net - May 2026
zcrm_5436421000135209173,Wide Net - May 2026
zcrm_5436421000135209464,Wide Net - May 2026
zcrm_5436421000135209489,Wide Net - May 2026
zcrm_5436421000135209497,Wide Net - May 2026
zcrm_5436421000135209947,Wide Net - May 2026
zcrm_5436421000135210028,Wide Net - May 2026
zcrm_5436421000135211490,Wide Net - May 2026
zcrm_5436421000135211576,Wide Net - May 2026
zcrm_5436421000135211628,Wide Net - May 2026
zcrm_5436421000135211679,Wide Net - May 2026
zcrm_5436421000135211957,Wide Net - May 2026
zcrm_5436421000135212019,Wide Net - May 2026
zcrm_5436421000135212153,Wide Net - May 2026
zcrm_5436421000135212471,Wide Net - May 2026
zcrm_5436421000135212646,Wide Net - May 2026
zcrm_5436421000135212949,Wide Net - May 2026
zcrm_5436421000135212963,Wide Net - May 2026
zcrm_5436421000135213572,Wide Net - May 2026
zcrm_5436421000135213613,Wide Net - May 2026
zcrm_5436421000135213614,Wide Net - May 2026
zcrm_5436421000135213622,Wide Net - May 2026
zcrm_5436421000135214070,Wide Net - May 2026
zcrm_5436421000135214084,Wide Net - May 2026
zcrm_5436421000135214157,Wide Net - May 2026
zcrm_5436421000135214959,Wide Net - May 2026
zcrm_5436421000135215029,Wide Net - May 2026
zcrm_5436421000135215068,Wide Net - May 2026
zcrm_5436421000135215628,Wide Net - May 2026
zcrm_5436421000135215993,Wide Net - May 2026
zcrm_5436421000135216126,Wide Net - May 2026
zcrm_5436421000135216177,Wide Net - May 2026
zcrm_5436421000135216469,Wide Net - May 2026
zcrm_5436421000135216533,Wide Net - May 2026
zcrm_5436421000135216558,Wide Net - May 2026
zcrm_5436421000135217140,Wide Net - May 2026
zcrm_5436421000135217659,Wide Net - May 2026
zcrm_5436421000135217663,Wide Net - May 2026
zcrm_5436421000135218635,Wide Net - May 2026
zcrm_5436421000135218982,Wide Net - May 2026
zcrm_5436421000135219080,Wide Net - May 2026
zcrm_5436421000135219452,Wide Net - May 2026
zcrm_5436421000135219490,Wide Net - May 2026
zcrm_5436421000135219973,Wide Net - May 2026
zcrm_5436421000135219978,Wide Net - May 2026
zcrm_5436421000135220103,Wide Net - May 2026
zcrm_5436421000135220508,Wide Net - May 2026
zcrm_5436421000135220528,Wide Net - May 2026
zcrm_5436421000135220557,Wide Net - May 2026
zcrm_5436421000135220583,Wide Net - May 2026
zcrm_5436421000135220599,Wide Net - May 2026
zcrm_5436421000135220988,Wide Net - May 2026
zcrm_5436421000135221091,Wide Net - May 2026
zcrm_5436421000135221465,Wide Net - May 2026
zcrm_5436421000135221532,Wide Net - May 2026
zcrm_5436421000135221620,Wide Net - May 2026
zcrm_5436421000135222054,Wide Net - May 2026
zcrm_5436421000135222158,Wide Net - May 2026
zcrm_5436421000135222174,Wide Net - May 2026
zcrm_5436421000135222486,Wide Net - May 2026
zcrm_5436421000135222494,Wide Net - May 2026
zcrm_5436421000135223074,Wide Net - May 2026
zcrm_5436421000135223457,Wide Net - May 2026
zcrm_5436421000135223521,Wide Net - May 2026
zcrm_5436421000135223536,Wide Net - May 2026
zcrm_5436421000135223571,Wide Net - May 2026
zcrm_5436421000135223941,Wide Net - May 2026
zcrm_5436421000135224497,Wide Net - May 2026
zcrm_5436421000135224539,Wide Net - May 2026
zcrm_5436421000135225087,Wide Net - May 2026
zcrm_5436421000135225446,Wide Net - May 2026
zcrm_5436421000135225551,Wide Net - May 2026
zcrm_5436421000135225635,Wide Net - May 2026
zcrm_5436421000135225679,Wide Net - May 2026
zcrm_5436421000135226186,Wide Net - May 2026
zcrm_5436421000135226617,Wide Net - May 2026
zcrm_5436421000135226992,Wide Net - May 2026
zcrm_5436421000135227011,Wide Net - May 2026
zcrm_5436421000135227100,Wide Net - May 2026
zcrm_5436421000135227107,Wide Net - May 2026
zcrm_5436421000135227687,Wide Net - May 2026
zcrm_5436421000135228078,Wide Net - May 2026
zcrm_5436421000135228163,Wide Net - May 2026
zcrm_5436421000135228169,Wide Net - May 2026
zcrm_5436421000135228173,Wide Net - May 2026
zcrm_5436421000135229009,Wide Net - May 2026
zcrm_5436421000135229010,Wide Net - May 2026
zcrm_5436421000135229065,Wide Net - May 2026
zcrm_5436421000135229099,Wide Net - May 2026
zcrm_5436421000135229111,Wide Net - May 2026
zcrm_5436421000135229113,Wide Net - May 2026
zcrm_5436421000135229492,Wide Net - May 2026
zcrm_5436421000135229612,Wide Net - May 2026
zcrm_5436421000135229963,Wide Net - May 2026
zcrm_5436421000135230153,Wide Net - May 2026
zcrm_5436421000135230173,Wide Net - May 2026
zcrm_5436421000135230466,Wide Net - May 2026
zcrm_5436421000135230471,Wide Net - May 2026
zcrm_5436421000135230473,Wide Net - May 2026
zcrm_5436421000135230516,Wide Net - May 2026
zcrm_5436421000135230517,Wide Net - May 2026
zcrm_5436421000135230524,Wide Net - May 2026
zcrm_5436421000135230641,Wide Net - May 2026
zcrm_5436421000135231078,Wide Net - May 2026
zcrm_5436421000135231100,Wide Net - May 2026
zcrm_5436421000135231169,Wide Net - May 2026
zcrm_5436421000135231490,Wide Net - May 2026
zcrm_5436421000135231612,Wide Net - May 2026
zcrm_5436421000135231636,Wide Net - May 2026
zcrm_5436421000135231974,Wide Net - May 2026
zcrm_5436421000135232056,Wide Net - May 2026
zcrm_5436421000135232149,Wide Net - May 2026
zcrm_5436421000135232511,Wide Net - May 2026
zcrm_5436421000135232515,Wide Net - May 2026
zcrm_5436421000135232524,Wide Net - May 2026
zcrm_5436421000135232684,Wide Net - May 2026
zcrm_5436421000135232995,Wide Net - May 2026
zcrm_5436421000135233017,Wide Net - May 2026
zcrm_5436421000135233168,Wide Net - May 2026
zcrm_5436421000135233496,Wide Net - May 2026
zcrm_5436421000135233577,Wide Net - May 2026
zcrm_5436421000135233605,Wide Net - May 2026
zcrm_5436421000135234022,Wide Net - May 2026
zcrm_5436421000135234517,Wide Net - May 2026
zcrm_5436421000135234543,Wide Net - May 2026
zcrm_5436421000135234590,Wide Net - May 2026
zcrm_5436421000135077809,Wide Net - May 2026
zcrm_5436421000135194247,Wide Net - May 2026
zcrm_5436421000135194335,Wide Net - May 2026
zcrm_5436421000135194456,Wide Net - May 2026
zcrm_5436421000135200168,Wide Net - May 2026
zcrm_5436421000135201008,Wide Net - May 2026
zcrm_5436421000135201625,Wide Net - May 2026
zcrm_5436421000135202064,Wide Net - May 2026
zcrm_5436421000135202156,Wide Net - May 2026
zcrm_5436421000135203063,Wide Net - May 2026
zcrm_5436421000135204491,Wide Net - May 2026
zcrm_5436421000135204644,Wide Net - May 2026
zcrm_5436421000135204685,Wide Net - May 2026
zcrm_5436421000135204960,Wide Net - May 2026
zcrm_5436421000135204962,Wide Net - May 2026
zcrm_5436421000135205442,Wide Net - May 2026
zcrm_5436421000135206457,Wide Net - May 2026
zcrm_5436421000135206661,Wide Net - May 2026
zcrm_5436421000135207057,Wide Net - May 2026
zcrm_5436421000135207086,Wide Net - May 2026
zcrm_5436421000135207550,Wide Net - May 2026
zcrm_5436421000135208455,Wide Net - May 2026
zcrm_5436421000135208519,Wide Net - May 2026
zcrm_5436421000135208520,Wide Net - May 2026
zcrm_5436421000135208955,Wide Net - May 2026
zcrm_5436421000135209070,Wide Net - May 2026
zcrm_5436421000135209099,Wide Net - May 2026
zcrm_5436421000135209117,Wide Net - May 2026
zcrm_5436421000135209461,Wide Net - May 2026
zcrm_5436421000135209468,Wide Net - May 2026
zcrm_5436421000135209948,Wide Net - May 2026
zcrm_5436421000135210101,Wide Net - May 2026
zcrm_5436421000135210105,Wide Net - May 2026
zcrm_5436421000135210186,Wide Net - May 2026
zcrm_5436421000135210461,Wide Net - May 2026
zcrm_5436421000135210469,Wide Net - May 2026
zcrm_5436421000135210490,Wide Net - May 2026
zcrm_5436421000135210491,Wide Net - May 2026
zcrm_5436421000135210534,Wide Net - May 2026
zcrm_5436421000135210551,Wide Net - May 2026
zcrm_5436421000135210680,Wide Net - May 2026
zcrm_5436421000135210960,Wide Net - May 2026
zcrm_5436421000135211095,Wide Net - May 2026
zcrm_5436421000135211152,Wide Net - May 2026
zcrm_5436421000135211581,Wide Net - May 2026
zcrm_5436421000135212104,Wide Net - May 2026
zcrm_5436421000135212119,Wide Net - May 2026
zcrm_5436421000135212562,Wide Net - May 2026
zcrm_5436421000135212967,Wide Net - May 2026
zcrm_5436421000135213089,Wide Net - May 2026
zcrm_5436421000135213499,Wide Net - May 2026
zcrm_5436421000135213541,Wide Net - May 2026
zcrm_5436421000135213569,Wide Net - May 2026
zcrm_5436421000135214556,Wide Net - May 2026
zcrm_5436421000135214651,Wide Net - May 2026
zcrm_5436421000135214662,Wide Net - May 2026
zcrm_5436421000135214681,Wide Net - May 2026
zcrm_5436421000135214943,Wide Net - May 2026
zcrm_5436421000135215127,Wide Net - May 2026
zcrm_5436421000135215171,Wide Net - May 2026
zcrm_5436421000135215441,Wide Net - May 2026
zcrm_5436421000135215966,Wide Net - May 2026
zcrm_5436421000135215967,Wide Net - May 2026
zcrm_5436421000135216031,Wide Net - May 2026
zcrm_5436421000135216106,Wide Net - May 2026
zcrm_5436421000135216648,Wide Net - May 2026
zcrm_5436421000135216966,Wide Net - May 2026
zcrm_5436421000135216971,Wide Net - May 2026
zcrm_5436421000135217498,Wide Net - May 2026
zcrm_5436421000135217531,Wide Net - May 2026
zcrm_5436421000135217543,Wide Net - May 2026
zcrm_5436421000135218026,Wide Net - May 2026
zcrm_5436421000135218148,Wide Net - May 2026
zcrm_5436421000135219174,Wide Net - May 2026
zcrm_5436421000135220440,Wide Net - May 2026
zcrm_5436421000135220571,Wide Net - May 2026
zcrm_5436421000135220951,Wide Net - May 2026
zcrm_5436421000135221487,Wide Net - May 2026
zcrm_5436421000135221675,Wide Net - May 2026
zcrm_5436421000135221991,Wide Net - May 2026
zcrm_5436421000135222001,Wide Net - May 2026
zcrm_5436421000135222498,Wide Net - May 2026
zcrm_5436421000135222970,Wide Net - May 2026
zcrm_5436421000135223089,Wide Net - May 2026
zcrm_5436421000135223595,Wide Net - May 2026
zcrm_5436421000135223952,Wide Net - May 2026
zcrm_5436421000135224114,Wide Net - May 2026
zcrm_5436421000135224130,Wide Net - May 2026
zcrm_5436421000135224952,Wide Net - May 2026
zcrm_5436421000135225442,Wide Net - May 2026
zcrm_5436421000135225581,Wide Net - May 2026
zcrm_5436421000135226466,Wide Net - May 2026
zcrm_5436421000135226469,Wide Net - May 2026
zcrm_5436421000135226610,Wide Net - May 2026
zcrm_5436421000135227078,Wide Net - May 2026
zcrm_5436421000135227470,Wide Net - May 2026
zcrm_5436421000135228134,Wide Net - May 2026
zcrm_5436421000135228445,Wide Net - May 2026
zcrm_5436421000135228534,Wide Net - May 2026
zcrm_5436421000135228652,Wide Net - May 2026
zcrm_5436421000135230034,Wide Net - May 2026
zcrm_5436421000135230114,Wide Net - May 2026
zcrm_5436421000135231103,Wide Net - May 2026
zcrm_5436421000135231126,Wide Net - May 2026
zcrm_5436421000135232166,Wide Net - May 2026
zcrm_5436421000135232467,Wide Net - May 2026
zcrm_5436421000135232978,Wide Net - May 2026
zcrm_5436421000135234011,Wide Net - May 2026
zcrm_5436421000135234114,Wide Net - May 2026
zcrm_5436421000135234440,Wide Net - May 2026
zcrm_5436421000135234643,Wide Net - May 2026
zcrm_5436421000135235026,Wide Net - May 2026
zcrm_5436421000135235029,Wide Net - May 2026
zcrm_5436421000135235046,Wide Net - May 2026
zcrm_5436421000135077327,Wide Net - May 2026
zcrm_5436421000135077361,Wide Net - May 2026
zcrm_5436421000135077803,Wide Net - May 2026
zcrm_5436421000135077948,Wide Net - May 2026
zcrm_5436421000135194731,Wide Net - May 2026
zcrm_5436421000135200159,Wide Net - May 2026
zcrm_5436421000135200531,Wide Net - May 2026
zcrm_5436421000135200532,Wide Net - May 2026
zcrm_5436421000135200655,Wide Net - May 2026
zcrm_5436421000135200659,Wide Net - May 2026
zcrm_5436421000135201093,Wide Net - May 2026
zcrm_5436421000135201582,Wide Net - May 2026
zcrm_5436421000135201652,Wide Net - May 2026
zcrm_5436421000135202558,Wide Net - May 2026
zcrm_5436421000135203981,Wide Net - May 2026
zcrm_5436421000135204158,Wide Net - May 2026
zcrm_5436421000135204632,Wide Net - May 2026
zcrm_5436421000135205079,Wide Net - May 2026
zcrm_5436421000135205960,Wide Net - May 2026
zcrm_5436421000135206086,Wide Net - May 2026
zcrm_5436421000135206175,Wide Net - May 2026
zcrm_5436421000135206686,Wide Net - May 2026
zcrm_5436421000135206946,Wide Net - May 2026
zcrm_5436421000135207105,Wide Net - May 2026
zcrm_5436421000135208157,Wide Net - May 2026
zcrm_5436421000135208493,Wide Net - May 2026
zcrm_5436421000135209036,Wide Net - May 2026
zcrm_5436421000135209172,Wide Net - May 2026
zcrm_5436421000135209462,Wide Net - May 2026
zcrm_5436421000135209608,Wide Net - May 2026
zcrm_5436421000135210132,Wide Net - May 2026
zcrm_5436421000135210966,Wide Net - May 2026
zcrm_5436421000135211101,Wide Net - May 2026
zcrm_5436421000135212082,Wide Net - May 2026
zcrm_5436421000135212603,Wide Net - May 2026
zcrm_5436421000135213546,Wide Net - May 2026
zcrm_5436421000135214003,Wide Net - May 2026
zcrm_5436421000135214523,Wide Net - May 2026
zcrm_5436421000135215559,Wide Net - May 2026
zcrm_5436421000135215652,Wide Net - May 2026
zcrm_5436421000135216117,Wide Net - May 2026
zcrm_5436421000135216507,Wide Net - May 2026
zcrm_5436421000135216583,Wide Net - May 2026
zcrm_5436421000135217526,Wide Net - May 2026
zcrm_5436421000135217553,Wide Net - May 2026
zcrm_5436421000135218492,Wide Net - May 2026
zcrm_5436421000135218622,Wide Net - May 2026
zcrm_5436421000135219601,Wide Net - May 2026
zcrm_5436421000135219649,Wide Net - May 2026
zcrm_5436421000135220453,Wide Net - May 2026
zcrm_5436421000135220473,Wide Net - May 2026
zcrm_5436421000135221444,Wide Net - May 2026
zcrm_5436421000135224140,Wide Net - May 2026
zcrm_5436421000135224182,Wide Net - May 2026
zcrm_5436421000135224603,Wide Net - May 2026
zcrm_5436421000135226450,Wide Net - May 2026
zcrm_5436421000135226467,Wide Net - May 2026
zcrm_5436421000135226514,Wide Net - May 2026
zcrm_5436421000135226602,Wide Net - May 2026
zcrm_5436421000135227036,Wide Net - May 2026
zcrm_5436421000135227538,Wide Net - May 2026
zcrm_5436421000135227563,Wide Net - May 2026
zcrm_5436421000135227606,Wide Net - May 2026
zcrm_5436421000135227676,Wide Net - May 2026
zcrm_5436421000135227943,Wide Net - May 2026
zcrm_5436421000135228439,Wide Net - May 2026
zcrm_5436421000135228578,Wide Net - May 2026
zcrm_5436421000135229165,Wide Net - May 2026
zcrm_5436421000135229568,Wide Net - May 2026
zcrm_5436421000135230044,Wide Net - May 2026
zcrm_5436421000135230165,Wide Net - May 2026
zcrm_5436421000135230171,Wide Net - May 2026
zcrm_5436421000135230610,Wide Net - May 2026
zcrm_5436421000135231453,Wide Net - May 2026
zcrm_5436421000135232086,Wide Net - May 2026
zcrm_5436421000135232648,Wide Net - May 2026
zcrm_5436421000135233642,Wide Net - May 2026
zcrm_5436421000135233647,Wide Net - May 2026
zcrm_5436421000135234101,Wide Net - May 2026
zcrm_5436421000135234160,Wide Net - May 2026
zcrm_5436421000135235033,Wide Net - May 2026
zcrm_5436421000135235086,Wide Net - May 2026
zcrm_5436421000135057964,Wide Net - May 2026
zcrm_5436421000135077344,Wide Net - May 2026
zcrm_5436421000135077448,Wide Net - May 2026
zcrm_5436421000135077766,Wide Net - May 2026
zcrm_5436421000135077782,Wide Net - May 2026
zcrm_5436421000135127190,Wide Net - May 2026
zcrm_5436421000135127236,Wide Net - May 2026
zcrm_5436421000135194246,Wide Net - May 2026
zcrm_5436421000135194306,Wide Net - May 2026
zcrm_5436421000135194452,Wide Net - May 2026
zcrm_5436421000135194747,Wide Net - May 2026
zcrm_5436421000135200177,Wide Net - May 2026
zcrm_5436421000135201063,Wide Net - May 2026
zcrm_5436421000135201530,Wide Net - May 2026
zcrm_5436421000135201970,Wide Net - May 2026
zcrm_5436421000135201991,Wide Net - May 2026
zcrm_5436421000135202004,Wide Net - May 2026
zcrm_5436421000135202045,Wide Net - May 2026
zcrm_5436421000135202070,Wide Net - May 2026
zcrm_5436421000135202122,Wide Net - May 2026
zcrm_5436421000135202438,Wide Net - May 2026
zcrm_5436421000135202473,Wide Net - May 2026
zcrm_5436421000135202505,Wide Net - May 2026
zcrm_5436421000135202554,Wide Net - May 2026
zcrm_5436421000135202660,Wide Net - May 2026
zcrm_5436421000135202966,Wide Net - May 2026
zcrm_5436421000135203023,Wide Net - May 2026
zcrm_5436421000135203067,Wide Net - May 2026
zcrm_5436421000135204083,Wide Net - May 2026
zcrm_5436421000135204096,Wide Net - May 2026
zcrm_5436421000135204123,Wide Net - May 2026
zcrm_5436421000135204159,Wide Net - May 2026
zcrm_5436421000135204475,Wide Net - May 2026
zcrm_5436421000135204480,Wide Net - May 2026
zcrm_5436421000135204635,Wide Net - May 2026
zcrm_5436421000135204999,Wide Net - May 2026
zcrm_5436421000135205032,Wide Net - May 2026
zcrm_5436421000135205049,Wide Net - May 2026
zcrm_5436421000135205441,Wide Net - May 2026
zcrm_5436421000135205457,Wide Net - May 2026
zcrm_5436421000135205583,Wide Net - May 2026
zcrm_5436421000135205647,Wide Net - May 2026
zcrm_5436421000135205979,Wide Net - May 2026
zcrm_5436421000135057965,Wide Net - May 2026
zcrm_5436421000135057976,Wide Net - May 2026
zcrm_5436421000135077301,Wide Net - May 2026
zcrm_5436421000135077411,Wide Net - May 2026
zcrm_5436421000135077860,Wide Net - May 2026
zcrm_5436421000135127233,Wide Net - May 2026
zcrm_5436421000135194360,Wide Net - May 2026
zcrm_5436421000135200090,Wide Net - May 2026
zcrm_5436421000135200123,Wide Net - May 2026
zcrm_5436421000135200142,Wide Net - May 2026
zcrm_5436421000135200469,Wide Net - May 2026
zcrm_5436421000135200523,Wide Net - May 2026
zcrm_5436421000135200616,Wide Net - May 2026
zcrm_5436421000135200634,Wide Net - May 2026
zcrm_5436421000135200968,Wide Net - May 2026
zcrm_5436421000135200982,Wide Net - May 2026
zcrm_5436421000135201057,Wide Net - May 2026
zcrm_5436421000135201059,Wide Net - May 2026
zcrm_5436421000135201143,Wide Net - May 2026
zcrm_5436421000135201146,Wide Net - May 2026
zcrm_5436421000135201439,Wide Net - May 2026
zcrm_5436421000135201440,Wide Net - May 2026
zcrm_5436421000135201441,Wide Net - May 2026
zcrm_5436421000135201455,Wide Net - May 2026
zcrm_5436421000135201528,Wide Net - May 2026
zcrm_5436421000135201564,Wide Net - May 2026
zcrm_5436421000135201598,Wide Net - May 2026
zcrm_5436421000135202047,Wide Net - May 2026
zcrm_5436421000135202493,Wide Net - May 2026
zcrm_5436421000135203057,Wide Net - May 2026
zcrm_5436421000135203077,Wide Net - May 2026
zcrm_5436421000135203142,Wide Net - May 2026
zcrm_5436421000135203480,Wide Net - May 2026
zcrm_5436421000135203482,Wide Net - May 2026
zcrm_5436421000135203499,Wide Net - May 2026
zcrm_5436421000135203541,Wide Net - May 2026
zcrm_5436421000135203543,Wide Net - May 2026
zcrm_5436421000135204039,Wide Net - May 2026
zcrm_5436421000135204068,Wide Net - May 2026
zcrm_5436421000135204185,Wide Net - May 2026
zcrm_5436421000135204455,Wide Net - May 2026
zcrm_5436421000135204587,Wide Net - May 2026
zcrm_5436421000135204680,Wide Net - May 2026
zcrm_5436421000135205589,Wide Net - May 2026
zcrm_5436421000135205591,Wide Net - May 2026
zcrm_5436421000135205659,Wide Net - May 2026
zcrm_5436421000135205674,Wide Net - May 2026
zcrm_5436421000135206013,Wide Net - May 2026
zcrm_5436421000135206182,Wide Net - May 2026
zcrm_5436421000135206537,Wide Net - May 2026
zcrm_5436421000135206557,Wide Net - May 2026
zcrm_5436421000135206604,Wide Net - May 2026
zcrm_5436421000135206981,Wide Net - May 2026
zcrm_5436421000135207041,Wide Net - May 2026
zcrm_5436421000135207147,Wide Net - May 2026
zcrm_5436421000135207573,Wide Net - May 2026
zcrm_5436421000135208033,Wide Net - May 2026
zcrm_5436421000135208176,Wide Net - May 2026
zcrm_5436421000135208181,Wide Net - May 2026
zcrm_5436421000135208485,Wide Net - May 2026
zcrm_5436421000135208516,Wide Net - May 2026
zcrm_5436421000135208560,Wide Net - May 2026
zcrm_5436421000135209033,Wide Net - May 2026
zcrm_5436421000135209076,Wide Net - May 2026
zcrm_5436421000135210044,Wide Net - May 2026
zcrm_5436421000135210543,Wide Net - May 2026
zcrm_5436421000135211444,Wide Net - May 2026
zcrm_5436421000135211451,Wide Net - May 2026
zcrm_5436421000135211534,Wide Net - May 2026
zcrm_5436421000135211546,Wide Net - May 2026
zcrm_5436421000135212077,Wide Net - May 2026
zcrm_5436421000135212508,Wide Net - May 2026
zcrm_5436421000135213047,Wide Net - May 2026
zcrm_5436421000135213049,Wide Net - May 2026
zcrm_5436421000135213508,Wide Net - May 2026
zcrm_5436421000135214090,Wide Net - May 2026
zcrm_5436421000135214106,Wide Net - May 2026
zcrm_5436421000135214566,Wide Net - May 2026
zcrm_5436421000135215002,Wide Net - May 2026
zcrm_5436421000135215148,Wide Net - May 2026
zcrm_5436421000135215480,Wide Net - May 2026
zcrm_5436421000135215489,Wide Net - May 2026
zcrm_5436421000135215532,Wide Net - May 2026
zcrm_5436421000135215616,Wide Net - May 2026
zcrm_5436421000135216034,Wide Net - May 2026
zcrm_5436421000135216477,Wide Net - May 2026
zcrm_5436421000135216598,Wide Net - May 2026
zcrm_5436421000135216626,Wide Net - May 2026
zcrm_5436421000135217172,Wide Net - May 2026
zcrm_5436421000135217454,Wide Net - May 2026
zcrm_5436421000135217546,Wide Net - May 2026
zcrm_5436421000135217623,Wide Net - May 2026
zcrm_5436421000135217974,Wide Net - May 2026
zcrm_5436421000135218046,Wide Net - May 2026
zcrm_5436421000135218069,Wide Net - May 2026
zcrm_5436421000135218122,Wide Net - May 2026
zcrm_5436421000135218473,Wide Net - May 2026
zcrm_5436421000135218576,Wide Net - May 2026
zcrm_5436421000135218660,Wide Net - May 2026
zcrm_5436421000135218944,Wide Net - May 2026
zcrm_5436421000135219557,Wide Net - May 2026
zcrm_5436421000135219651,Wide Net - May 2026
zcrm_5436421000135220002,Wide Net - May 2026
zcrm_5436421000135220134,Wide Net - May 2026
zcrm_5436421000135220525,Wide Net - May 2026
zcrm_5436421000135221044,Wide Net - May 2026
zcrm_5436421000135221149,Wide Net - May 2026
zcrm_5436421000135221165,Wide Net - May 2026
zcrm_5436421000135221438,Wide Net - May 2026
zcrm_5436421000135221543,Wide Net - May 2026
zcrm_5436421000135221647,Wide Net - May 2026
zcrm_5436421000135222024,Wide Net - May 2026
zcrm_5436421000135222056,Wide Net - May 2026
zcrm_5436421000135222124,Wide Net - May 2026
zcrm_5436421000135222444,Wide Net - May 2026
zcrm_5436421000135223073,Wide Net - May 2026
zcrm_5436421000135224151,Wide Net - May 2026
zcrm_5436421000135224980,Wide Net - May 2026
zcrm_5436421000135224992,Wide Net - May 2026
zcrm_5436421000135225179,Wide Net - May 2026
zcrm_5436421000135225550,Wide Net - May 2026
zcrm_5436421000135225980,Wide Net - May 2026
zcrm_5436421000135226183,Wide Net - May 2026
zcrm_5436421000135226989,Wide Net - May 2026
zcrm_5436421000135227448,Wide Net - May 2026
zcrm_5436421000135227509,Wide Net - May 2026
zcrm_5436421000135227522,Wide Net - May 2026
zcrm_5436421000135227960,Wide Net - May 2026
zcrm_5436421000135227985,Wide Net - May 2026
zcrm_5436421000135228057,Wide Net - May 2026
zcrm_5436421000135228480,Wide Net - May 2026
zcrm_5436421000135228965,Wide Net - May 2026
zcrm_5436421000135228983,Wide Net - May 2026
zcrm_5436421000135229047,Wide Net - May 2026
zcrm_5436421000135229450,Wide Net - May 2026
zcrm_5436421000135229470,Wide Net - May 2026
zcrm_5436421000135229505,Wide Net - May 2026
zcrm_5436421000135229523,Wide Net - May 2026
zcrm_5436421000135229567,Wide Net - May 2026
zcrm_5436421000135229958,Wide Net - May 2026
zcrm_5436421000135230062,Wide Net - May 2026
zcrm_5436421000135230445,Wide Net - May 2026
zcrm_5436421000135230500,Wide Net - May 2026
zcrm_5436421000135230535,Wide Net - May 2026
zcrm_5436421000135230612,Wide Net - May 2026
zcrm_5436421000135230615,Wide Net - May 2026
zcrm_5436421000135230620,Wide Net - May 2026
zcrm_5436421000135230649,Wide Net - May 2026
zcrm_5436421000135231026,Wide Net - May 2026
zcrm_5436421000135231048,Wide Net - May 2026
zcrm_5436421000135231073,Wide Net - May 2026
zcrm_5436421000135231632,Wide Net - May 2026
zcrm_5436421000135231684,Wide Net - May 2026
zcrm_5436421000135232007,Wide Net - May 2026
zcrm_5436421000135232489,Wide Net - May 2026
zcrm_5436421000135232496,Wide Net - May 2026
zcrm_5436421000135233001,Wide Net - May 2026
zcrm_5436421000135234490,Wide Net - May 2026
zcrm_5436421000135234559,Wide Net - May 2026
zcrm_5436421000135077771,Wide Net - May 2026
zcrm_5436421000135077808,Wide Net - May 2026
zcrm_5436421000135194370,Wide Net - May 2026
zcrm_5436421000135194405,Wide Net - May 2026
zcrm_5436421000135194410,Wide Net - May 2026
zcrm_5436421000135194792,Wide Net - May 2026
zcrm_5436421000135201026,Wide Net - May 2026
zcrm_5436421000135201606,Wide Net - May 2026
zcrm_5436421000135202103,Wide Net - May 2026
zcrm_5436421000135202187,Wide Net - May 2026
zcrm_5436421000135203103,Wide Net - May 2026
zcrm_5436421000135203582,Wide Net - May 2026
zcrm_5436421000135204079,Wide Net - May 2026
zcrm_5436421000135204115,Wide Net - May 2026
zcrm_5436421000135204942,Wide Net - May 2026
zcrm_5436421000135205525,Wide Net - May 2026
zcrm_5436421000135205635,Wide Net - May 2026
zcrm_5436421000135205636,Wide Net - May 2026
zcrm_5436421000135205664,Wide Net - May 2026
zcrm_5436421000135206481,Wide Net - May 2026
zcrm_5436421000135206543,Wide Net - May 2026
zcrm_5436421000135206659,Wide Net - May 2026
zcrm_5436421000135207482,Wide Net - May 2026
zcrm_5436421000135207581,Wide Net - May 2026
zcrm_5436421000135208038,Wide Net - May 2026
zcrm_5436421000135208098,Wide Net - May 2026
zcrm_5436421000135208443,Wide Net - May 2026
zcrm_5436421000135208544,Wide Net - May 2026
zcrm_5436421000135208579,Wide Net - May 2026
zcrm_5436421000135208588,Wide Net - May 2026
zcrm_5436421000135208678,Wide Net - May 2026
zcrm_5436421000135209008,Wide Net - May 2026
zcrm_5436421000135209659,Wide Net - May 2026
zcrm_5436421000135210013,Wide Net - May 2026
zcrm_5436421000135210589,Wide Net - May 2026
zcrm_5436421000135210652,Wide Net - May 2026
zcrm_5436421000135211087,Wide Net - May 2026
zcrm_5436421000135211517,Wide Net - May 2026
zcrm_5436421000135212147,Wide Net - May 2026
zcrm_5436421000135212181,Wide Net - May 2026
zcrm_5436421000135212938,Wide Net - May 2026
zcrm_5436421000135213041,Wide Net - May 2026
zcrm_5436421000135213149,Wide Net - May 2026
zcrm_5436421000135213522,Wide Net - May 2026
zcrm_5436421000135213559,Wide Net - May 2026
zcrm_5436421000135213676,Wide Net - May 2026
zcrm_5436421000135214161,Wide Net - May 2026
zcrm_5436421000135214164,Wide Net - May 2026
zcrm_5436421000135214494,Wide Net - May 2026
zcrm_5436421000135214554,Wide Net - May 2026
zcrm_5436421000135214596,Wide Net - May 2026
zcrm_5436421000135215159,Wide Net - May 2026
zcrm_5436421000135215170,Wide Net - May 2026
zcrm_5436421000135215465,Wide Net - May 2026
zcrm_5436421000135215523,Wide Net - May 2026
zcrm_5436421000135215584,Wide Net - May 2026
zcrm_5436421000135216098,Wide Net - May 2026
zcrm_5436421000135216123,Wide Net - May 2026
zcrm_5436421000135216678,Wide Net - May 2026
zcrm_5436421000135217542,Wide Net - May 2026
zcrm_5436421000135217583,Wide Net - May 2026
zcrm_5436421000135219049,Wide Net - May 2026
zcrm_5436421000135219518,Wide Net - May 2026
zcrm_5436421000135219525,Wide Net - May 2026
zcrm_5436421000135219606,Wide Net - May 2026
zcrm_5436421000135220184,Wide Net - May 2026
zcrm_5436421000135220479,Wide Net - May 2026
zcrm_5436421000135220489,Wide Net - May 2026
zcrm_5436421000135220610,Wide Net - May 2026
zcrm_5436421000135220624,Wide Net - May 2026
zcrm_5436421000135221575,Wide Net - May 2026
zcrm_5436421000135221944,Wide Net - May 2026
zcrm_5436421000135221979,Wide Net - May 2026
zcrm_5436421000135222002,Wide Net - May 2026
zcrm_5436421000135222045,Wide Net - May 2026
zcrm_5436421000135222531,Wide Net - May 2026
zcrm_5436421000135222639,Wide Net - May 2026
zcrm_5436421000135222646,Wide Net - May 2026
zcrm_5436421000135222666,Wide Net - May 2026
zcrm_5436421000135223093,Wide Net - May 2026
zcrm_5436421000135223524,Wide Net - May 2026
zcrm_5436421000135223541,Wide Net - May 2026
zcrm_5436421000135224643,Wide Net - May 2026
zcrm_5436421000135225508,Wide Net - May 2026
zcrm_5436421000135225996,Wide Net - May 2026
zcrm_5436421000135226120,Wide Net - May 2026
zcrm_5436421000135226628,Wide Net - May 2026
zcrm_5436421000135227018,Wide Net - May 2026
zcrm_5436421000135227156,Wide Net - May 2026
zcrm_5436421000135227466,Wide Net - May 2026
zcrm_5436421000135227569,Wide Net - May 2026
zcrm_5436421000135227642,Wide Net - May 2026
zcrm_5436421000135228048,Wide Net - May 2026
zcrm_5436421000135228155,Wide Net - May 2026
zcrm_5436421000135228455,Wide Net - May 2026
zcrm_5436421000135228542,Wide Net - May 2026
zcrm_5436421000135228551,Wide Net - May 2026
zcrm_5436421000135228614,Wide Net - May 2026
zcrm_5436421000135229137,Wide Net - May 2026
zcrm_5436421000135229460,Wide Net - May 2026
zcrm_5436421000135230496,Wide Net - May 2026
zcrm_5436421000135230587,Wide Net - May 2026
zcrm_5436421000135231082,Wide Net - May 2026
zcrm_5436421000135231456,Wide Net - May 2026
zcrm_5436421000135231999,Wide Net - May 2026
zcrm_5436421000135232074,Wide Net - May 2026
zcrm_5436421000135232167,Wide Net - May 2026
zcrm_5436421000135232479,Wide Net - May 2026
zcrm_5436421000135232582,Wide Net - May 2026
zcrm_5436421000135233484,Wide Net - May 2026
zcrm_5436421000135233939,Wide Net - May 2026
zcrm_5436421000135233941,Wide Net - May 2026
zcrm_5436421000135233952,Wide Net - May 2026
zcrm_5436421000135234108,Wide Net - May 2026
zcrm_5436421000135234124,Wide Net - May 2026
zcrm_5436421000135234569,Wide Net - May 2026
zcrm_5436421000135234602,Wide Net - May 2026
zcrm_5436421000135234620,Wide Net - May 2026
zcrm_5436421000135234652,Wide Net - May 2026
zcrm_5436421000135234675,Wide Net - May 2026
zcrm_5436421000135077379,Wide Net - May 2026
zcrm_5436421000135077722,Wide Net - May 2026
zcrm_5436421000135077804,Wide Net - May 2026
zcrm_5436421000135077812,Wide Net - May 2026
zcrm_5436421000135194383,Wide Net - May 2026
zcrm_5436421000135200094,Wide Net - May 2026
zcrm_5436421000135200989,Wide Net - May 2026
zcrm_5436421000135201452,Wide Net - May 2026
zcrm_5436421000135201472,Wide Net - May 2026
zcrm_5436421000135201605,Wide Net - May 2026
zcrm_5436421000135202023,Wide Net - May 2026
zcrm_5436421000135202656,Wide Net - May 2026
zcrm_5436421000135202951,Wide Net - May 2026
zcrm_5436421000135203079,Wide Net - May 2026
zcrm_5436421000135203127,Wide Net - May 2026
zcrm_5436421000135203133,Wide Net - May 2026
zcrm_5436421000135203144,Wide Net - May 2026
zcrm_5436421000135203441,Wide Net - May 2026
zcrm_5436421000135203475,Wide Net - May 2026
zcrm_5436421000135203498,Wide Net - May 2026
zcrm_5436421000135203501,Wide Net - May 2026
zcrm_5436421000135203537,Wide Net - May 2026
zcrm_5436421000135203551,Wide Net - May 2026
zcrm_5436421000135203608,Wide Net - May 2026
zcrm_5436421000135203611,Wide Net - May 2026
zcrm_5436421000135203624,Wide Net - May 2026
zcrm_5436421000135203645,Wide Net - May 2026
zcrm_5436421000135203663,Wide Net - May 2026
zcrm_5436421000135203970,Wide Net - May 2026
zcrm_5436421000135204023,Wide Net - May 2026
zcrm_5436421000135204048,Wide Net - May 2026
zcrm_5436421000135204439,Wide Net - May 2026
zcrm_5436421000135204546,Wide Net - May 2026
zcrm_5436421000135204656,Wide Net - May 2026
zcrm_5436421000135204678,Wide Net - May 2026
zcrm_5436421000135204954,Wide Net - May 2026
zcrm_5436421000135206046,Wide Net - May 2026
zcrm_5436421000135206138,Wide Net - May 2026
zcrm_5436421000135207063,Wide Net - May 2026
zcrm_5436421000135207184,Wide Net - May 2026
zcrm_5436421000135207485,Wide Net - May 2026
zcrm_5436421000135207519,Wide Net - May 2026
zcrm_5436421000135207526,Wide Net - May 2026
zcrm_5436421000135207531,Wide Net - May 2026
zcrm_5436421000135207533,Wide Net - May 2026
zcrm_5436421000135207592,Wide Net - May 2026
zcrm_5436421000135207619,Wide Net - May 2026
zcrm_5436421000135207671,Wide Net - May 2026
zcrm_5436421000135207957,Wide Net - May 2026
zcrm_5436421000135207960,Wide Net - May 2026
zcrm_5436421000135207967,Wide Net - May 2026
zcrm_5436421000135208036,Wide Net - May 2026
zcrm_5436421000135209012,Wide Net - May 2026
zcrm_5436421000135209441,Wide Net - May 2026
zcrm_5436421000135209540,Wide Net - May 2026
zcrm_5436421000135210019,Wide Net - May 2026
zcrm_5436421000135210045,Wide Net - May 2026
zcrm_5436421000135210182,Wide Net - May 2026
zcrm_5436421000135210681,Wide Net - May 2026
zcrm_5436421000135211099,Wide Net - May 2026
zcrm_5436421000135211509,Wide Net - May 2026
zcrm_5436421000135211646,Wide Net - May 2026
zcrm_5436421000135212452,Wide Net - May 2026
zcrm_5436421000135212481,Wide Net - May 2026
zcrm_5436421000135212994,Wide Net - May 2026
zcrm_5436421000135213141,Wide Net - May 2026
zcrm_5436421000135213151,Wide Net - May 2026
zcrm_5436421000135213154,Wide Net - May 2026
zcrm_5436421000135213514,Wide Net - May 2026
zcrm_5436421000135213517,Wide Net - May 2026
zcrm_5436421000135214559,Wide Net - May 2026
zcrm_5436421000135215137,Wide Net - May 2026
zcrm_5436421000135215497,Wide Net - May 2026
zcrm_5436421000135216115,Wide Net - May 2026
zcrm_5436421000135216654,Wide Net - May 2026
zcrm_5436421000135216970,Wide Net - May 2026
zcrm_5436421000135217576,Wide Net - May 2026
zcrm_5436421000135217642,Wide Net - May 2026
zcrm_5436421000135217658,Wide Net - May 2026
zcrm_5436421000135218095,Wide Net - May 2026
zcrm_5436421000135218166,Wide Net - May 2026
zcrm_5436421000135218531,Wide Net - May 2026
zcrm_5436421000135218619,Wide Net - May 2026
zcrm_5436421000135218684,Wide Net - May 2026
zcrm_5436421000135218685,Wide Net - May 2026
zcrm_5436421000135219023,Wide Net - May 2026
zcrm_5436421000135219057,Wide Net - May 2026
zcrm_5436421000135219070,Wide Net - May 2026
zcrm_5436421000135219160,Wide Net - May 2026
zcrm_5436421000135219178,Wide Net - May 2026
zcrm_5436421000135219653,Wide Net - May 2026
zcrm_5436421000135220488,Wide Net - May 2026
zcrm_5436421000135220540,Wide Net - May 2026
zcrm_5436421000135220546,Wide Net - May 2026
zcrm_5436421000135221047,Wide Net - May 2026
zcrm_5436421000135221182,Wide Net - May 2026
zcrm_5436421000135221515,Wide Net - May 2026
zcrm_5436421000135221519,Wide Net - May 2026
zcrm_5436421000135221533,Wide Net - May 2026
zcrm_5436421000135222026,Wide Net - May 2026
zcrm_5436421000135222603,Wide Net - May 2026
zcrm_5436421000135222687,Wide Net - May 2026
zcrm_5436421000135222942,Wide Net - May 2026
zcrm_5436421000135223047,Wide Net - May 2026
zcrm_5436421000135223116,Wide Net - May 2026
zcrm_5436421000135223542,Wide Net - May 2026
zcrm_5436421000135223589,Wide Net - May 2026
zcrm_5436421000135223676,Wide Net - May 2026
zcrm_5436421000135224062,Wide Net - May 2026
zcrm_5436421000135224557,Wide Net - May 2026
zcrm_5436421000135224626,Wide Net - May 2026
zcrm_5436421000135224685,Wide Net - May 2026
zcrm_5436421000135225584,Wide Net - May 2026
zcrm_5436421000135225629,Wide Net - May 2026
zcrm_5436421000135225941,Wide Net - May 2026
zcrm_5436421000135226112,Wide Net - May 2026
zcrm_5436421000135226180,Wide Net - May 2026
zcrm_5436421000135226620,Wide Net - May 2026
zcrm_5436421000135227555,Wide Net - May 2026
zcrm_5436421000135228040,Wide Net - May 2026
zcrm_5436421000135228952,Wide Net - May 2026
zcrm_5436421000135229463,Wide Net - May 2026
zcrm_5436421000135230004,Wide Net - May 2026
zcrm_5436421000135230127,Wide Net - May 2026
zcrm_5436421000135231167,Wide Net - May 2026
zcrm_5436421000135231497,Wide Net - May 2026
zcrm_5436421000135231613,Wide Net - May 2026
zcrm_5436421000135231614,Wide Net - May 2026
zcrm_5436421000135232999,Wide Net - May 2026
zcrm_5436421000135233135,Wide Net - May 2026
zcrm_5436421000135233493,Wide Net - May 2026
zcrm_5436421000135233610,Wide Net - May 2026
zcrm_5436421000135233613,Wide Net - May 2026
zcrm_5436421000135233665,Wide Net - May 2026
zcrm_5436421000135234038,Wide Net - May 2026
zcrm_5436421000135234162,Wide Net - May 2026
zcrm_5436421000135234682,Wide Net - May 2026
zcrm_5436421000135234685,Wide Net - May 2026
zcrm_5436421000135077806,Wide Net - May 2026
zcrm_5436421000135077828,Wide Net - May 2026
zcrm_5436421000135194316,Wide Net - May 2026
zcrm_5436421000135194778,Wide Net - May 2026
zcrm_5436421000135200128,Wide Net - May 2026
zcrm_5436421000135200167,Wide Net - May 2026
zcrm_5436421000135200502,Wide Net - May 2026
zcrm_5436421000135200630,Wide Net - May 2026
zcrm_5436421000135200675,Wide Net - May 2026
zcrm_5436421000135200684,Wide Net - May 2026
zcrm_5436421000135200972,Wide Net - May 2026
zcrm_5436421000135201122,Wide Net - May 2026
zcrm_5436421000135201555,Wide Net - May 2026
zcrm_5436421000135201556,Wide Net - May 2026
zcrm_5436421000135201627,Wide Net - May 2026
zcrm_5436421000135202027,Wide Net - May 2026
zcrm_5436421000135202488,Wide Net - May 2026
zcrm_5436421000135202499,Wide Net - May 2026
zcrm_5436421000135202520,Wide Net - May 2026
zcrm_5436421000135202679,Wide Net - May 2026
zcrm_5436421000135203091,Wide Net - May 2026
zcrm_5436421000135203114,Wide Net - May 2026
zcrm_5436421000135204479,Wide Net - May 2026
zcrm_5436421000135204573,Wide Net - May 2026
zcrm_5436421000135204646,Wide Net - May 2026
zcrm_5436421000135205181,Wide Net - May 2026
zcrm_5436421000135205564,Wide Net - May 2026
zcrm_5436421000135205590,Wide Net - May 2026
zcrm_5436421000135205660,Wide Net - May 2026
zcrm_5436421000135206568,Wide Net - May 2026
zcrm_5436421000135206576,Wide Net - May 2026
zcrm_5436421000135206679,Wide Net - May 2026
zcrm_5436421000135206953,Wide Net - May 2026
zcrm_5436421000135207443,Wide Net - May 2026
zcrm_5436421000135208141,Wide Net - May 2026
zcrm_5436421000135208474,Wide Net - May 2026
zcrm_5436421000135208583,Wide Net - May 2026
zcrm_5436421000135209450,Wide Net - May 2026
zcrm_5436421000135210471,Wide Net - May 2026
zcrm_5436421000135210474,Wide Net - May 2026
zcrm_5436421000135210502,Wide Net - May 2026
zcrm_5436421000135211032,Wide Net - May 2026
zcrm_5436421000135211176,Wide Net - May 2026
zcrm_5436421000135211500,Wide Net - May 2026
zcrm_5436421000135211557,Wide Net - May 2026
zcrm_5436421000135212129,Wide Net - May 2026
zcrm_5436421000135212155,Wide Net - May 2026
zcrm_5436421000135212466,Wide Net - May 2026
zcrm_5436421000135212675,Wide Net - May 2026
zcrm_5436421000135212676,Wide Net - May 2026
zcrm_5436421000135213076,Wide Net - May 2026
zcrm_5436421000135213162,Wide Net - May 2026
zcrm_5436421000135213583,Wide Net - May 2026
zcrm_5436421000135213641,Wide Net - May 2026
zcrm_5436421000135214007,Wide Net - May 2026
zcrm_5436421000135214037,Wide Net - May 2026
zcrm_5436421000135214503,Wide Net - May 2026
zcrm_5436421000135214966,Wide Net - May 2026
zcrm_5436421000135215681,Wide Net - May 2026
zcrm_5436421000135215686,Wide Net - May 2026
zcrm_5436421000135217011,Wide Net - May 2026
zcrm_5436421000135217040,Wide Net - May 2026
zcrm_5436421000135217106,Wide Net - May 2026
zcrm_5436421000135217156,Wide Net - May 2026
zcrm_5436421000135217161,Wide Net - May 2026
zcrm_5436421000135217475,Wide Net - May 2026
zcrm_5436421000135217530,Wide Net - May 2026
zcrm_5436421000135217649,Wide Net - May 2026
zcrm_5436421000135218031,Wide Net - May 2026
zcrm_5436421000135218171,Wide Net - May 2026
zcrm_5436421000135218448,Wide Net - May 2026
zcrm_5436421000135218493,Wide Net - May 2026
zcrm_5436421000135218632,Wide Net - May 2026
zcrm_5436421000135219012,Wide Net - May 2026
zcrm_5436421000135219481,Wide Net - May 2026
zcrm_5436421000135219502,Wide Net - May 2026
zcrm_5436421000135220075,Wide Net - May 2026
zcrm_5436421000135220136,Wide Net - May 2026
zcrm_5436421000135220514,Wide Net - May 2026
zcrm_5436421000135220955,Wide Net - May 2026
zcrm_5436421000135220993,Wide Net - May 2026
zcrm_5436421000135221950,Wide Net - May 2026
zcrm_5436421000135221961,Wide Net - May 2026
zcrm_5436421000135221994,Wide Net - May 2026
zcrm_5436421000135222587,Wide Net - May 2026
zcrm_5436421000135223020,Wide Net - May 2026
zcrm_5436421000135223490,Wide Net - May 2026
zcrm_5436421000135223510,Wide Net - May 2026
zcrm_5436421000135223666,Wide Net - May 2026
zcrm_5436421000135224023,Wide Net - May 2026
zcrm_5436421000135224125,Wide Net - May 2026
zcrm_5436421000135224134,Wide Net - May 2026
zcrm_5436421000135224162,Wide Net - May 2026
zcrm_5436421000135225117,Wide Net - May 2026
zcrm_5436421000135225181,Wide Net - May 2026
zcrm_5436421000135225557,Wide Net - May 2026
zcrm_5436421000135225979,Wide Net - May 2026
zcrm_5436421000135226982,Wide Net - May 2026
zcrm_5436421000135227158,Wide Net - May 2026
zcrm_5436421000135227523,Wide Net - May 2026
zcrm_5436421000135228015,Wide Net - May 2026
zcrm_5436421000135228065,Wide Net - May 2026
zcrm_5436421000135228680,Wide Net - May 2026
zcrm_5436421000135228682,Wide Net - May 2026
zcrm_5436421000135228942,Wide Net - May 2026
zcrm_5436421000135229158,Wide Net - May 2026
zcrm_5436421000135229177,Wide Net - May 2026
zcrm_5436421000135230102,Wide Net - May 2026
zcrm_5436421000135230118,Wide Net - May 2026
zcrm_5436421000135230657,Wide Net - May 2026
zcrm_5436421000135231021,Wide Net - May 2026
zcrm_5436421000135231116,Wide Net - May 2026
zcrm_5436421000135231508,Wide Net - May 2026
zcrm_5436421000135231533,Wide Net - May 2026
zcrm_5436421000135231646,Wide Net - May 2026
zcrm_5436421000135232540,Wide Net - May 2026
zcrm_5436421000135232680,Wide Net - May 2026
zcrm_5436421000135233056,Wide Net - May 2026
zcrm_5436421000135233512,Wide Net - May 2026
zcrm_5436421000135233944,Wide Net - May 2026
zcrm_5436421000135234453,Wide Net - May 2026
zcrm_5436421000135234467,Wide Net - May 2026
zcrm_5436421000135234477,Wide Net - May 2026
zcrm_5436421000135234525,Wide Net - May 2026
zcrm_5436421000135234626,Wide Net - May 2026
zcrm_5436421000135234993,Wide Net - May 2026
zcrm_5436421000135077286,Wide Net - May 2026
zcrm_5436421000135077335,Wide Net - May 2026
zcrm_5436421000135077741,Wide Net - May 2026
zcrm_5436421000135127219,Wide Net - May 2026
zcrm_5436421000135127271,Wide Net - May 2026
zcrm_5436421000135194443,Wide Net - May 2026
zcrm_5436421000135194724,Wide Net - May 2026
zcrm_5436421000135194805,Wide Net - May 2026
zcrm_5436421000135194808,Wide Net - May 2026
zcrm_5436421000135194816,Wide Net - May 2026
zcrm_5436421000135194832,Wide Net - May 2026
zcrm_5436421000135194838,Wide Net - May 2026
zcrm_5436421000135200010,Wide Net - May 2026
zcrm_5436421000135200079,Wide Net - May 2026
zcrm_5436421000135200144,Wide Net - May 2026
zcrm_5436421000135200156,Wide Net - May 2026
zcrm_5436421000135200580,Wide Net - May 2026
zcrm_5436421000135200582,Wide Net - May 2026
zcrm_5436421000135201034,Wide Net - May 2026
zcrm_5436421000135201161,Wide Net - May 2026
zcrm_5436421000135201162,Wide Net - May 2026
zcrm_5436421000135201493,Wide Net - May 2026
zcrm_5436421000135201539,Wide Net - May 2026
zcrm_5436421000135201971,Wide Net - May 2026
zcrm_5436421000135201977,Wide Net - May 2026
zcrm_5436421000135202006,Wide Net - May 2026
zcrm_5436421000135202097,Wide Net - May 2026
zcrm_5436421000135202490,Wide Net - May 2026
zcrm_5436421000135202971,Wide Net - May 2026
zcrm_5436421000135203049,Wide Net - May 2026
zcrm_5436421000135203140,Wide Net - May 2026
zcrm_5436421000135203151,Wide Net - May 2026
zcrm_5436421000135203526,Wide Net - May 2026
zcrm_5436421000135203573,Wide Net - May 2026
zcrm_5436421000135203614,Wide Net - May 2026
zcrm_5436421000135203652,Wide Net - May 2026
zcrm_5436421000135204034,Wide Net - May 2026
zcrm_5436421000135204129,Wide Net - May 2026
zcrm_5436421000135204615,Wide Net - May 2026
zcrm_5436421000135204623,Wide Net - May 2026
zcrm_5436421000135204660,Wide Net - May 2026
zcrm_5436421000135205175,Wide Net - May 2026
zcrm_5436421000135206000,Wide Net - May 2026
zcrm_5436421000135206028,Wide Net - May 2026
zcrm_5436421000135206062,Wide Net - May 2026
zcrm_5436421000135206158,Wide Net - May 2026
zcrm_5436421000135206465,Wide Net - May 2026
zcrm_5436421000135206491,Wide Net - May 2026
zcrm_5436421000135206531,Wide Net - May 2026
zcrm_5436421000135206573,Wide Net - May 2026
zcrm_5436421000135206663,Wide Net - May 2026
zcrm_5436421000135206962,Wide Net - May 2026
zcrm_5436421000135207081,Wide Net - May 2026
zcrm_5436421000135207546,Wide Net - May 2026
zcrm_5436421000135207571,Wide Net - May 2026
zcrm_5436421000135207659,Wide Net - May 2026
zcrm_5436421000135207668,Wide Net - May 2026
zcrm_5436421000135207938,Wide Net - May 2026
zcrm_5436421000135208106,Wide Net - May 2026
zcrm_5436421000135208118,Wide Net - May 2026
zcrm_5436421000135208125,Wide Net - May 2026
zcrm_5436421000135208503,Wide Net - May 2026
zcrm_5436421000135208648,Wide Net - May 2026
zcrm_5436421000135208943,Wide Net - May 2026
zcrm_5436421000135209083,Wide Net - May 2026
zcrm_5436421000135209137,Wide Net - May 2026
zcrm_5436421000135209507,Wide Net - May 2026
zcrm_5436421000135209556,Wide Net - May 2026
zcrm_5436421000135209578,Wide Net - May 2026
zcrm_5436421000135209990,Wide Net - May 2026
zcrm_5436421000135210012,Wide Net - May 2026
zcrm_5436421000135210138,Wide Net - May 2026
zcrm_5436421000135210147,Wide Net - May 2026
zcrm_5436421000135210157,Wide Net - May 2026
zcrm_5436421000135210586,Wide Net - May 2026
zcrm_5436421000135210622,Wide Net - May 2026
zcrm_5436421000135210686,Wide Net - May 2026
zcrm_5436421000135210963,Wide Net - May 2026
zcrm_5436421000135211445,Wide Net - May 2026
zcrm_5436421000135211461,Wide Net - May 2026
zcrm_5436421000135211551,Wide Net - May 2026
zcrm_5436421000135211960,Wide Net - May 2026
zcrm_5436421000135212096,Wide Net - May 2026
zcrm_5436421000135212136,Wide Net - May 2026
zcrm_5436421000135212185,Wide Net - May 2026
zcrm_5436421000135212583,Wide Net - May 2026
zcrm_5436421000135212952,Wide Net - May 2026
zcrm_5436421000135213013,Wide Net - May 2026
zcrm_5436421000135213570,Wide Net - May 2026
zcrm_5436421000135213686,Wide Net - May 2026
zcrm_5436421000135214056,Wide Net - May 2026
zcrm_5436421000135214156,Wide Net - May 2026
zcrm_5436421000135214572,Wide Net - May 2026
zcrm_5436421000135214615,Wide Net - May 2026
zcrm_5436421000135214650,Wide Net - May 2026
zcrm_5436421000135214666,Wide Net - May 2026
zcrm_5436421000135215058,Wide Net - May 2026
zcrm_5436421000135215078,Wide Net - May 2026
zcrm_5436421000135215134,Wide Net - May 2026
zcrm_5436421000135215536,Wide Net - May 2026
zcrm_5436421000135215563,Wide Net - May 2026
zcrm_5436421000135215633,Wide Net - May 2026
zcrm_5436421000135216040,Wide Net - May 2026
zcrm_5436421000135216041,Wide Net - May 2026
zcrm_5436421000135216103,Wide Net - May 2026
zcrm_5436421000135216174,Wide Net - May 2026
zcrm_5436421000135216459,Wide Net - May 2026
zcrm_5436421000135216493,Wide Net - May 2026
zcrm_5436421000135216500,Wide Net - May 2026
zcrm_5436421000135216503,Wide Net - May 2026
zcrm_5436421000135216510,Wide Net - May 2026
zcrm_5436421000135216624,Wide Net - May 2026
zcrm_5436421000135216960,Wide Net - May 2026
zcrm_5436421000135216982,Wide Net - May 2026
zcrm_5436421000135216991,Wide Net - May 2026
zcrm_5436421000135217047,Wide Net - May 2026
zcrm_5436421000135217057,Wide Net - May 2026
zcrm_5436421000135217174,Wide Net - May 2026
zcrm_5436421000135217455,Wide Net - May 2026
zcrm_5436421000135217483,Wide Net - May 2026
zcrm_5436421000135217514,Wide Net - May 2026
zcrm_5436421000135217571,Wide Net - May 2026
zcrm_5436421000135217612,Wide Net - May 2026
zcrm_5436421000135217671,Wide Net - May 2026
zcrm_5436421000135217940,Wide Net - May 2026
zcrm_5436421000135217999,Wide Net - May 2026
zcrm_5436421000135218074,Wide Net - May 2026
zcrm_5436421000135218438,Wide Net - May 2026
zcrm_5436421000135218439,Wide Net - May 2026
zcrm_5436421000135218484,Wide Net - May 2026
zcrm_5436421000135218587,Wide Net - May 2026
zcrm_5436421000135218607,Wide Net - May 2026
zcrm_5436421000135218953,Wide Net - May 2026
zcrm_5436421000135219074,Wide Net - May 2026
zcrm_5436421000135219131,Wide Net - May 2026
zcrm_5436421000135219168,Wide Net - May 2026
zcrm_5436421000135219179,Wide Net - May 2026
zcrm_5436421000135219507,Wide Net - May 2026
zcrm_5436421000135219552,Wide Net - May 2026
zcrm_5436421000135219572,Wide Net - May 2026
zcrm_5436421000135219638,Wide Net - May 2026
zcrm_5436421000135219640,Wide Net - May 2026
zcrm_5436421000135219972,Wide Net - May 2026
zcrm_5436421000135219981,Wide Net - May 2026
zcrm_5436421000135220004,Wide Net - May 2026
zcrm_5436421000135220054,Wide Net - May 2026
zcrm_5436421000135220118,Wide Net - May 2026
zcrm_5436421000135220153,Wide Net - May 2026
zcrm_5436421000135220483,Wide Net - May 2026
zcrm_5436421000135220516,Wide Net - May 2026
zcrm_5436421000135220541,Wide Net - May 2026
zcrm_5436421000135220614,Wide Net - May 2026
zcrm_5436421000135220625,Wide Net - May 2026
zcrm_5436421000135220645,Wide Net - May 2026
zcrm_5436421000135220682,Wide Net - May 2026
zcrm_5436421000135220947,Wide Net - May 2026
zcrm_5436421000135220959,Wide Net - May 2026
zcrm_5436421000135221021,Wide Net - May 2026
zcrm_5436421000135221154,Wide Net - May 2026
zcrm_5436421000135221625,Wide Net - May 2026
zcrm_5436421000135221641,Wide Net - May 2026
zcrm_5436421000135221652,Wide Net - May 2026
zcrm_5436421000135221684,Wide Net - May 2026
zcrm_5436421000135221995,Wide Net - May 2026
zcrm_5436421000135222043,Wide Net - May 2026
zcrm_5436421000135222062,Wide Net - May 2026
zcrm_5436421000135222175,Wide Net - May 2026
zcrm_5436421000135222439,Wide Net - May 2026
zcrm_5436421000135222471,Wide Net - May 2026
zcrm_5436421000135222599,Wide Net - May 2026
zcrm_5436421000135222617,Wide Net - May 2026
zcrm_5436421000135222679,Wide Net - May 2026
zcrm_5436421000135222987,Wide Net - May 2026
zcrm_5436421000135223028,Wide Net - May 2026
zcrm_5436421000135223033,Wide Net - May 2026
zcrm_5436421000135223471,Wide Net - May 2026
zcrm_5436421000135223480,Wide Net - May 2026
zcrm_5436421000135223991,Wide Net - May 2026
zcrm_5436421000135224086,Wide Net - May 2026
zcrm_5436421000135224142,Wide Net - May 2026
zcrm_5436421000135224150,Wide Net - May 2026
zcrm_5436421000135224155,Wide Net - May 2026
zcrm_5436421000135224463,Wide Net - May 2026
zcrm_5436421000135224566,Wide Net - May 2026
zcrm_5436421000135224570,Wide Net - May 2026
zcrm_5436421000135224682,Wide Net - May 2026
zcrm_5436421000135225000,Wide Net - May 2026
zcrm_5436421000135225565,Wide Net - May 2026
zcrm_5436421000135225579,Wide Net - May 2026
zcrm_5436421000135225659,Wide Net - May 2026
zcrm_5436421000135225984,Wide Net - May 2026
zcrm_5436421000135225994,Wide Net - May 2026
zcrm_5436421000135226032,Wide Net - May 2026
zcrm_5436421000135226037,Wide Net - May 2026
zcrm_5436421000135226039,Wide Net - May 2026
zcrm_5436421000135226041,Wide Net - May 2026
zcrm_5436421000135226047,Wide Net - May 2026
zcrm_5436421000135226052,Wide Net - May 2026
zcrm_5436421000135226107,Wide Net - May 2026
zcrm_5436421000135226134,Wide Net - May 2026
zcrm_5436421000135226184,Wide Net - May 2026
zcrm_5436421000135226473,Wide Net - May 2026
zcrm_5436421000135226502,Wide Net - May 2026
zcrm_5436421000135226515,Wide Net - May 2026
zcrm_5436421000135226639,Wide Net - May 2026
zcrm_5436421000135226665,Wide Net - May 2026
zcrm_5436421000135227016,Wide Net - May 2026
zcrm_5436421000135227066,Wide Net - May 2026
zcrm_5436421000135227101,Wide Net - May 2026
zcrm_5436421000135227441,Wide Net - May 2026
zcrm_5436421000135227497,Wide Net - May 2026
zcrm_5436421000135227517,Wide Net - May 2026
zcrm_5436421000135227536,Wide Net - May 2026
zcrm_5436421000135227559,Wide Net - May 2026
zcrm_5436421000135227566,Wide Net - May 2026
zcrm_5436421000135227585,Wide Net - May 2026
zcrm_5436421000135227601,Wide Net - May 2026
zcrm_5436421000135227653,Wide Net - May 2026
zcrm_5436421000135228003,Wide Net - May 2026
zcrm_5436421000135228019,Wide Net - May 2026
zcrm_5436421000135228180,Wide Net - May 2026
zcrm_5436421000135228466,Wide Net - May 2026
zcrm_5436421000135228510,Wide Net - May 2026
zcrm_5436421000135228575,Wide Net - May 2026
zcrm_5436421000135228683,Wide Net - May 2026
zcrm_5436421000135228940,Wide Net - May 2026
zcrm_5436421000135229122,Wide Net - May 2026
zcrm_5436421000135229654,Wide Net - May 2026
zcrm_5436421000135229675,Wide Net - May 2026
zcrm_5436421000135230086,Wide Net - May 2026
zcrm_5436421000135230103,Wide Net - May 2026
zcrm_5436421000135230124,Wide Net - May 2026
zcrm_5436421000135230142,Wide Net - May 2026
zcrm_5436421000135230145,Wide Net - May 2026
zcrm_5436421000135230174,Wide Net - May 2026
zcrm_5436421000135230511,Wide Net - May 2026
zcrm_5436421000135230576,Wide Net - May 2026
zcrm_5436421000135230579,Wide Net - May 2026
zcrm_5436421000135230616,Wide Net - May 2026
zcrm_5436421000135230642,Wide Net - May 2026
zcrm_5436421000135230673,Wide Net - May 2026
zcrm_5436421000135230969,Wide Net - May 2026
zcrm_5436421000135230975,Wide Net - May 2026
zcrm_5436421000135230989,Wide Net - May 2026
zcrm_5436421000135231034,Wide Net - May 2026
zcrm_5436421000135231105,Wide Net - May 2026
zcrm_5436421000135231118,Wide Net - May 2026
zcrm_5436421000135231164,Wide Net - May 2026
zcrm_5436421000135231480,Wide Net - May 2026
zcrm_5436421000135231512,Wide Net - May 2026
zcrm_5436421000135231528,Wide Net - May 2026
zcrm_5436421000135231553,Wide Net - May 2026
zcrm_5436421000135231581,Wide Net - May 2026
zcrm_5436421000135231983,Wide Net - May 2026
zcrm_5436421000135232014,Wide Net - May 2026
zcrm_5436421000135232067,Wide Net - May 2026
zcrm_5436421000135232069,Wide Net - May 2026
zcrm_5436421000135232080,Wide Net - May 2026
zcrm_5436421000135232162,Wide Net - May 2026
zcrm_5436421000135232174,Wide Net - May 2026
zcrm_5436421000135232178,Wide Net - May 2026
zcrm_5436421000135232438,Wide Net - May 2026
zcrm_5436421000135232533,Wide Net - May 2026
zcrm_5436421000135232600,Wide Net - May 2026
zcrm_5436421000135232607,Wide Net - May 2026
zcrm_5436421000135232609,Wide Net - May 2026
zcrm_5436421000135232678,Wide Net - May 2026
zcrm_5436421000135232966,Wide Net - May 2026
zcrm_5436421000135233046,Wide Net - May 2026
zcrm_5436421000135233095,Wide Net - May 2026
zcrm_5436421000135233118,Wide Net - May 2026
zcrm_5436421000135233139,Wide Net - May 2026
zcrm_5436421000135233154,Wide Net - May 2026
zcrm_5436421000135233178,Wide Net - May 2026
zcrm_5436421000135233180,Wide Net - May 2026
zcrm_5436421000135233448,Wide Net - May 2026
zcrm_5436421000135233456,Wide Net - May 2026
zcrm_5436421000135233480,Wide Net - May 2026
zcrm_5436421000135233481,Wide Net - May 2026
zcrm_5436421000135233505,Wide Net - May 2026
zcrm_5436421000135233507,Wide Net - May 2026
zcrm_5436421000135233618,Wide Net - May 2026
zcrm_5436421000135233673,Wide Net - May 2026
zcrm_5436421000135234026,Wide Net - May 2026
zcrm_5436421000135234042,Wide Net - May 2026
zcrm_5436421000135234121,Wide Net - May 2026
zcrm_5436421000135234576,Wide Net - May 2026
zcrm_5436421000135234612,Wide Net - May 2026
zcrm_5436421000135234621,Wide Net - May 2026
zcrm_5436421000135234665,Wide Net - May 2026
zcrm_5436421000135234938,Wide Net - May 2026
zcrm_5436421000135234968,Wide Net - May 2026
zcrm_5436421000135235007,Wide Net - May 2026
zcrm_5436421000135235008,Wide Net - May 2026
zcrm_5436421000135077279,Wide Net - May 2026
zcrm_5436421000135077299,Wide Net - May 2026
zcrm_5436421000135127209,Wide Net - May 2026
zcrm_5436421000135127274,Wide Net - May 2026
zcrm_5436421000135194216,Wide Net - May 2026
zcrm_5436421000135194267,Wide Net - May 2026
zcrm_5436421000135194269,Wide Net - May 2026
zcrm_5436421000135194312,Wide Net - May 2026
zcrm_5436421000135194390,Wide Net - May 2026
zcrm_5436421000135200592,Wide Net - May 2026
zcrm_5436421000135200607,Wide Net - May 2026
zcrm_5436421000135200613,Wide Net - May 2026
zcrm_5436421000135200643,Wide Net - May 2026
zcrm_5436421000135202075,Wide Net - May 2026
zcrm_5436421000135204621,Wide Net - May 2026
zcrm_5436421000135204990,Wide Net - May 2026
zcrm_5436421000135205029,Wide Net - May 2026
zcrm_5436421000135205041,Wide Net - May 2026
zcrm_5436421000135205492,Wide Net - May 2026
zcrm_5436421000135206065,Wide Net - May 2026
zcrm_5436421000135206071,Wide Net - May 2026
zcrm_5436421000135206166,Wide Net - May 2026
zcrm_5436421000135206488,Wide Net - May 2026
zcrm_5436421000135206587,Wide Net - May 2026
zcrm_5436421000135206649,Wide Net - May 2026
zcrm_5436421000135207053,Wide Net - May 2026
zcrm_5436421000135207140,Wide Net - May 2026
zcrm_5436421000135207468,Wide Net - May 2026
zcrm_5436421000135207488,Wide Net - May 2026
zcrm_5436421000135207518,Wide Net - May 2026
zcrm_5436421000135208445,Wide Net - May 2026
zcrm_5436421000135208571,Wide Net - May 2026
zcrm_5436421000135208663,Wide Net - May 2026
zcrm_5436421000135209108,Wide Net - May 2026
zcrm_5436421000135210470,Wide Net - May 2026
zcrm_5436421000135210982,Wide Net - May 2026
zcrm_5436421000135211058,Wide Net - May 2026
zcrm_5436421000135211642,Wide Net - May 2026
zcrm_5436421000135211980,Wide Net - May 2026
zcrm_5436421000135212036,Wide Net - May 2026
zcrm_5436421000135212048,Wide Net - May 2026
zcrm_5436421000135212091,Wide Net - May 2026
zcrm_5436421000135212573,Wide Net - May 2026
zcrm_5436421000135212940,Wide Net - May 2026
zcrm_5436421000135213108,Wide Net - May 2026
zcrm_5436421000135214085,Wide Net - May 2026
zcrm_5436421000135214506,Wide Net - May 2026
zcrm_5436421000135214953,Wide Net - May 2026
zcrm_5436421000135215007,Wide Net - May 2026
zcrm_5436421000135215116,Wide Net - May 2026
zcrm_5436421000135215169,Wide Net - May 2026
zcrm_5436421000135215622,Wide Net - May 2026
zcrm_5436421000135215638,Wide Net - May 2026
zcrm_5436421000135216069,Wide Net - May 2026
zcrm_5436421000135216090,Wide Net - May 2026
zcrm_5436421000135216133,Wide Net - May 2026
zcrm_5436421000135216525,Wide Net - May 2026
zcrm_5436421000135216531,Wide Net - May 2026
zcrm_5436421000135216579,Wide Net - May 2026
zcrm_5436421000135216602,Wide Net - May 2026
zcrm_5436421000135216621,Wide Net - May 2026
zcrm_5436421000135217063,Wide Net - May 2026
zcrm_5436421000135217068,Wide Net - May 2026
zcrm_5436421000135217115,Wide Net - May 2026
zcrm_5436421000135217118,Wide Net - May 2026
zcrm_5436421000135217184,Wide Net - May 2026
zcrm_5436421000135217585,Wide Net - May 2026
zcrm_5436421000135217613,Wide Net - May 2026
zcrm_5436421000135218476,Wide Net - May 2026
zcrm_5436421000135218611,Wide Net - May 2026
zcrm_5436421000135219655,Wide Net - May 2026
zcrm_5436421000135219667,Wide Net - May 2026
zcrm_5436421000135220627,Wide Net - May 2026
zcrm_5436421000135221598,Wide Net - May 2026
zcrm_5436421000135221962,Wide Net - May 2026
zcrm_5436421000135221988,Wide Net - May 2026
zcrm_5436421000135221993,Wide Net - May 2026
zcrm_5436421000135222005,Wide Net - May 2026
zcrm_5436421000135222031,Wide Net - May 2026
zcrm_5436421000135222481,Wide Net - May 2026
zcrm_5436421000135222511,Wide Net - May 2026
zcrm_5436421000135222584,Wide Net - May 2026
zcrm_5436421000135222642,Wide Net - May 2026
zcrm_5436421000135223438,Wide Net - May 2026
zcrm_5436421000135223487,Wide Net - May 2026
zcrm_5436421000135224175,Wide Net - May 2026
zcrm_5436421000135224505,Wide Net - May 2026
zcrm_5436421000135224508,Wide Net - May 2026
zcrm_5436421000135224558,Wide Net - May 2026
zcrm_5436421000135225042,Wide Net - May 2026
zcrm_5436421000135225047,Wide Net - May 2026
zcrm_5436421000135225152,Wide Net - May 2026
zcrm_5436421000135225529,Wide Net - May 2026
zcrm_5436421000135225646,Wide Net - May 2026
zcrm_5436421000135225970,Wide Net - May 2026
zcrm_5436421000135226038,Wide Net - May 2026
zcrm_5436421000135226164,Wide Net - May 2026
zcrm_5436421000135226181,Wide Net - May 2026
zcrm_5436421000135226507,Wide Net - May 2026
zcrm_5436421000135226560,Wide Net - May 2026
zcrm_5436421000135226591,Wide Net - May 2026
zcrm_5436421000135226609,Wide Net - May 2026
zcrm_5436421000135226615,Wide Net - May 2026
zcrm_5436421000135227487,Wide Net - May 2026
zcrm_5436421000135227567,Wide Net - May 2026
zcrm_5436421000135227970,Wide Net - May 2026
zcrm_5436421000135227971,Wide Net - May 2026
zcrm_5436421000135227990,Wide Net - May 2026
zcrm_5436421000135228149,Wide Net - May 2026
zcrm_5436421000135228174,Wide Net - May 2026
zcrm_5436421000135228684,Wide Net - May 2026
zcrm_5436421000135229115,Wide Net - May 2026
zcrm_5436421000135229157,Wide Net - May 2026
zcrm_5436421000135229481,Wide Net - May 2026
zcrm_5436421000135229623,Wide Net - May 2026
zcrm_5436421000135229676,Wide Net - May 2026
zcrm_5436421000135229966,Wide Net - May 2026
zcrm_5436421000135230008,Wide Net - May 2026
zcrm_5436421000135230012,Wide Net - May 2026
zcrm_5436421000135230502,Wide Net - May 2026
zcrm_5436421000135230956,Wide Net - May 2026
zcrm_5436421000135231186,Wide Net - May 2026
zcrm_5436421000135231597,Wide Net - May 2026
zcrm_5436421000135231660,Wide Net - May 2026
zcrm_5436421000135231938,Wide Net - May 2026
zcrm_5436421000135231986,Wide Net - May 2026
zcrm_5436421000135232075,Wide Net - May 2026
zcrm_5436421000135232124,Wide Net - May 2026
zcrm_5436421000135232445,Wide Net - May 2026
zcrm_5436421000135232538,Wide Net - May 2026
zcrm_5436421000135232994,Wide Net - May 2026
zcrm_5436421000135233053,Wide Net - May 2026
zcrm_5436421000135233967,Wide Net - May 2026
zcrm_5436421000135233996,Wide Net - May 2026
zcrm_5436421000135234021,Wide Net - May 2026
zcrm_5436421000135234078,Wide Net - May 2026
zcrm_5436421000135234445,Wide Net - May 2026
zcrm_5436421000135234567,Wide Net - May 2026
zcrm_5436421000135234616,Wide Net - May 2026
zcrm_5436421000135077775,Wide Net - May 2026
zcrm_5436421000135077867,Wide Net - May 2026
zcrm_5436421000135077915,Wide Net - May 2026
zcrm_5436421000135194308,Wide Net - May 2026
zcrm_5436421000135194341,Wide Net - May 2026
zcrm_5436421000135194363,Wide Net - May 2026
zcrm_5436421000135194409,Wide Net - May 2026
zcrm_5436421000135200082,Wide Net - May 2026
zcrm_5436421000135201183,Wide Net - May 2026
zcrm_5436421000135201453,Wide Net - May 2026
zcrm_5436421000135201480,Wide Net - May 2026
zcrm_5436421000135201963,Wide Net - May 2026
zcrm_5436421000135203636,Wide Net - May 2026
zcrm_5436421000135204127,Wide Net - May 2026
zcrm_5436421000135204175,Wide Net - May 2026
zcrm_5436421000135204469,Wide Net - May 2026
zcrm_5436421000135207629,Wide Net - May 2026
zcrm_5436421000135208149,Wide Net - May 2026
zcrm_5436421000135208451,Wide Net - May 2026
zcrm_5436421000135208591,Wide Net - May 2026
zcrm_5436421000135208628,Wide Net - May 2026
zcrm_5436421000135209175,Wide Net - May 2026
zcrm_5436421000135209590,Wide Net - May 2026
zcrm_5436421000135209605,Wide Net - May 2026
zcrm_5436421000135210050,Wide Net - May 2026
zcrm_5436421000135210458,Wide Net - May 2026
zcrm_5436421000135210636,Wide Net - May 2026
zcrm_5436421000135211002,Wide Net - May 2026
zcrm_5436421000135211129,Wide Net - May 2026
zcrm_5436421000135211135,Wide Net - May 2026
zcrm_5436421000135211667,Wide Net - May 2026
zcrm_5436421000135211939,Wide Net - May 2026
zcrm_5436421000135211941,Wide Net - May 2026
zcrm_5436421000135211958,Wide Net - May 2026
zcrm_5436421000135212028,Wide Net - May 2026
zcrm_5436421000135212076,Wide Net - May 2026
zcrm_5436421000135212491,Wide Net - May 2026
zcrm_5436421000135212513,Wide Net - May 2026
zcrm_5436421000135212593,Wide Net - May 2026
zcrm_5436421000135212595,Wide Net - May 2026
zcrm_5436421000135212684,Wide Net - May 2026
zcrm_5436421000135214678,Wide Net - May 2026
zcrm_5436421000135214982,Wide Net - May 2026
zcrm_5436421000135215019,Wide Net - May 2026
zcrm_5436421000135215020,Wide Net - May 2026
zcrm_5436421000135215118,Wide Net - May 2026
zcrm_5436421000135215554,Wide Net - May 2026
zcrm_5436421000135216163,Wide Net - May 2026
zcrm_5436421000135216170,Wide Net - May 2026
zcrm_5436421000135216498,Wide Net - May 2026
zcrm_5436421000135216597,Wide Net - May 2026
zcrm_5436421000135216639,Wide Net - May 2026
zcrm_5436421000135217004,Wide Net - May 2026
zcrm_5436421000135218003,Wide Net - May 2026
zcrm_5436421000135218038,Wide Net - May 2026
zcrm_5436421000135218499,Wide Net - May 2026
zcrm_5436421000135218511,Wide Net - May 2026
zcrm_5436421000135218629,Wide Net - May 2026
zcrm_5436421000135218636,Wide Net - May 2026
zcrm_5436421000135219006,Wide Net - May 2026
zcrm_5436421000135219026,Wide Net - May 2026
zcrm_5436421000135219091,Wide Net - May 2026
zcrm_5436421000135219570,Wide Net - May 2026
zcrm_5436421000135219642,Wide Net - May 2026
zcrm_5436421000135219959,Wide Net - May 2026
zcrm_5436421000135220185,Wide Net - May 2026
zcrm_5436421000135220626,Wide Net - May 2026
zcrm_5436421000135221012,Wide Net - May 2026
zcrm_5436421000135221179,Wide Net - May 2026
zcrm_5436421000135221501,Wide Net - May 2026
zcrm_5436421000135221510,Wide Net - May 2026
zcrm_5436421000135221528,Wide Net - May 2026
zcrm_5436421000135221569,Wide Net - May 2026
zcrm_5436421000135221681,Wide Net - May 2026
zcrm_5436421000135221959,Wide Net - May 2026
zcrm_5436421000135222008,Wide Net - May 2026
zcrm_5436421000135222567,Wide Net - May 2026
zcrm_5436421000135222946,Wide Net - May 2026
zcrm_5436421000135222955,Wide Net - May 2026
zcrm_5436421000135222978,Wide Net - May 2026
zcrm_5436421000135223066,Wide Net - May 2026
zcrm_5436421000135223128,Wide Net - May 2026
zcrm_5436421000135223136,Wide Net - May 2026
zcrm_5436421000135223470,Wide Net - May 2026
zcrm_5436421000135223531,Wide Net - May 2026
zcrm_5436421000135224068,Wide Net - May 2026
zcrm_5436421000135224088,Wide Net - May 2026
zcrm_5436421000135224656,Wide Net - May 2026
zcrm_5436421000135225017,Wide Net - May 2026
zcrm_5436421000135226599,Wide Net - May 2026
zcrm_5436421000135227040,Wide Net - May 2026
zcrm_5436421000135227081,Wide Net - May 2026
zcrm_5436421000135227166,Wide Net - May 2026
zcrm_5436421000135228050,Wide Net - May 2026
zcrm_5436421000135228062,Wide Net - May 2026
zcrm_5436421000135228557,Wide Net - May 2026
zcrm_5436421000135228569,Wide Net - May 2026
zcrm_5436421000135228656,Wide Net - May 2026
zcrm_5436421000135229057,Wide Net - May 2026
zcrm_5436421000135229140,Wide Net - May 2026
zcrm_5436421000135231159,Wide Net - May 2026
zcrm_5436421000135231587,Wide Net - May 2026
zcrm_5436421000135231981,Wide Net - May 2026
zcrm_5436421000135232611,Wide Net - May 2026
zcrm_5436421000135233143,Wide Net - May 2026
zcrm_5436421000135233509,Wide Net - May 2026
zcrm_5436421000135233974,Wide Net - May 2026
zcrm_5436421000135234087,Wide Net - May 2026
zcrm_5436421000135234105,Wide Net - May 2026
zcrm_5436421000135234554,Wide Net - May 2026
zcrm_5436421000135234964,Wide Net - May 2026
zcrm_5436421000135234972,Wide Net - May 2026
zcrm_5436421000135234979,Wide Net - May 2026
zcrm_5436421000135235001,Wide Net - May 2026
zcrm_5436421000135235105,Wide Net - May 2026
zcrm_5436421000135057945,Wide Net - May 2026
zcrm_5436421000135057947,Wide Net - May 2026
zcrm_5436421000135057957,Wide Net - May 2026
zcrm_5436421000135077245,Wide Net - May 2026
zcrm_5436421000135077796,Wide Net - May 2026
zcrm_5436421000135077878,Wide Net - May 2026
zcrm_5436421000135127223,Wide Net - May 2026
zcrm_5436421000135194364,Wide Net - May 2026
zcrm_5436421000135194752,Wide Net - May 2026
zcrm_5436421000135200100,Wide Net - May 2026
zcrm_5436421000135200140,Wide Net - May 2026
zcrm_5436421000135200475,Wide Net - May 2026
zcrm_5436421000135200947,Wide Net - May 2026
zcrm_5436421000135201019,Wide Net - May 2026
zcrm_5436421000135202550,Wide Net - May 2026
zcrm_5436421000135203069,Wide Net - May 2026
zcrm_5436421000135203097,Wide Net - May 2026
zcrm_5436421000135203105,Wide Net - May 2026
zcrm_5436421000135203509,Wide Net - May 2026
zcrm_5436421000135203570,Wide Net - May 2026
zcrm_5436421000135203629,Wide Net - May 2026
zcrm_5436421000135203984,Wide Net - May 2026
zcrm_5436421000135204052,Wide Net - May 2026
zcrm_5436421000135204466,Wide Net - May 2026
zcrm_5436421000135204485,Wide Net - May 2026
zcrm_5436421000135204564,Wide Net - May 2026
zcrm_5436421000135204611,Wide Net - May 2026
zcrm_5436421000135205653,Wide Net - May 2026
zcrm_5436421000135205961,Wide Net - May 2026
zcrm_5436421000135206076,Wide Net - May 2026
zcrm_5436421000135206445,Wide Net - May 2026
zcrm_5436421000135206631,Wide Net - May 2026
zcrm_5436421000135207050,Wide Net - May 2026
zcrm_5436421000135207464,Wide Net - May 2026
zcrm_5436421000135207517,Wide Net - May 2026
zcrm_5436421000135207586,Wide Net - May 2026
zcrm_5436421000135207597,Wide Net - May 2026
zcrm_5436421000135208096,Wide Net - May 2026
zcrm_5436421000135208467,Wide Net - May 2026
zcrm_5436421000135208611,Wide Net - May 2026
zcrm_5436421000135209075,Wide Net - May 2026
zcrm_5436421000135209523,Wide Net - May 2026
zcrm_5436421000135210114,Wide Net - May 2026
zcrm_5436421000135211057,Wide Net - May 2026
zcrm_5436421000135211148,Wide Net - May 2026
zcrm_5436421000135211574,Wide Net - May 2026
zcrm_5436421000135212140,Wide Net - May 2026
zcrm_5436421000135212148,Wide Net - May 2026
zcrm_5436421000135212997,Wide Net - May 2026
zcrm_5436421000135213090,Wide Net - May 2026
zcrm_5436421000135213094,Wide Net - May 2026
zcrm_5436421000135213182,Wide Net - May 2026
zcrm_5436421000135213449,Wide Net - May 2026
zcrm_5436421000135213484,Wide Net - May 2026
zcrm_5436421000135213528,Wide Net - May 2026
zcrm_5436421000135214622,Wide Net - May 2026
zcrm_5436421000135214942,Wide Net - May 2026
zcrm_5436421000135215544,Wide Net - May 2026
zcrm_5436421000135217044,Wide Net - May 2026
zcrm_5436421000135217144,Wide Net - May 2026
zcrm_5436421000135217528,Wide Net - May 2026
zcrm_5436421000135218462,Wide Net - May 2026
zcrm_5436421000135218950,Wide Net - May 2026
zcrm_5436421000135218976,Wide Net - May 2026
zcrm_5436421000135219184,Wide Net - May 2026
zcrm_5436421000135219627,Wide Net - May 2026
zcrm_5436421000135219661,Wide Net - May 2026
zcrm_5436421000135220077,Wide Net - May 2026
zcrm_5436421000135220146,Wide Net - May 2026
zcrm_5436421000135220170,Wide Net - May 2026
zcrm_5436421000135220494,Wide Net - May 2026
zcrm_5436421000135220954,Wide Net - May 2026
zcrm_5436421000135221458,Wide Net - May 2026
zcrm_5436421000135221500,Wide Net - May 2026
zcrm_5436421000135221539,Wide Net - May 2026
zcrm_5436421000135221587,Wide Net - May 2026
zcrm_5436421000135222102,Wide Net - May 2026
zcrm_5436421000135223143,Wide Net - May 2026
zcrm_5436421000135223163,Wide Net - May 2026
zcrm_5436421000135224459,Wide Net - May 2026
zcrm_5436421000135224460,Wide Net - May 2026
zcrm_5436421000135224496,Wide Net - May 2026
zcrm_5436421000135224499,Wide Net - May 2026
zcrm_5436421000135224975,Wide Net - May 2026
zcrm_5436421000135225033,Wide Net - May 2026
zcrm_5436421000135225079,Wide Net - May 2026
zcrm_5436421000135225474,Wide Net - May 2026
zcrm_5436421000135225938,Wide Net - May 2026
zcrm_5436421000135225978,Wide Net - May 2026
zcrm_5436421000135226521,Wide Net - May 2026
zcrm_5436421000135226960,Wide Net - May 2026
zcrm_5436421000135227593,Wide Net - May 2026
zcrm_5436421000135227620,Wide Net - May 2026
zcrm_5436421000135228957,Wide Net - May 2026
zcrm_5436421000135228984,Wide Net - May 2026
zcrm_5436421000135229517,Wide Net - May 2026
zcrm_5436421000135229679,Wide Net - May 2026
zcrm_5436421000135230050,Wide Net - May 2026
zcrm_5436421000135230973,Wide Net - May 2026
zcrm_5436421000135231137,Wide Net - May 2026
zcrm_5436421000135231466,Wide Net - May 2026
zcrm_5436421000135232669,Wide Net - May 2026
zcrm_5436421000135233607,Wide Net - May 2026
zcrm_5436421000135233684,Wide Net - May 2026
zcrm_5436421000135233948,Wide Net - May 2026
zcrm_5436421000135233957,Wide Net - May 2026
zcrm_5436421000135233966,Wide Net - May 2026
zcrm_5436421000135057977,Wide Net - May 2026
zcrm_5436421000135077215,Wide Net - May 2026
zcrm_5436421000135077219,Wide Net - May 2026
zcrm_5436421000135077251,Wide Net - May 2026
zcrm_5436421000135077365,Wide Net - May 2026
zcrm_5436421000135077456,Wide Net - May 2026
zcrm_5436421000135077758,Wide Net - May 2026
zcrm_5436421000135194223,Wide Net - May 2026
zcrm_5436421000135194358,Wide Net - May 2026
zcrm_5436421000135194406,Wide Net - May 2026
zcrm_5436421000135194440,Wide Net - May 2026
zcrm_5436421000135194441,Wide Net - May 2026
zcrm_5436421000135194812,Wide Net - May 2026
zcrm_5436421000135200497,Wide Net - May 2026
zcrm_5436421000135200500,Wide Net - May 2026
zcrm_5436421000135200501,Wide Net - May 2026
zcrm_5436421000135201641,Wide Net - May 2026
zcrm_5436421000135201943,Wide Net - May 2026
zcrm_5436421000135201984,Wide Net - May 2026
zcrm_5436421000135201992,Wide Net - May 2026
zcrm_5436421000135202154,Wide Net - May 2026
zcrm_5436421000135202446,Wide Net - May 2026
zcrm_5436421000135202670,Wide Net - May 2026
zcrm_5436421000135203011,Wide Net - May 2026
zcrm_5436421000135203027,Wide Net - May 2026
zcrm_5436421000135203603,Wide Net - May 2026
zcrm_5436421000135204134,Wide Net - May 2026
zcrm_5436421000135204171,Wide Net - May 2026
zcrm_5436421000135204510,Wide Net - May 2026
zcrm_5436421000135205633,Wide Net - May 2026
zcrm_5436421000135205648,Wide Net - May 2026
zcrm_5436421000135206003,Wide Net - May 2026
zcrm_5436421000135206036,Wide Net - May 2026
zcrm_5436421000135206148,Wide Net - May 2026
zcrm_5436421000135206439,Wide Net - May 2026
zcrm_5436421000135206443,Wide Net - May 2026
zcrm_5436421000135206472,Wide Net - May 2026
zcrm_5436421000135206487,Wide Net - May 2026
zcrm_5436421000135206517,Wide Net - May 2026
zcrm_5436421000135206666,Wide Net - May 2026
zcrm_5436421000135206955,Wide Net - May 2026
zcrm_5436421000135207014,Wide Net - May 2026
zcrm_5436421000135207071,Wide Net - May 2026
zcrm_5436421000135207939,Wide Net - May 2026
zcrm_5436421000135208017,Wide Net - May 2026
zcrm_5436421000135208124,Wide Net - May 2026
zcrm_5436421000135208162,Wide Net - May 2026
zcrm_5436421000135208456,Wide Net - May 2026
zcrm_5436421000135208526,Wide Net - May 2026
zcrm_5436421000135208540,Wide Net - May 2026
zcrm_5436421000135208543,Wide Net - May 2026
zcrm_5436421000135208949,Wide Net - May 2026
zcrm_5436421000135208997,Wide Net - May 2026
zcrm_5436421000135208998,Wide Net - May 2026
zcrm_5436421000135209106,Wide Net - May 2026
zcrm_5436421000135209152,Wide Net - May 2026
zcrm_5436421000135209593,Wide Net - May 2026
zcrm_5436421000135209628,Wide Net - May 2026
zcrm_5436421000135209635,Wide Net - May 2026
zcrm_5436421000135209976,Wide Net - May 2026
zcrm_5436421000135210062,Wide Net - May 2026
zcrm_5436421000135210506,Wide Net - May 2026
zcrm_5436421000135210655,Wide Net - May 2026
zcrm_5436421000135210939,Wide Net - May 2026
zcrm_5436421000135210978,Wide Net - May 2026
zcrm_5436421000135211501,Wide Net - May 2026
zcrm_5436421000135211603,Wide Net - May 2026
zcrm_5436421000135211681,Wide Net - May 2026
zcrm_5436421000135212575,Wide Net - May 2026
zcrm_5436421000135213139,Wide Net - May 2026
zcrm_5436421000135213611,Wide Net - May 2026
zcrm_5436421000135213947,Wide Net - May 2026
zcrm_5436421000135214025,Wide Net - May 2026
zcrm_5436421000135215450,Wide Net - May 2026
zcrm_5436421000135215456,Wide Net - May 2026
zcrm_5436421000135215629,Wide Net - May 2026
zcrm_5436421000135216001,Wide Net - May 2026
zcrm_5436421000135216570,Wide Net - May 2026
zcrm_5436421000135216623,Wide Net - May 2026
zcrm_5436421000135216629,Wide Net - May 2026
zcrm_5436421000135217001,Wide Net - May 2026
zcrm_5436421000135217072,Wide Net - May 2026
zcrm_5436421000135217675,Wide Net - May 2026
zcrm_5436421000135217983,Wide Net - May 2026
zcrm_5436421000135218574,Wide Net - May 2026
zcrm_5436421000135218577,Wide Net - May 2026
zcrm_5436421000135218686,Wide Net - May 2026
zcrm_5436421000135219129,Wide Net - May 2026
zcrm_5436421000135219501,Wide Net - May 2026
zcrm_5436421000135219550,Wide Net - May 2026
zcrm_5436421000135219620,Wide Net - May 2026
zcrm_5436421000135219668,Wide Net - May 2026
zcrm_5436421000135220068,Wide Net - May 2026
zcrm_5436421000135220096,Wide Net - May 2026
zcrm_5436421000135221172,Wide Net - May 2026
zcrm_5436421000135221439,Wide Net - May 2026
zcrm_5436421000135221565,Wide Net - May 2026
zcrm_5436421000135221945,Wide Net - May 2026
zcrm_5436421000135222141,Wide Net - May 2026
zcrm_5436421000135222161,Wide Net - May 2026
zcrm_5436421000135223010,Wide Net - May 2026
zcrm_5436421000135223049,Wide Net - May 2026
zcrm_5436421000135223591,Wide Net - May 2026
zcrm_5436421000135223594,Wide Net - May 2026
zcrm_5436421000135223996,Wide Net - May 2026
zcrm_5436421000135224012,Wide Net - May 2026
zcrm_5436421000135224022,Wide Net - May 2026
zcrm_5436421000135224141,Wide Net - May 2026
zcrm_5436421000135224970,Wide Net - May 2026
zcrm_5436421000135224996,Wide Net - May 2026
zcrm_5436421000135225634,Wide Net - May 2026
zcrm_5436421000135225656,Wide Net - May 2026
zcrm_5436421000135226008,Wide Net - May 2026
zcrm_5436421000135226127,Wide Net - May 2026
zcrm_5436421000135226447,Wide Net - May 2026
zcrm_5436421000135226547,Wide Net - May 2026
zcrm_5436421000135226574,Wide Net - May 2026
zcrm_5436421000135227557,Wide Net - May 2026
zcrm_5436421000135227628,Wide Net - May 2026
zcrm_5436421000135228037,Wide Net - May 2026
zcrm_5436421000135228454,Wide Net - May 2026
zcrm_5436421000135228543,Wide Net - May 2026
zcrm_5436421000135228668,Wide Net - May 2026
zcrm_5436421000135229058,Wide Net - May 2026
zcrm_5436421000135229153,Wide Net - May 2026
zcrm_5436421000135229485,Wide Net - May 2026
zcrm_5436421000135231013,Wide Net - May 2026
zcrm_5436421000135231063,Wide Net - May 2026
zcrm_5436421000135231149,Wide Net - May 2026
zcrm_5436421000135231449,Wide Net - May 2026
zcrm_5436421000135232018,Wide Net - May 2026
zcrm_5436421000135232099,Wide Net - May 2026
zcrm_5436421000135232442,Wide Net - May 2026
zcrm_5436421000135232939,Wide Net - May 2026
zcrm_5436421000135233072,Wide Net - May 2026
zcrm_5436421000135233133,Wide Net - May 2026
zcrm_5436421000135233142,Wide Net - May 2026
zcrm_5436421000135233593,Wide Net - May 2026
zcrm_5436421000135233663,Wide Net - May 2026
zcrm_5436421000135233674,Wide Net - May 2026
zcrm_5436421000135234095,Wide Net - May 2026
zcrm_5436421000135234607,Wide Net - May 2026
zcrm_5436421000135234613,Wide Net - May 2026
zcrm_5436421000135235035,Wide Net - May 2026
zcrm_5436421000135077792,Wide Net - May 2026
zcrm_5436421000135127170,Wide Net - May 2026
zcrm_5436421000135127287,Wide Net - May 2026
zcrm_5436421000135194264,Wide Net - May 2026
zcrm_5436421000135194377,Wide Net - May 2026
zcrm_5436421000135194831,Wide Net - May 2026
zcrm_5436421000135200067,Wide Net - May 2026
zcrm_5436421000135200507,Wide Net - May 2026
zcrm_5436421000135200511,Wide Net - May 2026
zcrm_5436421000135201507,Wide Net - May 2026
zcrm_5436421000135203530,Wide Net - May 2026
zcrm_5436421000135203956,Wide Net - May 2026
zcrm_5436421000135203963,Wide Net - May 2026
zcrm_5436421000135203964,Wide Net - May 2026
zcrm_5436421000135204440,Wide Net - May 2026
zcrm_5436421000135205006,Wide Net - May 2026
zcrm_5436421000135206073,Wide Net - May 2026
zcrm_5436421000135207003,Wide Net - May 2026
zcrm_5436421000135207089,Wide Net - May 2026
zcrm_5436421000135207554,Wide Net - May 2026
zcrm_5436421000135207958,Wide Net - May 2026
zcrm_5436421000135208530,Wide Net - May 2026
zcrm_5436421000135209126,Wide Net - May 2026
zcrm_5436421000135209164,Wide Net - May 2026
zcrm_5436421000135209549,Wide Net - May 2026
zcrm_5436421000135211178,Wide Net - May 2026
zcrm_5436421000135211579,Wide Net - May 2026
zcrm_5436421000135211952,Wide Net - May 2026
zcrm_5436421000135212138,Wide Net - May 2026
zcrm_5436421000135212578,Wide Net - May 2026
zcrm_5436421000135212652,Wide Net - May 2026
zcrm_5436421000135212969,Wide Net - May 2026
zcrm_5436421000135213037,Wide Net - May 2026
zcrm_5436421000135213073,Wide Net - May 2026
zcrm_5436421000135213186,Wide Net - May 2026
zcrm_5436421000135213534,Wide Net - May 2026
zcrm_5436421000135214135,Wide Net - May 2026
zcrm_5436421000135214148,Wide Net - May 2026
zcrm_5436421000135214967,Wide Net - May 2026
zcrm_5436421000135215454,Wide Net - May 2026
zcrm_5436421000135215482,Wide Net - May 2026
zcrm_5436421000135215508,Wide Net - May 2026
zcrm_5436421000135215591,Wide Net - May 2026
zcrm_5436421000135215592,Wide Net - May 2026
zcrm_5436421000135215607,Wide Net - May 2026
zcrm_5436421000135216124,Wide Net - May 2026
zcrm_5436421000135216448,Wide Net - May 2026
zcrm_5436421000135216534,Wide Net - May 2026
zcrm_5436421000135216554,Wide Net - May 2026
zcrm_5436421000135217183,Wide Net - May 2026
zcrm_5436421000135217491,Wide Net - May 2026
zcrm_5436421000135217670,Wide Net - May 2026
zcrm_5436421000135217684,Wide Net - May 2026
zcrm_5436421000135218986,Wide Net - May 2026
zcrm_5436421000135218989,Wide Net - May 2026
zcrm_5436421000135219002,Wide Net - May 2026
zcrm_5436421000135219556,Wide Net - May 2026
zcrm_5436421000135219656,Wide Net - May 2026
zcrm_5436421000135220631,Wide Net - May 2026
zcrm_5436421000135220644,Wide Net - May 2026
zcrm_5436421000135221088,Wide Net - May 2026
zcrm_5436421000135222991,Wide Net - May 2026
zcrm_5436421000135223018,Wide Net - May 2026
zcrm_5436421000135223027,Wide Net - May 2026
zcrm_5436421000135223037,Wide Net - May 2026
zcrm_5436421000135223056,Wide Net - May 2026
zcrm_5436421000135223094,Wide Net - May 2026
zcrm_5436421000135223097,Wide Net - May 2026
zcrm_5436421000135223486,Wide Net - May 2026
zcrm_5436421000135223951,Wide Net - May 2026
zcrm_5436421000135224016,Wide Net - May 2026
zcrm_5436421000135224461,Wide Net - May 2026
zcrm_5436421000135224523,Wide Net - May 2026
zcrm_5436421000135225628,Wide Net - May 2026
zcrm_5436421000135225671,Wide Net - May 2026
zcrm_5436421000135226067,Wide Net - May 2026
zcrm_5436421000135226673,Wide Net - May 2026
zcrm_5436421000135227007,Wide Net - May 2026
zcrm_5436421000135227046,Wide Net - May 2026
zcrm_5436421000135227059,Wide Net - May 2026
zcrm_5436421000135227463,Wide Net - May 2026
zcrm_5436421000135227502,Wide Net - May 2026
zcrm_5436421000135227678,Wide Net - May 2026
zcrm_5436421000135227964,Wide Net - May 2026
zcrm_5436421000135228097,Wide Net - May 2026
zcrm_5436421000135229055,Wide Net - May 2026
zcrm_5436421000135229108,Wide Net - May 2026
zcrm_5436421000135229561,Wide Net - May 2026
zcrm_5436421000135229650,Wide Net - May 2026
zcrm_5436421000135230167,Wide Net - May 2026
zcrm_5436421000135231025,Wide Net - May 2026
zcrm_5436421000135232500,Wide Net - May 2026
zcrm_5436421000135233148,Wide Net - May 2026
zcrm_5436421000135233167,Wide Net - May 2026
zcrm_5436421000135233439,Wide Net - May 2026
zcrm_5436421000135233506,Wide Net - May 2026
zcrm_5436421000135233662,Wide Net - May 2026
zcrm_5436421000135234586,Wide Net - May 2026
zcrm_5436421000135077315,Wide Net - May 2026
zcrm_5436421000135077410,Wide Net - May 2026
zcrm_5436421000135077731,Wide Net - May 2026
zcrm_5436421000135077738,Wide Net - May 2026
zcrm_5436421000135077823,Wide Net - May 2026
zcrm_5436421000135077845,Wide Net - May 2026
zcrm_5436421000135077855,Wide Net - May 2026
zcrm_5436421000135077856,Wide Net - May 2026
zcrm_5436421000135194237,Wide Net - May 2026
zcrm_5436421000135194314,Wide Net - May 2026
zcrm_5436421000135194368,Wide Net - May 2026
zcrm_5436421000135194822,Wide Net - May 2026
zcrm_5436421000135200074,Wide Net - May 2026
zcrm_5436421000135200125,Wide Net - May 2026
zcrm_5436421000135200492,Wide Net - May 2026
zcrm_5436421000135200611,Wide Net - May 2026
zcrm_5436421000135200662,Wide Net - May 2026
zcrm_5436421000135201585,Wide Net - May 2026
zcrm_5436421000135201589,Wide Net - May 2026
zcrm_5436421000135201595,Wide Net - May 2026
zcrm_5436421000135201940,Wide Net - May 2026
zcrm_5436421000135201967,Wide Net - May 2026
zcrm_5436421000135201976,Wide Net - May 2026
zcrm_5436421000135201994,Wide Net - May 2026
zcrm_5436421000135202494,Wide Net - May 2026
zcrm_5436421000135202653,Wide Net - May 2026
zcrm_5436421000135203062,Wide Net - May 2026
zcrm_5436421000135203569,Wide Net - May 2026
zcrm_5436421000135204102,Wide Net - May 2026
zcrm_5436421000135204131,Wide Net - May 2026
zcrm_5436421000135204952,Wide Net - May 2026
zcrm_5436421000135205061,Wide Net - May 2026
zcrm_5436421000135205623,Wide Net - May 2026
zcrm_5436421000135205663,Wide Net - May 2026
zcrm_5436421000135205986,Wide Net - May 2026
zcrm_5436421000135206463,Wide Net - May 2026
zcrm_5436421000135206605,Wide Net - May 2026
zcrm_5436421000135206973,Wide Net - May 2026
zcrm_5436421000135207044,Wide Net - May 2026
zcrm_5436421000135207099,Wide Net - May 2026
zcrm_5436421000135208120,Wide Net - May 2026
zcrm_5436421000135208150,Wide Net - May 2026
zcrm_5436421000135208624,Wide Net - May 2026
zcrm_5436421000135209171,Wide Net - May 2026
zcrm_5436421000135209536,Wide Net - May 2026
zcrm_5436421000135209954,Wide Net - May 2026
zcrm_5436421000135210125,Wide Net - May 2026
zcrm_5436421000135210536,Wide Net - May 2026
zcrm_5436421000135210599,Wide Net - May 2026
zcrm_5436421000135210679,Wide Net - May 2026
zcrm_5436421000135210682,Wide Net - May 2026
zcrm_5436421000135210988,Wide Net - May 2026
zcrm_5436421000135211137,Wide Net - May 2026
zcrm_5436421000135211154,Wide Net - May 2026
zcrm_5436421000135211458,Wide Net - May 2026
zcrm_5436421000135211565,Wide Net - May 2026
zcrm_5436421000135211658,Wide Net - May 2026
zcrm_5436421000135211944,Wide Net - May 2026
zcrm_5436421000135211987,Wide Net - May 2026
zcrm_5436421000135212062,Wide Net - May 2026
zcrm_5436421000135212552,Wide Net - May 2026
zcrm_5436421000135213011,Wide Net - May 2026
zcrm_5436421000135213533,Wide Net - May 2026
zcrm_5436421000135213610,Wide Net - May 2026
zcrm_5436421000135213623,Wide Net - May 2026
zcrm_5436421000135213624,Wide Net - May 2026
zcrm_5436421000135213640,Wide Net - May 2026
zcrm_5436421000135214035,Wide Net - May 2026
zcrm_5436421000135214068,Wide Net - May 2026
zcrm_5436421000135214489,Wide Net - May 2026
zcrm_5436421000135214992,Wide Net - May 2026
zcrm_5436421000135215009,Wide Net - May 2026
zcrm_5436421000135215010,Wide Net - May 2026
zcrm_5436421000135215059,Wide Net - May 2026
zcrm_5436421000135215960,Wide Net - May 2026
zcrm_5436421000135216063,Wide Net - May 2026
zcrm_5436421000135216468,Wide Net - May 2026
zcrm_5436421000135217443,Wide Net - May 2026
zcrm_5436421000135217465,Wide Net - May 2026
zcrm_5436421000135217541,Wide Net - May 2026
zcrm_5436421000135217555,Wide Net - May 2026
zcrm_5436421000135217990,Wide Net - May 2026
zcrm_5436421000135220070,Wide Net - May 2026
zcrm_5436421000135220155,Wide Net - May 2026
zcrm_5436421000135220466,Wide Net - May 2026
zcrm_5436421000135220491,Wide Net - May 2026
zcrm_5436421000135220502,Wide Net - May 2026
zcrm_5436421000135220565,Wide Net - May 2026
zcrm_5436421000135220578,Wide Net - May 2026
zcrm_5436421000135220653,Wide Net - May 2026
zcrm_5436421000135221036,Wide Net - May 2026
zcrm_5436421000135221129,Wide Net - May 2026
zcrm_5436421000135221443,Wide Net - May 2026
zcrm_5436421000135221448,Wide Net - May 2026
zcrm_5436421000135221451,Wide Net - May 2026
zcrm_5436421000135221601,Wide Net - May 2026
zcrm_5436421000135221617,Wide Net - May 2026
zcrm_5436421000135221977,Wide Net - May 2026
zcrm_5436421000135222028,Wide Net - May 2026
zcrm_5436421000135222036,Wide Net - May 2026
zcrm_5436421000135222477,Wide Net - May 2026
zcrm_5436421000135222545,Wide Net - May 2026
zcrm_5436421000135222616,Wide Net - May 2026
zcrm_5436421000135222990,Wide Net - May 2026
zcrm_5436421000135223092,Wide Net - May 2026
zcrm_5436421000135223164,Wide Net - May 2026
zcrm_5436421000135223443,Wide Net - May 2026
zcrm_5436421000135223495,Wide Net - May 2026
zcrm_5436421000135223509,Wide Net - May 2026
zcrm_5436421000135223525,Wide Net - May 2026
zcrm_5436421000135223587,Wide Net - May 2026
zcrm_5436421000135223598,Wide Net - May 2026
zcrm_5436421000135223607,Wide Net - May 2026
zcrm_5436421000135224095,Wide Net - May 2026
zcrm_5436421000135224454,Wide Net - May 2026
zcrm_5436421000135224550,Wide Net - May 2026
zcrm_5436421000135224609,Wide Net - May 2026
zcrm_5436421000135224988,Wide Net - May 2026
zcrm_5436421000135225064,Wide Net - May 2026
zcrm_5436421000135225495,Wide Net - May 2026
zcrm_5436421000135225497,Wide Net - May 2026
zcrm_5436421000135225539,Wide Net - May 2026
zcrm_5436421000135226103,Wide Net - May 2026
zcrm_5436421000135226457,Wide Net - May 2026
zcrm_5436421000135226471,Wide Net - May 2026
zcrm_5436421000135226512,Wide Net - May 2026
zcrm_5436421000135226548,Wide Net - May 2026
zcrm_5436421000135226659,Wide Net - May 2026
zcrm_5436421000135227085,Wide Net - May 2026
zcrm_5436421000135227095,Wide Net - May 2026
zcrm_5436421000135227604,Wide Net - May 2026
zcrm_5436421000135227677,Wide Net - May 2026
zcrm_5436421000135228012,Wide Net - May 2026
zcrm_5436421000135228115,Wide Net - May 2026
zcrm_5436421000135228145,Wide Net - May 2026
zcrm_5436421000135228515,Wide Net - May 2026
zcrm_5436421000135228516,Wide Net - May 2026
zcrm_5436421000135228580,Wide Net - May 2026
zcrm_5436421000135229083,Wide Net - May 2026
zcrm_5436421000135229103,Wide Net - May 2026
zcrm_5436421000135229135,Wide Net - May 2026
zcrm_5436421000135229142,Wide Net - May 2026
zcrm_5436421000135229160,Wide Net - May 2026
zcrm_5436421000135229525,Wide Net - May 2026
zcrm_5436421000135229543,Wide Net - May 2026
zcrm_5436421000135229549,Wide Net - May 2026
zcrm_5436421000135229950,Wide Net - May 2026
zcrm_5436421000135230000,Wide Net - May 2026
zcrm_5436421000135230064,Wide Net - May 2026
zcrm_5436421000135230133,Wide Net - May 2026
zcrm_5436421000135230151,Wide Net - May 2026
zcrm_5436421000135230161,Wide Net - May 2026
zcrm_5436421000135230169,Wide Net - May 2026
zcrm_5436421000135230187,Wide Net - May 2026
zcrm_5436421000135230674,Wide Net - May 2026
zcrm_5436421000135230970,Wide Net - May 2026
zcrm_5436421000135231076,Wide Net - May 2026
zcrm_5436421000135231139,Wide Net - May 2026
zcrm_5436421000135231151,Wide Net - May 2026
zcrm_5436421000135231585,Wide Net - May 2026
zcrm_5436421000135231603,Wide Net - May 2026
zcrm_5436421000135231628,Wide Net - May 2026
zcrm_5436421000135231681,Wide Net - May 2026
zcrm_5436421000135231998,Wide Net - May 2026
zcrm_5436421000135232186,Wide Net - May 2026
zcrm_5436421000135232455,Wide Net - May 2026
zcrm_5436421000135232971,Wide Net - May 2026
zcrm_5436421000135233039,Wide Net - May 2026
zcrm_5436421000135233120,Wide Net - May 2026
zcrm_5436421000135233138,Wide Net - May 2026
zcrm_5436421000135233474,Wide Net - May 2026
zcrm_5436421000135233598,Wide Net - May 2026
zcrm_5436421000135233670,Wide Net - May 2026
zcrm_5436421000135234085,Wide Net - May 2026
zcrm_5436421000135234107,Wide Net - May 2026
zcrm_5436421000135234636,Wide Net - May 2026
zcrm_5436421000135234669,Wide Net - May 2026
zcrm_5436421000135234940,Wide Net - May 2026
zcrm_5436421000135057992,Wide Net - May 2026
zcrm_5436421000135077420,Wide Net - May 2026
zcrm_5436421000135077443,Wide Net - May 2026
zcrm_5436421000135077761,Wide Net - May 2026
zcrm_5436421000135077768,Wide Net - May 2026
zcrm_5436421000135127230,Wide Net - May 2026
zcrm_5436421000135194250,Wide Net - May 2026
zcrm_5436421000135194270,Wide Net - May 2026
zcrm_5436421000135194281,Wide Net - May 2026
zcrm_5436421000135194354,Wide Net - May 2026
zcrm_5436421000135194375,Wide Net - May 2026
zcrm_5436421000135200577,Wide Net - May 2026
zcrm_5436421000135201569,Wide Net - May 2026
zcrm_5436421000135201660,Wide Net - May 2026
zcrm_5436421000135202555,Wide Net - May 2026
zcrm_5436421000135204019,Wide Net - May 2026
zcrm_5436421000135204097,Wide Net - May 2026
zcrm_5436421000135204184,Wide Net - May 2026
zcrm_5436421000135204500,Wide Net - May 2026
zcrm_5436421000135204616,Wide Net - May 2026
zcrm_5436421000135206018,Wide Net - May 2026
zcrm_5436421000135206174,Wide Net - May 2026
zcrm_5436421000135206185,Wide Net - May 2026
zcrm_5436421000135206510,Wide Net - May 2026
zcrm_5436421000135207082,Wide Net - May 2026
zcrm_5436421000135207109,Wide Net - May 2026
zcrm_5436421000135207126,Wide Net - May 2026
zcrm_5436421000135208011,Wide Net - May 2026
zcrm_5436421000135208101,Wide Net - May 2026
zcrm_5436421000135208506,Wide Net - May 2026
zcrm_5436421000135208940,Wide Net - May 2026
zcrm_5436421000135209493,Wide Net - May 2026
zcrm_5436421000135209991,Wide Net - May 2026
zcrm_5436421000135210010,Wide Net - May 2026
zcrm_5436421000135210107,Wide Net - May 2026
zcrm_5436421000135210155,Wide Net - May 2026
zcrm_5436421000135210463,Wide Net - May 2026
zcrm_5436421000135210541,Wide Net - May 2026
zcrm_5436421000135210554,Wide Net - May 2026
zcrm_5436421000135210572,Wide Net - May 2026
zcrm_5436421000135210590,Wide Net - May 2026
zcrm_5436421000135210964,Wide Net - May 2026
zcrm_5436421000135211171,Wide Net - May 2026
zcrm_5436421000135211593,Wide Net - May 2026
zcrm_5436421000135211630,Wide Net - May 2026
zcrm_5436421000135212461,Wide Net - May 2026
zcrm_5436421000135212475,Wide Net - May 2026
zcrm_5436421000135212490,Wide Net - May 2026
zcrm_5436421000135212614,Wide Net - May 2026
zcrm_5436421000135212946,Wide Net - May 2026
zcrm_5436421000135213061,Wide Net - May 2026
zcrm_5436421000135213077,Wide Net - May 2026
zcrm_5436421000135213491,Wide Net - May 2026
zcrm_5436421000135213523,Wide Net - May 2026
zcrm_5436421000135214042,Wide Net - May 2026
zcrm_5436421000135214490,Wide Net - May 2026
zcrm_5436421000135214564,Wide Net - May 2026
zcrm_5436421000135215597,Wide Net - May 2026
zcrm_5436421000135215608,Wide Net - May 2026
zcrm_5436421000135215959,Wide Net - May 2026
zcrm_5436421000135215988,Wide Net - May 2026
zcrm_5436421000135216100,Wide Net - May 2026
zcrm_5436421000135217038,Wide Net - May 2026
zcrm_5436421000135217167,Wide Net - May 2026
zcrm_5436421000135217501,Wide Net - May 2026
zcrm_5436421000135217569,Wide Net - May 2026
zcrm_5436421000135218061,Wide Net - May 2026
zcrm_5436421000135218167,Wide Net - May 2026
zcrm_5436421000135218615,Wide Net - May 2026
zcrm_5436421000135219171,Wide Net - May 2026
zcrm_5436421000135220029,Wide Net - May 2026
zcrm_5436421000135220503,Wide Net - May 2026
zcrm_5436421000135220965,Wide Net - May 2026
zcrm_5436421000135222009,Wide Net - May 2026
zcrm_5436421000135222596,Wide Net - May 2026
zcrm_5436421000135223142,Wide Net - May 2026
zcrm_5436421000135223464,Wide Net - May 2026
zcrm_5436421000135224014,Wide Net - May 2026
zcrm_5436421000135224951,Wide Net - May 2026
zcrm_5436421000135225004,Wide Net - May 2026
zcrm_5436421000135225154,Wide Net - May 2026
zcrm_5436421000135226146,Wide Net - May 2026
zcrm_5436421000135226634,Wide Net - May 2026
zcrm_5436421000135226674,Wide Net - May 2026
zcrm_5436421000135227556,Wide Net - May 2026
zcrm_5436421000135227938,Wide Net - May 2026
zcrm_5436421000135228091,Wide Net - May 2026
zcrm_5436421000135228618,Wide Net - May 2026
zcrm_5436421000135229017,Wide Net - May 2026
zcrm_5436421000135229647,Wide Net - May 2026
zcrm_5436421000135230067,Wide Net - May 2026
zcrm_5436421000135230488,Wide Net - May 2026
zcrm_5436421000135231091,Wide Net - May 2026
zcrm_5436421000135231121,Wide Net - May 2026
zcrm_5436421000135231155,Wide Net - May 2026
zcrm_5436421000135232026,Wide Net - May 2026
zcrm_5436421000135233106,Wide Net - May 2026
zcrm_5436421000135233574,Wide Net - May 2026
zcrm_5436421000135233643,Wide Net - May 2026
zcrm_5436421000135233975,Wide Net - May 2026
zcrm_5436421000135234008,Wide Net - May 2026
zcrm_5436421000135234023,Wide Net - May 2026
zcrm_5436421000135234593,Wide Net - May 2026
zcrm_5436421000135234677,Wide Net - May 2026
zcrm_5436421000135235067,Wide Net - May 2026
zcrm_5436421000135077333,Wide Net - May 2026
zcrm_5436421000135077387,Wide Net - May 2026
zcrm_5436421000135077779,Wide Net - May 2026
zcrm_5436421000135127156,Wide Net - May 2026
zcrm_5436421000135194294,Wide Net - May 2026
zcrm_5436421000135194333,Wide Net - May 2026
zcrm_5436421000135200169,Wide Net - May 2026
zcrm_5436421000135200944,Wide Net - May 2026
zcrm_5436421000135201590,Wide Net - May 2026
zcrm_5436421000135202599,Wide Net - May 2026
zcrm_5436421000135204492,Wide Net - May 2026
zcrm_5436421000135204636,Wide Net - May 2026
zcrm_5436421000135205002,Wide Net - May 2026
zcrm_5436421000135205584,Wide Net - May 2026
zcrm_5436421000135206011,Wide Net - May 2026
zcrm_5436421000135206058,Wide Net - May 2026
zcrm_5436421000135206115,Wide Net - May 2026
zcrm_5436421000135207060,Wide Net - May 2026
zcrm_5436421000135208511,Wide Net - May 2026
zcrm_5436421000135208547,Wide Net - May 2026
zcrm_5436421000135209140,Wide Net - May 2026
zcrm_5436421000135209161,Wide Net - May 2026
zcrm_5436421000135209481,Wide Net - May 2026
zcrm_5436421000135209610,Wide Net - May 2026
zcrm_5436421000135210038,Wide Net - May 2026
zcrm_5436421000135210085,Wide Net - May 2026
zcrm_5436421000135210108,Wide Net - May 2026
zcrm_5436421000135210120,Wide Net - May 2026
zcrm_5436421000135210131,Wide Net - May 2026
zcrm_5436421000135211959,Wide Net - May 2026
zcrm_5436421000135211983,Wide Net - May 2026
zcrm_5436421000135212529,Wide Net - May 2026
zcrm_5436421000135212663,Wide Net - May 2026
zcrm_5436421000135212957,Wide Net - May 2026
zcrm_5436421000135213055,Wide Net - May 2026
zcrm_5436421000135213939,Wide Net - May 2026
zcrm_5436421000135214608,Wide Net - May 2026
zcrm_5436421000135215110,Wide Net - May 2026
zcrm_5436421000135215172,Wide Net - May 2026
zcrm_5436421000135215474,Wide Net - May 2026
zcrm_5436421000135216444,Wide Net - May 2026
zcrm_5436421000135217152,Wide Net - May 2026
zcrm_5436421000135217169,Wide Net - May 2026
zcrm_5436421000135217533,Wide Net - May 2026
zcrm_5436421000135218142,Wide Net - May 2026
zcrm_5436421000135218488,Wide Net - May 2026
zcrm_5436421000135218513,Wide Net - May 2026
zcrm_5436421000135219038,Wide Net - May 2026
zcrm_5436421000135219187,Wide Net - May 2026
zcrm_5436421000135219514,Wide Net - May 2026
zcrm_5436421000135220619,Wide Net - May 2026
zcrm_5436421000135220634,Wide Net - May 2026
zcrm_5436421000135220651,Wide Net - May 2026
zcrm_5436421000135220996,Wide Net - May 2026
zcrm_5436421000135221966,Wide Net - May 2026
zcrm_5436421000135222012,Wide Net - May 2026
zcrm_5436421000135222109,Wide Net - May 2026
zcrm_5436421000135222180,Wide Net - May 2026
zcrm_5436421000135222552,Wide Net - May 2026
zcrm_5436421000135223972,Wide Net - May 2026
zcrm_5436421000135224439,Wide Net - May 2026
zcrm_5436421000135225014,Wide Net - May 2026
zcrm_5436421000135225657,Wide Net - May 2026
zcrm_5436421000135227004,Wide Net - May 2026
zcrm_5436421000135227145,Wide Net - May 2026
zcrm_5436421000135227540,Wide Net - May 2026
zcrm_5436421000135228613,Wide Net - May 2026
zcrm_5436421000135229163,Wide Net - May 2026
zcrm_5436421000135229514,Wide Net - May 2026
zcrm_5436421000135229985,Wide Net - May 2026
zcrm_5436421000135230017,Wide Net - May 2026
zcrm_5436421000135231949,Wide Net - May 2026
zcrm_5436421000135231978,Wide Net - May 2026
zcrm_5436421000135232032,Wide Net - May 2026
zcrm_5436421000135232134,Wide Net - May 2026
zcrm_5436421000135232150,Wide Net - May 2026
zcrm_5436421000135232498,Wide Net - May 2026
zcrm_5436421000135232663,Wide Net - May 2026
zcrm_5436421000135232942,Wide Net - May 2026
zcrm_5436421000135232952,Wide Net - May 2026
zcrm_5436421000135233186,Wide Net - May 2026
zcrm_5436421000135233537,Wide Net - May 2026
zcrm_5436421000135233540,Wide Net - May 2026
zcrm_5436421000135235038,Wide Net - May 2026
zcrm_5436421000135235047,Wide Net - May 2026
zcrm_5436421000135235071,Wide Net - May 2026
zcrm_5436421000135077289,Wide Net - May 2026
zcrm_5436421000135077349,Wide Net - May 2026
zcrm_5436421000135077718,Wide Net - May 2026
zcrm_5436421000135077785,Wide Net - May 2026
zcrm_5436421000135127245,Wide Net - May 2026
zcrm_5436421000135194262,Wide Net - May 2026
zcrm_5436421000135194288,Wide Net - May 2026
zcrm_5436421000135194414,Wide Net - May 2026
zcrm_5436421000135194717,Wide Net - May 2026
zcrm_5436421000135200045,Wide Net - May 2026
zcrm_5436421000135200070,Wide Net - May 2026
zcrm_5436421000135200112,Wide Net - May 2026
zcrm_5436421000135200164,Wide Net - May 2026
zcrm_5436421000135201471,Wide Net - May 2026
zcrm_5436421000135201630,Wide Net - May 2026
zcrm_5436421000135201997,Wide Net - May 2026
zcrm_5436421000135202048,Wide Net - May 2026
zcrm_5436421000135202161,Wide Net - May 2026
zcrm_5436421000135202162,Wide Net - May 2026
zcrm_5436421000135202535,Wide Net - May 2026
zcrm_5436421000135202619,Wide Net - May 2026
zcrm_5436421000135202682,Wide Net - May 2026
zcrm_5436421000135202998,Wide Net - May 2026
zcrm_5436421000135203007,Wide Net - May 2026
zcrm_5436421000135203065,Wide Net - May 2026
zcrm_5436421000135204018,Wide Net - May 2026
zcrm_5436421000135204028,Wide Net - May 2026
zcrm_5436421000135204087,Wide Net - May 2026
zcrm_5436421000135204098,Wide Net - May 2026
zcrm_5436421000135204140,Wide Net - May 2026
zcrm_5436421000135204490,Wide Net - May 2026
zcrm_5436421000135204509,Wide Net - May 2026
zcrm_5436421000135204622,Wide Net - May 2026
zcrm_5436421000135204682,Wide Net - May 2026
zcrm_5436421000135205023,Wide Net - May 2026
zcrm_5436421000135205047,Wide Net - May 2026
zcrm_5436421000135205063,Wide Net - May 2026
zcrm_5436421000135205145,Wide Net - May 2026
zcrm_5436421000135205154,Wide Net - May 2026
zcrm_5436421000135205508,Wide Net - May 2026
zcrm_5436421000135205605,Wide Net - May 2026
zcrm_5436421000135205977,Wide Net - May 2026
zcrm_5436421000135206020,Wide Net - May 2026
zcrm_5436421000135206043,Wide Net - May 2026
zcrm_5436421000135206143,Wide Net - May 2026
zcrm_5436421000135206469,Wide Net - May 2026
zcrm_5436421000135206515,Wide Net - May 2026
zcrm_5436421000135206634,Wide Net - May 2026
zcrm_5436421000135207011,Wide Net - May 2026
zcrm_5436421000135207072,Wide Net - May 2026
zcrm_5436421000135207102,Wide Net - May 2026
zcrm_5436421000135208168,Wide Net - May 2026
zcrm_5436421000135209032,Wide Net - May 2026
zcrm_5436421000135209545,Wide Net - May 2026
zcrm_5436421000135209657,Wide Net - May 2026
zcrm_5436421000135210029,Wide Net - May 2026
zcrm_5436421000135210065,Wide Net - May 2026
zcrm_5436421000135210588,Wide Net - May 2026
zcrm_5436421000135210609,Wide Net - May 2026
zcrm_5436421000135210643,Wide Net - May 2026
zcrm_5436421000135211047,Wide Net - May 2026
zcrm_5436421000135211066,Wide Net - May 2026
zcrm_5436421000135211173,Wide Net - May 2026
zcrm_5436421000135212110,Wide Net - May 2026
zcrm_5436421000135212465,Wide Net - May 2026
zcrm_5436421000135212942,Wide Net - May 2026
zcrm_5436421000135213010,Wide Net - May 2026
zcrm_5436421000135213057,Wide Net - May 2026
zcrm_5436421000135213167,Wide Net - May 2026
zcrm_5436421000135213447,Wide Net - May 2026
zcrm_5436421000135213454,Wide Net - May 2026
zcrm_5436421000135214517,Wide Net - May 2026
zcrm_5436421000135214563,Wide Net - May 2026
zcrm_5436421000135214634,Wide Net - May 2026
zcrm_5436421000135214638,Wide Net - May 2026
zcrm_5436421000135214999,Wide Net - May 2026
zcrm_5436421000135215044,Wide Net - May 2026
zcrm_5436421000135215478,Wide Net - May 2026
zcrm_5436421000135215535,Wide Net - May 2026
zcrm_5436421000135215968,Wide Net - May 2026
zcrm_5436421000135217584,Wide Net - May 2026
zcrm_5436421000135218093,Wide Net - May 2026
zcrm_5436421000135218954,Wide Net - May 2026
zcrm_5436421000135219173,Wide Net - May 2026
zcrm_5436421000135057978,Wide Net - May 2026
zcrm_5436421000135127242,Wide Net - May 2026
zcrm_5436421000135194350,Wide Net - May 2026
zcrm_5436421000135200064,Wide Net - May 2026
zcrm_5436421000135200126,Wide Net - May 2026
zcrm_5436421000135200132,Wide Net - May 2026
zcrm_5436421000135200458,Wide Net - May 2026
zcrm_5436421000135200464,Wide Net - May 2026
zcrm_5436421000135200471,Wide Net - May 2026
zcrm_5436421000135200539,Wide Net - May 2026
zcrm_5436421000135200558,Wide Net - May 2026
zcrm_5436421000135200578,Wide Net - May 2026
zcrm_5436421000135200604,Wide Net - May 2026
zcrm_5436421000135200605,Wide Net - May 2026
zcrm_5436421000135200682,Wide Net - May 2026
zcrm_5436421000135201048,Wide Net - May 2026
zcrm_5436421000135201164,Wide Net - May 2026
zcrm_5436421000135201553,Wide Net - May 2026
zcrm_5436421000135201673,Wide Net - May 2026
zcrm_5436421000135201945,Wide Net - May 2026
zcrm_5436421000135202448,Wide Net - May 2026
zcrm_5436421000135202585,Wide Net - May 2026
zcrm_5436421000135202681,Wide Net - May 2026
zcrm_5436421000135203012,Wide Net - May 2026
zcrm_5436421000135203121,Wide Net - May 2026
zcrm_5436421000135203168,Wide Net - May 2026
zcrm_5436421000135203177,Wide Net - May 2026
zcrm_5436421000135203186,Wide Net - May 2026
zcrm_5436421000135203187,Wide Net - May 2026
zcrm_5436421000135203448,Wide Net - May 2026
zcrm_5436421000135203464,Wide Net - May 2026
zcrm_5436421000135203465,Wide Net - May 2026
zcrm_5436421000135203486,Wide Net - May 2026
zcrm_5436421000135203492,Wide Net - May 2026
zcrm_5436421000135203495,Wide Net - May 2026
zcrm_5436421000135203497,Wide Net - May 2026
zcrm_5436421000135203527,Wide Net - May 2026
zcrm_5436421000135203566,Wide Net - May 2026
zcrm_5436421000135204537,Wide Net - May 2026
zcrm_5436421000135204658,Wide Net - May 2026
zcrm_5436421000135205450,Wide Net - May 2026
zcrm_5436421000135205474,Wide Net - May 2026
zcrm_5436421000135205494,Wide Net - May 2026
zcrm_5436421000135205940,Wide Net - May 2026
zcrm_5436421000135205947,Wide Net - May 2026
zcrm_5436421000135206052,Wide Net - May 2026
zcrm_5436421000135206476,Wide Net - May 2026
zcrm_5436421000135206485,Wide Net - May 2026
zcrm_5436421000135206625,Wide Net - May 2026
zcrm_5436421000135206939,Wide Net - May 2026
zcrm_5436421000135207161,Wide Net - May 2026
zcrm_5436421000135207625,Wide Net - May 2026
zcrm_5436421000135208448,Wide Net - May 2026
zcrm_5436421000135208586,Wide Net - May 2026
zcrm_5436421000135208673,Wide Net - May 2026
zcrm_5436421000135209044,Wide Net - May 2026
zcrm_5436421000135209178,Wide Net - May 2026
zcrm_5436421000135209442,Wide Net - May 2026
zcrm_5436421000135209492,Wide Net - May 2026
zcrm_5436421000135209570,Wide Net - May 2026
zcrm_5436421000135209604,Wide Net - May 2026
zcrm_5436421000135209980,Wide Net - May 2026
zcrm_5436421000135209988,Wide Net - May 2026
zcrm_5436421000135210006,Wide Net - May 2026
zcrm_5436421000135210507,Wide Net - May 2026
zcrm_5436421000135210526,Wide Net - May 2026
zcrm_5436421000135211162,Wide Net - May 2026
zcrm_5436421000135211562,Wide Net - May 2026
zcrm_5436421000135211595,Wide Net - May 2026
zcrm_5436421000135212523,Wide Net - May 2026
zcrm_5436421000135213079,Wide Net - May 2026
zcrm_5436421000135213140,Wide Net - May 2026
zcrm_5436421000135213178,Wide Net - May 2026
zcrm_5436421000135213674,Wide Net - May 2026
zcrm_5436421000135214010,Wide Net - May 2026
zcrm_5436421000135214144,Wide Net - May 2026
zcrm_5436421000135214467,Wide Net - May 2026
zcrm_5436421000135214674,Wide Net - May 2026
zcrm_5436421000135214970,Wide Net - May 2026
zcrm_5436421000135215140,Wide Net - May 2026
zcrm_5436421000135215499,Wide Net - May 2026
zcrm_5436421000135215593,Wide Net - May 2026
zcrm_5436421000135215947,Wide Net - May 2026
zcrm_5436421000135215997,Wide Net - May 2026
zcrm_5436421000135216047,Wide Net - May 2026
zcrm_5436421000135216182,Wide Net - May 2026
zcrm_5436421000135217478,Wide Net - May 2026
zcrm_5436421000135217686,Wide Net - May 2026
zcrm_5436421000135217985,Wide Net - May 2026
zcrm_5436421000135218447,Wide Net - May 2026
zcrm_5436421000135218659,Wide Net - May 2026
zcrm_5436421000135219524,Wide Net - May 2026
zcrm_5436421000135219605,Wide Net - May 2026
zcrm_5436421000135219647,Wide Net - May 2026
zcrm_5436421000135219944,Wide Net - May 2026
zcrm_5436421000135220975,Wide Net - May 2026
zcrm_5436421000135221160,Wide Net - May 2026
zcrm_5436421000135221481,Wide Net - May 2026
zcrm_5436421000135221967,Wide Net - May 2026
zcrm_5436421000135222017,Wide Net - May 2026
zcrm_5436421000135222500,Wide Net - May 2026
zcrm_5436421000135223013,Wide Net - May 2026
zcrm_5436421000135223503,Wide Net - May 2026
zcrm_5436421000135223993,Wide Net - May 2026
zcrm_5436421000135224073,Wide Net - May 2026
zcrm_5436421000135224161,Wide Net - May 2026
zcrm_5436421000135224186,Wide Net - May 2026
zcrm_5436421000135224616,Wide Net - May 2026
zcrm_5436421000135224648,Wide Net - May 2026
zcrm_5436421000135225045,Wide Net - May 2026
zcrm_5436421000135225058,Wide Net - May 2026
zcrm_5436421000135225545,Wide Net - May 2026
zcrm_5436421000135225598,Wide Net - May 2026
zcrm_5436421000135225626,Wide Net - May 2026
zcrm_5436421000135225998,Wide Net - May 2026
zcrm_5436421000135226454,Wide Net - May 2026
zcrm_5436421000135226576,Wide Net - May 2026
zcrm_5436421000135226595,Wide Net - May 2026
zcrm_5436421000135226651,Wide Net - May 2026
zcrm_5436421000135227621,Wide Net - May 2026
zcrm_5436421000135227942,Wide Net - May 2026
zcrm_5436421000135228571,Wide Net - May 2026
zcrm_5436421000135228978,Wide Net - May 2026
zcrm_5436421000135229563,Wide Net - May 2026
zcrm_5436421000135230111,Wide Net - May 2026
zcrm_5436421000135230570,Wide Net - May 2026
zcrm_5436421000135230625,Wide Net - May 2026
zcrm_5436421000135230631,Wide Net - May 2026
zcrm_5436421000135230665,Wide Net - May 2026
zcrm_5436421000135231016,Wide Net - May 2026
zcrm_5436421000135231483,Wide Net - May 2026
zcrm_5436421000135231619,Wide Net - May 2026
zcrm_5436421000135231640,Wide Net - May 2026
zcrm_5436421000135232545,Wide Net - May 2026
zcrm_5436421000135233086,Wide Net - May 2026
zcrm_5436421000135233669,Wide Net - May 2026
zcrm_5436421000135234028,Wide Net - May 2026
zcrm_5436421000135234544,Wide Net - May 2026
zcrm_5436421000135234608,Wide Net - May 2026
zcrm_5436421000135077255,Wide Net - May 2026
zcrm_5436421000135077273,Wide Net - May 2026
zcrm_5436421000135077403,Wide Net - May 2026
zcrm_5436421000135077404,Wide Net - May 2026
zcrm_5436421000135127240,Wide Net - May 2026
zcrm_5436421000135194330,Wide Net - May 2026
zcrm_5436421000135194376,Wide Net - May 2026
zcrm_5436421000135194421,Wide Net - May 2026
zcrm_5436421000135194721,Wide Net - May 2026
zcrm_5436421000135200030,Wide Net - May 2026
zcrm_5436421000135200991,Wide Net - May 2026
zcrm_5436421000135201153,Wide Net - May 2026
zcrm_5436421000135201681,Wide Net - May 2026
zcrm_5436421000135203086,Wide Net - May 2026
zcrm_5436421000135203112,Wide Net - May 2026
zcrm_5436421000135204168,Wide Net - May 2026
zcrm_5436421000135204517,Wide Net - May 2026
zcrm_5436421000135204574,Wide Net - May 2026
zcrm_5436421000135204639,Wide Net - May 2026
zcrm_5436421000135204640,Wide Net - May 2026
zcrm_5436421000135205042,Wide Net - May 2026
zcrm_5436421000135205611,Wide Net - May 2026
zcrm_5436421000135205686,Wide Net - May 2026
zcrm_5436421000135205956,Wide Net - May 2026
zcrm_5436421000135206128,Wide Net - May 2026
zcrm_5436421000135206664,Wide Net - May 2026
zcrm_5436421000135206947,Wide Net - May 2026
zcrm_5436421000135207131,Wide Net - May 2026
zcrm_5436421000135207185,Wide Net - May 2026
zcrm_5436421000135207480,Wide Net - May 2026
zcrm_5436421000135207500,Wide Net - May 2026
zcrm_5436421000135207539,Wide Net - May 2026
zcrm_5436421000135207601,Wide Net - May 2026
zcrm_5436421000135207606,Wide Net - May 2026
zcrm_5436421000135208159,Wide Net - May 2026
zcrm_5436421000135208450,Wide Net - May 2026
zcrm_5436421000135208512,Wide Net - May 2026
zcrm_5436421000135209071,Wide Net - May 2026
zcrm_5436421000135209123,Wide Net - May 2026
zcrm_5436421000135209478,Wide Net - May 2026
zcrm_5436421000135210098,Wide Net - May 2026
zcrm_5436421000135210579,Wide Net - May 2026
zcrm_5436421000135210979,Wide Net - May 2026
zcrm_5436421000135211136,Wide Net - May 2026
zcrm_5436421000135211465,Wide Net - May 2026
zcrm_5436421000135212043,Wide Net - May 2026
zcrm_5436421000135212064,Wide Net - May 2026
zcrm_5436421000135212115,Wide Net - May 2026
zcrm_5436421000135213619,Wide Net - May 2026
zcrm_5436421000135213665,Wide Net - May 2026
zcrm_5436421000135213987,Wide Net - May 2026
zcrm_5436421000135214032,Wide Net - May 2026
zcrm_5436421000135214143,Wide Net - May 2026
zcrm_5436421000135214169,Wide Net - May 2026
zcrm_5436421000135214444,Wide Net - May 2026
zcrm_5436421000135215122,Wide Net - May 2026
zcrm_5436421000135215528,Wide Net - May 2026
zcrm_5436421000135216003,Wide Net - May 2026
zcrm_5436421000135216490,Wide Net - May 2026
zcrm_5436421000135216957,Wide Net - May 2026
zcrm_5436421000135216985,Wide Net - May 2026
zcrm_5436421000135216994,Wide Net - May 2026
zcrm_5436421000135217148,Wide Net - May 2026
zcrm_5436421000135217441,Wide Net - May 2026
zcrm_5436421000135217449,Wide Net - May 2026
zcrm_5436421000135217509,Wide Net - May 2026
zcrm_5436421000135217519,Wide Net - May 2026
zcrm_5436421000135217949,Wide Net - May 2026
zcrm_5436421000135218053,Wide Net - May 2026
zcrm_5436421000135218126,Wide Net - May 2026
zcrm_5436421000135218466,Wide Net - May 2026
zcrm_5436421000135218945,Wide Net - May 2026
zcrm_5436421000135219553,Wide Net - May 2026
zcrm_5436421000135219561,Wide Net - May 2026
zcrm_5436421000135219684,Wide Net - May 2026
zcrm_5436421000135219954,Wide Net - May 2026
zcrm_5436421000135219994,Wide Net - May 2026
zcrm_5436421000135219999,Wide Net - May 2026
zcrm_5436421000135220104,Wide Net - May 2026
zcrm_5436421000135220143,Wide Net - May 2026
zcrm_5436421000135220598,Wide Net - May 2026
zcrm_5436421000135220664,Wide Net - May 2026
zcrm_5436421000135220995,Wide Net - May 2026
zcrm_5436421000135221604,Wide Net - May 2026
zcrm_5436421000135221941,Wide Net - May 2026
zcrm_5436421000135221983,Wide Net - May 2026
zcrm_5436421000135222087,Wide Net - May 2026
zcrm_5436421000135222476,Wide Net - May 2026
zcrm_5436421000135222686,Wide Net - May 2026
zcrm_5436421000135223182,Wide Net - May 2026
zcrm_5436421000135223645,Wide Net - May 2026
zcrm_5436421000135224453,Wide Net - May 2026
zcrm_5436421000135224647,Wide Net - May 2026
zcrm_5436421000135226479,Wide Net - May 2026
zcrm_5436421000135227122,Wide Net - May 2026
zcrm_5436421000135227471,Wide Net - May 2026
zcrm_5436421000135227591,Wide Net - May 2026
zcrm_5436421000135228104,Wide Net - May 2026
zcrm_5436421000135228459,Wide Net - May 2026
zcrm_5436421000135228539,Wide Net - May 2026
zcrm_5436421000135228546,Wide Net - May 2026
zcrm_5436421000135229442,Wide Net - May 2026
zcrm_5436421000135229617,Wide Net - May 2026
zcrm_5436421000135230098,Wide Net - May 2026
zcrm_5436421000135230139,Wide Net - May 2026
zcrm_5436421000135230438,Wide Net - May 2026
zcrm_5436421000135230670,Wide Net - May 2026
zcrm_5436421000135231061,Wide Net - May 2026
zcrm_5436421000135231479,Wide Net - May 2026
zcrm_5436421000135231524,Wide Net - May 2026
zcrm_5436421000135232070,Wide Net - May 2026
zcrm_5436421000135232097,Wide Net - May 2026
zcrm_5436421000135232528,Wide Net - May 2026
zcrm_5436421000135232951,Wide Net - May 2026
zcrm_5436421000135233463,Wide Net - May 2026
zcrm_5436421000135233473,Wide Net - May 2026
zcrm_5436421000135234000,Wide Net - May 2026
zcrm_5436421000135234036,Wide Net - May 2026
zcrm_5436421000135234075,Wide Net - May 2026
zcrm_5436421000135234103,Wide Net - May 2026
zcrm_5436421000135234171,Wide Net - May 2026
zcrm_5436421000135234574,Wide Net - May 2026
zcrm_5436421000135077340,Wide Net - May 2026
zcrm_5436421000135077451,Wide Net - May 2026
zcrm_5436421000135077801,Wide Net - May 2026
zcrm_5436421000135194231,Wide Net - May 2026
zcrm_5436421000135194420,Wide Net - May 2026
zcrm_5436421000135194726,Wide Net - May 2026
zcrm_5436421000135194800,Wide Net - May 2026
zcrm_5436421000135200679,Wide Net - May 2026
zcrm_5436421000135201033,Wide Net - May 2026
zcrm_5436421000135201098,Wide Net - May 2026
zcrm_5436421000135202185,Wide Net - May 2026
zcrm_5436421000135202472,Wide Net - May 2026
zcrm_5436421000135203068,Wide Net - May 2026
zcrm_5436421000135203145,Wide Net - May 2026
zcrm_5436421000135203146,Wide Net - May 2026
zcrm_5436421000135203153,Wide Net - May 2026
zcrm_5436421000135203173,Wide Net - May 2026
zcrm_5436421000135203450,Wide Net - May 2026
zcrm_5436421000135203476,Wide Net - May 2026
zcrm_5436421000135203490,Wide Net - May 2026
zcrm_5436421000135203555,Wide Net - May 2026
zcrm_5436421000135203559,Wide Net - May 2026
zcrm_5436421000135203563,Wide Net - May 2026
zcrm_5436421000135203659,Wide Net - May 2026
zcrm_5436421000135203671,Wide Net - May 2026
zcrm_5436421000135203995,Wide Net - May 2026
zcrm_5436421000135204085,Wide Net - May 2026
zcrm_5436421000135204557,Wide Net - May 2026
zcrm_5436421000135204600,Wide Net - May 2026
zcrm_5436421000135204629,Wide Net - May 2026
zcrm_5436421000135206023,Wide Net - May 2026
zcrm_5436421000135206461,Wide Net - May 2026
zcrm_5436421000135206580,Wide Net - May 2026
zcrm_5436421000135207020,Wide Net - May 2026
zcrm_5436421000135207073,Wide Net - May 2026
zcrm_5436421000135207123,Wide Net - May 2026
zcrm_5436421000135207179,Wide Net - May 2026
zcrm_5436421000135207444,Wide Net - May 2026
zcrm_5436421000135207528,Wide Net - May 2026
zcrm_5436421000135207561,Wide Net - May 2026
zcrm_5436421000135207589,Wide Net - May 2026
zcrm_5436421000135207608,Wide Net - May 2026
zcrm_5436421000135207626,Wide Net - May 2026
zcrm_5436421000135207951,Wide Net - May 2026
zcrm_5436421000135207994,Wide Net - May 2026
zcrm_5436421000135208524,Wide Net - May 2026
zcrm_5436421000135208605,Wide Net - May 2026
zcrm_5436421000135209519,Wide Net - May 2026
zcrm_5436421000135209532,Wide Net - May 2026
zcrm_5436421000135209964,Wide Net - May 2026
zcrm_5436421000135209974,Wide Net - May 2026
zcrm_5436421000135210069,Wide Net - May 2026
zcrm_5436421000135210115,Wide Net - May 2026
zcrm_5436421000135210117,Wide Net - May 2026
zcrm_5436421000135210559,Wide Net - May 2026
zcrm_5436421000135210683,Wide Net - May 2026
zcrm_5436421000135211063,Wide Net - May 2026
zcrm_5436421000135211094,Wide Net - May 2026
zcrm_5436421000135212451,Wide Net - May 2026
zcrm_5436421000135212482,Wide Net - May 2026
zcrm_5436421000135212512,Wide Net - May 2026
zcrm_5436421000135212558,Wide Net - May 2026
zcrm_5436421000135213048,Wide Net - May 2026
zcrm_5436421000135213138,Wide Net - May 2026
zcrm_5436421000135213142,Wide Net - May 2026
zcrm_5436421000135213181,Wide Net - May 2026
zcrm_5436421000135214024,Wide Net - May 2026
zcrm_5436421000135214458,Wide Net - May 2026
zcrm_5436421000135214592,Wide Net - May 2026
zcrm_5436421000135214616,Wide Net - May 2026
zcrm_5436421000135214635,Wide Net - May 2026
zcrm_5436421000135214995,Wide Net - May 2026
zcrm_5436421000135215045,Wide Net - May 2026
zcrm_5436421000135215109,Wide Net - May 2026
zcrm_5436421000135216008,Wide Net - May 2026
zcrm_5436421000135216042,Wide Net - May 2026
zcrm_5436421000135216528,Wide Net - May 2026
zcrm_5436421000135216539,Wide Net - May 2026
zcrm_5436421000135216585,Wide Net - May 2026
zcrm_5436421000135217070,Wide Net - May 2026
zcrm_5436421000135217119,Wide Net - May 2026
zcrm_5436421000135217128,Wide Net - May 2026
zcrm_5436421000135217565,Wide Net - May 2026
zcrm_5436421000135217654,Wide Net - May 2026
zcrm_5436421000135218025,Wide Net - May 2026
zcrm_5436421000135218497,Wide Net - May 2026
zcrm_5436421000135218661,Wide Net - May 2026
zcrm_5436421000135218674,Wide Net - May 2026
zcrm_5436421000135219459,Wide Net - May 2026
zcrm_5436421000135219510,Wide Net - May 2026
zcrm_5436421000135219564,Wide Net - May 2026
zcrm_5436421000135219995,Wide Net - May 2026
zcrm_5436421000135220043,Wide Net - May 2026
zcrm_5436421000135220150,Wide Net - May 2026
zcrm_5436421000135220961,Wide Net - May 2026
zcrm_5436421000135221031,Wide Net - May 2026
zcrm_5436421000135221048,Wide Net - May 2026
zcrm_5436421000135221972,Wide Net - May 2026
zcrm_5436421000135222125,Wide Net - May 2026
zcrm_5436421000135222150,Wide Net - May 2026
zcrm_5436421000135222510,Wide Net - May 2026
zcrm_5436421000135222620,Wide Net - May 2026
zcrm_5436421000135222654,Wide Net - May 2026
zcrm_5436421000135223003,Wide Net - May 2026
zcrm_5436421000135223592,Wide Net - May 2026
zcrm_5436421000135224031,Wide Net - May 2026
zcrm_5436421000135224102,Wide Net - May 2026
zcrm_5436421000135224540,Wide Net - May 2026
zcrm_5436421000135224625,Wide Net - May 2026
zcrm_5436421000135225166,Wide Net - May 2026
zcrm_5436421000135226122,Wide Net - May 2026
zcrm_5436421000135226478,Wide Net - May 2026
zcrm_5436421000135227033,Wide Net - May 2026
zcrm_5436421000135227136,Wide Net - May 2026
zcrm_5436421000135227148,Wide Net - May 2026
zcrm_5436421000135228105,Wide Net - May 2026
zcrm_5436421000135228156,Wide Net - May 2026
zcrm_5436421000135228472,Wide Net - May 2026
zcrm_5436421000135229641,Wide Net - May 2026
zcrm_5436421000135229940,Wide Net - May 2026
zcrm_5436421000135230141,Wide Net - May 2026
zcrm_5436421000135230440,Wide Net - May 2026
zcrm_5436421000135230592,Wide Net - May 2026
zcrm_5436421000135231538,Wide Net - May 2026
zcrm_5436421000135232484,Wide Net - May 2026
zcrm_5436421000135232549,Wide Net - May 2026
zcrm_5436421000135232573,Wide Net - May 2026
zcrm_5436421000135233608,Wide Net - May 2026
zcrm_5436421000135233942,Wide Net - May 2026
zcrm_5436421000135234048,Wide Net - May 2026
zcrm_5436421000135234067,Wide Net - May 2026
zcrm_5436421000135234683,Wide Net - May 2026
zcrm_5436421000135057995,Wide Net - May 2026
zcrm_5436421000135077441,Wide Net - May 2026
zcrm_5436421000135077924,Wide Net - May 2026
zcrm_5436421000135077949,Wide Net - May 2026
zcrm_5436421000135200011,Wide Net - May 2026
zcrm_5436421000135200115,Wide Net - May 2026
zcrm_5436421000135200136,Wide Net - May 2026
zcrm_5436421000135200146,Wide Net - May 2026
zcrm_5436421000135200184,Wide Net - May 2026
zcrm_5436421000135200472,Wide Net - May 2026
zcrm_5436421000135200552,Wide Net - May 2026
zcrm_5436421000135200588,Wide Net - May 2026
zcrm_5436421000135200594,Wide Net - May 2026
zcrm_5436421000135201028,Wide Net - May 2026
zcrm_5436421000135201458,Wide Net - May 2026
zcrm_5436421000135201459,Wide Net - May 2026
zcrm_5436421000135201525,Wide Net - May 2026
zcrm_5436421000135201538,Wide Net - May 2026
zcrm_5436421000135201600,Wide Net - May 2026
zcrm_5436421000135201617,Wide Net - May 2026
zcrm_5436421000135201675,Wide Net - May 2026
zcrm_5436421000135202524,Wide Net - May 2026
zcrm_5436421000135202607,Wide Net - May 2026
zcrm_5436421000135203037,Wide Net - May 2026
zcrm_5436421000135203117,Wide Net - May 2026
zcrm_5436421000135203131,Wide Net - May 2026
zcrm_5436421000135203654,Wide Net - May 2026
zcrm_5436421000135205050,Wide Net - May 2026
zcrm_5436421000135205443,Wide Net - May 2026
zcrm_5436421000135205475,Wide Net - May 2026
zcrm_5436421000135205517,Wide Net - May 2026
zcrm_5436421000135205535,Wide Net - May 2026
zcrm_5436421000135205629,Wide Net - May 2026
zcrm_5436421000135205670,Wide Net - May 2026
zcrm_5436421000135206083,Wide Net - May 2026
zcrm_5436421000135206440,Wide Net - May 2026
zcrm_5436421000135206446,Wide Net - May 2026
zcrm_5436421000135207029,Wide Net - May 2026
zcrm_5436421000135207040,Wide Net - May 2026
zcrm_5436421000135207080,Wide Net - May 2026
zcrm_5436421000135207100,Wide Net - May 2026
zcrm_5436421000135207122,Wide Net - May 2026
zcrm_5436421000135207447,Wide Net - May 2026
zcrm_5436421000135207473,Wide Net - May 2026
zcrm_5436421000135207474,Wide Net - May 2026
zcrm_5436421000135208069,Wide Net - May 2026
zcrm_5436421000135208622,Wide Net - May 2026
zcrm_5436421000135208979,Wide Net - May 2026
zcrm_5436421000135209089,Wide Net - May 2026
zcrm_5436421000135209642,Wide Net - May 2026
zcrm_5436421000135209970,Wide Net - May 2026
zcrm_5436421000135210078,Wide Net - May 2026
zcrm_5436421000135210476,Wide Net - May 2026
zcrm_5436421000135210598,Wide Net - May 2026
zcrm_5436421000135212089,Wide Net - May 2026
zcrm_5436421000135212121,Wide Net - May 2026
zcrm_5436421000135212499,Wide Net - May 2026
zcrm_5436421000135212679,Wide Net - May 2026
zcrm_5436421000135213187,Wide Net - May 2026
zcrm_5436421000135214031,Wide Net - May 2026
zcrm_5436421000135214181,Wide Net - May 2026
zcrm_5436421000135214509,Wide Net - May 2026
zcrm_5436421000135214599,Wide Net - May 2026
zcrm_5436421000135215008,Wide Net - May 2026
zcrm_5436421000135215030,Wide Net - May 2026
zcrm_5436421000135215095,Wide Net - May 2026
zcrm_5436421000135215462,Wide Net - May 2026
zcrm_5436421000135215522,Wide Net - May 2026
zcrm_5436421000135215984,Wide Net - May 2026
zcrm_5436421000135216052,Wide Net - May 2026
zcrm_5436421000135216486,Wide Net - May 2026
zcrm_5436421000135216682,Wide Net - May 2026
zcrm_5436421000135217007,Wide Net - May 2026
zcrm_5436421000135217085,Wide Net - May 2026
zcrm_5436421000135217088,Wide Net - May 2026
zcrm_5436421000135217129,Wide Net - May 2026
zcrm_5436421000135218064,Wide Net - May 2026
zcrm_5436421000135218446,Wide Net - May 2026
zcrm_5436421000135218456,Wide Net - May 2026
zcrm_5436421000135218458,Wide Net - May 2026
zcrm_5436421000135218556,Wide Net - May 2026
zcrm_5436421000135218584,Wide Net - May 2026
zcrm_5436421000135218658,Wide Net - May 2026
zcrm_5436421000135219603,Wide Net - May 2026
zcrm_5436421000135219637,Wide Net - May 2026
zcrm_5436421000135219664,Wide Net - May 2026
zcrm_5436421000135219672,Wide Net - May 2026
zcrm_5436421000135220646,Wide Net - May 2026
zcrm_5436421000135220979,Wide Net - May 2026
zcrm_5436421000135220989,Wide Net - May 2026
zcrm_5436421000135221069,Wide Net - May 2026
zcrm_5436421000135221072,Wide Net - May 2026
zcrm_5436421000135221574,Wide Net - May 2026
zcrm_5436421000135221638,Wide Net - May 2026
zcrm_5436421000135221640,Wide Net - May 2026
zcrm_5436421000135221649,Wide Net - May 2026
zcrm_5436421000135221653,Wide Net - May 2026
zcrm_5436421000135222076,Wide Net - May 2026
zcrm_5436421000135222095,Wide Net - May 2026
zcrm_5436421000135222138,Wide Net - May 2026
zcrm_5436421000135222528,Wide Net - May 2026
zcrm_5436421000135222575,Wide Net - May 2026
zcrm_5436421000135223154,Wide Net - May 2026
zcrm_5436421000135223463,Wide Net - May 2026
zcrm_5436421000135223560,Wide Net - May 2026
zcrm_5436421000135224632,Wide Net - May 2026
zcrm_5436421000135224673,Wide Net - May 2026
zcrm_5436421000135225005,Wide Net - May 2026
zcrm_5436421000135225023,Wide Net - May 2026
zcrm_5436421000135225096,Wide Net - May 2026
zcrm_5436421000135225491,Wide Net - May 2026
zcrm_5436421000135226984,Wide Net - May 2026
zcrm_5436421000135227003,Wide Net - May 2026
zcrm_5436421000135227118,Wide Net - May 2026
zcrm_5436421000135227144,Wide Net - May 2026
zcrm_5436421000135227179,Wide Net - May 2026
zcrm_5436421000135227184,Wide Net - May 2026
zcrm_5436421000135228070,Wide Net - May 2026
zcrm_5436421000135228524,Wide Net - May 2026
zcrm_5436421000135228647,Wide Net - May 2026
zcrm_5436421000135228650,Wide Net - May 2026
zcrm_5436421000135228666,Wide Net - May 2026
zcrm_5436421000135228959,Wide Net - May 2026
zcrm_5436421000135228960,Wide Net - May 2026
zcrm_5436421000135228987,Wide Net - May 2026
zcrm_5436421000135229003,Wide Net - May 2026
zcrm_5436421000135229094,Wide Net - May 2026
zcrm_5436421000135230054,Wide Net - May 2026
zcrm_5436421000135230078,Wide Net - May 2026
zcrm_5436421000135230505,Wide Net - May 2026
zcrm_5436421000135230552,Wide Net - May 2026
zcrm_5436421000135230597,Wide Net - May 2026
zcrm_5436421000135231030,Wide Net - May 2026
zcrm_5436421000135231049,Wide Net - May 2026
zcrm_5436421000135231500,Wide Net - May 2026
zcrm_5436421000135231678,Wide Net - May 2026
zcrm_5436421000135231961,Wide Net - May 2026
zcrm_5436421000135231968,Wide Net - May 2026
zcrm_5436421000135232444,Wide Net - May 2026
zcrm_5436421000135232481,Wide Net - May 2026
zcrm_5436421000135232516,Wide Net - May 2026
zcrm_5436421000135232682,Wide Net - May 2026
zcrm_5436421000135232963,Wide Net - May 2026
zcrm_5436421000135233164,Wide Net - May 2026
zcrm_5436421000135233465,Wide Net - May 2026
zcrm_5436421000135233515,Wide Net - May 2026
zcrm_5436421000135233655,Wide Net - May 2026
zcrm_5436421000135233686,Wide Net - May 2026
zcrm_5436421000135234070,Wide Net - May 2026
zcrm_5436421000135234186,Wide Net - May 2026
zcrm_5436421000135234441,Wide Net - May 2026
zcrm_5436421000135234536,Wide Net - May 2026
zcrm_5436421000135234550,Wide Net - May 2026
zcrm_5436421000135235055,Wide Net - May 2026
zcrm_5436421000135077377,Wide Net - May 2026
zcrm_5436421000135077433,Wide Net - May 2026
zcrm_5436421000135127171,Wide Net - May 2026
zcrm_5436421000135127207,Wide Net - May 2026
zcrm_5436421000135127251,Wide Net - May 2026
zcrm_5436421000135127289,Wide Net - May 2026
zcrm_5436421000135194351,Wide Net - May 2026
zcrm_5436421000135194751,Wide Net - May 2026
zcrm_5436421000135194762,Wide Net - May 2026
zcrm_5436421000135194799,Wide Net - May 2026
zcrm_5436421000135194818,Wide Net - May 2026
zcrm_5436421000135194824,Wide Net - May 2026
zcrm_5436421000135194833,Wide Net - May 2026
zcrm_5436421000135194837,Wide Net - May 2026
zcrm_5436421000135200017,Wide Net - May 2026
zcrm_5436421000135200041,Wide Net - May 2026
zcrm_5436421000135200623,Wide Net - May 2026
zcrm_5436421000135200657,Wide Net - May 2026
zcrm_5436421000135201040,Wide Net - May 2026
zcrm_5436421000135201069,Wide Net - May 2026
zcrm_5436421000135201537,Wide Net - May 2026
zcrm_5436421000135201968,Wide Net - May 2026
zcrm_5436421000135201993,Wide Net - May 2026
zcrm_5436421000135202174,Wide Net - May 2026
zcrm_5436421000135202447,Wide Net - May 2026
zcrm_5436421000135202543,Wide Net - May 2026
zcrm_5436421000135202561,Wide Net - May 2026
zcrm_5436421000135202612,Wide Net - May 2026
zcrm_5436421000135202637,Wide Net - May 2026
zcrm_5436421000135202938,Wide Net - May 2026
zcrm_5436421000135203026,Wide Net - May 2026
zcrm_5436421000135203670,Wide Net - May 2026
zcrm_5436421000135204031,Wide Net - May 2026
zcrm_5436421000135204078,Wide Net - May 2026
zcrm_5436421000135204186,Wide Net - May 2026
zcrm_5436421000135204496,Wide Net - May 2026
zcrm_5436421000135204590,Wide Net - May 2026
zcrm_5436421000135204610,Wide Net - May 2026
zcrm_5436421000135204967,Wide Net - May 2026
zcrm_5436421000135205143,Wide Net - May 2026
zcrm_5436421000135205152,Wide Net - May 2026
zcrm_5436421000135205518,Wide Net - May 2026
zcrm_5436421000135205637,Wide Net - May 2026
zcrm_5436421000135205971,Wide Net - May 2026
zcrm_5436421000135206012,Wide Net - May 2026
zcrm_5436421000135206047,Wide Net - May 2026
zcrm_5436421000135206080,Wide Net - May 2026
zcrm_5436421000135206459,Wide Net - May 2026
zcrm_5436421000135206486,Wide Net - May 2026
zcrm_5436421000135206563,Wide Net - May 2026
zcrm_5436421000135206585,Wide Net - May 2026
zcrm_5436421000135206623,Wide Net - May 2026
zcrm_5436421000135206685,Wide Net - May 2026
zcrm_5436421000135206950,Wide Net - May 2026
zcrm_5436421000135207116,Wide Net - May 2026
zcrm_5436421000135207149,Wide Net - May 2026
zcrm_5436421000135207512,Wide Net - May 2026
zcrm_5436421000135207542,Wide Net - May 2026
zcrm_5436421000135207548,Wide Net - May 2026
zcrm_5436421000135207612,Wide Net - May 2026
zcrm_5436421000135208016,Wide Net - May 2026
zcrm_5436421000135208117,Wide Net - May 2026
zcrm_5436421000135208442,Wide Net - May 2026
zcrm_5436421000135208452,Wide Net - May 2026
zcrm_5436421000135208494,Wide Net - May 2026
zcrm_5436421000135208967,Wide Net - May 2026
zcrm_5436421000135208975,Wide Net - May 2026
zcrm_5436421000135209009,Wide Net - May 2026
zcrm_5436421000135209015,Wide Net - May 2026
zcrm_5436421000135209167,Wide Net - May 2026
zcrm_5436421000135209472,Wide Net - May 2026
zcrm_5436421000135209483,Wide Net - May 2026
zcrm_5436421000135209485,Wide Net - May 2026
zcrm_5436421000135209510,Wide Net - May 2026
zcrm_5436421000135209554,Wide Net - May 2026
zcrm_5436421000135209639,Wide Net - May 2026
zcrm_5436421000135210020,Wide Net - May 2026
zcrm_5436421000135210096,Wide Net - May 2026
zcrm_5436421000135210102,Wide Net - May 2026
zcrm_5436421000135210128,Wide Net - May 2026
zcrm_5436421000135210439,Wide Net - May 2026
zcrm_5436421000135210455,Wide Net - May 2026
zcrm_5436421000135210557,Wide Net - May 2026
zcrm_5436421000135210595,Wide Net - May 2026
zcrm_5436421000135210626,Wide Net - May 2026
zcrm_5436421000135210990,Wide Net - May 2026
zcrm_5436421000135210992,Wide Net - May 2026
zcrm_5436421000135211038,Wide Net - May 2026
zcrm_5436421000135211093,Wide Net - May 2026
zcrm_5436421000135211119,Wide Net - May 2026
zcrm_5436421000135211147,Wide Net - May 2026
zcrm_5436421000135211475,Wide Net - May 2026
zcrm_5436421000135211532,Wide Net - May 2026
zcrm_5436421000135211956,Wide Net - May 2026
zcrm_5436421000135212095,Wide Net - May 2026
zcrm_5436421000135212168,Wide Net - May 2026
zcrm_5436421000135212184,Wide Net - May 2026
zcrm_5436421000135212457,Wide Net - May 2026
zcrm_5436421000135212502,Wide Net - May 2026
zcrm_5436421000135212520,Wide Net - May 2026
zcrm_5436421000135212582,Wide Net - May 2026
zcrm_5436421000135212605,Wide Net - May 2026
zcrm_5436421000135212608,Wide Net - May 2026
zcrm_5436421000135212661,Wide Net - May 2026
zcrm_5436421000135213015,Wide Net - May 2026
zcrm_5436421000135213087,Wide Net - May 2026
zcrm_5436421000135213145,Wide Net - May 2026
zcrm_5436421000135213479,Wide Net - May 2026
zcrm_5436421000135213592,Wide Net - May 2026
zcrm_5436421000135213635,Wide Net - May 2026
zcrm_5436421000135213683,Wide Net - May 2026
zcrm_5436421000135213960,Wide Net - May 2026
zcrm_5436421000135213961,Wide Net - May 2026
zcrm_5436421000135214172,Wide Net - May 2026
zcrm_5436421000135214574,Wide Net - May 2026
zcrm_5436421000135215061,Wide Net - May 2026
zcrm_5436421000135215096,Wide Net - May 2026
zcrm_5436421000135215470,Wide Net - May 2026
zcrm_5436421000135215600,Wide Net - May 2026
zcrm_5436421000135215954,Wide Net - May 2026
zcrm_5436421000135216010,Wide Net - May 2026
zcrm_5436421000135216036,Wide Net - May 2026
zcrm_5436421000135216061,Wide Net - May 2026
zcrm_5436421000135216067,Wide Net - May 2026
zcrm_5436421000135216445,Wide Net - May 2026
zcrm_5436421000135216519,Wide Net - May 2026
zcrm_5436421000135216557,Wide Net - May 2026
zcrm_5436421000135216651,Wide Net - May 2026
zcrm_5436421000135216660,Wide Net - May 2026
zcrm_5436421000135217124,Wide Net - May 2026
zcrm_5436421000135217153,Wide Net - May 2026
zcrm_5436421000135217185,Wide Net - May 2026
zcrm_5436421000135217522,Wide Net - May 2026
zcrm_5436421000135217534,Wide Net - May 2026
zcrm_5436421000135217960,Wide Net - May 2026
zcrm_5436421000135217986,Wide Net - May 2026
zcrm_5436421000135218104,Wide Net - May 2026
zcrm_5436421000135218146,Wide Net - May 2026
zcrm_5436421000135218185,Wide Net - May 2026
zcrm_5436421000135218460,Wide Net - May 2026
zcrm_5436421000135218543,Wide Net - May 2026
zcrm_5436421000135218962,Wide Net - May 2026
zcrm_5436421000135218963,Wide Net - May 2026
zcrm_5436421000135218977,Wide Net - May 2026
zcrm_5436421000135218981,Wide Net - May 2026
zcrm_5436421000135219005,Wide Net - May 2026
zcrm_5436421000135219155,Wide Net - May 2026
zcrm_5436421000135219482,Wide Net - May 2026
zcrm_5436421000135219513,Wide Net - May 2026
zcrm_5436421000135219641,Wide Net - May 2026
zcrm_5436421000135219687,Wide Net - May 2026
zcrm_5436421000135220015,Wide Net - May 2026
zcrm_5436421000135220031,Wide Net - May 2026
zcrm_5436421000135220039,Wide Net - May 2026
zcrm_5436421000135220049,Wide Net - May 2026
zcrm_5436421000135220163,Wide Net - May 2026
zcrm_5436421000135220165,Wide Net - May 2026
zcrm_5436421000135220496,Wide Net - May 2026
zcrm_5436421000135220497,Wide Net - May 2026
zcrm_5436421000135220577,Wide Net - May 2026
zcrm_5436421000135220615,Wide Net - May 2026
zcrm_5436421000135220636,Wide Net - May 2026
zcrm_5436421000135220980,Wide Net - May 2026
zcrm_5436421000135221073,Wide Net - May 2026
zcrm_5436421000135221076,Wide Net - May 2026
zcrm_5436421000135221080,Wide Net - May 2026
zcrm_5436421000135221108,Wide Net - May 2026
zcrm_5436421000135221473,Wide Net - May 2026
zcrm_5436421000135221496,Wide Net - May 2026
zcrm_5436421000135221546,Wide Net - May 2026
zcrm_5436421000135221564,Wide Net - May 2026
zcrm_5436421000135221644,Wide Net - May 2026
zcrm_5436421000135221958,Wide Net - May 2026
zcrm_5436421000135222059,Wide Net - May 2026
zcrm_5436421000135222464,Wide Net - May 2026
zcrm_5436421000135222470,Wide Net - May 2026
zcrm_5436421000135222472,Wide Net - May 2026
zcrm_5436421000135222533,Wide Net - May 2026
zcrm_5436421000135222600,Wide Net - May 2026
zcrm_5436421000135222668,Wide Net - May 2026
zcrm_5436421000135222670,Wide Net - May 2026
zcrm_5436421000135222675,Wide Net - May 2026
zcrm_5436421000135222681,Wide Net - May 2026
zcrm_5436421000135222949,Wide Net - May 2026
zcrm_5436421000135222993,Wide Net - May 2026
zcrm_5436421000135223000,Wide Net - May 2026
zcrm_5436421000135223044,Wide Net - May 2026
zcrm_5436421000135223098,Wide Net - May 2026
zcrm_5436421000135223157,Wide Net - May 2026
zcrm_5436421000135223453,Wide Net - May 2026
zcrm_5436421000135223455,Wide Net - May 2026
zcrm_5436421000135223494,Wide Net - May 2026
zcrm_5436421000135223624,Wide Net - May 2026
zcrm_5436421000135224042,Wide Net - May 2026
zcrm_5436421000135224050,Wide Net - May 2026
zcrm_5436421000135224078,Wide Net - May 2026
zcrm_5436421000135224552,Wide Net - May 2026
zcrm_5436421000135224571,Wide Net - May 2026
zcrm_5436421000135224634,Wide Net - May 2026
zcrm_5436421000135224671,Wide Net - May 2026
zcrm_5436421000135224987,Wide Net - May 2026
zcrm_5436421000135224993,Wide Net - May 2026
zcrm_5436421000135225455,Wide Net - May 2026
zcrm_5436421000135225492,Wide Net - May 2026
zcrm_5436421000135225573,Wide Net - May 2026
zcrm_5436421000135225617,Wide Net - May 2026
zcrm_5436421000135225989,Wide Net - May 2026
zcrm_5436421000135226009,Wide Net - May 2026
zcrm_5436421000135226062,Wide Net - May 2026
zcrm_5436421000135226115,Wide Net - May 2026
zcrm_5436421000135226133,Wide Net - May 2026
zcrm_5436421000135226150,Wide Net - May 2026
zcrm_5436421000135226440,Wide Net - May 2026
zcrm_5436421000135226441,Wide Net - May 2026
zcrm_5436421000135226482,Wide Net - May 2026
zcrm_5436421000135226511,Wide Net - May 2026
zcrm_5436421000135226525,Wide Net - May 2026
zcrm_5436421000135226554,Wide Net - May 2026
zcrm_5436421000135226555,Wide Net - May 2026
zcrm_5436421000135226583,Wide Net - May 2026
zcrm_5436421000135226996,Wide Net - May 2026
zcrm_5436421000135227014,Wide Net - May 2026
zcrm_5436421000135227176,Wide Net - May 2026
zcrm_5436421000135227478,Wide Net - May 2026
zcrm_5436421000135227498,Wide Net - May 2026
zcrm_5436421000135227614,Wide Net - May 2026
zcrm_5436421000135227633,Wide Net - May 2026
zcrm_5436421000135227969,Wide Net - May 2026
zcrm_5436421000135227973,Wide Net - May 2026
zcrm_5436421000135228010,Wide Net - May 2026
zcrm_5436421000135228029,Wide Net - May 2026
zcrm_5436421000135228094,Wide Net - May 2026
zcrm_5436421000135228111,Wide Net - May 2026
zcrm_5436421000135228441,Wide Net - May 2026
zcrm_5436421000135228448,Wide Net - May 2026
zcrm_5436421000135228548,Wide Net - May 2026
zcrm_5436421000135228587,Wide Net - May 2026
zcrm_5436421000135228605,Wide Net - May 2026
zcrm_5436421000135228635,Wide Net - May 2026
zcrm_5436421000135228687,Wide Net - May 2026
zcrm_5436421000135229013,Wide Net - May 2026
zcrm_5436421000135229133,Wide Net - May 2026
zcrm_5436421000135229136,Wide Net - May 2026
zcrm_5436421000135229146,Wide Net - May 2026
zcrm_5436421000135229174,Wide Net - May 2026
zcrm_5436421000135229480,Wide Net - May 2026
zcrm_5436421000135229573,Wide Net - May 2026
zcrm_5436421000135229584,Wide Net - May 2026
zcrm_5436421000135230046,Wide Net - May 2026
zcrm_5436421000135230082,Wide Net - May 2026
zcrm_5436421000135230105,Wide Net - May 2026
zcrm_5436421000135230479,Wide Net - May 2026
zcrm_5436421000135230556,Wide Net - May 2026
zcrm_5436421000135230604,Wide Net - May 2026
zcrm_5436421000135230654,Wide Net - May 2026
zcrm_5436421000135230676,Wide Net - May 2026
zcrm_5436421000135230683,Wide Net - May 2026
zcrm_5436421000135230686,Wide Net - May 2026
zcrm_5436421000135230946,Wide Net - May 2026
zcrm_5436421000135230947,Wide Net - May 2026
zcrm_5436421000135230967,Wide Net - May 2026
zcrm_5436421000135231003,Wide Net - May 2026
zcrm_5436421000135231018,Wide Net - May 2026
zcrm_5436421000135231023,Wide Net - May 2026
zcrm_5436421000135231134,Wide Net - May 2026
zcrm_5436421000135231158,Wide Net - May 2026
zcrm_5436421000135231166,Wide Net - May 2026
zcrm_5436421000135231537,Wide Net - May 2026
zcrm_5436421000135231544,Wide Net - May 2026
zcrm_5436421000135231574,Wide Net - May 2026
zcrm_5436421000135231625,Wide Net - May 2026
zcrm_5436421000135231648,Wide Net - May 2026
zcrm_5436421000135232019,Wide Net - May 2026
zcrm_5436421000135232100,Wide Net - May 2026
zcrm_5436421000135232103,Wide Net - May 2026
zcrm_5436421000135232112,Wide Net - May 2026
zcrm_5436421000135232513,Wide Net - May 2026
zcrm_5436421000135232584,Wide Net - May 2026
zcrm_5436421000135232595,Wide Net - May 2026
zcrm_5436421000135232626,Wide Net - May 2026
zcrm_5436421000135233043,Wide Net - May 2026
zcrm_5436421000135233103,Wide Net - May 2026
zcrm_5436421000135233117,Wide Net - May 2026
zcrm_5436421000135233152,Wide Net - May 2026
zcrm_5436421000135233489,Wide Net - May 2026
zcrm_5436421000135233602,Wide Net - May 2026
zcrm_5436421000135233989,Wide Net - May 2026
zcrm_5436421000135233993,Wide Net - May 2026
zcrm_5436421000135234066,Wide Net - May 2026
zcrm_5436421000135234136,Wide Net - May 2026
zcrm_5436421000135234148,Wide Net - May 2026
zcrm_5436421000135234180,Wide Net - May 2026
zcrm_5436421000135234472,Wide Net - May 2026
zcrm_5436421000135234523,Wide Net - May 2026
zcrm_5436421000135234532,Wide Net - May 2026
zcrm_5436421000135234548,Wide Net - May 2026
zcrm_5436421000135234614,Wide Net - May 2026
zcrm_5436421000135234957,Wide Net - May 2026
zcrm_5436421000135235020,Wide Net - May 2026
zcrm_5436421000135235074,Wide Net - May 2026
zcrm_5436421000135235076,Wide Net - May 2026
zcrm_5436421000135235117,Wide Net - May 2026
zcrm_5436421000135077268,Wide Net - May 2026
zcrm_5436421000135077296,Wide Net - May 2026
zcrm_5436421000135077842,Wide Net - May 2026
zcrm_5436421000135077882,Wide Net - May 2026
zcrm_5436421000135127176,Wide Net - May 2026
zcrm_5436421000135194266,Wide Net - May 2026
zcrm_5436421000135194394,Wide Net - May 2026
zcrm_5436421000135194835,Wide Net - May 2026
zcrm_5436421000135194836,Wide Net - May 2026
zcrm_5436421000135200448,Wide Net - May 2026
zcrm_5436421000135200520,Wide Net - May 2026
zcrm_5436421000135200551,Wide Net - May 2026
zcrm_5436421000135201464,Wide Net - May 2026
zcrm_5436421000135201567,Wide Net - May 2026
zcrm_5436421000135202069,Wide Net - May 2026
zcrm_5436421000135202983,Wide Net - May 2026
zcrm_5436421000135203149,Wide Net - May 2026
zcrm_5436421000135203519,Wide Net - May 2026
zcrm_5436421000135204090,Wide Net - May 2026
zcrm_5436421000135204099,Wide Net - May 2026
zcrm_5436421000135204471,Wide Net - May 2026
zcrm_5436421000135204569,Wide Net - May 2026
zcrm_5436421000135204570,Wide Net - May 2026
zcrm_5436421000135204673,Wide Net - May 2026
zcrm_5436421000135205007,Wide Net - May 2026
zcrm_5436421000135205149,Wide Net - May 2026
zcrm_5436421000135205164,Wide Net - May 2026
zcrm_5436421000135205542,Wide Net - May 2026
zcrm_5436421000135205649,Wide Net - May 2026
zcrm_5436421000135206026,Wide Net - May 2026
zcrm_5436421000135206178,Wide Net - May 2026
zcrm_5436421000135206186,Wide Net - May 2026
zcrm_5436421000135206470,Wide Net - May 2026
zcrm_5436421000135206512,Wide Net - May 2026
zcrm_5436421000135206546,Wide Net - May 2026
zcrm_5436421000135206652,Wide Net - May 2026
zcrm_5436421000135206655,Wide Net - May 2026
zcrm_5436421000135207582,Wide Net - May 2026
zcrm_5436421000135208064,Wide Net - May 2026
zcrm_5436421000135208065,Wide Net - May 2026
zcrm_5436421000135208077,Wide Net - May 2026
zcrm_5436421000135208092,Wide Net - May 2026
zcrm_5436421000135208532,Wide Net - May 2026
zcrm_5436421000135208647,Wide Net - May 2026
zcrm_5436421000135208676,Wide Net - May 2026
zcrm_5436421000135208946,Wide Net - May 2026
zcrm_5436421000135209038,Wide Net - May 2026
zcrm_5436421000135209475,Wide Net - May 2026
zcrm_5436421000135209601,Wide Net - May 2026
zcrm_5436421000135210654,Wide Net - May 2026
zcrm_5436421000135210994,Wide Net - May 2026
zcrm_5436421000135211158,Wide Net - May 2026
zcrm_5436421000135211563,Wide Net - May 2026
zcrm_5436421000135211592,Wide Net - May 2026
zcrm_5436421000135212070,Wide Net - May 2026
zcrm_5436421000135212172,Wide Net - May 2026
zcrm_5436421000135212477,Wide Net - May 2026
zcrm_5436421000135212626,Wide Net - May 2026
zcrm_5436421000135213496,Wide Net - May 2026
zcrm_5436421000135213955,Wide Net - May 2026
zcrm_5436421000135214173,Wide Net - May 2026
zcrm_5436421000135214560,Wide Net - May 2026
zcrm_5436421000135214584,Wide Net - May 2026
zcrm_5436421000135214981,Wide Net - May 2026
zcrm_5436421000135215038,Wide Net - May 2026
zcrm_5436421000135215049,Wide Net - May 2026
zcrm_5436421000135215099,Wide Net - May 2026
zcrm_5436421000135215551,Wide Net - May 2026
zcrm_5436421000135215938,Wide Net - May 2026
zcrm_5436421000135216014,Wide Net - May 2026
zcrm_5436421000135216499,Wide Net - May 2026
zcrm_5436421000135216543,Wide Net - May 2026
zcrm_5436421000135216656,Wide Net - May 2026
zcrm_5436421000135217037,Wide Net - May 2026
zcrm_5436421000135217176,Wide Net - May 2026
zcrm_5436421000135217515,Wide Net - May 2026
zcrm_5436421000135217529,Wide Net - May 2026
zcrm_5436421000135217554,Wide Net - May 2026
zcrm_5436421000135217602,Wide Net - May 2026
zcrm_5436421000135218014,Wide Net - May 2026
zcrm_5436421000135218019,Wide Net - May 2026
zcrm_5436421000135218023,Wide Net - May 2026
zcrm_5436421000135218032,Wide Net - May 2026
zcrm_5436421000135218039,Wide Net - May 2026
zcrm_5436421000135218118,Wide Net - May 2026
zcrm_5436421000135218145,Wide Net - May 2026
zcrm_5436421000135218514,Wide Net - May 2026
zcrm_5436421000135218680,Wide Net - May 2026
zcrm_5436421000135219007,Wide Net - May 2026
zcrm_5436421000135219119,Wide Net - May 2026
zcrm_5436421000135219496,Wide Net - May 2026
zcrm_5436421000135219543,Wide Net - May 2026
zcrm_5436421000135219945,Wide Net - May 2026
zcrm_5436421000135220036,Wide Net - May 2026
zcrm_5436421000135220657,Wide Net - May 2026
zcrm_5436421000135221051,Wide Net - May 2026
zcrm_5436421000135221514,Wide Net - May 2026
zcrm_5436421000135221597,Wide Net - May 2026
zcrm_5436421000135221643,Wide Net - May 2026
zcrm_5436421000135222155,Wide Net - May 2026
zcrm_5436421000135222438,Wide Net - May 2026
zcrm_5436421000135222504,Wide Net - May 2026
zcrm_5436421000135222564,Wide Net - May 2026
zcrm_5436421000135222601,Wide Net - May 2026
zcrm_5436421000135222941,Wide Net - May 2026
zcrm_5436421000135223513,Wide Net - May 2026
zcrm_5436421000135223603,Wide Net - May 2026
zcrm_5436421000135224029,Wide Net - May 2026
zcrm_5436421000135224605,Wide Net - May 2026
zcrm_5436421000135225006,Wide Net - May 2026
zcrm_5436421000135225147,Wide Net - May 2026
zcrm_5436421000135226179,Wide Net - May 2026
zcrm_5436421000135226475,Wide Net - May 2026
zcrm_5436421000135227030,Wide Net - May 2026
zcrm_5436421000135227151,Wide Net - May 2026
zcrm_5436421000135227455,Wide Net - May 2026
zcrm_5436421000135227473,Wide Net - May 2026
zcrm_5436421000135227533,Wide Net - May 2026
zcrm_5436421000135227586,Wide Net - May 2026
zcrm_5436421000135228008,Wide Net - May 2026
zcrm_5436421000135228583,Wide Net - May 2026
zcrm_5436421000135228617,Wide Net - May 2026
zcrm_5436421000135229039,Wide Net - May 2026
zcrm_5436421000135229147,Wide Net - May 2026
zcrm_5436421000135229182,Wide Net - May 2026
zcrm_5436421000135229581,Wide Net - May 2026
zcrm_5436421000135229583,Wide Net - May 2026
zcrm_5436421000135229681,Wide Net - May 2026
zcrm_5436421000135229683,Wide Net - May 2026
zcrm_5436421000135229960,Wide Net - May 2026
zcrm_5436421000135230001,Wide Net - May 2026
zcrm_5436421000135230449,Wide Net - May 2026
zcrm_5436421000135230482,Wide Net - May 2026
zcrm_5436421000135230494,Wide Net - May 2026
zcrm_5436421000135230504,Wide Net - May 2026
zcrm_5436421000135230530,Wide Net - May 2026
zcrm_5436421000135231104,Wide Net - May 2026
zcrm_5436421000135231117,Wide Net - May 2026
zcrm_5436421000135231179,Wide Net - May 2026
zcrm_5436421000135231532,Wide Net - May 2026
zcrm_5436421000135231564,Wide Net - May 2026
zcrm_5436421000135231575,Wide Net - May 2026
zcrm_5436421000135231674,Wide Net - May 2026
zcrm_5436421000135232044,Wide Net - May 2026
zcrm_5436421000135232474,Wide Net - May 2026
zcrm_5436421000135232555,Wide Net - May 2026
zcrm_5436421000135232624,Wide Net - May 2026
zcrm_5436421000135232655,Wide Net - May 2026
zcrm_5436421000135233013,Wide Net - May 2026
zcrm_5436421000135233021,Wide Net - May 2026
zcrm_5436421000135233104,Wide Net - May 2026
zcrm_5436421000135233129,Wide Net - May 2026
zcrm_5436421000135233527,Wide Net - May 2026
zcrm_5436421000135234111,Wide Net - May 2026
zcrm_5436421000135234579,Wide Net - May 2026
zcrm_5436421000135234606,Wide Net - May 2026
zcrm_5436421000135234609,Wide Net - May 2026
zcrm_5436421000135234948,Wide Net - May 2026
zcrm_5436421000135235082,Wide Net - May 2026
zcrm_5436421000135057988,Wide Net - May 2026
zcrm_5436421000135077460,Wide Net - May 2026
zcrm_5436421000135077763,Wide Net - May 2026
zcrm_5436421000135077873,Wide Net - May 2026
zcrm_5436421000135127234,Wide Net - May 2026
zcrm_5436421000135127248,Wide Net - May 2026
zcrm_5436421000135127273,Wide Net - May 2026
zcrm_5436421000135194252,Wide Net - May 2026
zcrm_5436421000135194256,Wide Net - May 2026
zcrm_5436421000135194396,Wide Net - May 2026
zcrm_5436421000135200567,Wide Net - May 2026
zcrm_5436421000135201597,Wide Net - May 2026
zcrm_5436421000135201942,Wide Net - May 2026
zcrm_5436421000135202106,Wide Net - May 2026
zcrm_5436421000135202165,Wide Net - May 2026
zcrm_5436421000135203113,Wide Net - May 2026
zcrm_5436421000135203565,Wide Net - May 2026
zcrm_5436421000135203607,Wide Net - May 2026
zcrm_5436421000135203975,Wide Net - May 2026
zcrm_5436421000135205967,Wide Net - May 2026
zcrm_5436421000135206154,Wide Net - May 2026
zcrm_5436421000135206168,Wide Net - May 2026
zcrm_5436421000135206527,Wide Net - May 2026
zcrm_5436421000135206683,Wide Net - May 2026
zcrm_5436421000135207176,Wide Net - May 2026
zcrm_5436421000135207563,Wide Net - May 2026
zcrm_5436421000135207652,Wide Net - May 2026
zcrm_5436421000135208147,Wide Net - May 2026
zcrm_5436421000135208148,Wide Net - May 2026
zcrm_5436421000135208152,Wide Net - May 2026
zcrm_5436421000135208164,Wide Net - May 2026
zcrm_5436421000135208575,Wide Net - May 2026
zcrm_5436421000135208939,Wide Net - May 2026
zcrm_5436421000135208963,Wide Net - May 2026
zcrm_5436421000135209069,Wide Net - May 2026
zcrm_5436421000135209542,Wide Net - May 2026
zcrm_5436421000135209634,Wide Net - May 2026
zcrm_5436421000135209673,Wide Net - May 2026
zcrm_5436421000135210137,Wide Net - May 2026
zcrm_5436421000135212017,Wide Net - May 2026
zcrm_5436421000135212087,Wide Net - May 2026
zcrm_5436421000135212587,Wide Net - May 2026
zcrm_5436421000135212622,Wide Net - May 2026
zcrm_5436421000135212965,Wide Net - May 2026
zcrm_5436421000135212968,Wide Net - May 2026
zcrm_5436421000135213124,Wide Net - May 2026
zcrm_5436421000135213128,Wide Net - May 2026
zcrm_5436421000135213177,Wide Net - May 2026
zcrm_5436421000135213529,Wide Net - May 2026
zcrm_5436421000135213685,Wide Net - May 2026
zcrm_5436421000135214004,Wide Net - May 2026
zcrm_5436421000135214086,Wide Net - May 2026
zcrm_5436421000135214963,Wide Net - May 2026
zcrm_5436421000135215509,Wide Net - May 2026
zcrm_5436421000135215565,Wide Net - May 2026
zcrm_5436421000135215651,Wide Net - May 2026
zcrm_5436421000135215976,Wide Net - May 2026
zcrm_5436421000135216037,Wide Net - May 2026
zcrm_5436421000135216143,Wide Net - May 2026
zcrm_5436421000135216172,Wide Net - May 2026
zcrm_5436421000135216514,Wide Net - May 2026
zcrm_5436421000135216569,Wide Net - May 2026
zcrm_5436421000135216590,Wide Net - May 2026
zcrm_5436421000135216608,Wide Net - May 2026
zcrm_5436421000135217076,Wide Net - May 2026
zcrm_5436421000135217151,Wide Net - May 2026
zcrm_5436421000135217943,Wide Net - May 2026
zcrm_5436421000135218461,Wide Net - May 2026
zcrm_5436421000135218486,Wide Net - May 2026
zcrm_5436421000135218521,Wide Net - May 2026
zcrm_5436421000135219034,Wide Net - May 2026
zcrm_5436421000135219118,Wide Net - May 2026
zcrm_5436421000135219144,Wide Net - May 2026
zcrm_5436421000135219470,Wide Net - May 2026
zcrm_5436421000135219542,Wide Net - May 2026
zcrm_5436421000135219581,Wide Net - May 2026
zcrm_5436421000135219633,Wide Net - May 2026
zcrm_5436421000135219940,Wide Net - May 2026
zcrm_5436421000135220078,Wide Net - May 2026
zcrm_5436421000135220142,Wide Net - May 2026
zcrm_5436421000135220617,Wide Net - May 2026
zcrm_5436421000135220652,Wide Net - May 2026
zcrm_5436421000135220967,Wide Net - May 2026
zcrm_5436421000135221453,Wide Net - May 2026
zcrm_5436421000135221483,Wide Net - May 2026
zcrm_5436421000135221968,Wide Net - May 2026
zcrm_5436421000135222023,Wide Net - May 2026
zcrm_5436421000135222053,Wide Net - May 2026
zcrm_5436421000135222609,Wide Net - May 2026
zcrm_5436421000135222982,Wide Net - May 2026
zcrm_5436421000135223070,Wide Net - May 2026
zcrm_5436421000135223095,Wide Net - May 2026
zcrm_5436421000135223468,Wide Net - May 2026
zcrm_5436421000135224069,Wide Net - May 2026
zcrm_5436421000135224076,Wide Net - May 2026
zcrm_5436421000135224471,Wide Net - May 2026
zcrm_5436421000135224511,Wide Net - May 2026
zcrm_5436421000135224958,Wide Net - May 2026
zcrm_5436421000135224979,Wide Net - May 2026
zcrm_5436421000135225127,Wide Net - May 2026
zcrm_5436421000135225612,Wide Net - May 2026
zcrm_5436421000135226126,Wide Net - May 2026
zcrm_5436421000135226131,Wide Net - May 2026
zcrm_5436421000135226561,Wide Net - May 2026
zcrm_5436421000135227112,Wide Net - May 2026
zcrm_5436421000135228975,Wide Net - May 2026
zcrm_5436421000135229022,Wide Net - May 2026
zcrm_5436421000135229961,Wide Net - May 2026
zcrm_5436421000135230985,Wide Net - May 2026
zcrm_5436421000135231102,Wide Net - May 2026
zcrm_5436421000135231175,Wide Net - May 2026
zcrm_5436421000135231176,Wide Net - May 2026
zcrm_5436421000135231478,Wide Net - May 2026
zcrm_5436421000135231481,Wide Net - May 2026
zcrm_5436421000135231620,Wide Net - May 2026
zcrm_5436421000135231623,Wide Net - May 2026
zcrm_5436421000135231649,Wide Net - May 2026
zcrm_5436421000135232116,Wide Net - May 2026
zcrm_5436421000135232137,Wide Net - May 2026
zcrm_5436421000135232531,Wide Net - May 2026
zcrm_5436421000135232975,Wide Net - May 2026
zcrm_5436421000135233491,Wide Net - May 2026
zcrm_5436421000135233541,Wide Net - May 2026
zcrm_5436421000135233628,Wide Net - May 2026
zcrm_5436421000135234044,Wide Net - May 2026
zcrm_5436421000135234125,Wide Net - May 2026
zcrm_5436421000135234130,Wide Net - May 2026
zcrm_5436421000135234449,Wide Net - May 2026
zcrm_5436421000135234470,Wide Net - May 2026
zcrm_5436421000135234501,Wide Net - May 2026
zcrm_5436421000135234575,Wide Net - May 2026
zcrm_5436421000135234583,Wide Net - May 2026
zcrm_5436421000135234601,Wide Net - May 2026
zcrm_5436421000135234660,Wide Net - May 2026
zcrm_5436421000135234974,Wide Net - May 2026
zcrm_5436421000135234975,Wide Net - May 2026
zcrm_5436421000135234997,Wide Net - May 2026
zcrm_5436421000135235093,Wide Net - May 2026
zcrm_5436421000135235094,Wide Net - May 2026
zcrm_5436421000135057960,Wide Net - May 2026
zcrm_5436421000135057961,Wide Net - May 2026
zcrm_5436421000135077214,Wide Net - May 2026
zcrm_5436421000135077224,Wide Net - May 2026
zcrm_5436421000135077351,Wide Net - May 2026
zcrm_5436421000135077371,Wide Net - May 2026
zcrm_5436421000135077431,Wide Net - May 2026
zcrm_5436421000135077764,Wide Net - May 2026
zcrm_5436421000135077826,Wide Net - May 2026
zcrm_5436421000135077847,Wide Net - May 2026
zcrm_5436421000135077901,Wide Net - May 2026
zcrm_5436421000135077904,Wide Net - May 2026
zcrm_5436421000135194213,Wide Net - May 2026
zcrm_5436421000135194222,Wide Net - May 2026
zcrm_5436421000135194431,Wide Net - May 2026
zcrm_5436421000135200037,Wide Net - May 2026
zcrm_5436421000135200097,Wide Net - May 2026
zcrm_5436421000135200677,Wide Net - May 2026
zcrm_5436421000135201126,Wide Net - May 2026
zcrm_5436421000135201601,Wide Net - May 2026
zcrm_5436421000135201656,Wide Net - May 2026
zcrm_5436421000135201683,Wide Net - May 2026
zcrm_5436421000135201988,Wide Net - May 2026
zcrm_5436421000135202010,Wide Net - May 2026
zcrm_5436421000135202087,Wide Net - May 2026
zcrm_5436421000135202181,Wide Net - May 2026
zcrm_5436421000135202553,Wide Net - May 2026
zcrm_5436421000135202622,Wide Net - May 2026
zcrm_5436421000135202985,Wide Net - May 2026
zcrm_5436421000135203568,Wide Net - May 2026
zcrm_5436421000135203589,Wide Net - May 2026
zcrm_5436421000135203617,Wide Net - May 2026
zcrm_5436421000135203960,Wide Net - May 2026
zcrm_5436421000135204152,Wide Net - May 2026
zcrm_5436421000135204494,Wide Net - May 2026
zcrm_5436421000135205017,Wide Net - May 2026
zcrm_5436421000135205490,Wide Net - May 2026
zcrm_5436421000135205573,Wide Net - May 2026
zcrm_5436421000135205641,Wide Net - May 2026
zcrm_5436421000135205972,Wide Net - May 2026
zcrm_5436421000135206131,Wide Net - May 2026
zcrm_5436421000135206144,Wide Net - May 2026
zcrm_5436421000135206564,Wide Net - May 2026
zcrm_5436421000135207476,Wide Net - May 2026
zcrm_5436421000135207667,Wide Net - May 2026
zcrm_5436421000135207963,Wide Net - May 2026
zcrm_5436421000135208002,Wide Net - May 2026
zcrm_5436421000135208070,Wide Net - May 2026
zcrm_5436421000135208134,Wide Net - May 2026
zcrm_5436421000135208453,Wide Net - May 2026
zcrm_5436421000135208633,Wide Net - May 2026
zcrm_5436421000135209019,Wide Net - May 2026
zcrm_5436421000135209102,Wide Net - May 2026
zcrm_5436421000135209477,Wide Net - May 2026
zcrm_5436421000135209577,Wide Net - May 2026
zcrm_5436421000135209952,Wide Net - May 2026
zcrm_5436421000135209995,Wide Net - May 2026
zcrm_5436421000135210094,Wide Net - May 2026
zcrm_5436421000135210148,Wide Net - May 2026
zcrm_5436421000135210509,Wide Net - May 2026
zcrm_5436421000135210603,Wide Net - May 2026
zcrm_5436421000135210658,Wide Net - May 2026
zcrm_5436421000135211019,Wide Net - May 2026
zcrm_5436421000135211180,Wide Net - May 2026
zcrm_5436421000135211531,Wide Net - May 2026
zcrm_5436421000135212589,Wide Net - May 2026
zcrm_5436421000135212687,Wide Net - May 2026
zcrm_5436421000135213159,Wide Net - May 2026
zcrm_5436421000135213169,Wide Net - May 2026
zcrm_5436421000135213490,Wide Net - May 2026
zcrm_5436421000135213631,Wide Net - May 2026
zcrm_5436421000135214455,Wide Net - May 2026
zcrm_5436421000135214484,Wide Net - May 2026
zcrm_5436421000135214969,Wide Net - May 2026
zcrm_5436421000135215156,Wide Net - May 2026
zcrm_5436421000135215670,Wide Net - May 2026
zcrm_5436421000135216470,Wide Net - May 2026
zcrm_5436421000135216485,Wide Net - May 2026
zcrm_5436421000135216684,Wide Net - May 2026
zcrm_5436421000135216962,Wide Net - May 2026
zcrm_5436421000135216997,Wide Net - May 2026
zcrm_5436421000135217086,Wide Net - May 2026
zcrm_5436421000135217098,Wide Net - May 2026
zcrm_5436421000135217127,Wide Net - May 2026
zcrm_5436421000135217591,Wide Net - May 2026
zcrm_5436421000135217598,Wide Net - May 2026
zcrm_5436421000135218581,Wide Net - May 2026
zcrm_5436421000135218637,Wide Net - May 2026
zcrm_5436421000135219154,Wide Net - May 2026
zcrm_5436421000135219479,Wide Net - May 2026
zcrm_5436421000135219531,Wide Net - May 2026
zcrm_5436421000135219632,Wide Net - May 2026
zcrm_5436421000135220020,Wide Net - May 2026
zcrm_5436421000135220564,Wide Net - May 2026
zcrm_5436421000135221090,Wide Net - May 2026
zcrm_5436421000135221152,Wide Net - May 2026
zcrm_5436421000135221482,Wide Net - May 2026
zcrm_5436421000135222474,Wide Net - May 2026
zcrm_5436421000135222537,Wide Net - May 2026
zcrm_5436421000135222968,Wide Net - May 2026
zcrm_5436421000135223034,Wide Net - May 2026
zcrm_5436421000135223549,Wide Net - May 2026
zcrm_5436421000135223621,Wide Net - May 2026
zcrm_5436421000135223648,Wide Net - May 2026
zcrm_5436421000135224588,Wide Net - May 2026
zcrm_5436421000135226013,Wide Net - May 2026
zcrm_5436421000135226026,Wide Net - May 2026
zcrm_5436421000135226042,Wide Net - May 2026
zcrm_5436421000135226086,Wide Net - May 2026
zcrm_5436421000135227029,Wide Net - May 2026
zcrm_5436421000135227160,Wide Net - May 2026
zcrm_5436421000135228598,Wide Net - May 2026
zcrm_5436421000135228961,Wide Net - May 2026
zcrm_5436421000135229171,Wide Net - May 2026
zcrm_5436421000135229488,Wide Net - May 2026
zcrm_5436421000135230123,Wide Net - May 2026
zcrm_5436421000135230489,Wide Net - May 2026
zcrm_5436421000135230495,Wide Net - May 2026
zcrm_5436421000135232964,Wide Net - May 2026
zcrm_5436421000135232986,Wide Net - May 2026
zcrm_5436421000135233529,Wide Net - May 2026
zcrm_5436421000135233651,Wide Net - May 2026
zcrm_5436421000135234007,Wide Net - May 2026
zcrm_5436421000135235015,Wide Net - May 2026
zcrm_5436421000135235060,Wide Net - May 2026
zcrm_5436421000135235108,Wide Net - May 2026
zcrm_5436421000135077236,Wide Net - May 2026
zcrm_5436421000135077291,Wide Net - May 2026
zcrm_5436421000135077364,Wide Net - May 2026
zcrm_5436421000135077895,Wide Net - May 2026
zcrm_5436421000135077933,Wide Net - May 2026
zcrm_5436421000135127235,Wide Net - May 2026
zcrm_5436421000135127255,Wide Net - May 2026
zcrm_5436421000135194400,Wide Net - May 2026
zcrm_5436421000135194715,Wide Net - May 2026
zcrm_5436421000135200101,Wide Net - May 2026
zcrm_5436421000135200139,Wide Net - May 2026
zcrm_5436421000135200493,Wide Net - May 2026
zcrm_5436421000135200496,Wide Net - May 2026
zcrm_5436421000135200563,Wide Net - May 2026
zcrm_5436421000135201609,Wide Net - May 2026
zcrm_5436421000135202109,Wide Net - May 2026
zcrm_5436421000135202163,Wide Net - May 2026
zcrm_5436421000135202500,Wide Net - May 2026
zcrm_5436421000135202503,Wide Net - May 2026
zcrm_5436421000135202947,Wide Net - May 2026
zcrm_5436421000135202957,Wide Net - May 2026
zcrm_5436421000135203014,Wide Net - May 2026
zcrm_5436421000135203581,Wide Net - May 2026
zcrm_5436421000135203985,Wide Net - May 2026
zcrm_5436421000135204091,Wide Net - May 2026
zcrm_5436421000135204114,Wide Net - May 2026
zcrm_5436421000135204165,Wide Net - May 2026
zcrm_5436421000135204524,Wide Net - May 2026
zcrm_5436421000135204591,Wide Net - May 2026
zcrm_5436421000135204619,Wide Net - May 2026
zcrm_5436421000135204997,Wide Net - May 2026
zcrm_5436421000135205074,Wide Net - May 2026
zcrm_5436421000135205084,Wide Net - May 2026
zcrm_5436421000135205536,Wide Net - May 2026
zcrm_5436421000135205567,Wide Net - May 2026
zcrm_5436421000135205642,Wide Net - May 2026
zcrm_5436421000135205988,Wide Net - May 2026
zcrm_5436421000135206004,Wide Net - May 2026
zcrm_5436421000135206490,Wide Net - May 2026
zcrm_5436421000135206506,Wide Net - May 2026
zcrm_5436421000135206562,Wide Net - May 2026
zcrm_5436421000135206643,Wide Net - May 2026
zcrm_5436421000135206968,Wide Net - May 2026
zcrm_5436421000135207151,Wide Net - May 2026
zcrm_5436421000135208163,Wide Net - May 2026
zcrm_5436421000135208539,Wide Net - May 2026
zcrm_5436421000135208545,Wide Net - May 2026
zcrm_5436421000135208598,Wide Net - May 2026
zcrm_5436421000135208657,Wide Net - May 2026
zcrm_5436421000135209128,Wide Net - May 2026
zcrm_5436421000135209133,Wide Net - May 2026
zcrm_5436421000135209482,Wide Net - May 2026
zcrm_5436421000135210464,Wide Net - May 2026
zcrm_5436421000135210477,Wide Net - May 2026
zcrm_5436421000135210530,Wide Net - May 2026
zcrm_5436421000135210954,Wide Net - May 2026
zcrm_5436421000135211125,Wide Net - May 2026
zcrm_5436421000135212681,Wide Net - May 2026
zcrm_5436421000135213024,Wide Net - May 2026
zcrm_5436421000135214092,Wide Net - May 2026
zcrm_5436421000135214481,Wide Net - May 2026
zcrm_5436421000135214555,Wide Net - May 2026
zcrm_5436421000135215105,Wide Net - May 2026
zcrm_5436421000135215676,Wide Net - May 2026
zcrm_5436421000135216132,Wide Net - May 2026
zcrm_5436421000135216181,Wide Net - May 2026
zcrm_5436421000135217026,Wide Net - May 2026
zcrm_5436421000135217114,Wide Net - May 2026
zcrm_5436421000135217145,Wide Net - May 2026
zcrm_5436421000135217179,Wide Net - May 2026
zcrm_5436421000135217523,Wide Net - May 2026
zcrm_5436421000135217640,Wide Net - May 2026
zcrm_5436421000135217982,Wide Net - May 2026
zcrm_5436421000135218129,Wide Net - May 2026
zcrm_5436421000135218487,Wide Net - May 2026
zcrm_5436421000135218553,Wide Net - May 2026
zcrm_5436421000135219942,Wide Net - May 2026
zcrm_5436421000135220030,Wide Net - May 2026
zcrm_5436421000135220055,Wide Net - May 2026
zcrm_5436421000135220080,Wide Net - May 2026
zcrm_5436421000135220144,Wide Net - May 2026
zcrm_5436421000135220158,Wide Net - May 2026
zcrm_5436421000135220475,Wide Net - May 2026
zcrm_5436421000135220966,Wide Net - May 2026
zcrm_5436421000135221534,Wide Net - May 2026
zcrm_5436421000135221588,Wide Net - May 2026
zcrm_5436421000135222518,Wide Net - May 2026
zcrm_5436421000135223008,Wide Net - May 2026
zcrm_5436421000135223076,Wide Net - May 2026
zcrm_5436421000135223106,Wide Net - May 2026
zcrm_5436421000135223540,Wide Net - May 2026
zcrm_5436421000135224070,Wide Net - May 2026
zcrm_5436421000135224677,Wide Net - May 2026
zcrm_5436421000135225601,Wide Net - May 2026
zcrm_5436421000135226043,Wide Net - May 2026
zcrm_5436421000135226075,Wide Net - May 2026
zcrm_5436421000135226155,Wide Net - May 2026
zcrm_5436421000135226543,Wide Net - May 2026
zcrm_5436421000135227155,Wide Net - May 2026
zcrm_5436421000135227490,Wide Net - May 2026
zcrm_5436421000135229059,Wide Net - May 2026
zcrm_5436421000135229082,Wide Net - May 2026
zcrm_5436421000135230584,Wide Net - May 2026
zcrm_5436421000135230954,Wide Net - May 2026
zcrm_5436421000135231645,Wide Net - May 2026
zcrm_5436421000135232004,Wide Net - May 2026
zcrm_5436421000135232566,Wide Net - May 2026
zcrm_5436421000135234015,Wide Net - May 2026
zcrm_5436421000135234589,Wide Net - May 2026
zcrm_5436421000135234605,Wide Net - May 2026
zcrm_5436421000135234653,Wide Net - May 2026
zcrm_5436421000135234949,Wide Net - May 2026
zcrm_5436421000135077395,Wide Net - May 2026
zcrm_5436421000135077836,Wide Net - May 2026
zcrm_5436421000135127177,Wide Net - May 2026
zcrm_5436421000135127203,Wide Net - May 2026
zcrm_5436421000135127261,Wide Net - May 2026
zcrm_5436421000135194255,Wide Net - May 2026
zcrm_5436421000135194265,Wide Net - May 2026
zcrm_5436421000135194291,Wide Net - May 2026
zcrm_5436421000135194299,Wide Net - May 2026
zcrm_5436421000135194739,Wide Net - May 2026
zcrm_5436421000135200106,Wide Net - May 2026
zcrm_5436421000135200111,Wide Net - May 2026
zcrm_5436421000135201494,Wide Net - May 2026
zcrm_5436421000135201498,Wide Net - May 2026
zcrm_5436421000135201966,Wide Net - May 2026
zcrm_5436421000135202034,Wide Net - May 2026
zcrm_5436421000135202544,Wide Net - May 2026
zcrm_5436421000135202678,Wide Net - May 2026
zcrm_5436421000135203100,Wide Net - May 2026
zcrm_5436421000135203107,Wide Net - May 2026
zcrm_5436421000135203621,Wide Net - May 2026
zcrm_5436421000135204128,Wide Net - May 2026
zcrm_5436421000135205097,Wide Net - May 2026
zcrm_5436421000135205127,Wide Net - May 2026
zcrm_5436421000135205132,Wide Net - May 2026
zcrm_5436421000135205544,Wide Net - May 2026
zcrm_5436421000135206181,Wide Net - May 2026
zcrm_5436421000135206493,Wide Net - May 2026
zcrm_5436421000135206610,Wide Net - May 2026
zcrm_5436421000135206988,Wide Net - May 2026
zcrm_5436421000135207520,Wide Net - May 2026
zcrm_5436421000135207618,Wide Net - May 2026
zcrm_5436421000135207638,Wide Net - May 2026
zcrm_5436421000135208031,Wide Net - May 2026
zcrm_5436421000135208108,Wide Net - May 2026
zcrm_5436421000135208439,Wide Net - May 2026
zcrm_5436421000135208490,Wide Net - May 2026
zcrm_5436421000135208596,Wide Net - May 2026
zcrm_5436421000135209027,Wide Net - May 2026
zcrm_5436421000135209073,Wide Net - May 2026
zcrm_5436421000135209550,Wide Net - May 2026
zcrm_5436421000135210505,Wide Net - May 2026
zcrm_5436421000135211511,Wide Net - May 2026
zcrm_5436421000135211591,Wide Net - May 2026
zcrm_5436421000135211620,Wide Net - May 2026
zcrm_5436421000135211943,Wide Net - May 2026
zcrm_5436421000135212060,Wide Net - May 2026
zcrm_5436421000135212139,Wide Net - May 2026
zcrm_5436421000135212581,Wide Net - May 2026
zcrm_5436421000135213066,Wide Net - May 2026
zcrm_5436421000135213175,Wide Net - May 2026
zcrm_5436421000135213176,Wide Net - May 2026
zcrm_5436421000135213500,Wide Net - May 2026
zcrm_5436421000135213994,Wide Net - May 2026
zcrm_5436421000135214049,Wide Net - May 2026
zcrm_5436421000135214479,Wide Net - May 2026
zcrm_5436421000135215165,Wide Net - May 2026
zcrm_5436421000135216065,Wide Net - May 2026
zcrm_5436421000135216146,Wide Net - May 2026
zcrm_5436421000135216463,Wide Net - May 2026
zcrm_5436421000135216677,Wide Net - May 2026
zcrm_5436421000135216941,Wide Net - May 2026
zcrm_5436421000135218002,Wide Net - May 2026
zcrm_5436421000135218042,Wide Net - May 2026
zcrm_5436421000135218121,Wide Net - May 2026
zcrm_5436421000135218518,Wide Net - May 2026
zcrm_5436421000135218666,Wide Net - May 2026
zcrm_5436421000135218983,Wide Net - May 2026
zcrm_5436421000135218988,Wide Net - May 2026
zcrm_5436421000135219004,Wide Net - May 2026
zcrm_5436421000135219014,Wide Net - May 2026
zcrm_5436421000135219037,Wide Net - May 2026
zcrm_5436421000135219088,Wide Net - May 2026
zcrm_5436421000135219096,Wide Net - May 2026
zcrm_5436421000135219499,Wide Net - May 2026
zcrm_5436421000135219515,Wide Net - May 2026
zcrm_5436421000135219544,Wide Net - May 2026
zcrm_5436421000135220057,Wide Net - May 2026
zcrm_5436421000135220504,Wide Net - May 2026
zcrm_5436421000135220511,Wide Net - May 2026
zcrm_5436421000135220972,Wide Net - May 2026
zcrm_5436421000135221494,Wide Net - May 2026
zcrm_5436421000135221570,Wide Net - May 2026
zcrm_5436421000135222108,Wide Net - May 2026
zcrm_5436421000135222485,Wide Net - May 2026
zcrm_5436421000135222676,Wide Net - May 2026
zcrm_5436421000135223109,Wide Net - May 2026
zcrm_5436421000135223556,Wide Net - May 2026
zcrm_5436421000135224575,Wide Net - May 2026
zcrm_5436421000135224641,Wide Net - May 2026
zcrm_5436421000135225082,Wide Net - May 2026
zcrm_5436421000135225109,Wide Net - May 2026
zcrm_5436421000135225451,Wide Net - May 2026
zcrm_5436421000135226496,Wide Net - May 2026
zcrm_5436421000135226542,Wide Net - May 2026
zcrm_5436421000135226640,Wide Net - May 2026
zcrm_5436421000135227673,Wide Net - May 2026
zcrm_5436421000135227972,Wide Net - May 2026
zcrm_5436421000135228013,Wide Net - May 2026
zcrm_5436421000135229002,Wide Net - May 2026
zcrm_5436421000135229072,Wide Net - May 2026
zcrm_5436421000135229509,Wide Net - May 2026
zcrm_5436421000135230088,Wide Net - May 2026
zcrm_5436421000135230493,Wide Net - May 2026
zcrm_5436421000135230534,Wide Net - May 2026
zcrm_5436421000135230561,Wide Net - May 2026
zcrm_5436421000135230591,Wide Net - May 2026
zcrm_5436421000135230687,Wide Net - May 2026
zcrm_5436421000135231462,Wide Net - May 2026
zcrm_5436421000135231523,Wide Net - May 2026
zcrm_5436421000135232108,Wide Net - May 2026
zcrm_5436421000135232557,Wide Net - May 2026
zcrm_5436421000135233025,Wide Net - May 2026
zcrm_5436421000135233538,Wide Net - May 2026
zcrm_5436421000135233940,Wide Net - May 2026
zcrm_5436421000135234152,Wide Net - May 2026
zcrm_5436421000135234181,Wide Net - May 2026
zcrm_5436421000135234687,Wide Net - May 2026
zcrm_5436421000135077282,Wide Net - May 2026
zcrm_5436421000135077774,Wide Net - May 2026
zcrm_5436421000135077910,Wide Net - May 2026
zcrm_5436421000135127164,Wide Net - May 2026
zcrm_5436421000135127258,Wide Net - May 2026
zcrm_5436421000135194293,Wide Net - May 2026
zcrm_5436421000135194317,Wide Net - May 2026
zcrm_5436421000135194356,Wide Net - May 2026
zcrm_5436421000135194744,Wide Net - May 2026
zcrm_5436421000135200039,Wide Net - May 2026
zcrm_5436421000135200135,Wide Net - May 2026
zcrm_5436421000135200160,Wide Net - May 2026
zcrm_5436421000135200542,Wide Net - May 2026
zcrm_5436421000135200650,Wide Net - May 2026
zcrm_5436421000135200660,Wide Net - May 2026
zcrm_5436421000135200671,Wide Net - May 2026
zcrm_5436421000135200940,Wide Net - May 2026
zcrm_5436421000135201077,Wide Net - May 2026
zcrm_5436421000135201523,Wide Net - May 2026
zcrm_5436421000135202073,Wide Net - May 2026
zcrm_5436421000135202452,Wide Net - May 2026
zcrm_5436421000135202456,Wide Net - May 2026
zcrm_5436421000135202475,Wide Net - May 2026
zcrm_5436421000135202508,Wide Net - May 2026
zcrm_5436421000135202582,Wide Net - May 2026
zcrm_5436421000135202596,Wide Net - May 2026
zcrm_5436421000135203053,Wide Net - May 2026
zcrm_5436421000135203093,Wide Net - May 2026
zcrm_5436421000135203099,Wide Net - May 2026
zcrm_5436421000135203463,Wide Net - May 2026
zcrm_5436421000135203487,Wide Net - May 2026
zcrm_5436421000135203520,Wide Net - May 2026
zcrm_5436421000135203994,Wide Net - May 2026
zcrm_5436421000135204156,Wide Net - May 2026
zcrm_5436421000135204536,Wide Net - May 2026
zcrm_5436421000135204613,Wide Net - May 2026
zcrm_5436421000135205069,Wide Net - May 2026
zcrm_5436421000135206074,Wide Net - May 2026
zcrm_5436421000135206462,Wide Net - May 2026
zcrm_5436421000135206601,Wide Net - May 2026
zcrm_5436421000135207078,Wide Net - May 2026
zcrm_5436421000135207087,Wide Net - May 2026
zcrm_5436421000135207624,Wide Net - May 2026
zcrm_5436421000135208006,Wide Net - May 2026
zcrm_5436421000135208044,Wide Net - May 2026
zcrm_5436421000135208470,Wide Net - May 2026
zcrm_5436421000135209501,Wide Net - May 2026
zcrm_5436421000135209580,Wide Net - May 2026
zcrm_5436421000135210607,Wide Net - May 2026
zcrm_5436421000135210653,Wide Net - May 2026
zcrm_5436421000135210943,Wide Net - May 2026
zcrm_5436421000135211112,Wide Net - May 2026
zcrm_5436421000135212066,Wide Net - May 2026
zcrm_5436421000135212075,Wide Net - May 2026
zcrm_5436421000135212565,Wide Net - May 2026
zcrm_5436421000135212623,Wide Net - May 2026
zcrm_5436421000135213085,Wide Net - May 2026
zcrm_5436421000135213119,Wide Net - May 2026
zcrm_5436421000135213442,Wide Net - May 2026
zcrm_5436421000135213501,Wide Net - May 2026
zcrm_5436421000135213664,Wide Net - May 2026
zcrm_5436421000135213952,Wide Net - May 2026
zcrm_5436421000135213991,Wide Net - May 2026
zcrm_5436421000135214036,Wide Net - May 2026
zcrm_5436421000135214067,Wide Net - May 2026
zcrm_5436421000135214591,Wide Net - May 2026
zcrm_5436421000135214601,Wide Net - May 2026
zcrm_5436421000135214613,Wide Net - May 2026
zcrm_5436421000135215631,Wide Net - May 2026
zcrm_5436421000135215952,Wide Net - May 2026
zcrm_5436421000135215962,Wide Net - May 2026
zcrm_5436421000135216546,Wide Net - May 2026
zcrm_5436421000135217168,Wide Net - May 2026
zcrm_5436421000135218157,Wide Net - May 2026
zcrm_5436421000135218594,Wide Net - May 2026
zcrm_5436421000135218673,Wide Net - May 2026
zcrm_5436421000135219010,Wide Net - May 2026
zcrm_5436421000135219109,Wide Net - May 2026
zcrm_5436421000135219504,Wide Net - May 2026
zcrm_5436421000135219511,Wide Net - May 2026
zcrm_5436421000135219955,Wide Net - May 2026
zcrm_5436421000135219987,Wide Net - May 2026
zcrm_5436421000135220041,Wide Net - May 2026
zcrm_5436421000135220149,Wide Net - May 2026
zcrm_5436421000135220175,Wide Net - May 2026
zcrm_5436421000135221020,Wide Net - May 2026
zcrm_5436421000135221114,Wide Net - May 2026
zcrm_5436421000135221486,Wide Net - May 2026
zcrm_5436421000135221607,Wide Net - May 2026
zcrm_5436421000135221632,Wide Net - May 2026
zcrm_5436421000135222105,Wide Net - May 2026
zcrm_5436421000135222501,Wide Net - May 2026
zcrm_5436421000135223166,Wide Net - May 2026
zcrm_5436421000135223512,Wide Net - May 2026
zcrm_5436421000135223516,Wide Net - May 2026
zcrm_5436421000135223599,Wide Net - May 2026
zcrm_5436421000135223618,Wide Net - May 2026
zcrm_5436421000135223662,Wide Net - May 2026
zcrm_5436421000135223679,Wide Net - May 2026
zcrm_5436421000135223955,Wide Net - May 2026
zcrm_5436421000135224037,Wide Net - May 2026
zcrm_5436421000135224045,Wide Net - May 2026
zcrm_5436421000135224184,Wide Net - May 2026
zcrm_5436421000135224479,Wide Net - May 2026
zcrm_5436421000135224591,Wide Net - May 2026
zcrm_5436421000135224642,Wide Net - May 2026
zcrm_5436421000135225027,Wide Net - May 2026
zcrm_5436421000135225605,Wide Net - May 2026
zcrm_5436421000135226128,Wide Net - May 2026
zcrm_5436421000135226137,Wide Net - May 2026
zcrm_5436421000135226513,Wide Net - May 2026
zcrm_5436421000135226530,Wide Net - May 2026
zcrm_5436421000135226557,Wide Net - May 2026
zcrm_5436421000135226597,Wide Net - May 2026
zcrm_5436421000135227023,Wide Net - May 2026
zcrm_5436421000135227116,Wide Net - May 2026
zcrm_5436421000135227180,Wide Net - May 2026
zcrm_5436421000135227535,Wide Net - May 2026
zcrm_5436421000135227574,Wide Net - May 2026
zcrm_5436421000135227658,Wide Net - May 2026
zcrm_5436421000135227993,Wide Net - May 2026
zcrm_5436421000135228073,Wide Net - May 2026
zcrm_5436421000135228080,Wide Net - May 2026
zcrm_5436421000135228088,Wide Net - May 2026
zcrm_5436421000135228158,Wide Net - May 2026
zcrm_5436421000135228486,Wide Net - May 2026
zcrm_5436421000135228538,Wide Net - May 2026
zcrm_5436421000135228624,Wide Net - May 2026
zcrm_5436421000135229077,Wide Net - May 2026
zcrm_5436421000135229531,Wide Net - May 2026
zcrm_5436421000135229554,Wide Net - May 2026
zcrm_5436421000135229555,Wide Net - May 2026
zcrm_5436421000135229562,Wide Net - May 2026
zcrm_5436421000135229565,Wide Net - May 2026
zcrm_5436421000135229620,Wide Net - May 2026
zcrm_5436421000135229983,Wide Net - May 2026
zcrm_5436421000135230009,Wide Net - May 2026
zcrm_5436421000135230068,Wide Net - May 2026
zcrm_5436421000135230155,Wide Net - May 2026
zcrm_5436421000135230176,Wide Net - May 2026
zcrm_5436421000135230467,Wide Net - May 2026
zcrm_5436421000135230627,Wide Net - May 2026
zcrm_5436421000135231062,Wide Net - May 2026
zcrm_5436421000135231074,Wide Net - May 2026
zcrm_5436421000135231107,Wide Net - May 2026
zcrm_5436421000135231111,Wide Net - May 2026
zcrm_5436421000135231439,Wide Net - May 2026
zcrm_5436421000135231615,Wide Net - May 2026
zcrm_5436421000135231633,Wide Net - May 2026
zcrm_5436421000135232040,Wide Net - May 2026
zcrm_5436421000135232094,Wide Net - May 2026
zcrm_5436421000135232145,Wide Net - May 2026
zcrm_5436421000135232443,Wide Net - May 2026
zcrm_5436421000135232574,Wide Net - May 2026
zcrm_5436421000135232623,Wide Net - May 2026
zcrm_5436421000135232639,Wide Net - May 2026
zcrm_5436421000135233028,Wide Net - May 2026
zcrm_5436421000135233041,Wide Net - May 2026
zcrm_5436421000135233174,Wide Net - May 2026
zcrm_5436421000135233960,Wide Net - May 2026
zcrm_5436421000135234588,Wide Net - May 2026
zcrm_5436421000135235078,Wide Net - May 2026
zcrm_5436421000135057996,Wide Net - May 2026
zcrm_5436421000135077226,Wide Net - May 2026
zcrm_5436421000135077254,Wide Net - May 2026
zcrm_5436421000135077753,Wide Net - May 2026
zcrm_5436421000135127225,Wide Net - May 2026
zcrm_5436421000135194326,Wide Net - May 2026
zcrm_5436421000135194446,Wide Net - May 2026
zcrm_5436421000135202065,Wide Net - May 2026
zcrm_5436421000135202074,Wide Net - May 2026
zcrm_5436421000135202099,Wide Net - May 2026
zcrm_5436421000135202108,Wide Net - May 2026
zcrm_5436421000135202467,Wide Net - May 2026
zcrm_5436421000135202540,Wide Net - May 2026
zcrm_5436421000135203129,Wide Net - May 2026
zcrm_5436421000135205473,Wide Net - May 2026
zcrm_5436421000135205598,Wide Net - May 2026
zcrm_5436421000135206045,Wide Net - May 2026
zcrm_5436421000135206084,Wide Net - May 2026
zcrm_5436421000135206508,Wide Net - May 2026
zcrm_5436421000135206650,Wide Net - May 2026
zcrm_5436421000135207024,Wide Net - May 2026
zcrm_5436421000135207163,Wide Net - May 2026
zcrm_5436421000135207643,Wide Net - May 2026
zcrm_5436421000135209056,Wide Net - May 2026
zcrm_5436421000135209517,Wide Net - May 2026
zcrm_5436421000135210089,Wide Net - May 2026
zcrm_5436421000135210583,Wide Net - May 2026
zcrm_5436421000135211113,Wide Net - May 2026
zcrm_5436421000135211120,Wide Net - May 2026
zcrm_5436421000135214116,Wide Net - May 2026
zcrm_5436421000135215460,Wide Net - May 2026
zcrm_5436421000135215665,Wide Net - May 2026
zcrm_5436421000135218047,Wide Net - May 2026
zcrm_5436421000135218077,Wide Net - May 2026
zcrm_5436421000135218086,Wide Net - May 2026
zcrm_5436421000135218555,Wide Net - May 2026
zcrm_5436421000135219159,Wide Net - May 2026
zcrm_5436421000135219457,Wide Net - May 2026
zcrm_5436421000135219487,Wide Net - May 2026
zcrm_5436421000135221034,Wide Net - May 2026
zcrm_5436421000135221623,Wide Net - May 2026
zcrm_5436421000135222018,Wide Net - May 2026
zcrm_5436421000135222650,Wide Net - May 2026
zcrm_5436421000135222667,Wide Net - May 2026
zcrm_5436421000135223096,Wide Net - May 2026
zcrm_5436421000135223176,Wide Net - May 2026
zcrm_5436421000135223523,Wide Net - May 2026
zcrm_5436421000135223532,Wide Net - May 2026
zcrm_5436421000135223602,Wide Net - May 2026
zcrm_5436421000135224025,Wide Net - May 2026
zcrm_5436421000135224064,Wide Net - May 2026
zcrm_5436421000135224488,Wide Net - May 2026
zcrm_5436421000135225502,Wide Net - May 2026
zcrm_5436421000135225525,Wide Net - May 2026
zcrm_5436421000135225982,Wide Net - May 2026
zcrm_5436421000135225983,Wide Net - May 2026
zcrm_5436421000135226059,Wide Net - May 2026
zcrm_5436421000135226170,Wide Net - May 2026
zcrm_5436421000135226682,Wide Net - May 2026
zcrm_5436421000135226991,Wide Net - May 2026
zcrm_5436421000135227649,Wide Net - May 2026
zcrm_5436421000135227955,Wide Net - May 2026
zcrm_5436421000135228159,Wide Net - May 2026
zcrm_5436421000135228182,Wide Net - May 2026
zcrm_5436421000135228590,Wide Net - May 2026
zcrm_5436421000135229011,Wide Net - May 2026
zcrm_5436421000135229529,Wide Net - May 2026
zcrm_5436421000135229948,Wide Net - May 2026
zcrm_5436421000135230057,Wide Net - May 2026
zcrm_5436421000135231634,Wide Net - May 2026
zcrm_5436421000135232451,Wide Net - May 2026
zcrm_5436421000135233060,Wide Net - May 2026
zcrm_5436421000135233125,Wide Net - May 2026
zcrm_5436421000135233144,Wide Net - May 2026
zcrm_5436421000135233488,Wide Net - May 2026
zcrm_5436421000135233571,Wide Net - May 2026
zcrm_5436421000135234020,Wide Net - May 2026
zcrm_5436421000135234131,Wide Net - May 2026
zcrm_5436421000135234149,Wide Net - May 2026
zcrm_5436421000135234526,Wide Net - May 2026
zcrm_5436421000135057989,Wide Net - May 2026
zcrm_5436421000135077263,Wide Net - May 2026
zcrm_5436421000135077292,Wide Net - May 2026
zcrm_5436421000135077382,Wide Net - May 2026
zcrm_5436421000135077786,Wide Net - May 2026
zcrm_5436421000135077787,Wide Net - May 2026
zcrm_5436421000135077800,Wide Net - May 2026
zcrm_5436421000135077822,Wide Net - May 2026
zcrm_5436421000135194276,Wide Net - May 2026
zcrm_5436421000135194289,Wide Net - May 2026
zcrm_5436421000135200574,Wide Net - May 2026
zcrm_5436421000135200943,Wide Net - May 2026
zcrm_5436421000135201501,Wide Net - May 2026
zcrm_5436421000135201644,Wide Net - May 2026
zcrm_5436421000135201684,Wide Net - May 2026
zcrm_5436421000135201939,Wide Net - May 2026
zcrm_5436421000135202655,Wide Net - May 2026
zcrm_5436421000135202984,Wide Net - May 2026
zcrm_5436421000135203019,Wide Net - May 2026
zcrm_5436421000135203662,Wide Net - May 2026
zcrm_5436421000135205157,Wide Net - May 2026
zcrm_5436421000135205662,Wide Net - May 2026
zcrm_5436421000135206574,Wide Net - May 2026
zcrm_5436421000135206677,Wide Net - May 2026
zcrm_5436421000135207529,Wide Net - May 2026
zcrm_5436421000135208099,Wide Net - May 2026
zcrm_5436421000135209525,Wide Net - May 2026
zcrm_5436421000135209571,Wide Net - May 2026
zcrm_5436421000135210185,Wide Net - May 2026
zcrm_5436421000135210650,Wide Net - May 2026
zcrm_5436421000135211055,Wide Net - May 2026
zcrm_5436421000135211091,Wide Net - May 2026
zcrm_5436421000135211526,Wide Net - May 2026
zcrm_5436421000135211637,Wide Net - May 2026
zcrm_5436421000135212455,Wide Net - May 2026
zcrm_5436421000135213122,Wide Net - May 2026
zcrm_5436421000135213448,Wide Net - May 2026
zcrm_5436421000135214168,Wide Net - May 2026
zcrm_5436421000135214186,Wide Net - May 2026
zcrm_5436421000135214461,Wide Net - May 2026
zcrm_5436421000135214472,Wide Net - May 2026
zcrm_5436421000135214589,Wide Net - May 2026
zcrm_5436421000135215085,Wide Net - May 2026
zcrm_5436421000135215632,Wide Net - May 2026
zcrm_5436421000135215668,Wide Net - May 2026
zcrm_5436421000135216551,Wide Net - May 2026
zcrm_5436421000135216984,Wide Net - May 2026
zcrm_5436421000135217535,Wide Net - May 2026
zcrm_5436421000135217538,Wide Net - May 2026
zcrm_5436421000135217628,Wide Net - May 2026
zcrm_5436421000135218009,Wide Net - May 2026
zcrm_5436421000135219467,Wide Net - May 2026
zcrm_5436421000135219967,Wide Net - May 2026
zcrm_5436421000135220180,Wide Net - May 2026
zcrm_5436421000135220551,Wide Net - May 2026
zcrm_5436421000135220566,Wide Net - May 2026
zcrm_5436421000135220942,Wide Net - May 2026
zcrm_5436421000135221463,Wide Net - May 2026
zcrm_5436421000135222044,Wide Net - May 2026
zcrm_5436421000135222152,Wide Net - May 2026
zcrm_5436421000135222463,Wide Net - May 2026
zcrm_5436421000135222505,Wide Net - May 2026
zcrm_5436421000135223022,Wide Net - May 2026
zcrm_5436421000135223131,Wide Net - May 2026
zcrm_5436421000135223132,Wide Net - May 2026
zcrm_5436421000135223499,Wide Net - May 2026
zcrm_5436421000135223564,Wide Net - May 2026
zcrm_5436421000135223961,Wide Net - May 2026
zcrm_5436421000135225592,Wide Net - May 2026
zcrm_5436421000135226099,Wide Net - May 2026
zcrm_5436421000135227579,Wide Net - May 2026
zcrm_5436421000135227636,Wide Net - May 2026
zcrm_5436421000135227967,Wide Net - May 2026
zcrm_5436421000135228453,Wide Net - May 2026
zcrm_5436421000135228686,Wide Net - May 2026
zcrm_5436421000135229179,Wide Net - May 2026
zcrm_5436421000135229997,Wide Net - May 2026
zcrm_5436421000135230653,Wide Net - May 2026
zcrm_5436421000135232104,Wide Net - May 2026
zcrm_5436421000135232677,Wide Net - May 2026
zcrm_5436421000135232996,Wide Net - May 2026
zcrm_5436421000135233500,Wide Net - May 2026
zcrm_5436421000135233504,Wide Net - May 2026
zcrm_5436421000135233534,Wide Net - May 2026
zcrm_5436421000135233638,Wide Net - May 2026
zcrm_5436421000135234133,Wide Net - May 2026
zcrm_5436421000135234580,Wide Net - May 2026
zcrm_5436421000135235028,Wide Net - May 2026
zcrm_5436421000135235069,Wide Net - May 2026
zcrm_5436421000135235072,Wide Net - May 2026
zcrm_5436421000135235083,Wide Net - May 2026
zcrm_5436421000135235089,Wide Net - May 2026
zcrm_5436421000135057968,Wide Net - May 2026
zcrm_5436421000135057990,Wide Net - May 2026
zcrm_5436421000135077746,Wide Net - May 2026
zcrm_5436421000135127252,Wide Net - May 2026
zcrm_5436421000135194408,Wide Net - May 2026
zcrm_5436421000135194429,Wide Net - May 2026
zcrm_5436421000135194772,Wide Net - May 2026
zcrm_5436421000135194779,Wide Net - May 2026
zcrm_5436421000135200002,Wide Net - May 2026
zcrm_5436421000135200175,Wide Net - May 2026
zcrm_5436421000135200564,Wide Net - May 2026
zcrm_5436421000135201167,Wide Net - May 2026
zcrm_5436421000135201574,Wide Net - May 2026
zcrm_5436421000135202142,Wide Net - May 2026
zcrm_5436421000135202167,Wide Net - May 2026
zcrm_5436421000135202577,Wide Net - May 2026
zcrm_5436421000135202614,Wide Net - May 2026
zcrm_5436421000135203021,Wide Net - May 2026
zcrm_5436421000135204011,Wide Net - May 2026
zcrm_5436421000135204538,Wide Net - May 2026
zcrm_5436421000135204947,Wide Net - May 2026
zcrm_5436421000135205035,Wide Net - May 2026
zcrm_5436421000135205048,Wide Net - May 2026
zcrm_5436421000135205137,Wide Net - May 2026
zcrm_5436421000135205524,Wide Net - May 2026
zcrm_5436421000135205554,Wide Net - May 2026
zcrm_5436421000135205566,Wide Net - May 2026
zcrm_5436421000135077269,Wide Net - May 2026
zcrm_5436421000135077864,Wide Net - May 2026
zcrm_5436421000135077916,Wide Net - May 2026
zcrm_5436421000135194225,Wide Net - May 2026
zcrm_5436421000135194422,Wide Net - May 2026
zcrm_5436421000135200043,Wide Net - May 2026
zcrm_5436421000135200171,Wide Net - May 2026
zcrm_5436421000135200474,Wide Net - May 2026
zcrm_5436421000135200969,Wide Net - May 2026
zcrm_5436421000135201132,Wide Net - May 2026
zcrm_5436421000135201142,Wide Net - May 2026
zcrm_5436421000135201152,Wide Net - May 2026
zcrm_5436421000135201506,Wide Net - May 2026
zcrm_5436421000135201536,Wide Net - May 2026
zcrm_5436421000135201575,Wide Net - May 2026
zcrm_5436421000135201631,Wide Net - May 2026
zcrm_5436421000135201948,Wide Net - May 2026
zcrm_5436421000135202026,Wide Net - May 2026
zcrm_5436421000135202049,Wide Net - May 2026
zcrm_5436421000135202454,Wide Net - May 2026
zcrm_5436421000135202652,Wide Net - May 2026
zcrm_5436421000135203066,Wide Net - May 2026
zcrm_5436421000135203132,Wide Net - May 2026
zcrm_5436421000135203162,Wide Net - May 2026
zcrm_5436421000135203182,Wide Net - May 2026
zcrm_5436421000135203459,Wide Net - May 2026
zcrm_5436421000135203481,Wide Net - May 2026
zcrm_5436421000135203514,Wide Net - May 2026
zcrm_5436421000135203528,Wide Net - May 2026
zcrm_5436421000135203561,Wide Net - May 2026
zcrm_5436421000135203567,Wide Net - May 2026
zcrm_5436421000135203998,Wide Net - May 2026
zcrm_5436421000135204071,Wide Net - May 2026
zcrm_5436421000135204445,Wide Net - May 2026
zcrm_5436421000135204650,Wide Net - May 2026
zcrm_5436421000135204988,Wide Net - May 2026
zcrm_5436421000135205010,Wide Net - May 2026
zcrm_5436421000135205673,Wide Net - May 2026
zcrm_5436421000135206064,Wide Net - May 2026
zcrm_5436421000135206595,Wide Net - May 2026
zcrm_5436421000135206949,Wide Net - May 2026
zcrm_5436421000135207000,Wide Net - May 2026
zcrm_5436421000135207054,Wide Net - May 2026
zcrm_5436421000135207662,Wide Net - May 2026
zcrm_5436421000135207941,Wide Net - May 2026
zcrm_5436421000135208079,Wide Net - May 2026
zcrm_5436421000135208083,Wide Net - May 2026
zcrm_5436421000135208463,Wide Net - May 2026
zcrm_5436421000135208682,Wide Net - May 2026
zcrm_5436421000135208951,Wide Net - May 2026
zcrm_5436421000135209002,Wide Net - May 2026
zcrm_5436421000135209068,Wide Net - May 2026
zcrm_5436421000135209135,Wide Net - May 2026
zcrm_5436421000135209968,Wide Net - May 2026
zcrm_5436421000135210961,Wide Net - May 2026
zcrm_5436421000135211033,Wide Net - May 2026
zcrm_5436421000135211041,Wide Net - May 2026
zcrm_5436421000135211615,Wide Net - May 2026
zcrm_5436421000135211626,Wide Net - May 2026
zcrm_5436421000135212133,Wide Net - May 2026
zcrm_5436421000135212500,Wide Net - May 2026
zcrm_5436421000135212561,Wide Net - May 2026
zcrm_5436421000135212592,Wide Net - May 2026
zcrm_5436421000135212656,Wide Net - May 2026
zcrm_5436421000135212996,Wide Net - May 2026
zcrm_5436421000135213054,Wide Net - May 2026
zcrm_5436421000135213114,Wide Net - May 2026
zcrm_5436421000135213475,Wide Net - May 2026
zcrm_5436421000135213483,Wide Net - May 2026
zcrm_5436421000135213509,Wide Net - May 2026
zcrm_5436421000135213576,Wide Net - May 2026
zcrm_5436421000135214165,Wide Net - May 2026
zcrm_5436421000135214454,Wide Net - May 2026
zcrm_5436421000135214968,Wide Net - May 2026
zcrm_5436421000135214983,Wide Net - May 2026
zcrm_5436421000135215448,Wide Net - May 2026
zcrm_5436421000135215517,Wide Net - May 2026
zcrm_5436421000135215564,Wide Net - May 2026
zcrm_5436421000135215957,Wide Net - May 2026
zcrm_5436421000135216131,Wide Net - May 2026
zcrm_5436421000135216153,Wide Net - May 2026
zcrm_5436421000135216171,Wide Net - May 2026
zcrm_5436421000135216620,Wide Net - May 2026
zcrm_5436421000135216938,Wide Net - May 2026
zcrm_5436421000135217066,Wide Net - May 2026
zcrm_5436421000135217527,Wide Net - May 2026
zcrm_5436421000135217536,Wide Net - May 2026
zcrm_5436421000135217596,Wide Net - May 2026
zcrm_5436421000135217629,Wide Net - May 2026
zcrm_5436421000135218016,Wide Net - May 2026
zcrm_5436421000135218040,Wide Net - May 2026
zcrm_5436421000135218059,Wide Net - May 2026
zcrm_5436421000135218079,Wide Net - May 2026
zcrm_5436421000135218541,Wide Net - May 2026
zcrm_5436421000135219032,Wide Net - May 2026
zcrm_5436421000135219050,Wide Net - May 2026
zcrm_5436421000135219107,Wide Net - May 2026
zcrm_5436421000135219673,Wide Net - May 2026
zcrm_5436421000135219985,Wide Net - May 2026
zcrm_5436421000135220461,Wide Net - May 2026
zcrm_5436421000135220486,Wide Net - May 2026
zcrm_5436421000135220573,Wide Net - May 2026
zcrm_5436421000135220981,Wide Net - May 2026
zcrm_5436421000135221095,Wide Net - May 2026
zcrm_5436421000135221164,Wide Net - May 2026
zcrm_5436421000135221679,Wide Net - May 2026
zcrm_5436421000135222004,Wide Net - May 2026
zcrm_5436421000135222064,Wide Net - May 2026
zcrm_5436421000135222129,Wide Net - May 2026
zcrm_5436421000135223072,Wide Net - May 2026
zcrm_5436421000135223138,Wide Net - May 2026
zcrm_5436421000135223150,Wide Net - May 2026
zcrm_5436421000135223156,Wide Net - May 2026
zcrm_5436421000135223179,Wide Net - May 2026
zcrm_5436421000135223605,Wide Net - May 2026
zcrm_5436421000135223685,Wide Net - May 2026
zcrm_5436421000135223967,Wide Net - May 2026
zcrm_5436421000135224118,Wide Net - May 2026
zcrm_5436421000135224128,Wide Net - May 2026
zcrm_5436421000135224169,Wide Net - May 2026
zcrm_5436421000135224534,Wide Net - May 2026
zcrm_5436421000135224955,Wide Net - May 2026
zcrm_5436421000135225542,Wide Net - May 2026
zcrm_5436421000135225591,Wide Net - May 2026
zcrm_5436421000135225636,Wide Net - May 2026
zcrm_5436421000135226493,Wide Net - May 2026
zcrm_5436421000135226647,Wide Net - May 2026
zcrm_5436421000135226945,Wide Net - May 2026
zcrm_5436421000135226961,Wide Net - May 2026
zcrm_5436421000135227583,Wide Net - May 2026
zcrm_5436421000135227634,Wide Net - May 2026
zcrm_5436421000135229939,Wide Net - May 2026
zcrm_5436421000135230532,Wide Net - May 2026
zcrm_5436421000135230626,Wide Net - May 2026
zcrm_5436421000135230639,Wide Net - May 2026
zcrm_5436421000135230651,Wide Net - May 2026
zcrm_5436421000135230679,Wide Net - May 2026
zcrm_5436421000135230964,Wide Net - May 2026
zcrm_5436421000135231097,Wide Net - May 2026
zcrm_5436421000135231145,Wide Net - May 2026
zcrm_5436421000135232013,Wide Net - May 2026
zcrm_5436421000135232031,Wide Net - May 2026
zcrm_5436421000135232157,Wide Net - May 2026
zcrm_5436421000135232520,Wide Net - May 2026
zcrm_5436421000135232637,Wide Net - May 2026
zcrm_5436421000135232947,Wide Net - May 2026
zcrm_5436421000135233074,Wide Net - May 2026
zcrm_5436421000135233513,Wide Net - May 2026
zcrm_5436421000135233570,Wide Net - May 2026
zcrm_5436421000135234495,Wide Net - May 2026
zcrm_5436421000135234551,Wide Net - May 2026
zcrm_5436421000135234625,Wide Net - May 2026
zcrm_5436421000135077744,Wide Net - May 2026
zcrm_5436421000135077871,Wide Net - May 2026
zcrm_5436421000135077931,Wide Net - May 2026
zcrm_5436421000135127272,Wide Net - May 2026
zcrm_5436421000135194214,Wide Net - May 2026
zcrm_5436421000135194304,Wide Net - May 2026
zcrm_5436421000135194323,Wide Net - May 2026
zcrm_5436421000135194373,Wide Net - May 2026
zcrm_5436421000135194797,Wide Net - May 2026
zcrm_5436421000135194826,Wide Net - May 2026
zcrm_5436421000135200131,Wide Net - May 2026
zcrm_5436421000135200556,Wide Net - May 2026
zcrm_5436421000135200575,Wide Net - May 2026
zcrm_5436421000135202036,Wide Net - May 2026
zcrm_5436421000135203535,Wide Net - May 2026
zcrm_5436421000135203623,Wide Net - May 2026
zcrm_5436421000135204548,Wide Net - May 2026
zcrm_5436421000135205119,Wide Net - May 2026
zcrm_5436421000135205555,Wide Net - May 2026
zcrm_5436421000135205634,Wide Net - May 2026
zcrm_5436421000135206528,Wide Net - May 2026
zcrm_5436421000135207115,Wide Net - May 2026
zcrm_5436421000135207168,Wide Net - May 2026
zcrm_5436421000135207483,Wide Net - May 2026
zcrm_5436421000135207492,Wide Net - May 2026
zcrm_5436421000135207564,Wide Net - May 2026
zcrm_5436421000135208026,Wide Net - May 2026
zcrm_5436421000135209049,Wide Net - May 2026
zcrm_5436421000135210015,Wide Net - May 2026
zcrm_5436421000135211478,Wide Net - May 2026
zcrm_5436421000135211542,Wide Net - May 2026
zcrm_5436421000135211610,Wide Net - May 2026
zcrm_5436421000135211618,Wide Net - May 2026
zcrm_5436421000135211974,Wide Net - May 2026
zcrm_5436421000135212079,Wide Net - May 2026
zcrm_5436421000135212151,Wide Net - May 2026
zcrm_5436421000135212163,Wide Net - May 2026
zcrm_5436421000135212507,Wide Net - May 2026
zcrm_5436421000135212998,Wide Net - May 2026
zcrm_5436421000135213590,Wide Net - May 2026
zcrm_5436421000135215025,Wide Net - May 2026
zcrm_5436421000135215028,Wide Net - May 2026
zcrm_5436421000135215042,Wide Net - May 2026
zcrm_5436421000135215471,Wide Net - May 2026
zcrm_5436421000135215542,Wide Net - May 2026
zcrm_5436421000135215596,Wide Net - May 2026
zcrm_5436421000135215659,Wide Net - May 2026
zcrm_5436421000135216032,Wide Net - May 2026
zcrm_5436421000135216462,Wide Net - May 2026
zcrm_5436421000135216612,Wide Net - May 2026
zcrm_5436421000135217116,Wide Net - May 2026
zcrm_5436421000135217117,Wide Net - May 2026
zcrm_5436421000135217178,Wide Net - May 2026
zcrm_5436421000135217561,Wide Net - May 2026
zcrm_5436421000135218501,Wide Net - May 2026
zcrm_5436421000135218552,Wide Net - May 2026
zcrm_5436421000135218601,Wide Net - May 2026
zcrm_5436421000135218625,Wide Net - May 2026
zcrm_5436421000135218656,Wide Net - May 2026
zcrm_5436421000135219008,Wide Net - May 2026
zcrm_5436421000135219590,Wide Net - May 2026
zcrm_5436421000135219939,Wide Net - May 2026
zcrm_5436421000135219948,Wide Net - May 2026
zcrm_5436421000135220137,Wide Net - May 2026
zcrm_5436421000135220447,Wide Net - May 2026
zcrm_5436421000135220581,Wide Net - May 2026
zcrm_5436421000135221970,Wide Net - May 2026
zcrm_5436421000135222015,Wide Net - May 2026
zcrm_5436421000135222021,Wide Net - May 2026
zcrm_5436421000135223029,Wide Net - May 2026
zcrm_5436421000135223561,Wide Net - May 2026
zcrm_5436421000135223625,Wide Net - May 2026
zcrm_5436421000135223986,Wide Net - May 2026
zcrm_5436421000135224049,Wide Net - May 2026
zcrm_5436421000135224501,Wide Net - May 2026
zcrm_5436421000135224615,Wide Net - May 2026
zcrm_5436421000135224675,Wide Net - May 2026
zcrm_5436421000135225115,Wide Net - May 2026
zcrm_5436421000135225644,Wide Net - May 2026
zcrm_5436421000135225673,Wide Net - May 2026
zcrm_5436421000135226148,Wide Net - May 2026
zcrm_5436421000135226540,Wide Net - May 2026
zcrm_5436421000135226977,Wide Net - May 2026
zcrm_5436421000135227647,Wide Net - May 2026
zcrm_5436421000135228025,Wide Net - May 2026
zcrm_5436421000135228460,Wide Net - May 2026
zcrm_5436421000135229004,Wide Net - May 2026
zcrm_5436421000135229023,Wide Net - May 2026
zcrm_5436421000135229452,Wide Net - May 2026
zcrm_5436421000135230100,Wide Net - May 2026
zcrm_5436421000135231447,Wide Net - May 2026
zcrm_5436421000135232518,Wide Net - May 2026
zcrm_5436421000135232683,Wide Net - May 2026
zcrm_5436421000135232950,Wide Net - May 2026
zcrm_5436421000135233172,Wide Net - May 2026
zcrm_5436421000135233523,Wide Net - May 2026
zcrm_5436421000135233584,Wide Net - May 2026
zcrm_5436421000135233999,Wide Net - May 2026
zcrm_5436421000135234079,Wide Net - May 2026
zcrm_5436421000135235099,Wide Net - May 2026
zcrm_5436421000135077819,Wide Net - May 2026
zcrm_5436421000135077897,Wide Net - May 2026
zcrm_5436421000135077921,Wide Net - May 2026
zcrm_5436421000135127222,Wide Net - May 2026
zcrm_5436421000135194361,Wide Net - May 2026
zcrm_5436421000135194381,Wide Net - May 2026
zcrm_5436421000135194455,Wide Net - May 2026
zcrm_5436421000135200182,Wide Net - May 2026
zcrm_5436421000135200483,Wide Net - May 2026
zcrm_5436421000135201036,Wide Net - May 2026
zcrm_5436421000135201544,Wide Net - May 2026
zcrm_5436421000135202021,Wide Net - May 2026
zcrm_5436421000135202022,Wide Net - May 2026
zcrm_5436421000135202125,Wide Net - May 2026
zcrm_5436421000135203154,Wide Net - May 2026
zcrm_5436421000135203165,Wide Net - May 2026
zcrm_5436421000135203170,Wide Net - May 2026
zcrm_5436421000135203171,Wide Net - May 2026
zcrm_5436421000135203183,Wide Net - May 2026
zcrm_5436421000135203453,Wide Net - May 2026
zcrm_5436421000135203502,Wide Net - May 2026
zcrm_5436421000135203512,Wide Net - May 2026
zcrm_5436421000135203554,Wide Net - May 2026
zcrm_5436421000135203558,Wide Net - May 2026
zcrm_5436421000135203639,Wide Net - May 2026
zcrm_5436421000135203640,Wide Net - May 2026
zcrm_5436421000135203643,Wide Net - May 2026
zcrm_5436421000135203946,Wide Net - May 2026
zcrm_5436421000135204553,Wide Net - May 2026
zcrm_5436421000135204595,Wide Net - May 2026
zcrm_5436421000135205162,Wide Net - May 2026
zcrm_5436421000135205456,Wide Net - May 2026
zcrm_5436421000135205472,Wide Net - May 2026
zcrm_5436421000135206137,Wide Net - May 2026
zcrm_5436421000135206460,Wide Net - May 2026
zcrm_5436421000135206474,Wide Net - May 2026
zcrm_5436421000135206556,Wide Net - May 2026
zcrm_5436421000135207174,Wide Net - May 2026
zcrm_5436421000135207180,Wide Net - May 2026
zcrm_5436421000135207487,Wide Net - May 2026
zcrm_5436421000135207623,Wide Net - May 2026
zcrm_5436421000135207678,Wide Net - May 2026
zcrm_5436421000135207686,Wide Net - May 2026
zcrm_5436421000135207947,Wide Net - May 2026
zcrm_5436421000135208027,Wide Net - May 2026
zcrm_5436421000135208154,Wide Net - May 2026
zcrm_5436421000135208965,Wide Net - May 2026
zcrm_5436421000135209087,Wide Net - May 2026
zcrm_5436421000135209531,Wide Net - May 2026
zcrm_5436421000135209999,Wide Net - May 2026
zcrm_5436421000135210061,Wide Net - May 2026
zcrm_5436421000135210109,Wide Net - May 2026
zcrm_5436421000135210489,Wide Net - May 2026
zcrm_5436421000135210664,Wide Net - May 2026
zcrm_5436421000135211089,Wide Net - May 2026
zcrm_5436421000135212483,Wide Net - May 2026
zcrm_5436421000135212501,Wide Net - May 2026
zcrm_5436421000135213150,Wide Net - May 2026
zcrm_5436421000135213520,Wide Net - May 2026
zcrm_5436421000135213540,Wide Net - May 2026
zcrm_5436421000135213999,Wide Net - May 2026
zcrm_5436421000135214154,Wide Net - May 2026
zcrm_5436421000135214530,Wide Net - May 2026
zcrm_5436421000135214625,Wide Net - May 2026
zcrm_5436421000135215184,Wide Net - May 2026
zcrm_5436421000135216151,Wide Net - May 2026
zcrm_5436421000135216582,Wide Net - May 2026
zcrm_5436421000135216631,Wide Net - May 2026
zcrm_5436421000135217031,Wide Net - May 2026
zcrm_5436421000135218115,Wide Net - May 2026
zcrm_5436421000135218482,Wide Net - May 2026
zcrm_5436421000135218568,Wide Net - May 2026
zcrm_5436421000135218628,Wide Net - May 2026
zcrm_5436421000135220014,Wide Net - May 2026
zcrm_5436421000135220616,Wide Net - May 2026
zcrm_5436421000135221122,Wide Net - May 2026
zcrm_5436421000135221559,Wide Net - May 2026
zcrm_5436421000135221938,Wide Net - May 2026
zcrm_5436421000135222514,Wide Net - May 2026
zcrm_5436421000135223172,Wide Net - May 2026
zcrm_5436421000135223534,Wide Net - May 2026
zcrm_5436421000135223943,Wide Net - May 2026
zcrm_5436421000135224018,Wide Net - May 2026
zcrm_5436421000135224100,Wide Net - May 2026
zcrm_5436421000135225454,Wide Net - May 2026
zcrm_5436421000135225476,Wide Net - May 2026
zcrm_5436421000135225547,Wide Net - May 2026
zcrm_5436421000135225593,Wide Net - May 2026
zcrm_5436421000135226025,Wide Net - May 2026
zcrm_5436421000135226102,Wide Net - May 2026
zcrm_5436421000135226144,Wide Net - May 2026
zcrm_5436421000135226444,Wide Net - May 2026
zcrm_5436421000135226541,Wide Net - May 2026
zcrm_5436421000135226585,Wide Net - May 2026
zcrm_5436421000135226664,Wide Net - May 2026
zcrm_5436421000135226683,Wide Net - May 2026
zcrm_5436421000135227068,Wide Net - May 2026
zcrm_5436421000135227175,Wide Net - May 2026
zcrm_5436421000135227439,Wide Net - May 2026
zcrm_5436421000135228084,Wide Net - May 2026
zcrm_5436421000135228112,Wide Net - May 2026
zcrm_5436421000135228118,Wide Net - May 2026
zcrm_5436421000135228477,Wide Net - May 2026
zcrm_5436421000135228518,Wide Net - May 2026
zcrm_5436421000135228972,Wide Net - May 2026
zcrm_5436421000135228974,Wide Net - May 2026
zcrm_5436421000135229482,Wide Net - May 2026
zcrm_5436421000135230016,Wide Net - May 2026
zcrm_5436421000135230096,Wide Net - May 2026
zcrm_5436421000135230476,Wide Net - May 2026
zcrm_5436421000135230540,Wide Net - May 2026
zcrm_5436421000135230557,Wide Net - May 2026
zcrm_5436421000135230582,Wide Net - May 2026
zcrm_5436421000135231686,Wide Net - May 2026
zcrm_5436421000135231969,Wide Net - May 2026
zcrm_5436421000135232120,Wide Net - May 2026
zcrm_5436421000135232650,Wide Net - May 2026
zcrm_5436421000135233564,Wide Net - May 2026
zcrm_5436421000135233615,Wide Net - May 2026
zcrm_5436421000135233988,Wide Net - May 2026
zcrm_5436421000135233992,Wide Net - May 2026
zcrm_5436421000135234146,Wide Net - May 2026
zcrm_5436421000135234570,Wide Net - May 2026
zcrm_5436421000135077260,Wide Net - May 2026
zcrm_5436421000135077366,Wide Net - May 2026
zcrm_5436421000135077429,Wide Net - May 2026
zcrm_5436421000135077868,Wide Net - May 2026
zcrm_5436421000135194325,Wide Net - May 2026
zcrm_5436421000135194346,Wide Net - May 2026
zcrm_5436421000135200048,Wide Net - May 2026
zcrm_5436421000135200092,Wide Net - May 2026
zcrm_5436421000135200479,Wide Net - May 2026
zcrm_5436421000135200490,Wide Net - May 2026
zcrm_5436421000135200519,Wide Net - May 2026
zcrm_5436421000135200536,Wide Net - May 2026
zcrm_5436421000135200547,Wide Net - May 2026
zcrm_5436421000135200565,Wide Net - May 2026
zcrm_5436421000135200581,Wide Net - May 2026
zcrm_5436421000135200595,Wide Net - May 2026
zcrm_5436421000135200629,Wide Net - May 2026
zcrm_5436421000135200649,Wide Net - May 2026
zcrm_5436421000135200951,Wide Net - May 2026
zcrm_5436421000135200952,Wide Net - May 2026
zcrm_5436421000135201003,Wide Net - May 2026
zcrm_5436421000135201010,Wide Net - May 2026
zcrm_5436421000135201021,Wide Net - May 2026
zcrm_5436421000135201117,Wide Net - May 2026
zcrm_5436421000135201121,Wide Net - May 2026
zcrm_5436421000135201151,Wide Net - May 2026
zcrm_5436421000135201467,Wide Net - May 2026
zcrm_5436421000135201485,Wide Net - May 2026
zcrm_5436421000135201518,Wide Net - May 2026
zcrm_5436421000135201519,Wide Net - May 2026
zcrm_5436421000135201633,Wide Net - May 2026
zcrm_5436421000135201960,Wide Net - May 2026
zcrm_5436421000135202088,Wide Net - May 2026
zcrm_5436421000135203004,Wide Net - May 2026
zcrm_5436421000135204001,Wide Net - May 2026
zcrm_5436421000135204460,Wide Net - May 2026
zcrm_5436421000135204493,Wide Net - May 2026
zcrm_5436421000135204938,Wide Net - May 2026
zcrm_5436421000135204968,Wide Net - May 2026
zcrm_5436421000135205088,Wide Net - May 2026
zcrm_5436421000135205161,Wide Net - May 2026
zcrm_5436421000135206009,Wide Net - May 2026
zcrm_5436421000135206010,Wide Net - May 2026
zcrm_5436421000135206027,Wide Net - May 2026
zcrm_5436421000135206590,Wide Net - May 2026
zcrm_5436421000135206959,Wide Net - May 2026
zcrm_5436421000135207463,Wide Net - May 2026
zcrm_5436421000135207584,Wide Net - May 2026
zcrm_5436421000135208068,Wide Net - May 2026
zcrm_5436421000135209054,Wide Net - May 2026
zcrm_5436421000135209506,Wide Net - May 2026
zcrm_5436421000135209561,Wide Net - May 2026
zcrm_5436421000135210008,Wide Net - May 2026
zcrm_5436421000135210055,Wide Net - May 2026
zcrm_5436421000135210066,Wide Net - May 2026
zcrm_5436421000135210130,Wide Net - May 2026
zcrm_5436421000135210518,Wide Net - May 2026
zcrm_5436421000135210616,Wide Net - May 2026
zcrm_5436421000135211042,Wide Net - May 2026
zcrm_5436421000135211078,Wide Net - May 2026
zcrm_5436421000135211126,Wide Net - May 2026
zcrm_5436421000135211571,Wide Net - May 2026
zcrm_5436421000135211577,Wide Net - May 2026
zcrm_5436421000135213615,Wide Net - May 2026
zcrm_5436421000135213626,Wide Net - May 2026
zcrm_5436421000135214077,Wide Net - May 2026
zcrm_5436421000135214452,Wide Net - May 2026
zcrm_5436421000135214590,Wide Net - May 2026
zcrm_5436421000135214998,Wide Net - May 2026
zcrm_5436421000135215447,Wide Net - May 2026
zcrm_5436421000135215518,Wide Net - May 2026
zcrm_5436421000135215640,Wide Net - May 2026
zcrm_5436421000135215996,Wide Net - May 2026
zcrm_5436421000135216517,Wide Net - May 2026
zcrm_5436421000135216606,Wide Net - May 2026
zcrm_5436421000135217010,Wide Net - May 2026
zcrm_5436421000135217016,Wide Net - May 2026
zcrm_5436421000135217069,Wide Net - May 2026
zcrm_5436421000135217162,Wide Net - May 2026
zcrm_5436421000135217606,Wide Net - May 2026
zcrm_5436421000135217622,Wide Net - May 2026
zcrm_5436421000135217638,Wide Net - May 2026
zcrm_5436421000135217966,Wide Net - May 2026
zcrm_5436421000135218017,Wide Net - May 2026
zcrm_5436421000135218108,Wide Net - May 2026
zcrm_5436421000135218579,Wide Net - May 2026
zcrm_5436421000135218634,Wide Net - May 2026
zcrm_5436421000135218650,Wide Net - May 2026
zcrm_5436421000135218678,Wide Net - May 2026
zcrm_5436421000135218949,Wide Net - May 2026
zcrm_5436421000135219013,Wide Net - May 2026
zcrm_5436421000135219068,Wide Net - May 2026
zcrm_5436421000135219140,Wide Net - May 2026
zcrm_5436421000135219683,Wide Net - May 2026
zcrm_5436421000135219991,Wide Net - May 2026
zcrm_5436421000135220151,Wide Net - May 2026
zcrm_5436421000135220159,Wide Net - May 2026
zcrm_5436421000135221971,Wide Net - May 2026
zcrm_5436421000135221975,Wide Net - May 2026
zcrm_5436421000135224041,Wide Net - May 2026
zcrm_5436421000135224136,Wide Net - May 2026
zcrm_5436421000135225485,Wide Net - May 2026
zcrm_5436421000135225499,Wide Net - May 2026
zcrm_5436421000135225577,Wide Net - May 2026
zcrm_5436421000135225952,Wide Net - May 2026
zcrm_5436421000135226070,Wide Net - May 2026
zcrm_5436421000135226097,Wide Net - May 2026
zcrm_5436421000135226539,Wide Net - May 2026
zcrm_5436421000135226962,Wide Net - May 2026
zcrm_5436421000135227098,Wide Net - May 2026
zcrm_5436421000135227459,Wide Net - May 2026
zcrm_5436421000135227560,Wide Net - May 2026
zcrm_5436421000135228089,Wide Net - May 2026
zcrm_5436421000135228601,Wide Net - May 2026
zcrm_5436421000135228671,Wide Net - May 2026
zcrm_5436421000135228970,Wide Net - May 2026
zcrm_5436421000135228992,Wide Net - May 2026
zcrm_5436421000135229000,Wide Net - May 2026
zcrm_5436421000135229168,Wide Net - May 2026
zcrm_5436421000135229545,Wide Net - May 2026
zcrm_5436421000135229678,Wide Net - May 2026
zcrm_5436421000135229978,Wide Net - May 2026
zcrm_5436421000135229994,Wide Net - May 2026
zcrm_5436421000135230069,Wide Net - May 2026
zcrm_5436421000135230614,Wide Net - May 2026
zcrm_5436421000135230986,Wide Net - May 2026
zcrm_5436421000135231093,Wide Net - May 2026
zcrm_5436421000135231178,Wide Net - May 2026
zcrm_5436421000135231568,Wide Net - May 2026
zcrm_5436421000135231960,Wide Net - May 2026
zcrm_5436421000135231970,Wide Net - May 2026
zcrm_5436421000135232562,Wide Net - May 2026
zcrm_5436421000135232664,Wide Net - May 2026
zcrm_5436421000135232989,Wide Net - May 2026
zcrm_5436421000135233652,Wide Net - May 2026
zcrm_5436421000135234473,Wide Net - May 2026
zcrm_5436421000135235061,Wide Net - May 2026
zcrm_5436421000135077300,Wide Net - May 2026
zcrm_5436421000135077725,Wide Net - May 2026
zcrm_5436421000135077851,Wide Net - May 2026
zcrm_5436421000135077939,Wide Net - May 2026
zcrm_5436421000135127226,Wide Net - May 2026
zcrm_5436421000135127259,Wide Net - May 2026
zcrm_5436421000135194814,Wide Net - May 2026
zcrm_5436421000135194828,Wide Net - May 2026
zcrm_5436421000135200053,Wide Net - May 2026
zcrm_5436421000135200162,Wide Net - May 2026
zcrm_5436421000135200569,Wide Net - May 2026
zcrm_5436421000135200617,Wide Net - May 2026
zcrm_5436421000135200974,Wide Net - May 2026
zcrm_5436421000135201110,Wide Net - May 2026
zcrm_5436421000135201475,Wide Net - May 2026
zcrm_5436421000135201547,Wide Net - May 2026
zcrm_5436421000135201559,Wide Net - May 2026
zcrm_5436421000135201588,Wide Net - May 2026
zcrm_5436421000135201647,Wide Net - May 2026
zcrm_5436421000135201680,Wide Net - May 2026
zcrm_5436421000135201974,Wide Net - May 2026
zcrm_5436421000135202011,Wide Net - May 2026
zcrm_5436421000135202030,Wide Net - May 2026
zcrm_5436421000135202061,Wide Net - May 2026
zcrm_5436421000135202489,Wide Net - May 2026
zcrm_5436421000135202648,Wide Net - May 2026
zcrm_5436421000135202939,Wide Net - May 2026
zcrm_5436421000135202997,Wide Net - May 2026
zcrm_5436421000135203018,Wide Net - May 2026
zcrm_5436421000135203125,Wide Net - May 2026
zcrm_5436421000135204051,Wide Net - May 2026
zcrm_5436421000135204539,Wide Net - May 2026
zcrm_5436421000135204592,Wide Net - May 2026
zcrm_5436421000135204593,Wide Net - May 2026
zcrm_5436421000135204648,Wide Net - May 2026
zcrm_5436421000135204679,Wide Net - May 2026
zcrm_5436421000135205075,Wide Net - May 2026
zcrm_5436421000135205122,Wide Net - May 2026
zcrm_5436421000135205576,Wide Net - May 2026
zcrm_5436421000135205672,Wide Net - May 2026
zcrm_5436421000135205680,Wide Net - May 2026
zcrm_5436421000135206104,Wide Net - May 2026
zcrm_5436421000135206161,Wide Net - May 2026
zcrm_5436421000135206538,Wide Net - May 2026
zcrm_5436421000135206600,Wide Net - May 2026
zcrm_5436421000135206681,Wide Net - May 2026
zcrm_5436421000135206991,Wide Net - May 2026
zcrm_5436421000135207511,Wide Net - May 2026
zcrm_5436421000135208550,Wide Net - May 2026
zcrm_5436421000135209060,Wide Net - May 2026
zcrm_5436421000135209181,Wide Net - May 2026
zcrm_5436421000135209453,Wide Net - May 2026
zcrm_5436421000135209456,Wide Net - May 2026
zcrm_5436421000135209511,Wide Net - May 2026
zcrm_5436421000135209560,Wide Net - May 2026
zcrm_5436421000135209596,Wide Net - May 2026
zcrm_5436421000135209600,Wide Net - May 2026
zcrm_5436421000135210486,Wide Net - May 2026
zcrm_5436421000135210569,Wide Net - May 2026
zcrm_5436421000135211086,Wide Net - May 2026
zcrm_5436421000135211184,Wide Net - May 2026
zcrm_5436421000135211467,Wide Net - May 2026
zcrm_5436421000135211488,Wide Net - May 2026
zcrm_5436421000135211505,Wide Net - May 2026
zcrm_5436421000135211513,Wide Net - May 2026
zcrm_5436421000135211948,Wide Net - May 2026
zcrm_5436421000135211997,Wide Net - May 2026
zcrm_5436421000135212176,Wide Net - May 2026
zcrm_5436421000135212177,Wide Net - May 2026
zcrm_5436421000135212178,Wide Net - May 2026
zcrm_5436421000135212539,Wide Net - May 2026
zcrm_5436421000135212991,Wide Net - May 2026
zcrm_5436421000135213086,Wide Net - May 2026
zcrm_5436421000135213099,Wide Net - May 2026
zcrm_5436421000135213104,Wide Net - May 2026
zcrm_5436421000135213185,Wide Net - May 2026
zcrm_5436421000135213565,Wide Net - May 2026
zcrm_5436421000135213595,Wide Net - May 2026
zcrm_5436421000135213607,Wide Net - May 2026
zcrm_5436421000135213986,Wide Net - May 2026
zcrm_5436421000135213998,Wide Net - May 2026
zcrm_5436421000135214000,Wide Net - May 2026
zcrm_5436421000135214008,Wide Net - May 2026
zcrm_5436421000135214012,Wide Net - May 2026
zcrm_5436421000135214075,Wide Net - May 2026
zcrm_5436421000135214451,Wide Net - May 2026
zcrm_5436421000135214464,Wide Net - May 2026
zcrm_5436421000135214466,Wide Net - May 2026
zcrm_5436421000135214569,Wide Net - May 2026
zcrm_5436421000135214576,Wide Net - May 2026
zcrm_5436421000135214643,Wide Net - May 2026
zcrm_5436421000135214645,Wide Net - May 2026
zcrm_5436421000135215027,Wide Net - May 2026
zcrm_5436421000135215121,Wide Net - May 2026
zcrm_5436421000135215126,Wide Net - May 2026
zcrm_5436421000135215561,Wide Net - May 2026
zcrm_5436421000135215680,Wide Net - May 2026
zcrm_5436421000135216025,Wide Net - May 2026
zcrm_5436421000135216073,Wide Net - May 2026
zcrm_5436421000135216441,Wide Net - May 2026
zcrm_5436421000135216535,Wide Net - May 2026
zcrm_5436421000135216571,Wide Net - May 2026
zcrm_5436421000135216647,Wide Net - May 2026
zcrm_5436421000135216668,Wide Net - May 2026
zcrm_5436421000135216687,Wide Net - May 2026
zcrm_5436421000135216955,Wide Net - May 2026
zcrm_5436421000135217158,Wide Net - May 2026
zcrm_5436421000135217486,Wide Net - May 2026
zcrm_5436421000135217495,Wide Net - May 2026
zcrm_5436421000135217497,Wide Net - May 2026
zcrm_5436421000135217562,Wide Net - May 2026
zcrm_5436421000135217575,Wide Net - May 2026
zcrm_5436421000135217643,Wide Net - May 2026
zcrm_5436421000135218154,Wide Net - May 2026
zcrm_5436421000135218442,Wide Net - May 2026
zcrm_5436421000135218533,Wide Net - May 2026
zcrm_5436421000135218566,Wide Net - May 2026
zcrm_5436421000135218604,Wide Net - May 2026
zcrm_5436421000135219103,Wide Net - May 2026
zcrm_5436421000135219141,Wide Net - May 2026
zcrm_5436421000135219460,Wide Net - May 2026
zcrm_5436421000135219472,Wide Net - May 2026
zcrm_5436421000135219475,Wide Net - May 2026
zcrm_5436421000135219477,Wide Net - May 2026
zcrm_5436421000135219488,Wide Net - May 2026
zcrm_5436421000135219576,Wide Net - May 2026
zcrm_5436421000135219962,Wide Net - May 2026
zcrm_5436421000135220038,Wide Net - May 2026
zcrm_5436421000135220442,Wide Net - May 2026
zcrm_5436421000135220545,Wide Net - May 2026
zcrm_5436421000135220569,Wide Net - May 2026
zcrm_5436421000135220635,Wide Net - May 2026
zcrm_5436421000135220650,Wide Net - May 2026
zcrm_5436421000135220670,Wide Net - May 2026
zcrm_5436421000135220675,Wide Net - May 2026
zcrm_5436421000135220685,Wide Net - May 2026
zcrm_5436421000135221078,Wide Net - May 2026
zcrm_5436421000135221107,Wide Net - May 2026
zcrm_5436421000135221148,Wide Net - May 2026
zcrm_5436421000135221181,Wide Net - May 2026
zcrm_5436421000135221491,Wide Net - May 2026
zcrm_5436421000135221526,Wide Net - May 2026
zcrm_5436421000135221545,Wide Net - May 2026
zcrm_5436421000135221554,Wide Net - May 2026
zcrm_5436421000135221637,Wide Net - May 2026
zcrm_5436421000135221946,Wide Net - May 2026
zcrm_5436421000135222042,Wide Net - May 2026
zcrm_5436421000135222070,Wide Net - May 2026
zcrm_5436421000135222088,Wide Net - May 2026
zcrm_5436421000135222116,Wide Net - May 2026
zcrm_5436421000135222142,Wide Net - May 2026
zcrm_5436421000135222151,Wide Net - May 2026
zcrm_5436421000135222156,Wide Net - May 2026
zcrm_5436421000135222170,Wide Net - May 2026
zcrm_5436421000135222176,Wide Net - May 2026
zcrm_5436421000135222509,Wide Net - May 2026
zcrm_5436421000135222515,Wide Net - May 2026
zcrm_5436421000135222624,Wide Net - May 2026
zcrm_5436421000135222672,Wide Net - May 2026
zcrm_5436421000135222960,Wide Net - May 2026
zcrm_5436421000135222966,Wide Net - May 2026
zcrm_5436421000135223038,Wide Net - May 2026
zcrm_5436421000135223091,Wide Net - May 2026
zcrm_5436421000135223167,Wide Net - May 2026
zcrm_5436421000135223481,Wide Net - May 2026
zcrm_5436421000135223530,Wide Net - May 2026
zcrm_5436421000135223544,Wide Net - May 2026
zcrm_5436421000135223546,Wide Net - May 2026
zcrm_5436421000135223559,Wide Net - May 2026
zcrm_5436421000135223583,Wide Net - May 2026
zcrm_5436421000135223615,Wide Net - May 2026
zcrm_5436421000135223619,Wide Net - May 2026
zcrm_5436421000135224000,Wide Net - May 2026
zcrm_5436421000135224127,Wide Net - May 2026
zcrm_5436421000135224131,Wide Net - May 2026
zcrm_5436421000135224509,Wide Net - May 2026
zcrm_5436421000135224554,Wide Net - May 2026
zcrm_5436421000135224633,Wide Net - May 2026
zcrm_5436421000135224662,Wide Net - May 2026
zcrm_5436421000135224672,Wide Net - May 2026
zcrm_5436421000135224995,Wide Net - May 2026
zcrm_5436421000135225125,Wide Net - May 2026
zcrm_5436421000135225501,Wide Net - May 2026
zcrm_5436421000135225572,Wide Net - May 2026
zcrm_5436421000135225648,Wide Net - May 2026
zcrm_5436421000135225963,Wide Net - May 2026
zcrm_5436421000135226010,Wide Net - May 2026
zcrm_5436421000135226029,Wide Net - May 2026
zcrm_5436421000135226054,Wide Net - May 2026
zcrm_5436421000135226079,Wide Net - May 2026
zcrm_5436421000135226165,Wide Net - May 2026
zcrm_5436421000135226446,Wide Net - May 2026
zcrm_5436421000135226483,Wide Net - May 2026
zcrm_5436421000135226635,Wide Net - May 2026
zcrm_5436421000135226650,Wide Net - May 2026
zcrm_5436421000135226655,Wide Net - May 2026
zcrm_5436421000135226975,Wide Net - May 2026
zcrm_5436421000135227111,Wide Net - May 2026
zcrm_5436421000135227129,Wide Net - May 2026
zcrm_5436421000135227140,Wide Net - May 2026
zcrm_5436421000135227162,Wide Net - May 2026
zcrm_5436421000135227442,Wide Net - May 2026
zcrm_5436421000135227451,Wide Net - May 2026
zcrm_5436421000135227486,Wide Net - May 2026
zcrm_5436421000135227488,Wide Net - May 2026
zcrm_5436421000135227491,Wide Net - May 2026
zcrm_5436421000135227558,Wide Net - May 2026
zcrm_5436421000135227582,Wide Net - May 2026
zcrm_5436421000135227594,Wide Net - May 2026
zcrm_5436421000135227939,Wide Net - May 2026
zcrm_5436421000135227941,Wide Net - May 2026
zcrm_5436421000135227986,Wide Net - May 2026
zcrm_5436421000135228007,Wide Net - May 2026
zcrm_5436421000135228028,Wide Net - May 2026
zcrm_5436421000135228085,Wide Net - May 2026
zcrm_5436421000135228109,Wide Net - May 2026
zcrm_5436421000135228129,Wide Net - May 2026
zcrm_5436421000135228452,Wide Net - May 2026
zcrm_5436421000135228582,Wide Net - May 2026
zcrm_5436421000135228675,Wide Net - May 2026
zcrm_5436421000135228681,Wide Net - May 2026
zcrm_5436421000135228945,Wide Net - May 2026
zcrm_5436421000135229117,Wide Net - May 2026
zcrm_5436421000135229129,Wide Net - May 2026
zcrm_5436421000135229167,Wide Net - May 2026
zcrm_5436421000135229510,Wide Net - May 2026
zcrm_5436421000135229544,Wide Net - May 2026
zcrm_5436421000135229599,Wide Net - May 2026
zcrm_5436421000135229642,Wide Net - May 2026
zcrm_5436421000135229980,Wide Net - May 2026
zcrm_5436421000135230094,Wide Net - May 2026
zcrm_5436421000135230122,Wide Net - May 2026
zcrm_5436421000135230586,Wide Net - May 2026
zcrm_5436421000135230623,Wide Net - May 2026
zcrm_5436421000135230675,Wide Net - May 2026
zcrm_5436421000135230939,Wide Net - May 2026
zcrm_5436421000135230994,Wide Net - May 2026
zcrm_5436421000135231001,Wide Net - May 2026
zcrm_5436421000135231011,Wide Net - May 2026
zcrm_5436421000135231040,Wide Net - May 2026
zcrm_5436421000135231083,Wide Net - May 2026
zcrm_5436421000135231114,Wide Net - May 2026
zcrm_5436421000135231448,Wide Net - May 2026
zcrm_5436421000135231486,Wide Net - May 2026
zcrm_5436421000135231518,Wide Net - May 2026
zcrm_5436421000135231572,Wide Net - May 2026
zcrm_5436421000135231947,Wide Net - May 2026
zcrm_5436421000135232000,Wide Net - May 2026
zcrm_5436421000135232055,Wide Net - May 2026
zcrm_5436421000135232122,Wide Net - May 2026
zcrm_5436421000135232127,Wide Net - May 2026
zcrm_5436421000135232177,Wide Net - May 2026
zcrm_5436421000135232579,Wide Net - May 2026
zcrm_5436421000135232653,Wide Net - May 2026
zcrm_5436421000135233076,Wide Net - May 2026
zcrm_5436421000135233113,Wide Net - May 2026
zcrm_5436421000135233128,Wide Net - May 2026
zcrm_5436421000135233130,Wide Net - May 2026
zcrm_5436421000135233181,Wide Net - May 2026
zcrm_5436421000135233441,Wide Net - May 2026
zcrm_5436421000135233501,Wide Net - May 2026
zcrm_5436421000135233550,Wide Net - May 2026
zcrm_5436421000135233552,Wide Net - May 2026
zcrm_5436421000135234024,Wide Net - May 2026
zcrm_5436421000135234092,Wide Net - May 2026
zcrm_5436421000135234153,Wide Net - May 2026
zcrm_5436421000135234154,Wide Net - May 2026
zcrm_5436421000135234163,Wide Net - May 2026
zcrm_5436421000135234178,Wide Net - May 2026
zcrm_5436421000135234450,Wide Net - May 2026
zcrm_5436421000135234496,Wide Net - May 2026
zcrm_5436421000135234533,Wide Net - May 2026
zcrm_5436421000135234630,Wide Net - May 2026
zcrm_5436421000135235006,Wide Net - May 2026
zcrm_5436421000135235040,Wide Net - May 2026
zcrm_5436421000135235052,Wide Net - May 2026
zcrm_5436421000135235122,Wide Net - May 2026
zcrm_5436421000135077743,Wide Net - May 2026
zcrm_5436421000135127249,Wide Net - May 2026
zcrm_5436421000135194257,Wide Net - May 2026
zcrm_5436421000135194423,Wide Net - May 2026
zcrm_5436421000135194720,Wide Net - May 2026
zcrm_5436421000135194734,Wide Net - May 2026
zcrm_5436421000135194830,Wide Net - May 2026
zcrm_5436421000135200179,Wide Net - May 2026
zcrm_5436421000135200454,Wide Net - May 2026
zcrm_5436421000135201157,Wide Net - May 2026
zcrm_5436421000135201981,Wide Net - May 2026
zcrm_5436421000135202014,Wide Net - May 2026
zcrm_5436421000135202051,Wide Net - May 2026
zcrm_5436421000135202082,Wide Net - May 2026
zcrm_5436421000135202170,Wide Net - May 2026
zcrm_5436421000135202671,Wide Net - May 2026
zcrm_5436421000135203073,Wide Net - May 2026
zcrm_5436421000135203106,Wide Net - May 2026
zcrm_5436421000135204484,Wide Net - May 2026
zcrm_5436421000135204486,Wide Net - May 2026
zcrm_5436421000135204572,Wide Net - May 2026
zcrm_5436421000135204670,Wide Net - May 2026
zcrm_5436421000135204944,Wide Net - May 2026
zcrm_5436421000135205471,Wide Net - May 2026
zcrm_5436421000135206042,Wide Net - May 2026
zcrm_5436421000135206067,Wide Net - May 2026
zcrm_5436421000135206570,Wide Net - May 2026
zcrm_5436421000135206639,Wide Net - May 2026
zcrm_5436421000135206966,Wide Net - May 2026
zcrm_5436421000135207012,Wide Net - May 2026
zcrm_5436421000135207110,Wide Net - May 2026
zcrm_5436421000135207441,Wide Net - May 2026
zcrm_5436421000135208088,Wide Net - May 2026
zcrm_5436421000135208497,Wide Net - May 2026
zcrm_5436421000135209562,Wide Net - May 2026
zcrm_5436421000135210442,Wide Net - May 2026
zcrm_5436421000135210545,Wide Net - May 2026
zcrm_5436421000135210553,Wide Net - May 2026
zcrm_5436421000135211638,Wide Net - May 2026
zcrm_5436421000135211950,Wide Net - May 2026
zcrm_5436421000135212038,Wide Net - May 2026
zcrm_5436421000135212160,Wide Net - May 2026
zcrm_5436421000135212515,Wide Net - May 2026
zcrm_5436421000135212563,Wide Net - May 2026
zcrm_5436421000135212568,Wide Net - May 2026
zcrm_5436421000135212642,Wide Net - May 2026
zcrm_5436421000135213026,Wide Net - May 2026
zcrm_5436421000135213032,Wide Net - May 2026
zcrm_5436421000135213579,Wide Net - May 2026
zcrm_5436421000135214103,Wide Net - May 2026
zcrm_5436421000135214538,Wide Net - May 2026
zcrm_5436421000135214639,Wide Net - May 2026
zcrm_5436421000135214652,Wide Net - May 2026
zcrm_5436421000135214996,Wide Net - May 2026
zcrm_5436421000135215014,Wide Net - May 2026
zcrm_5436421000135215570,Wide Net - May 2026
zcrm_5436421000135216092,Wide Net - May 2026
zcrm_5436421000135216099,Wide Net - May 2026
zcrm_5436421000135216134,Wide Net - May 2026
zcrm_5436421000135216179,Wide Net - May 2026
zcrm_5436421000135216447,Wide Net - May 2026
zcrm_5436421000135216550,Wide Net - May 2026
zcrm_5436421000135216567,Wide Net - May 2026
zcrm_5436421000135216628,Wide Net - May 2026
zcrm_5436421000135216646,Wide Net - May 2026
zcrm_5436421000135216959,Wide Net - May 2026
zcrm_5436421000135216980,Wide Net - May 2026
zcrm_5436421000135217155,Wide Net - May 2026
zcrm_5436421000135217508,Wide Net - May 2026
zcrm_5436421000135217653,Wide Net - May 2026
zcrm_5436421000135217953,Wide Net - May 2026
zcrm_5436421000135217978,Wide Net - May 2026
zcrm_5436421000135218010,Wide Net - May 2026
zcrm_5436421000135218130,Wide Net - May 2026
zcrm_5436421000135218151,Wide Net - May 2026
zcrm_5436421000135218505,Wide Net - May 2026
zcrm_5436421000135219089,Wide Net - May 2026
zcrm_5436421000135219489,Wide Net - May 2026
zcrm_5436421000135219492,Wide Net - May 2026
zcrm_5436421000135219594,Wide Net - May 2026
zcrm_5436421000135219979,Wide Net - May 2026
zcrm_5436421000135220051,Wide Net - May 2026
zcrm_5436421000135221118,Wide Net - May 2026
zcrm_5436421000135221132,Wide Net - May 2026
zcrm_5436421000135221616,Wide Net - May 2026
zcrm_5436421000135221669,Wide Net - May 2026
zcrm_5436421000135221955,Wide Net - May 2026
zcrm_5436421000135221998,Wide Net - May 2026
zcrm_5436421000135222060,Wide Net - May 2026
zcrm_5436421000135222119,Wide Net - May 2026
zcrm_5436421000135222535,Wide Net - May 2026
zcrm_5436421000135222954,Wide Net - May 2026
zcrm_5436421000135223548,Wide Net - May 2026
zcrm_5436421000135223597,Wide Net - May 2026
zcrm_5436421000135223653,Wide Net - May 2026
zcrm_5436421000135224013,Wide Net - May 2026
zcrm_5436421000135224032,Wide Net - May 2026
zcrm_5436421000135224083,Wide Net - May 2026
zcrm_5436421000135224530,Wide Net - May 2026
zcrm_5436421000135224651,Wide Net - May 2026
zcrm_5436421000135225036,Wide Net - May 2026
zcrm_5436421000135227063,Wide Net - May 2026
zcrm_5436421000135227076,Wide Net - May 2026
zcrm_5436421000135227091,Wide Net - May 2026
zcrm_5436421000135227552,Wide Net - May 2026
zcrm_5436421000135229031,Wide Net - May 2026
zcrm_5436421000135229079,Wide Net - May 2026
zcrm_5436421000135229087,Wide Net - May 2026
zcrm_5436421000135229121,Wide Net - May 2026
zcrm_5436421000135229558,Wide Net - May 2026
zcrm_5436421000135229566,Wide Net - May 2026
zcrm_5436421000135229589,Wide Net - May 2026
zcrm_5436421000135229592,Wide Net - May 2026
zcrm_5436421000135229655,Wide Net - May 2026
zcrm_5436421000135230011,Wide Net - May 2026
zcrm_5436421000135231108,Wide Net - May 2026
zcrm_5436421000135231507,Wide Net - May 2026
zcrm_5436421000135231510,Wide Net - May 2026
zcrm_5436421000135231531,Wide Net - May 2026
zcrm_5436421000135231554,Wide Net - May 2026
zcrm_5436421000135231577,Wide Net - May 2026
zcrm_5436421000135232163,Wide Net - May 2026
zcrm_5436421000135232503,Wide Net - May 2026
zcrm_5436421000135232968,Wide Net - May 2026
zcrm_5436421000135233093,Wide Net - May 2026
zcrm_5436421000135233585,Wide Net - May 2026
zcrm_5436421000135234076,Wide Net - May 2026
zcrm_5436421000135234082,Wide Net - May 2026
zcrm_5436421000135234169,Wide Net - May 2026
zcrm_5436421000135234557,Wide Net - May 2026
zcrm_5436421000135235048,Wide Net - May 2026
zcrm_5436421000135057986,Wide Net - May 2026
zcrm_5436421000135077229,Wide Net - May 2026
zcrm_5436421000135077347,Wide Net - May 2026
zcrm_5436421000135077438,Wide Net - May 2026
zcrm_5436421000135127256,Wide Net - May 2026
zcrm_5436421000135194230,Wide Net - May 2026
zcrm_5436421000135194253,Wide Net - May 2026
zcrm_5436421000135194357,Wide Net - May 2026
zcrm_5436421000135194770,Wide Net - May 2026
zcrm_5436421000135200953,Wide Net - May 2026
zcrm_5436421000135201074,Wide Net - May 2026
zcrm_5436421000135201497,Wide Net - May 2026
zcrm_5436421000135201540,Wide Net - May 2026
zcrm_5436421000135201959,Wide Net - May 2026
zcrm_5436421000135202133,Wide Net - May 2026
zcrm_5436421000135202173,Wide Net - May 2026
zcrm_5436421000135202515,Wide Net - May 2026
zcrm_5436421000135202552,Wide Net - May 2026
zcrm_5436421000135203496,Wide Net - May 2026
zcrm_5436421000135203546,Wide Net - May 2026
zcrm_5436421000135203602,Wide Net - May 2026
zcrm_5436421000135204044,Wide Net - May 2026
zcrm_5436421000135204154,Wide Net - May 2026
zcrm_5436421000135205068,Wide Net - May 2026
zcrm_5436421000135205168,Wide Net - May 2026
zcrm_5436421000135205172,Wide Net - May 2026
zcrm_5436421000135205655,Wide Net - May 2026
zcrm_5436421000135206494,Wide Net - May 2026
zcrm_5436421000135206522,Wide Net - May 2026
zcrm_5436421000135207648,Wide Net - May 2026
zcrm_5436421000135207982,Wide Net - May 2026
zcrm_5436421000135208475,Wide Net - May 2026
zcrm_5436421000135208567,Wide Net - May 2026
zcrm_5436421000135208603,Wide Net - May 2026
zcrm_5436421000135208606,Wide Net - May 2026
zcrm_5436421000135209465,Wide Net - May 2026
zcrm_5436421000135209526,Wide Net - May 2026
zcrm_5436421000135209621,Wide Net - May 2026
zcrm_5436421000135209633,Wide Net - May 2026
zcrm_5436421000135210174,Wide Net - May 2026
zcrm_5436421000135210445,Wide Net - May 2026
zcrm_5436421000135210953,Wide Net - May 2026
zcrm_5436421000135211605,Wide Net - May 2026
zcrm_5436421000135211607,Wide Net - May 2026
zcrm_5436421000135211622,Wide Net - May 2026
zcrm_5436421000135211676,Wide Net - May 2026
zcrm_5436421000135212024,Wide Net - May 2026
zcrm_5436421000135212496,Wide Net - May 2026
zcrm_5436421000135212639,Wide Net - May 2026
zcrm_5436421000135212662,Wide Net - May 2026
zcrm_5436421000135212992,Wide Net - May 2026
zcrm_5436421000135213025,Wide Net - May 2026
zcrm_5436421000135213144,Wide Net - May 2026
zcrm_5436421000135213477,Wide Net - May 2026
zcrm_5436421000135213586,Wide Net - May 2026
zcrm_5436421000135214117,Wide Net - May 2026
zcrm_5436421000135214518,Wide Net - May 2026
zcrm_5436421000135214978,Wide Net - May 2026
zcrm_5436421000135215147,Wide Net - May 2026
zcrm_5436421000135215520,Wide Net - May 2026
zcrm_5436421000135215533,Wide Net - May 2026
zcrm_5436421000135216663,Wide Net - May 2026
zcrm_5436421000135217133,Wide Net - May 2026
zcrm_5436421000135217566,Wide Net - May 2026
zcrm_5436421000135217946,Wide Net - May 2026
zcrm_5436421000135218083,Wide Net - May 2026
zcrm_5436421000135218450,Wide Net - May 2026
zcrm_5436421000135219019,Wide Net - May 2026
zcrm_5436421000135219558,Wide Net - May 2026
zcrm_5436421000135219569,Wide Net - May 2026
zcrm_5436421000135220464,Wide Net - May 2026
zcrm_5436421000135220585,Wide Net - May 2026
zcrm_5436421000135220660,Wide Net - May 2026
zcrm_5436421000135221136,Wide Net - May 2026
zcrm_5436421000135221137,Wide Net - May 2026
zcrm_5436421000135221584,Wide Net - May 2026
zcrm_5436421000135221651,Wide Net - May 2026
zcrm_5436421000135222101,Wide Net - May 2026
zcrm_5436421000135222113,Wide Net - May 2026
zcrm_5436421000135222164,Wide Net - May 2026
zcrm_5436421000135222952,Wide Net - May 2026
zcrm_5436421000135222986,Wide Net - May 2026
zcrm_5436421000135223485,Wide Net - May 2026
zcrm_5436421000135223491,Wide Net - May 2026
zcrm_5436421000135223508,Wide Net - May 2026
zcrm_5436421000135223533,Wide Net - May 2026
zcrm_5436421000135223617,Wide Net - May 2026
zcrm_5436421000135223642,Wide Net - May 2026
zcrm_5436421000135223982,Wide Net - May 2026
zcrm_5436421000135224004,Wide Net - May 2026
zcrm_5436421000135224123,Wide Net - May 2026
zcrm_5436421000135224529,Wide Net - May 2026
zcrm_5436421000135225118,Wide Net - May 2026
zcrm_5436421000135225470,Wide Net - May 2026
zcrm_5436421000135225631,Wide Net - May 2026
zcrm_5436421000135225675,Wide Net - May 2026
zcrm_5436421000135226040,Wide Net - May 2026
zcrm_5436421000135226051,Wide Net - May 2026
zcrm_5436421000135227537,Wide Net - May 2026
zcrm_5436421000135227615,Wide Net - May 2026
zcrm_5436421000135227639,Wide Net - May 2026
zcrm_5436421000135228100,Wide Net - May 2026
zcrm_5436421000135228119,Wide Net - May 2026
zcrm_5436421000135228662,Wide Net - May 2026
zcrm_5436421000135229101,Wide Net - May 2026
zcrm_5436421000135230669,Wide Net - May 2026
zcrm_5436421000135230990,Wide Net - May 2026
zcrm_5436421000135231035,Wide Net - May 2026
zcrm_5436421000135231059,Wide Net - May 2026
zcrm_5436421000135231584,Wide Net - May 2026
zcrm_5436421000135231982,Wide Net - May 2026
zcrm_5436421000135232571,Wide Net - May 2026
zcrm_5436421000135233579,Wide Net - May 2026
zcrm_5436421000135233675,Wide Net - May 2026
zcrm_5436421000135234970,Wide Net - May 2026
zcrm_5436421000135234984,Wide Net - May 2026
zcrm_5436421000135234985,Wide Net - May 2026
zcrm_5436421000135234991,Wide Net - May 2026
zcrm_5436421000135057962,Wide Net - May 2026
zcrm_5436421000135077220,Wide Net - May 2026
zcrm_5436421000135077428,Wide Net - May 2026
zcrm_5436421000135077769,Wide Net - May 2026
zcrm_5436421000135077797,Wide Net - May 2026
zcrm_5436421000135194321,Wide Net - May 2026
zcrm_5436421000135194809,Wide Net - May 2026
zcrm_5436421000135200047,Wide Net - May 2026
zcrm_5436421000135200103,Wide Net - May 2026
zcrm_5436421000135201031,Wide Net - May 2026
zcrm_5436421000135202078,Wide Net - May 2026
zcrm_5436421000135202151,Wide Net - May 2026
zcrm_5436421000135202486,Wide Net - May 2026
zcrm_5436421000135202530,Wide Net - May 2026
zcrm_5436421000135202654,Wide Net - May 2026
zcrm_5436421000135203006,Wide Net - May 2026
zcrm_5436421000135203120,Wide Net - May 2026
zcrm_5436421000135203500,Wide Net - May 2026
zcrm_5436421000135203511,Wide Net - May 2026
zcrm_5436421000135204121,Wide Net - May 2026
zcrm_5436421000135204144,Wide Net - May 2026
zcrm_5436421000135204478,Wide Net - May 2026
zcrm_5436421000135204603,Wide Net - May 2026
zcrm_5436421000135205077,Wide Net - May 2026
zcrm_5436421000135205506,Wide Net - May 2026
zcrm_5436421000135205553,Wide Net - May 2026
zcrm_5436421000135205571,Wide Net - May 2026
zcrm_5436421000135205677,Wide Net - May 2026
zcrm_5436421000135206127,Wide Net - May 2026
zcrm_5436421000135206173,Wide Net - May 2026
zcrm_5436421000135206547,Wide Net - May 2026
zcrm_5436421000135206977,Wide Net - May 2026
zcrm_5436421000135207479,Wide Net - May 2026
zcrm_5436421000135207553,Wide Net - May 2026
zcrm_5436421000135207685,Wide Net - May 2026
zcrm_5436421000135208047,Wide Net - May 2026
zcrm_5436421000135208151,Wide Net - May 2026
zcrm_5436421000135208487,Wide Net - May 2026
zcrm_5436421000135208589,Wide Net - May 2026
zcrm_5436421000135209486,Wide Net - May 2026
zcrm_5436421000135209565,Wide Net - May 2026
zcrm_5436421000135209973,Wide Net - May 2026
zcrm_5436421000135209979,Wide Net - May 2026
zcrm_5436421000135210440,Wide Net - May 2026
zcrm_5436421000135210546,Wide Net - May 2026
zcrm_5436421000135210957,Wide Net - May 2026
zcrm_5436421000135211059,Wide Net - May 2026
zcrm_5436421000135211165,Wide Net - May 2026
zcrm_5436421000135211470,Wide Net - May 2026
zcrm_5436421000135211492,Wide Net - May 2026
zcrm_5436421000135211516,Wide Net - May 2026
zcrm_5436421000135212023,Wide Net - May 2026
zcrm_5436421000135212560,Wide Net - May 2026
zcrm_5436421000135213070,Wide Net - May 2026
zcrm_5436421000135213102,Wide Net - May 2026
zcrm_5436421000135213146,Wide Net - May 2026
zcrm_5436421000135213165,Wide Net - May 2026
zcrm_5436421000135213681,Wide Net - May 2026
zcrm_5436421000135214134,Wide Net - May 2026
zcrm_5436421000135215115,Wide Net - May 2026
zcrm_5436421000135215511,Wide Net - May 2026
zcrm_5436421000135216169,Wide Net - May 2026
zcrm_5436421000135216504,Wide Net - May 2026
zcrm_5436421000135216577,Wide Net - May 2026
zcrm_5436421000135216588,Wide Net - May 2026
zcrm_5436421000135216948,Wide Net - May 2026
zcrm_5436421000135217081,Wide Net - May 2026
zcrm_5436421000135217466,Wide Net - May 2026
zcrm_5436421000135217677,Wide Net - May 2026
zcrm_5436421000135218034,Wide Net - May 2026
zcrm_5436421000135218640,Wide Net - May 2026
zcrm_5436421000135218641,Wide Net - May 2026
zcrm_5436421000135218651,Wide Net - May 2026
zcrm_5436421000135219039,Wide Net - May 2026
zcrm_5436421000135219055,Wide Net - May 2026
zcrm_5436421000135219466,Wide Net - May 2026
zcrm_5436421000135219517,Wide Net - May 2026
zcrm_5436421000135219551,Wide Net - May 2026
zcrm_5436421000135219631,Wide Net - May 2026
zcrm_5436421000135219634,Wide Net - May 2026
zcrm_5436421000135220135,Wide Net - May 2026
zcrm_5436421000135220444,Wide Net - May 2026
zcrm_5436421000135220661,Wide Net - May 2026
zcrm_5436421000135221175,Wide Net - May 2026
zcrm_5436421000135221568,Wide Net - May 2026
zcrm_5436421000135221585,Wide Net - May 2026
zcrm_5436421000135221603,Wide Net - May 2026
zcrm_5436421000135221629,Wide Net - May 2026
zcrm_5436421000135221948,Wide Net - May 2026
zcrm_5436421000135221965,Wide Net - May 2026
zcrm_5436421000135222084,Wide Net - May 2026
zcrm_5436421000135222589,Wide Net - May 2026
zcrm_5436421000135223148,Wide Net - May 2026
zcrm_5436421000135223447,Wide Net - May 2026
zcrm_5436421000135223454,Wide Net - May 2026
zcrm_5436421000135223606,Wide Net - May 2026
zcrm_5436421000135224008,Wide Net - May 2026
zcrm_5436421000135224053,Wide Net - May 2026
zcrm_5436421000135224440,Wide Net - May 2026
zcrm_5436421000135224611,Wide Net - May 2026
zcrm_5436421000135225460,Wide Net - May 2026
zcrm_5436421000135225614,Wide Net - May 2026
zcrm_5436421000135226096,Wide Net - May 2026
zcrm_5436421000135226113,Wide Net - May 2026
zcrm_5436421000135226638,Wide Net - May 2026
zcrm_5436421000135227019,Wide Net - May 2026
zcrm_5436421000135227102,Wide Net - May 2026
zcrm_5436421000135227113,Wide Net - May 2026
zcrm_5436421000135227660,Wide Net - May 2026
zcrm_5436421000135227968,Wide Net - May 2026
zcrm_5436421000135227977,Wide Net - May 2026
zcrm_5436421000135228038,Wide Net - May 2026
zcrm_5436421000135228076,Wide Net - May 2026
zcrm_5436421000135228165,Wide Net - May 2026
zcrm_5436421000135228620,Wide Net - May 2026
zcrm_5436421000135230060,Wide Net - May 2026
zcrm_5436421000135231608,Wide Net - May 2026
zcrm_5436421000135233165,Wide Net - May 2026
zcrm_5436421000135233169,Wide Net - May 2026
zcrm_5436421000135233471,Wide Net - May 2026
zcrm_5436421000135234673,Wide Net - May 2026
zcrm_5436421000135057963,Wide Net - May 2026
zcrm_5436421000135077234,Wide Net - May 2026
zcrm_5436421000135077297,Wide Net - May 2026
zcrm_5436421000135077818,Wide Net - May 2026
zcrm_5436421000135127285,Wide Net - May 2026
zcrm_5436421000135194389,Wide Net - May 2026
zcrm_5436421000135194460,Wide Net - May 2026
zcrm_5436421000135200035,Wide Net - May 2026
zcrm_5436421000135200470,Wide Net - May 2026
zcrm_5436421000135201173,Wide Net - May 2026
zcrm_5436421000135201473,Wide Net - May 2026
zcrm_5436421000135201541,Wide Net - May 2026
zcrm_5436421000135201965,Wide Net - May 2026
zcrm_5436421000135202084,Wide Net - May 2026
zcrm_5436421000135202548,Wide Net - May 2026
zcrm_5436421000135203015,Wide Net - May 2026
zcrm_5436421000135203604,Wide Net - May 2026
zcrm_5436421000135203965,Wide Net - May 2026
zcrm_5436421000135203990,Wide Net - May 2026
zcrm_5436421000135204002,Wide Net - May 2026
zcrm_5436421000135204063,Wide Net - May 2026
zcrm_5436421000135204084,Wide Net - May 2026
zcrm_5436421000135204594,Wide Net - May 2026
zcrm_5436421000135204654,Wide Net - May 2026
zcrm_5436421000135204955,Wide Net - May 2026
zcrm_5436421000135204989,Wide Net - May 2026
zcrm_5436421000135205071,Wide Net - May 2026
zcrm_5436421000135205092,Wide Net - May 2026
zcrm_5436421000135205102,Wide Net - May 2026
zcrm_5436421000135205139,Wide Net - May 2026
zcrm_5436421000135205495,Wide Net - May 2026
zcrm_5436421000135205499,Wide Net - May 2026
zcrm_5436421000135206123,Wide Net - May 2026
zcrm_5436421000135206155,Wide Net - May 2026
zcrm_5436421000135206505,Wide Net - May 2026
zcrm_5436421000135206602,Wide Net - May 2026
zcrm_5436421000135207001,Wide Net - May 2026
zcrm_5436421000135207010,Wide Net - May 2026
zcrm_5436421000135207055,Wide Net - May 2026
zcrm_5436421000135207094,Wide Net - May 2026
zcrm_5436421000135207499,Wide Net - May 2026
zcrm_5436421000135207595,Wide Net - May 2026
zcrm_5436421000135207970,Wide Net - May 2026
zcrm_5436421000135208057,Wide Net - May 2026
zcrm_5436421000135208131,Wide Net - May 2026
zcrm_5436421000135208505,Wide Net - May 2026
zcrm_5436421000135208614,Wide Net - May 2026
zcrm_5436421000135208630,Wide Net - May 2026
zcrm_5436421000135208668,Wide Net - May 2026
zcrm_5436421000135208969,Wide Net - May 2026
zcrm_5436421000135208971,Wide Net - May 2026
zcrm_5436421000135208987,Wide Net - May 2026
zcrm_5436421000135208999,Wide Net - May 2026
zcrm_5436421000135209541,Wide Net - May 2026
zcrm_5436421000135209685,Wide Net - May 2026
zcrm_5436421000135210500,Wide Net - May 2026
zcrm_5436421000135210537,Wide Net - May 2026
zcrm_5436421000135210585,Wide Net - May 2026
zcrm_5436421000135210677,Wide Net - May 2026
zcrm_5436421000135210967,Wide Net - May 2026
zcrm_5436421000135211594,Wide Net - May 2026
zcrm_5436421000135211966,Wide Net - May 2026
zcrm_5436421000135213069,Wide Net - May 2026
zcrm_5436421000135213126,Wide Net - May 2026
zcrm_5436421000135213502,Wide Net - May 2026
zcrm_5436421000135213524,Wide Net - May 2026
zcrm_5436421000135213992,Wide Net - May 2026
zcrm_5436421000135214081,Wide Net - May 2026
zcrm_5436421000135214184,Wide Net - May 2026
zcrm_5436421000135214661,Wide Net - May 2026
zcrm_5436421000135215141,Wide Net - May 2026
zcrm_5436421000135215442,Wide Net - May 2026
zcrm_5436421000135215483,Wide Net - May 2026
zcrm_5436421000135215590,Wide Net - May 2026
zcrm_5436421000135216167,Wide Net - May 2026
zcrm_5436421000135217014,Wide Net - May 2026
zcrm_5436421000135217099,Wide Net - May 2026
zcrm_5436421000135217130,Wide Net - May 2026
zcrm_5436421000135217476,Wide Net - May 2026
zcrm_5436421000135217479,Wide Net - May 2026
zcrm_5436421000135217563,Wide Net - May 2026
zcrm_5436421000135218004,Wide Net - May 2026
zcrm_5436421000135218094,Wide Net - May 2026
zcrm_5436421000135218127,Wide Net - May 2026
zcrm_5436421000135219172,Wide Net - May 2026
zcrm_5436421000135219600,Wide Net - May 2026
zcrm_5436421000135219980,Wide Net - May 2026
zcrm_5436421000135220023,Wide Net - May 2026
zcrm_5436421000135220106,Wide Net - May 2026
zcrm_5436421000135220519,Wide Net - May 2026
zcrm_5436421000135220570,Wide Net - May 2026
zcrm_5436421000135222065,Wide Net - May 2026
zcrm_5436421000135222183,Wide Net - May 2026
zcrm_5436421000135222469,Wide Net - May 2026
zcrm_5436421000135222522,Wide Net - May 2026
zcrm_5436421000135223636,Wide Net - May 2026
zcrm_5436421000135224084,Wide Net - May 2026
zcrm_5436421000135224465,Wide Net - May 2026
zcrm_5436421000135224945,Wide Net - May 2026
zcrm_5436421000135224947,Wide Net - May 2026
zcrm_5436421000135225009,Wide Net - May 2026
zcrm_5436421000135225480,Wide Net - May 2026
zcrm_5436421000135225498,Wide Net - May 2026
zcrm_5436421000135225953,Wide Net - May 2026
zcrm_5436421000135226109,Wide Net - May 2026
zcrm_5436421000135226622,Wide Net - May 2026
zcrm_5436421000135227454,Wide Net - May 2026
zcrm_5436421000135227495,Wide Net - May 2026
zcrm_5436421000135227961,Wide Net - May 2026
zcrm_5436421000135228168,Wide Net - May 2026
zcrm_5436421000135228456,Wide Net - May 2026
zcrm_5436421000135228532,Wide Net - May 2026
zcrm_5436421000135228994,Wide Net - May 2026
zcrm_5436421000135229066,Wide Net - May 2026
zcrm_5436421000135229501,Wide Net - May 2026
zcrm_5436421000135229571,Wide Net - May 2026
zcrm_5436421000135229949,Wide Net - May 2026
zcrm_5436421000135230058,Wide Net - May 2026
zcrm_5436421000135230119,Wide Net - May 2026
zcrm_5436421000135231060,Wide Net - May 2026
zcrm_5436421000135231132,Wide Net - May 2026
zcrm_5436421000135231470,Wide Net - May 2026
zcrm_5436421000135232020,Wide Net - May 2026
zcrm_5436421000135232543,Wide Net - May 2026
zcrm_5436421000135232605,Wide Net - May 2026
zcrm_5436421000135233514,Wide Net - May 2026
zcrm_5436421000135233956,Wide Net - May 2026
zcrm_5436421000135234055,Wide Net - May 2026
zcrm_5436421000135234122,Wide Net - May 2026
zcrm_5436421000135234995,Wide Net - May 2026
zcrm_5436421000135235132,Wide Net - May 2026
zcrm_5436421000135077221,Wide Net - May 2026
zcrm_5436421000135077294,Wide Net - May 2026
zcrm_5436421000135077384,Wide Net - May 2026
zcrm_5436421000135077444,Wide Net - May 2026
zcrm_5436421000135077825,Wide Net - May 2026
zcrm_5436421000135077876,Wide Net - May 2026
zcrm_5436421000135077877,Wide Net - May 2026
zcrm_5436421000135077890,Wide Net - May 2026
zcrm_5436421000135077892,Wide Net - May 2026
zcrm_5436421000135194722,Wide Net - May 2026
zcrm_5436421000135194725,Wide Net - May 2026
zcrm_5436421000135194730,Wide Net - May 2026
zcrm_5436421000135200134,Wide Net - May 2026
zcrm_5436421000135200148,Wide Net - May 2026
zcrm_5436421000135200672,Wide Net - May 2026
zcrm_5436421000135201584,Wide Net - May 2026
zcrm_5436421000135201591,Wide Net - May 2026
zcrm_5436421000135202028,Wide Net - May 2026
zcrm_5436421000135202610,Wide Net - May 2026
zcrm_5436421000135202980,Wide Net - May 2026
zcrm_5436421000135203041,Wide Net - May 2026
zcrm_5436421000135203126,Wide Net - May 2026
zcrm_5436421000135203957,Wide Net - May 2026
zcrm_5436421000135205018,Wide Net - May 2026
zcrm_5436421000135205093,Wide Net - May 2026
zcrm_5436421000135205526,Wide Net - May 2026
zcrm_5436421000135205548,Wide Net - May 2026
zcrm_5436421000135205995,Wide Net - May 2026
zcrm_5436421000135206578,Wide Net - May 2026
zcrm_5436421000135207146,Wide Net - May 2026
zcrm_5436421000135207599,Wide Net - May 2026
zcrm_5436421000135207650,Wide Net - May 2026
zcrm_5436421000135207657,Wide Net - May 2026
zcrm_5436421000135208089,Wide Net - May 2026
zcrm_5436421000135208438,Wide Net - May 2026
zcrm_5436421000135208462,Wide Net - May 2026
zcrm_5436421000135208577,Wide Net - May 2026
zcrm_5436421000135208666,Wide Net - May 2026
zcrm_5436421000135209520,Wide Net - May 2026
zcrm_5436421000135209667,Wide Net - May 2026
zcrm_5436421000135210031,Wide Net - May 2026
zcrm_5436421000135210059,Wide Net - May 2026
zcrm_5436421000135210084,Wide Net - May 2026
zcrm_5436421000135210552,Wide Net - May 2026
zcrm_5436421000135210617,Wide Net - May 2026
zcrm_5436421000135210676,Wide Net - May 2026
zcrm_5436421000135211005,Wide Net - May 2026
zcrm_5436421000135211170,Wide Net - May 2026
zcrm_5436421000135211647,Wide Net - May 2026
zcrm_5436421000135211682,Wide Net - May 2026
zcrm_5436421000135211940,Wide Net - May 2026
zcrm_5436421000135212049,Wide Net - May 2026
zcrm_5436421000135212570,Wide Net - May 2026
zcrm_5436421000135212636,Wide Net - May 2026
zcrm_5436421000135212655,Wide Net - May 2026
zcrm_5436421000135212667,Wide Net - May 2026
zcrm_5436421000135213023,Wide Net - May 2026
zcrm_5436421000135213680,Wide Net - May 2026
zcrm_5436421000135214045,Wide Net - May 2026
zcrm_5436421000135214177,Wide Net - May 2026
zcrm_5436421000135214182,Wide Net - May 2026
zcrm_5436421000135214475,Wide Net - May 2026
zcrm_5436421000135215481,Wide Net - May 2026
zcrm_5436421000135215516,Wide Net - May 2026
zcrm_5436421000135215599,Wide Net - May 2026
zcrm_5436421000135216029,Wide Net - May 2026
zcrm_5436421000135216137,Wide Net - May 2026
zcrm_5436421000135216144,Wide Net - May 2026
zcrm_5436421000135216455,Wide Net - May 2026
zcrm_5436421000135216475,Wide Net - May 2026
zcrm_5436421000135216529,Wide Net - May 2026
zcrm_5436421000135216532,Wide Net - May 2026
zcrm_5436421000135216552,Wide Net - May 2026
zcrm_5436421000135217614,Wide Net - May 2026
zcrm_5436421000135218036,Wide Net - May 2026
zcrm_5436421000135218560,Wide Net - May 2026
zcrm_5436421000135218571,Wide Net - May 2026
zcrm_5436421000135218583,Wide Net - May 2026
zcrm_5436421000135218613,Wide Net - May 2026
zcrm_5436421000135218639,Wide Net - May 2026
zcrm_5436421000135218642,Wide Net - May 2026
zcrm_5436421000135219059,Wide Net - May 2026
zcrm_5436421000135221079,Wide Net - May 2026
zcrm_5436421000135221119,Wide Net - May 2026
zcrm_5436421000135221442,Wide Net - May 2026
zcrm_5436421000135221674,Wide Net - May 2026
zcrm_5436421000135221939,Wide Net - May 2026
zcrm_5436421000135222092,Wide Net - May 2026
zcrm_5436421000135222440,Wide Net - May 2026
zcrm_5436421000135222607,Wide Net - May 2026
zcrm_5436421000135222615,Wide Net - May 2026
zcrm_5436421000135222994,Wide Net - May 2026
zcrm_5436421000135222995,Wide Net - May 2026
zcrm_5436421000135223050,Wide Net - May 2026
zcrm_5436421000135223085,Wide Net - May 2026
zcrm_5436421000135223161,Wide Net - May 2026
zcrm_5436421000135223563,Wide Net - May 2026
zcrm_5436421000135223574,Wide Net - May 2026
zcrm_5436421000135224486,Wide Net - May 2026
zcrm_5436421000135224670,Wide Net - May 2026
zcrm_5436421000135224679,Wide Net - May 2026
zcrm_5436421000135225055,Wide Net - May 2026
zcrm_5436421000135225057,Wide Net - May 2026
zcrm_5436421000135225536,Wide Net - May 2026
zcrm_5436421000135225610,Wide Net - May 2026
zcrm_5436421000135225943,Wide Net - May 2026
zcrm_5436421000135226104,Wide Net - May 2026
zcrm_5436421000135226607,Wide Net - May 2026
zcrm_5436421000135226990,Wide Net - May 2026
zcrm_5436421000135227009,Wide Net - May 2026
zcrm_5436421000135227062,Wide Net - May 2026
zcrm_5436421000135227069,Wide Net - May 2026
zcrm_5436421000135227157,Wide Net - May 2026
zcrm_5436421000135227440,Wide Net - May 2026
zcrm_5436421000135227447,Wide Net - May 2026
zcrm_5436421000135227467,Wide Net - May 2026
zcrm_5436421000135227524,Wide Net - May 2026
zcrm_5436421000135228009,Wide Net - May 2026
zcrm_5436421000135228678,Wide Net - May 2026
zcrm_5436421000135229130,Wide Net - May 2026
zcrm_5436421000135229457,Wide Net - May 2026
zcrm_5436421000135230015,Wide Net - May 2026
zcrm_5436421000135230553,Wide Net - May 2026
zcrm_5436421000135230601,Wide Net - May 2026
zcrm_5436421000135230607,Wide Net - May 2026
zcrm_5436421000135230680,Wide Net - May 2026
zcrm_5436421000135231457,Wide Net - May 2026
zcrm_5436421000135232505,Wide Net - May 2026
zcrm_5436421000135233469,Wide Net - May 2026
zcrm_5436421000135233611,Wide Net - May 2026
zcrm_5436421000135233970,Wide Net - May 2026
zcrm_5436421000135234128,Wide Net - May 2026
zcrm_5436421000135234145,Wide Net - May 2026
zcrm_5436421000135234480,Wide Net - May 2026
zcrm_5436421000135234521,Wide Net - May 2026
zcrm_5436421000135234571,Wide Net - May 2026
zcrm_5436421000135234611,Wide Net - May 2026
zcrm_5436421000135234667,Wide Net - May 2026
zcrm_5436421000135235134,Wide Net - May 2026
zcrm_5436421000135057994,Wide Net - May 2026
zcrm_5436421000135077302,Wide Net - May 2026
zcrm_5436421000135077392,Wide Net - May 2026
zcrm_5436421000135077773,Wide Net - May 2026
zcrm_5436421000135077936,Wide Net - May 2026
zcrm_5436421000135194224,Wide Net - May 2026
zcrm_5436421000135194324,Wide Net - May 2026
zcrm_5436421000135194825,Wide Net - May 2026
zcrm_5436421000135200001,Wide Net - May 2026
zcrm_5436421000135200009,Wide Net - May 2026
zcrm_5436421000135200104,Wide Net - May 2026
zcrm_5436421000135200114,Wide Net - May 2026
zcrm_5436421000135200653,Wide Net - May 2026
zcrm_5436421000135200687,Wide Net - May 2026
zcrm_5436421000135201119,Wide Net - May 2026
zcrm_5436421000135201176,Wide Net - May 2026
zcrm_5436421000135201551,Wide Net - May 2026
zcrm_5436421000135201563,Wide Net - May 2026
zcrm_5436421000135201571,Wide Net - May 2026
zcrm_5436421000135202521,Wide Net - May 2026
zcrm_5436421000135202545,Wide Net - May 2026
zcrm_5436421000135202587,Wide Net - May 2026
zcrm_5436421000135204124,Wide Net - May 2026
zcrm_5436421000135204464,Wide Net - May 2026
zcrm_5436421000135204631,Wide Net - May 2026
zcrm_5436421000135205455,Wide Net - May 2026
zcrm_5436421000135205522,Wide Net - May 2026
zcrm_5436421000135205595,Wide Net - May 2026
zcrm_5436421000135205610,Wide Net - May 2026
zcrm_5436421000135205612,Wide Net - May 2026
zcrm_5436421000135206114,Wide Net - May 2026
zcrm_5436421000135206163,Wide Net - May 2026
zcrm_5436421000135206167,Wide Net - May 2026
zcrm_5436421000135207025,Wide Net - May 2026
zcrm_5436421000135207047,Wide Net - May 2026
zcrm_5436421000135207061,Wide Net - May 2026
zcrm_5436421000135207085,Wide Net - May 2026
zcrm_5436421000135207541,Wide Net - May 2026
zcrm_5436421000135208129,Wide Net - May 2026
zcrm_5436421000135208481,Wide Net - May 2026
zcrm_5436421000135208491,Wide Net - May 2026
zcrm_5436421000135208675,Wide Net - May 2026
zcrm_5436421000135209021,Wide Net - May 2026
zcrm_5436421000135209031,Wide Net - May 2026
zcrm_5436421000135209041,Wide Net - May 2026
zcrm_5436421000135209187,Wide Net - May 2026
zcrm_5436421000135209439,Wide Net - May 2026
zcrm_5436421000135209612,Wide Net - May 2026
zcrm_5436421000135210032,Wide Net - May 2026
zcrm_5436421000135210086,Wide Net - May 2026
zcrm_5436421000135210514,Wide Net - May 2026
zcrm_5436421000135210602,Wide Net - May 2026
zcrm_5436421000135211673,Wide Net - May 2026
zcrm_5436421000135212000,Wide Net - May 2026
zcrm_5436421000135212008,Wide Net - May 2026
zcrm_5436421000135212067,Wide Net - May 2026
zcrm_5436421000135212506,Wide Net - May 2026
zcrm_5436421000135212686,Wide Net - May 2026
zcrm_5436421000135212993,Wide Net - May 2026
zcrm_5436421000135213000,Wide Net - May 2026
zcrm_5436421000135213062,Wide Net - May 2026
zcrm_5436421000135213552,Wide Net - May 2026
zcrm_5436421000135213620,Wide Net - May 2026
zcrm_5436421000135213660,Wide Net - May 2026
zcrm_5436421000135213971,Wide Net - May 2026
zcrm_5436421000135214062,Wide Net - May 2026
zcrm_5436421000135214066,Wide Net - May 2026
zcrm_5436421000135214950,Wide Net - May 2026
zcrm_5436421000135214972,Wide Net - May 2026
zcrm_5436421000135215082,Wide Net - May 2026
zcrm_5436421000135215108,Wide Net - May 2026
zcrm_5436421000135215464,Wide Net - May 2026
zcrm_5436421000135215658,Wide Net - May 2026
zcrm_5436421000135216086,Wide Net - May 2026
zcrm_5436421000135216508,Wide Net - May 2026
zcrm_5436421000135216548,Wide Net - May 2026
zcrm_5436421000135216635,Wide Net - May 2026
zcrm_5436421000135216979,Wide Net - May 2026
zcrm_5436421000135218679,Wide Net - May 2026
zcrm_5436421000135219116,Wide Net - May 2026
zcrm_5436421000135219988,Wide Net - May 2026
zcrm_5436421000135220095,Wide Net - May 2026
zcrm_5436421000135220492,Wide Net - May 2026
zcrm_5436421000135220679,Wide Net - May 2026
zcrm_5436421000135220962,Wide Net - May 2026
zcrm_5436421000135221041,Wide Net - May 2026
zcrm_5436421000135221064,Wide Net - May 2026
zcrm_5436421000135221133,Wide Net - May 2026
zcrm_5436421000135221146,Wide Net - May 2026
zcrm_5436421000135221537,Wide Net - May 2026
zcrm_5436421000135221622,Wide Net - May 2026
zcrm_5436421000135221633,Wide Net - May 2026
zcrm_5436421000135221645,Wide Net - May 2026
zcrm_5436421000135221942,Wide Net - May 2026
zcrm_5436421000135222014,Wide Net - May 2026
zcrm_5436421000135222483,Wide Net - May 2026
zcrm_5436421000135222546,Wide Net - May 2026
zcrm_5436421000135222964,Wide Net - May 2026
zcrm_5436421000135222988,Wide Net - May 2026
zcrm_5436421000135223125,Wide Net - May 2026
zcrm_5436421000135223186,Wide Net - May 2026
zcrm_5436421000135223462,Wide Net - May 2026
zcrm_5436421000135223547,Wide Net - May 2026
zcrm_5436421000135223647,Wide Net - May 2026
zcrm_5436421000135223973,Wide Net - May 2026
zcrm_5436421000135224030,Wide Net - May 2026
zcrm_5436421000135224038,Wide Net - May 2026
zcrm_5436421000135224168,Wide Net - May 2026
zcrm_5436421000135224173,Wide Net - May 2026
zcrm_5436421000135224485,Wide Net - May 2026
zcrm_5436421000135224489,Wide Net - May 2026
zcrm_5436421000135225168,Wide Net - May 2026
zcrm_5436421000135225535,Wide Net - May 2026
zcrm_5436421000135225658,Wide Net - May 2026
zcrm_5436421000135225960,Wide Net - May 2026
zcrm_5436421000135226033,Wide Net - May 2026
zcrm_5436421000135226108,Wide Net - May 2026
zcrm_5436421000135226463,Wide Net - May 2026
zcrm_5436421000135226481,Wide Net - May 2026
zcrm_5436421000135226494,Wide Net - May 2026
zcrm_5436421000135226588,Wide Net - May 2026
zcrm_5436421000135226642,Wide Net - May 2026
zcrm_5436421000135227074,Wide Net - May 2026
zcrm_5436421000135227114,Wide Net - May 2026
zcrm_5436421000135227154,Wide Net - May 2026
zcrm_5436421000135227500,Wide Net - May 2026
zcrm_5436421000135227954,Wide Net - May 2026
zcrm_5436421000135227983,Wide Net - May 2026
zcrm_5436421000135227995,Wide Net - May 2026
zcrm_5436421000135228001,Wide Net - May 2026
zcrm_5436421000135228520,Wide Net - May 2026
zcrm_5436421000135229053,Wide Net - May 2026
zcrm_5436421000135229091,Wide Net - May 2026
zcrm_5436421000135229564,Wide Net - May 2026
zcrm_5436421000135229677,Wide Net - May 2026
zcrm_5436421000135230056,Wide Net - May 2026
zcrm_5436421000135230087,Wide Net - May 2026
zcrm_5436421000135230112,Wide Net - May 2026
zcrm_5436421000135230465,Wide Net - May 2026
zcrm_5436421000135230508,Wide Net - May 2026
zcrm_5436421000135230589,Wide Net - May 2026
zcrm_5436421000135231064,Wide Net - May 2026
zcrm_5436421000135231072,Wide Net - May 2026
zcrm_5436421000135231174,Wide Net - May 2026
zcrm_5436421000135231496,Wide Net - May 2026
zcrm_5436421000135231547,Wide Net - May 2026
zcrm_5436421000135231605,Wide Net - May 2026
zcrm_5436421000135232001,Wide Net - May 2026
zcrm_5436421000135232061,Wide Net - May 2026
zcrm_5436421000135232090,Wide Net - May 2026
zcrm_5436421000135232133,Wide Net - May 2026
zcrm_5436421000135232459,Wide Net - May 2026
zcrm_5436421000135232517,Wide Net - May 2026
zcrm_5436421000135232594,Wide Net - May 2026
zcrm_5436421000135232640,Wide Net - May 2026
zcrm_5436421000135232671,Wide Net - May 2026
zcrm_5436421000135232946,Wide Net - May 2026
zcrm_5436421000135233177,Wide Net - May 2026
zcrm_5436421000135233521,Wide Net - May 2026
zcrm_5436421000135233592,Wide Net - May 2026
zcrm_5436421000135235131,Wide Net - May 2026
zcrm_5436421000135077247,Wide Net - May 2026
zcrm_5436421000135077445,Wide Net - May 2026
zcrm_5436421000135077911,Wide Net - May 2026
zcrm_5436421000135077927,Wide Net - May 2026
zcrm_5436421000135194259,Wide Net - May 2026
zcrm_5436421000135194419,Wide Net - May 2026
zcrm_5436421000135194740,Wide Net - May 2026
zcrm_5436421000135194788,Wide Net - May 2026
zcrm_5436421000135200063,Wide Net - May 2026
zcrm_5436421000135200652,Wide Net - May 2026
zcrm_5436421000135200670,Wide Net - May 2026
zcrm_5436421000135200958,Wide Net - May 2026
zcrm_5436421000135201634,Wide Net - May 2026
zcrm_5436421000135201658,Wide Net - May 2026
zcrm_5436421000135202547,Wide Net - May 2026
zcrm_5436421000135202611,Wide Net - May 2026
zcrm_5436421000135203034,Wide Net - May 2026
zcrm_5436421000135203591,Wide Net - May 2026
zcrm_5436421000135203953,Wide Net - May 2026
zcrm_5436421000135203971,Wide Net - May 2026
zcrm_5436421000135203986,Wide Net - May 2026
zcrm_5436421000135204958,Wide Net - May 2026
zcrm_5436421000135204976,Wide Net - May 2026
zcrm_5436421000135205177,Wide Net - May 2026
zcrm_5436421000135205620,Wide Net - May 2026
zcrm_5436421000135206684,Wide Net - May 2026
zcrm_5436421000135207543,Wide Net - May 2026
zcrm_5436421000135207605,Wide Net - May 2026
zcrm_5436421000135208107,Wide Net - May 2026
zcrm_5436421000135208113,Wide Net - May 2026
zcrm_5436421000135208538,Wide Net - May 2026
zcrm_5436421000135208590,Wide Net - May 2026
zcrm_5436421000135209050,Wide Net - May 2026
zcrm_5436421000135209529,Wide Net - May 2026
zcrm_5436421000135209998,Wide Net - May 2026
zcrm_5436421000135210635,Wide Net - May 2026
zcrm_5436421000135210637,Wide Net - May 2026
zcrm_5436421000135210975,Wide Net - May 2026
zcrm_5436421000135211034,Wide Net - May 2026
zcrm_5436421000135211105,Wide Net - May 2026
zcrm_5436421000135211185,Wide Net - May 2026
zcrm_5436421000135212156,Wide Net - May 2026
zcrm_5436421000135212621,Wide Net - May 2026
zcrm_5436421000135212668,Wide Net - May 2026
zcrm_5436421000135212974,Wide Net - May 2026
zcrm_5436421000135213527,Wide Net - May 2026
zcrm_5436421000135213584,Wide Net - May 2026
zcrm_5436421000135214580,Wide Net - May 2026
zcrm_5436421000135215473,Wide Net - May 2026
zcrm_5436421000135215567,Wide Net - May 2026
zcrm_5436421000135215660,Wide Net - May 2026
zcrm_5436421000135216155,Wide Net - May 2026
zcrm_5436421000135216157,Wide Net - May 2026
zcrm_5436421000135216645,Wide Net - May 2026
zcrm_5436421000135216992,Wide Net - May 2026
zcrm_5436421000135217000,Wide Net - May 2026
zcrm_5436421000135217042,Wide Net - May 2026
zcrm_5436421000135217043,Wide Net - May 2026
zcrm_5436421000135217058,Wide Net - May 2026
zcrm_5436421000135217109,Wide Net - May 2026
zcrm_5436421000135217494,Wide Net - May 2026
zcrm_5436421000135217587,Wide Net - May 2026
zcrm_5436421000135218006,Wide Net - May 2026
zcrm_5436421000135218041,Wide Net - May 2026
zcrm_5436421000135218526,Wide Net - May 2026
zcrm_5436421000135218644,Wide Net - May 2026
zcrm_5436421000135218670,Wide Net - May 2026
zcrm_5436421000135218971,Wide Net - May 2026
zcrm_5436421000135218997,Wide Net - May 2026
zcrm_5436421000135219040,Wide Net - May 2026
zcrm_5436421000135219099,Wide Net - May 2026
zcrm_5436421000135219136,Wide Net - May 2026
zcrm_5436421000135220018,Wide Net - May 2026
zcrm_5436421000135220063,Wide Net - May 2026
zcrm_5436421000135220131,Wide Net - May 2026
zcrm_5436421000135220449,Wide Net - May 2026
zcrm_5436421000135220450,Wide Net - May 2026
zcrm_5436421000135221070,Wide Net - May 2026
zcrm_5436421000135221170,Wide Net - May 2026
zcrm_5436421000135221495,Wide Net - May 2026
zcrm_5436421000135221547,Wide Net - May 2026
zcrm_5436421000135221613,Wide Net - May 2026
zcrm_5436421000135221630,Wide Net - May 2026
zcrm_5436421000135222144,Wide Net - May 2026
zcrm_5436421000135222473,Wide Net - May 2026
zcrm_5436421000135222983,Wide Net - May 2026
zcrm_5436421000135223175,Wide Net - May 2026
zcrm_5436421000135223448,Wide Net - May 2026
zcrm_5436421000135223988,Wide Net - May 2026
zcrm_5436421000135224448,Wide Net - May 2026
zcrm_5436421000135224680,Wide Net - May 2026
zcrm_5436421000135225007,Wide Net - May 2026
zcrm_5436421000135225452,Wide Net - May 2026
zcrm_5436421000135225527,Wide Net - May 2026
zcrm_5436421000135225531,Wide Net - May 2026
zcrm_5436421000135225568,Wide Net - May 2026
zcrm_5436421000135225641,Wide Net - May 2026
zcrm_5436421000135225992,Wide Net - May 2026
zcrm_5436421000135226153,Wide Net - May 2026
zcrm_5436421000135226572,Wide Net - May 2026
zcrm_5436421000135227477,Wide Net - May 2026
zcrm_5436421000135227542,Wide Net - May 2026
zcrm_5436421000135228096,Wide Net - May 2026
zcrm_5436421000135229154,Wide Net - May 2026
zcrm_5436421000135229536,Wide Net - May 2026
zcrm_5436421000135229598,Wide Net - May 2026
zcrm_5436421000135229631,Wide Net - May 2026
zcrm_5436421000135230072,Wide Net - May 2026
zcrm_5436421000135230095,Wide Net - May 2026
zcrm_5436421000135230501,Wide Net - May 2026
zcrm_5436421000135231142,Wide Net - May 2026
zcrm_5436421000135231675,Wide Net - May 2026
zcrm_5436421000135232063,Wide Net - May 2026
zcrm_5436421000135232179,Wide Net - May 2026
zcrm_5436421000135233451,Wide Net - May 2026
zcrm_5436421000135233620,Wide Net - May 2026
zcrm_5436421000135233667,Wide Net - May 2026
zcrm_5436421000135234037,Wide Net - May 2026
zcrm_5436421000135234045,Wide Net - May 2026
zcrm_5436421000135077293,Wide Net - May 2026
zcrm_5436421000135077325,Wide Net - May 2026
zcrm_5436421000135077430,Wide Net - May 2026
zcrm_5436421000135077716,Wide Net - May 2026
zcrm_5436421000135077757,Wide Net - May 2026
zcrm_5436421000135127216,Wide Net - May 2026
zcrm_5436421000135194285,Wide Net - May 2026
zcrm_5436421000135194286,Wide Net - May 2026
zcrm_5436421000135200646,Wide Net - May 2026
zcrm_5436421000135201135,Wide Net - May 2026
zcrm_5436421000135201184,Wide Net - May 2026
zcrm_5436421000135201649,Wide Net - May 2026
zcrm_5436421000135202007,Wide Net - May 2026
zcrm_5436421000135202041,Wide Net - May 2026
zcrm_5436421000135202175,Wide Net - May 2026
zcrm_5436421000135202537,Wide Net - May 2026
zcrm_5436421000135202950,Wide Net - May 2026
zcrm_5436421000135203045,Wide Net - May 2026
zcrm_5436421000135203046,Wide Net - May 2026
zcrm_5436421000135204093,Wide Net - May 2026
zcrm_5436421000135204118,Wide Net - May 2026
zcrm_5436421000135204601,Wide Net - May 2026
zcrm_5436421000135205465,Wide Net - May 2026
zcrm_5436421000135206096,Wide Net - May 2026
zcrm_5436421000135206524,Wide Net - May 2026
zcrm_5436421000135206536,Wide Net - May 2026
zcrm_5436421000135207141,Wide Net - May 2026
zcrm_5436421000135207144,Wide Net - May 2026
zcrm_5436421000135207953,Wide Net - May 2026
zcrm_5436421000135208618,Wide Net - May 2026
zcrm_5436421000135209014,Wide Net - May 2026
zcrm_5436421000135209105,Wide Net - May 2026
zcrm_5436421000135209184,Wide Net - May 2026
zcrm_5436421000135210003,Wide Net - May 2026
zcrm_5436421000135210454,Wide Net - May 2026
zcrm_5436421000135210467,Wide Net - May 2026
zcrm_5436421000135210620,Wide Net - May 2026
zcrm_5436421000135210662,Wide Net - May 2026
zcrm_5436421000135211050,Wide Net - May 2026
zcrm_5436421000135211092,Wide Net - May 2026
zcrm_5436421000135211139,Wide Net - May 2026
zcrm_5436421000135212003,Wide Net - May 2026
zcrm_5436421000135212152,Wide Net - May 2026
zcrm_5436421000135212619,Wide Net - May 2026
zcrm_5436421000135212632,Wide Net - May 2026
zcrm_5436421000135212634,Wide Net - May 2026
zcrm_5436421000135213643,Wide Net - May 2026
zcrm_5436421000135214445,Wide Net - May 2026
zcrm_5436421000135214529,Wide Net - May 2026
zcrm_5436421000135215151,Wide Net - May 2026
zcrm_5436421000135215154,Wide Net - May 2026
zcrm_5436421000135216141,Wide Net - May 2026
zcrm_5436421000135216641,Wide Net - May 2026
zcrm_5436421000135216653,Wide Net - May 2026
zcrm_5436421000135216662,Wide Net - May 2026
zcrm_5436421000135216672,Wide Net - May 2026
zcrm_5436421000135216946,Wide Net - May 2026
zcrm_5436421000135216973,Wide Net - May 2026
zcrm_5436421000135217439,Wide Net - May 2026
zcrm_5436421000135218024,Wide Net - May 2026
zcrm_5436421000135218475,Wide Net - May 2026
zcrm_5436421000135218965,Wide Net - May 2026
zcrm_5436421000135218990,Wide Net - May 2026
zcrm_5436421000135219027,Wide Net - May 2026
zcrm_5436421000135219115,Wide Net - May 2026
zcrm_5436421000135219126,Wide Net - May 2026
zcrm_5436421000135219566,Wide Net - May 2026
zcrm_5436421000135219659,Wide Net - May 2026
zcrm_5436421000135220448,Wide Net - May 2026
zcrm_5436421000135220592,Wide Net - May 2026
zcrm_5436421000135221452,Wide Net - May 2026
zcrm_5436421000135221566,Wide Net - May 2026
zcrm_5436421000135221987,Wide Net - May 2026
zcrm_5436421000135222110,Wide Net - May 2026
zcrm_5436421000135222568,Wide Net - May 2026
zcrm_5436421000135222671,Wide Net - May 2026
zcrm_5436421000135223065,Wide Net - May 2026
zcrm_5436421000135223140,Wide Net - May 2026
zcrm_5436421000135223162,Wide Net - May 2026
zcrm_5436421000135223672,Wide Net - May 2026
zcrm_5436421000135225066,Wide Net - May 2026
zcrm_5436421000135225674,Wide Net - May 2026
zcrm_5436421000135225967,Wide Net - May 2026
zcrm_5436421000135226129,Wide Net - May 2026
zcrm_5436421000135226142,Wide Net - May 2026
zcrm_5436421000135226612,Wide Net - May 2026
zcrm_5436421000135227446,Wide Net - May 2026
zcrm_5436421000135227945,Wide Net - May 2026
zcrm_5436421000135228563,Wide Net - May 2026
zcrm_5436421000135228631,Wide Net - May 2026
zcrm_5436421000135229020,Wide Net - May 2026
zcrm_5436421000135229120,Wide Net - May 2026
zcrm_5436421000135229125,Wide Net - May 2026
zcrm_5436421000135230446,Wide Net - May 2026
zcrm_5436421000135230558,Wide Net - May 2026
zcrm_5436421000135230632,Wide Net - May 2026
zcrm_5436421000135231123,Wide Net - May 2026
zcrm_5436421000135231438,Wide Net - May 2026
zcrm_5436421000135231465,Wide Net - May 2026
zcrm_5436421000135231546,Wide Net - May 2026
zcrm_5436421000135231562,Wide Net - May 2026
zcrm_5436421000135232563,Wide Net - May 2026
zcrm_5436421000135233105,Wide Net - May 2026
zcrm_5436421000135234058,Wide Net - May 2026
zcrm_5436421000135234155,Wide Net - May 2026
zcrm_5436421000135234952,Wide Net - May 2026
zcrm_5436421000135235037,Wide Net - May 2026
zcrm_5436421000135235049,Wide Net - May 2026
zcrm_5436421000135077397,Wide Net - May 2026
zcrm_5436421000135077398,Wide Net - May 2026
zcrm_5436421000135127193,Wide Net - May 2026
zcrm_5436421000135127254,Wide Net - May 2026
zcrm_5436421000135194322,Wide Net - May 2026
zcrm_5436421000135194329,Wide Net - May 2026
zcrm_5436421000135194436,Wide Net - May 2026
zcrm_5436421000135200583,Wide Net - May 2026
zcrm_5436421000135200686,Wide Net - May 2026
zcrm_5436421000135201037,Wide Net - May 2026
zcrm_5436421000135201137,Wide Net - May 2026
zcrm_5436421000135201449,Wide Net - May 2026
zcrm_5436421000135201478,Wide Net - May 2026
zcrm_5436421000135201568,Wide Net - May 2026
zcrm_5436421000135201636,Wide Net - May 2026
zcrm_5436421000135201648,Wide Net - May 2026
zcrm_5436421000135202029,Wide Net - May 2026
zcrm_5436421000135202085,Wide Net - May 2026
zcrm_5436421000135202104,Wide Net - May 2026
zcrm_5436421000135202128,Wide Net - May 2026
zcrm_5436421000135202511,Wide Net - May 2026
zcrm_5436421000135202669,Wide Net - May 2026
zcrm_5436421000135202944,Wide Net - May 2026
zcrm_5436421000135203000,Wide Net - May 2026
zcrm_5436421000135203002,Wide Net - May 2026
zcrm_5436421000135203462,Wide Net - May 2026
zcrm_5436421000135203593,Wide Net - May 2026
zcrm_5436421000135204067,Wide Net - May 2026
zcrm_5436421000135204166,Wide Net - May 2026
zcrm_5436421000135204530,Wide Net - May 2026
zcrm_5436421000135204544,Wide Net - May 2026
zcrm_5436421000135204653,Wide Net - May 2026
zcrm_5436421000135205118,Wide Net - May 2026
zcrm_5436421000135205125,Wide Net - May 2026
zcrm_5436421000135205463,Wide Net - May 2026
zcrm_5436421000135205545,Wide Net - May 2026
zcrm_5436421000135205606,Wide Net - May 2026
zcrm_5436421000135205609,Wide Net - May 2026
zcrm_5436421000135206177,Wide Net - May 2026
zcrm_5436421000135206614,Wide Net - May 2026
zcrm_5436421000135206638,Wide Net - May 2026
zcrm_5436421000135206647,Wide Net - May 2026
zcrm_5436421000135207038,Wide Net - May 2026
zcrm_5436421000135207990,Wide Net - May 2026
zcrm_5436421000135207992,Wide Net - May 2026
zcrm_5436421000135208056,Wide Net - May 2026
zcrm_5436421000135208073,Wide Net - May 2026
zcrm_5436421000135208153,Wide Net - May 2026
zcrm_5436421000135208518,Wide Net - May 2026
zcrm_5436421000135208625,Wide Net - May 2026
zcrm_5436421000135208661,Wide Net - May 2026
zcrm_5436421000135208684,Wide Net - May 2026
zcrm_5436421000135209097,Wide Net - May 2026
zcrm_5436421000135209544,Wide Net - May 2026
zcrm_5436421000135209566,Wide Net - May 2026
zcrm_5436421000135210052,Wide Net - May 2026
zcrm_5436421000135210443,Wide Net - May 2026
zcrm_5436421000135210984,Wide Net - May 2026
zcrm_5436421000135211177,Wide Net - May 2026
zcrm_5436421000135211612,Wide Net - May 2026
zcrm_5436421000135212046,Wide Net - May 2026
zcrm_5436421000135212682,Wide Net - May 2026
zcrm_5436421000135213464,Wide Net - May 2026
zcrm_5436421000135213659,Wide Net - May 2026
zcrm_5436421000135213963,Wide Net - May 2026
zcrm_5436421000135213964,Wide Net - May 2026
zcrm_5436421000135214011,Wide Net - May 2026
zcrm_5436421000135214142,Wide Net - May 2026
zcrm_5436421000135214544,Wide Net - May 2026
zcrm_5436421000135214582,Wide Net - May 2026
zcrm_5436421000135214618,Wide Net - May 2026
zcrm_5436421000135215074,Wide Net - May 2026
zcrm_5436421000135215583,Wide Net - May 2026
zcrm_5436421000135215663,Wide Net - May 2026
zcrm_5436421000135215684,Wide Net - May 2026
zcrm_5436421000135216055,Wide Net - May 2026
zcrm_5436421000135057973,Wide Net - May 2026
zcrm_5436421000135077330,Wide Net - May 2026
zcrm_5436421000135077405,Wide Net - May 2026
zcrm_5436421000135077415,Wide Net - May 2026
zcrm_5436421000135077759,Wide Net - May 2026
zcrm_5436421000135077863,Wide Net - May 2026
zcrm_5436421000135194336,Wide Net - May 2026
zcrm_5436421000135194449,Wide Net - May 2026
zcrm_5436421000135200023,Wide Net - May 2026
zcrm_5436421000135200636,Wide Net - May 2026
zcrm_5436421000135200661,Wide Net - May 2026
zcrm_5436421000135200685,Wide Net - May 2026
zcrm_5436421000135201116,Wide Net - May 2026
zcrm_5436421000135201129,Wide Net - May 2026
zcrm_5436421000135201566,Wide Net - May 2026
zcrm_5436421000135201573,Wide Net - May 2026
zcrm_5436421000135201611,Wide Net - May 2026
zcrm_5436421000135201950,Wide Net - May 2026
zcrm_5436421000135202037,Wide Net - May 2026
zcrm_5436421000135202536,Wide Net - May 2026
zcrm_5436421000135202960,Wide Net - May 2026
zcrm_5436421000135203052,Wide Net - May 2026
zcrm_5436421000135203115,Wide Net - May 2026
zcrm_5436421000135203128,Wide Net - May 2026
zcrm_5436421000135203150,Wide Net - May 2026
zcrm_5436421000135203160,Wide Net - May 2026
zcrm_5436421000135203163,Wide Net - May 2026
zcrm_5436421000135203180,Wide Net - May 2026
zcrm_5436421000135203456,Wide Net - May 2026
zcrm_5436421000135203485,Wide Net - May 2026
zcrm_5436421000135203522,Wide Net - May 2026
zcrm_5436421000135203525,Wide Net - May 2026
zcrm_5436421000135203638,Wide Net - May 2026
zcrm_5436421000135203653,Wide Net - May 2026
zcrm_5436421000135204049,Wide Net - May 2026
zcrm_5436421000135204104,Wide Net - May 2026
zcrm_5436421000135204608,Wide Net - May 2026
zcrm_5436421000135204620,Wide Net - May 2026
zcrm_5436421000135205101,Wide Net - May 2026
zcrm_5436421000135205521,Wide Net - May 2026
zcrm_5436421000135205528,Wide Net - May 2026
zcrm_5436421000135205559,Wide Net - May 2026
zcrm_5436421000135205632,Wide Net - May 2026
zcrm_5436421000135205665,Wide Net - May 2026
zcrm_5436421000135205983,Wide Net - May 2026
zcrm_5436421000135206160,Wide Net - May 2026
zcrm_5436421000135206184,Wide Net - May 2026
zcrm_5436421000135206622,Wide Net - May 2026
zcrm_5436421000135206646,Wide Net - May 2026
zcrm_5436421000135207449,Wide Net - May 2026
zcrm_5436421000135207450,Wide Net - May 2026
zcrm_5436421000135207570,Wide Net - May 2026
zcrm_5436421000135208537,Wide Net - May 2026
zcrm_5436421000135208582,Wide Net - May 2026
zcrm_5436421000135208636,Wide Net - May 2026
zcrm_5436421000135210026,Wide Net - May 2026
zcrm_5436421000135210054,Wide Net - May 2026
zcrm_5436421000135210510,Wide Net - May 2026
zcrm_5436421000135211015,Wide Net - May 2026
zcrm_5436421000135211035,Wide Net - May 2026
zcrm_5436421000135211144,Wide Net - May 2026
zcrm_5436421000135211474,Wide Net - May 2026
zcrm_5436421000135211512,Wide Net - May 2026
zcrm_5436421000135211539,Wide Net - May 2026
zcrm_5436421000135212546,Wide Net - May 2026
zcrm_5436421000135212660,Wide Net - May 2026
zcrm_5436421000135213470,Wide Net - May 2026
zcrm_5436421000135213646,Wide Net - May 2026
zcrm_5436421000135214136,Wide Net - May 2026
zcrm_5436421000135214179,Wide Net - May 2026
zcrm_5436421000135214443,Wide Net - May 2026
zcrm_5436421000135214483,Wide Net - May 2026
zcrm_5436421000135214989,Wide Net - May 2026
zcrm_5436421000135215043,Wide Net - May 2026
zcrm_5436421000135215047,Wide Net - May 2026
zcrm_5436421000135215155,Wide Net - May 2026
zcrm_5436421000135215525,Wide Net - May 2026
zcrm_5436421000135215531,Wide Net - May 2026
zcrm_5436421000135215624,Wide Net - May 2026
zcrm_5436421000135216483,Wide Net - May 2026
zcrm_5436421000135216953,Wide Net - May 2026
zcrm_5436421000135216958,Wide Net - May 2026
zcrm_5436421000135217459,Wide Net - May 2026
zcrm_5436421000135218125,Wide Net - May 2026
zcrm_5436421000135218578,Wide Net - May 2026
zcrm_5436421000135219461,Wide Net - May 2026
zcrm_5436421000135219602,Wide Net - May 2026
zcrm_5436421000135220533,Wide Net - May 2026
zcrm_5436421000135220665,Wide Net - May 2026
zcrm_5436421000135221524,Wide Net - May 2026
zcrm_5436421000135222462,Wide Net - May 2026
zcrm_5436421000135222591,Wide Net - May 2026
zcrm_5436421000135223040,Wide Net - May 2026
zcrm_5436421000135223507,Wide Net - May 2026
zcrm_5436421000135223535,Wide Net - May 2026
zcrm_5436421000135224060,Wide Net - May 2026
zcrm_5436421000135224516,Wide Net - May 2026
zcrm_5436421000135225072,Wide Net - May 2026
zcrm_5436421000135225158,Wide Net - May 2026
zcrm_5436421000135225571,Wide Net - May 2026
zcrm_5436421000135225946,Wide Net - May 2026
zcrm_5436421000135225948,Wide Net - May 2026
zcrm_5436421000135226077,Wide Net - May 2026
zcrm_5436421000135226117,Wide Net - May 2026
zcrm_5436421000135226943,Wide Net - May 2026
zcrm_5436421000135227047,Wide Net - May 2026
zcrm_5436421000135227664,Wide Net - May 2026
zcrm_5436421000135227989,Wide Net - May 2026
zcrm_5436421000135228127,Wide Net - May 2026
zcrm_5436421000135228136,Wide Net - May 2026
zcrm_5436421000135229169,Wide Net - May 2026
zcrm_5436421000135229521,Wide Net - May 2026
zcrm_5436421000135229528,Wide Net - May 2026
zcrm_5436421000135229569,Wide Net - May 2026
zcrm_5436421000135229621,Wide Net - May 2026
zcrm_5436421000135229628,Wide Net - May 2026
zcrm_5436421000135230010,Wide Net - May 2026
zcrm_5436421000135230019,Wide Net - May 2026
zcrm_5436421000135230618,Wide Net - May 2026
zcrm_5436421000135230622,Wide Net - May 2026
zcrm_5436421000135230638,Wide Net - May 2026
zcrm_5436421000135230949,Wide Net - May 2026
zcrm_5436421000135230979,Wide Net - May 2026
zcrm_5436421000135231586,Wide Net - May 2026
zcrm_5436421000135231588,Wide Net - May 2026
zcrm_5436421000135231647,Wide Net - May 2026
zcrm_5436421000135232462,Wide Net - May 2026
zcrm_5436421000135232590,Wide Net - May 2026
zcrm_5436421000135233124,Wide Net - May 2026
zcrm_5436421000135233179,Wide Net - May 2026
zcrm_5436421000135233683,Wide Net - May 2026
zcrm_5436421000135234099,Wide Net - May 2026
zcrm_5436421000135234456,Wide Net - May 2026
zcrm_5436421000135234468,Wide Net - May 2026
zcrm_5436421000135234498,Wide Net - May 2026
zcrm_5436421000135234519,Wide Net - May 2026
zcrm_5436421000135234558,Wide Net - May 2026
zcrm_5436421000135234623,Wide Net - May 2026
zcrm_5436421000135077233,Wide Net - May 2026
zcrm_5436421000135077418,Wide Net - May 2026
zcrm_5436421000135127192,Wide Net - May 2026
zcrm_5436421000135194806,Wide Net - May 2026
zcrm_5436421000135194820,Wide Net - May 2026
zcrm_5436421000135200484,Wide Net - May 2026
zcrm_5436421000135200627,Wide Net - May 2026
zcrm_5436421000135201643,Wide Net - May 2026
zcrm_5436421000135201667,Wide Net - May 2026
zcrm_5436421000135201944,Wide Net - May 2026
zcrm_5436421000135202975,Wide Net - May 2026
zcrm_5436421000135203090,Wide Net - May 2026
zcrm_5436421000135203575,Wide Net - May 2026
zcrm_5436421000135203942,Wide Net - May 2026
zcrm_5436421000135205178,Wide Net - May 2026
zcrm_5436421000135205509,Wide Net - May 2026
zcrm_5436421000135206006,Wide Net - May 2026
zcrm_5436421000135206055,Wide Net - May 2026
zcrm_5436421000135206529,Wide Net - May 2026
zcrm_5436421000135206976,Wide Net - May 2026
zcrm_5436421000135207513,Wide Net - May 2026
zcrm_5436421000135207588,Wide Net - May 2026
zcrm_5436421000135208580,Wide Net - May 2026
zcrm_5436421000135209148,Wide Net - May 2026
zcrm_5436421000135209490,Wide Net - May 2026
zcrm_5436421000135209671,Wide Net - May 2026
zcrm_5436421000135210152,Wide Net - May 2026
zcrm_5436421000135210156,Wide Net - May 2026
zcrm_5436421000135210176,Wide Net - May 2026
zcrm_5436421000135210478,Wide Net - May 2026
zcrm_5436421000135210540,Wide Net - May 2026
zcrm_5436421000135210562,Wide Net - May 2026
zcrm_5436421000135210659,Wide Net - May 2026
zcrm_5436421000135211076,Wide Net - May 2026
zcrm_5436421000135211550,Wide Net - May 2026
zcrm_5436421000135211625,Wide Net - May 2026
zcrm_5436421000135211962,Wide Net - May 2026
zcrm_5436421000135212084,Wide Net - May 2026
zcrm_5436421000135212131,Wide Net - May 2026
zcrm_5436421000135212166,Wide Net - May 2026
zcrm_5436421000135212180,Wide Net - May 2026
zcrm_5436421000135212987,Wide Net - May 2026
zcrm_5436421000135213180,Wide Net - May 2026
zcrm_5436421000135213472,Wide Net - May 2026
zcrm_5436421000135213494,Wide Net - May 2026
zcrm_5436421000135213545,Wide Net - May 2026
zcrm_5436421000135213574,Wide Net - May 2026
zcrm_5436421000135213633,Wide Net - May 2026
zcrm_5436421000135213945,Wide Net - May 2026
zcrm_5436421000135214104,Wide Net - May 2026
zcrm_5436421000135214105,Wide Net - May 2026
zcrm_5436421000135214493,Wide Net - May 2026
zcrm_5436421000135214510,Wide Net - May 2026
zcrm_5436421000135215012,Wide Net - May 2026
zcrm_5436421000135215539,Wide Net - May 2026
zcrm_5436421000135216074,Wide Net - May 2026
zcrm_5436421000135216107,Wide Net - May 2026
zcrm_5436421000135216524,Wide Net - May 2026
zcrm_5436421000135216575,Wide Net - May 2026
zcrm_5436421000135216988,Wide Net - May 2026
zcrm_5436421000135217056,Wide Net - May 2026
zcrm_5436421000135217611,Wide Net - May 2026
zcrm_5436421000135218033,Wide Net - May 2026
zcrm_5436421000135218076,Wide Net - May 2026
zcrm_5436421000135218105,Wide Net - May 2026
zcrm_5436421000135218139,Wide Net - May 2026
zcrm_5436421000135218150,Wide Net - May 2026
zcrm_5436421000135218525,Wide Net - May 2026
zcrm_5436421000135218546,Wide Net - May 2026
zcrm_5436421000135218951,Wide Net - May 2026
zcrm_5436421000135219083,Wide Net - May 2026
zcrm_5436421000135219175,Wide Net - May 2026
zcrm_5436421000135219957,Wide Net - May 2026
zcrm_5436421000135220141,Wide Net - May 2026
zcrm_5436421000135220534,Wide Net - May 2026
zcrm_5436421000135221151,Wide Net - May 2026
zcrm_5436421000135221594,Wide Net - May 2026
zcrm_5436421000135221670,Wide Net - May 2026
zcrm_5436421000135222049,Wide Net - May 2026
zcrm_5436421000135222496,Wide Net - May 2026
zcrm_5436421000135223064,Wide Net - May 2026
zcrm_5436421000135223496,Wide Net - May 2026
zcrm_5436421000135224546,Wide Net - May 2026
zcrm_5436421000135224659,Wide Net - May 2026
zcrm_5436421000135225043,Wide Net - May 2026
zcrm_5436421000135225590,Wide Net - May 2026
zcrm_5436421000135226087,Wide Net - May 2026
zcrm_5436421000135226581,Wide Net - May 2026
zcrm_5436421000135226667,Wide Net - May 2026
zcrm_5436421000135226675,Wide Net - May 2026
zcrm_5436421000135226949,Wide Net - May 2026
zcrm_5436421000135227177,Wide Net - May 2026
zcrm_5436421000135229109,Wide Net - May 2026
zcrm_5436421000135229148,Wide Net - May 2026
zcrm_5436421000135229456,Wide Net - May 2026
zcrm_5436421000135229944,Wide Net - May 2026
zcrm_5436421000135231015,Wide Net - May 2026
zcrm_5436421000135231033,Wide Net - May 2026
zcrm_5436421000135232123,Wide Net - May 2026
zcrm_5436421000135232183,Wide Net - May 2026
zcrm_5436421000135232567,Wide Net - May 2026
zcrm_5436421000135232662,Wide Net - May 2026
zcrm_5436421000135233048,Wide Net - May 2026
zcrm_5436421000135233516,Wide Net - May 2026
zcrm_5436421000135234002,Wide Net - May 2026
zcrm_5436421000135234560,Wide Net - May 2026
zcrm_5436421000135234664,Wide Net - May 2026
zcrm_5436421000135234986,Wide Net - May 2026
zcrm_5436421000135235097,Wide Net - May 2026
zcrm_5436421000135077844,Wide Net - May 2026
zcrm_5436421000135077932,Wide Net - May 2026
zcrm_5436421000135127157,Wide Net - May 2026
zcrm_5436421000135194771,Wide Net - May 2026
zcrm_5436421000135200086,Wide Net - May 2026
zcrm_5436421000135200975,Wide Net - May 2026
zcrm_5436421000135201951,Wide Net - May 2026
zcrm_5436421000135201978,Wide Net - May 2026
zcrm_5436421000135202171,Wide Net - May 2026
zcrm_5436421000135202685,Wide Net - May 2026
zcrm_5436421000135203136,Wide Net - May 2026
zcrm_5436421000135203167,Wide Net - May 2026
zcrm_5436421000135203457,Wide Net - May 2026
zcrm_5436421000135203458,Wide Net - May 2026
zcrm_5436421000135203505,Wide Net - May 2026
zcrm_5436421000135203507,Wide Net - May 2026
zcrm_5436421000135203529,Wide Net - May 2026
zcrm_5436421000135203534,Wide Net - May 2026
zcrm_5436421000135203536,Wide Net - May 2026
zcrm_5436421000135203553,Wide Net - May 2026
zcrm_5436421000135203657,Wide Net - May 2026
zcrm_5436421000135204041,Wide Net - May 2026
zcrm_5436421000135204162,Wide Net - May 2026
zcrm_5436421000135204444,Wide Net - May 2026
zcrm_5436421000135204522,Wide Net - May 2026
zcrm_5436421000135205448,Wide Net - May 2026
zcrm_5436421000135205500,Wide Net - May 2026
zcrm_5436421000135205501,Wide Net - May 2026
zcrm_5436421000135205957,Wide Net - May 2026
zcrm_5436421000135206035,Wide Net - May 2026
zcrm_5436421000135206149,Wide Net - May 2026
zcrm_5436421000135206554,Wide Net - May 2026
zcrm_5436421000135206989,Wide Net - May 2026
zcrm_5436421000135207028,Wide Net - May 2026
zcrm_5436421000135207059,Wide Net - May 2026
zcrm_5436421000135207182,Wide Net - May 2026
zcrm_5436421000135207448,Wide Net - May 2026
zcrm_5436421000135207486,Wide Net - May 2026
zcrm_5436421000135207522,Wide Net - May 2026
zcrm_5436421000135207537,Wide Net - May 2026
zcrm_5436421000135207538,Wide Net - May 2026
zcrm_5436421000135207615,Wide Net - May 2026
zcrm_5436421000135207646,Wide Net - May 2026
zcrm_5436421000135207948,Wide Net - May 2026
zcrm_5436421000135207984,Wide Net - May 2026
zcrm_5436421000135208019,Wide Net - May 2026
zcrm_5436421000135208533,Wide Net - May 2026
zcrm_5436421000135209053,Wide Net - May 2026
zcrm_5436421000135209182,Wide Net - May 2026
zcrm_5436421000135209567,Wide Net - May 2026
zcrm_5436421000135209607,Wide Net - May 2026
zcrm_5436421000135209941,Wide Net - May 2026
zcrm_5436421000135210564,Wide Net - May 2026
zcrm_5436421000135210945,Wide Net - May 2026
zcrm_5436421000135210974,Wide Net - May 2026
zcrm_5436421000135211134,Wide Net - May 2026
zcrm_5436421000135211481,Wide Net - May 2026
zcrm_5436421000135211485,Wide Net - May 2026
zcrm_5436421000135211541,Wide Net - May 2026
zcrm_5436421000135211606,Wide Net - May 2026
zcrm_5436421000135213028,Wide Net - May 2026
zcrm_5436421000135213497,Wide Net - May 2026
zcrm_5436421000135214009,Wide Net - May 2026
zcrm_5436421000135214052,Wide Net - May 2026
zcrm_5436421000135214091,Wide Net - May 2026
zcrm_5436421000135214112,Wide Net - May 2026
zcrm_5436421000135214129,Wide Net - May 2026
zcrm_5436421000135214137,Wide Net - May 2026
zcrm_5436421000135214567,Wide Net - May 2026
zcrm_5436421000135214620,Wide Net - May 2026
zcrm_5436421000135214952,Wide Net - May 2026
zcrm_5436421000135215088,Wide Net - May 2026
zcrm_5436421000135215524,Wide Net - May 2026
zcrm_5436421000135215671,Wide Net - May 2026
zcrm_5436421000135215978,Wide Net - May 2026
zcrm_5436421000135216048,Wide Net - May 2026
zcrm_5436421000135216968,Wide Net - May 2026
zcrm_5436421000135216986,Wide Net - May 2026
zcrm_5436421000135217452,Wide Net - May 2026
zcrm_5436421000135217456,Wide Net - May 2026
zcrm_5436421000135217499,Wide Net - May 2026
zcrm_5436421000135217988,Wide Net - May 2026
zcrm_5436421000135217994,Wide Net - May 2026
zcrm_5436421000135218452,Wide Net - May 2026
zcrm_5436421000135218558,Wide Net - May 2026
zcrm_5436421000135218627,Wide Net - May 2026
zcrm_5436421000135218995,Wide Net - May 2026
zcrm_5436421000135219076,Wide Net - May 2026
zcrm_5436421000135219183,Wide Net - May 2026
zcrm_5436421000135220001,Wide Net - May 2026
zcrm_5436421000135220127,Wide Net - May 2026
zcrm_5436421000135220500,Wide Net - May 2026
zcrm_5436421000135220517,Wide Net - May 2026
zcrm_5436421000135220971,Wide Net - May 2026
zcrm_5436421000135221503,Wide Net - May 2026
zcrm_5436421000135221525,Wide Net - May 2026
zcrm_5436421000135221527,Wide Net - May 2026
zcrm_5436421000135221969,Wide Net - May 2026
zcrm_5436421000135222020,Wide Net - May 2026
zcrm_5436421000135222162,Wide Net - May 2026
zcrm_5436421000135222658,Wide Net - May 2026
zcrm_5436421000135224450,Wide Net - May 2026
zcrm_5436421000135224513,Wide Net - May 2026
zcrm_5436421000135224555,Wide Net - May 2026
zcrm_5436421000135224567,Wide Net - May 2026
zcrm_5436421000135224608,Wide Net - May 2026
zcrm_5436421000135225065,Wide Net - May 2026
zcrm_5436421000135225112,Wide Net - May 2026
zcrm_5436421000135225146,Wide Net - May 2026
zcrm_5436421000135225172,Wide Net - May 2026
zcrm_5436421000135225624,Wide Net - May 2026
zcrm_5436421000135225686,Wide Net - May 2026
zcrm_5436421000135226135,Wide Net - May 2026
zcrm_5436421000135226614,Wide Net - May 2026
zcrm_5436421000135226940,Wide Net - May 2026
zcrm_5436421000135227001,Wide Net - May 2026
zcrm_5436421000135227034,Wide Net - May 2026
zcrm_5436421000135227657,Wide Net - May 2026
zcrm_5436421000135227976,Wide Net - May 2026
zcrm_5436421000135228081,Wide Net - May 2026
zcrm_5436421000135228588,Wide Net - May 2026
zcrm_5436421000135229046,Wide Net - May 2026
zcrm_5436421000135229469,Wide Net - May 2026
zcrm_5436421000135229998,Wide Net - May 2026
zcrm_5436421000135230101,Wide Net - May 2026
zcrm_5436421000135230135,Wide Net - May 2026
zcrm_5436421000135230481,Wide Net - May 2026
zcrm_5436421000135230624,Wide Net - May 2026
zcrm_5436421000135231185,Wide Net - May 2026
zcrm_5436421000135231560,Wide Net - May 2026
zcrm_5436421000135231996,Wide Net - May 2026
zcrm_5436421000135232142,Wide Net - May 2026
zcrm_5436421000135232441,Wide Net - May 2026
zcrm_5436421000135232512,Wide Net - May 2026
zcrm_5436421000135232591,Wide Net - May 2026
zcrm_5436421000135233115,Wide Net - May 2026
zcrm_5436421000135233617,Wide Net - May 2026
zcrm_5436421000135234539,Wide Net - May 2026
zcrm_5436421000135077726,Wide Net - May 2026
zcrm_5436421000135077899,Wide Net - May 2026
zcrm_5436421000135077942,Wide Net - May 2026
zcrm_5436421000135194218,Wide Net - May 2026
zcrm_5436421000135194279,Wide Net - May 2026
zcrm_5436421000135200056,Wide Net - May 2026
zcrm_5436421000135200149,Wide Net - May 2026
zcrm_5436421000135200180,Wide Net - May 2026
zcrm_5436421000135200444,Wide Net - May 2026
zcrm_5436421000135200546,Wide Net - May 2026
zcrm_5436421000135200599,Wide Net - May 2026
zcrm_5436421000135200938,Wide Net - May 2026
zcrm_5436421000135201004,Wide Net - May 2026
zcrm_5436421000135201015,Wide Net - May 2026
zcrm_5436421000135201025,Wide Net - May 2026
zcrm_5436421000135201052,Wide Net - May 2026
zcrm_5436421000135201083,Wide Net - May 2026
zcrm_5436421000135201112,Wide Net - May 2026
zcrm_5436421000135201163,Wide Net - May 2026
zcrm_5436421000135201512,Wide Net - May 2026
zcrm_5436421000135202020,Wide Net - May 2026
zcrm_5436421000135202164,Wide Net - May 2026
zcrm_5436421000135202525,Wide Net - May 2026
zcrm_5436421000135202539,Wide Net - May 2026
zcrm_5436421000135204017,Wide Net - May 2026
zcrm_5436421000135204153,Wide Net - May 2026
zcrm_5436421000135204463,Wide Net - May 2026
zcrm_5436421000135204481,Wide Net - May 2026
zcrm_5436421000135204571,Wide Net - May 2026
zcrm_5436421000135205058,Wide Net - May 2026
zcrm_5436421000135205639,Wide Net - May 2026
zcrm_5436421000135206136,Wide Net - May 2026
zcrm_5436421000135206511,Wide Net - May 2026
zcrm_5436421000135206523,Wide Net - May 2026
zcrm_5436421000135207113,Wide Net - May 2026
zcrm_5436421000135207125,Wide Net - May 2026
zcrm_5436421000135207551,Wide Net - May 2026
zcrm_5436421000135207999,Wide Net - May 2026
zcrm_5436421000135208046,Wide Net - May 2026
zcrm_5436421000135208440,Wide Net - May 2026
zcrm_5436421000135208634,Wide Net - May 2026
zcrm_5436421000135208658,Wide Net - May 2026
zcrm_5436421000135208662,Wide Net - May 2026
zcrm_5436421000135208957,Wide Net - May 2026
zcrm_5436421000135209142,Wide Net - May 2026
zcrm_5436421000135209588,Wide Net - May 2026
zcrm_5436421000135209632,Wide Net - May 2026
zcrm_5436421000135210041,Wide Net - May 2026
zcrm_5436421000135211010,Wide Net - May 2026
zcrm_5436421000135211022,Wide Net - May 2026
zcrm_5436421000135211077,Wide Net - May 2026
zcrm_5436421000135211556,Wide Net - May 2026
zcrm_5436421000135211578,Wide Net - May 2026
zcrm_5436421000135213166,Wide Net - May 2026
zcrm_5436421000135213456,Wide Net - May 2026
zcrm_5436421000135213510,Wide Net - May 2026
zcrm_5436421000135214002,Wide Net - May 2026
zcrm_5436421000135214499,Wide Net - May 2026
zcrm_5436421000135214546,Wide Net - May 2026
zcrm_5436421000135214628,Wide Net - May 2026
zcrm_5436421000135215094,Wide Net - May 2026
zcrm_5436421000135215117,Wide Net - May 2026
zcrm_5436421000135215568,Wide Net - May 2026
zcrm_5436421000135215661,Wide Net - May 2026
zcrm_5436421000135216044,Wide Net - May 2026
zcrm_5436421000135216180,Wide Net - May 2026
zcrm_5436421000135216614,Wide Net - May 2026
zcrm_5436421000135217027,Wide Net - May 2026
zcrm_5436421000135217074,Wide Net - May 2026
zcrm_5436421000135217150,Wide Net - May 2026
zcrm_5436421000135217175,Wide Net - May 2026
zcrm_5436421000135217655,Wide Net - May 2026
zcrm_5436421000135218103,Wide Net - May 2026
zcrm_5436421000135218496,Wide Net - May 2026
zcrm_5436421000135218631,Wide Net - May 2026
zcrm_5436421000135218652,Wide Net - May 2026
zcrm_5436421000135218654,Wide Net - May 2026
zcrm_5436421000135219079,Wide Net - May 2026
zcrm_5436421000135219582,Wide Net - May 2026
zcrm_5436421000135219982,Wide Net - May 2026
zcrm_5436421000135219992,Wide Net - May 2026
zcrm_5436421000135220053,Wide Net - May 2026
zcrm_5436421000135220160,Wide Net - May 2026
zcrm_5436421000135220164,Wide Net - May 2026
zcrm_5436421000135220643,Wide Net - May 2026
zcrm_5436421000135220674,Wide Net - May 2026
zcrm_5436421000135220974,Wide Net - May 2026
zcrm_5436421000135220994,Wide Net - May 2026
zcrm_5436421000135221026,Wide Net - May 2026
zcrm_5436421000135221449,Wide Net - May 2026
zcrm_5436421000135221509,Wide Net - May 2026
zcrm_5436421000135221639,Wide Net - May 2026
zcrm_5436421000135221663,Wide Net - May 2026
zcrm_5436421000135221953,Wide Net - May 2026
zcrm_5436421000135222003,Wide Net - May 2026
zcrm_5436421000135222025,Wide Net - May 2026
zcrm_5436421000135222166,Wide Net - May 2026
zcrm_5436421000135222502,Wide Net - May 2026
zcrm_5436421000135222962,Wide Net - May 2026
zcrm_5436421000135223469,Wide Net - May 2026
zcrm_5436421000135223505,Wide Net - May 2026
zcrm_5436421000135223577,Wide Net - May 2026
zcrm_5436421000135224009,Wide Net - May 2026
zcrm_5436421000135224157,Wide Net - May 2026
zcrm_5436421000135224180,Wide Net - May 2026
zcrm_5436421000135225186,Wide Net - May 2026
zcrm_5436421000135226031,Wide Net - May 2026
zcrm_5436421000135226465,Wide Net - May 2026
zcrm_5436421000135227006,Wide Net - May 2026
zcrm_5436421000135227685,Wide Net - May 2026
zcrm_5436421000135228533,Wide Net - May 2026
zcrm_5436421000135228619,Wide Net - May 2026
zcrm_5436421000135228655,Wide Net - May 2026
zcrm_5436421000135228665,Wide Net - May 2026
zcrm_5436421000135228969,Wide Net - May 2026
zcrm_5436421000135228971,Wide Net - May 2026
zcrm_5436421000135229005,Wide Net - May 2026
zcrm_5436421000135229467,Wide Net - May 2026
zcrm_5436421000135229579,Wide Net - May 2026
zcrm_5436421000135229590,Wide Net - May 2026
zcrm_5436421000135229992,Wide Net - May 2026
zcrm_5436421000135230081,Wide Net - May 2026
zcrm_5436421000135230177,Wide Net - May 2026
zcrm_5436421000135230608,Wide Net - May 2026
zcrm_5436421000135230996,Wide Net - May 2026
zcrm_5436421000135231066,Wide Net - May 2026
zcrm_5436421000135231529,Wide Net - May 2026
zcrm_5436421000135231967,Wide Net - May 2026
zcrm_5436421000135232130,Wide Net - May 2026
zcrm_5436421000135232132,Wide Net - May 2026
zcrm_5436421000135232941,Wide Net - May 2026
zcrm_5436421000135233016,Wide Net - May 2026
zcrm_5436421000135233023,Wide Net - May 2026
zcrm_5436421000135233146,Wide Net - May 2026
zcrm_5436421000135233159,Wide Net - May 2026
zcrm_5436421000135233511,Wide Net - May 2026
zcrm_5436421000135233979,Wide Net - May 2026
zcrm_5436421000135234166,Wide Net - May 2026
zcrm_5436421000135234527,Wide Net - May 2026
zcrm_5436421000135077232,Wide Net - May 2026
zcrm_5436421000135077243,Wide Net - May 2026
zcrm_5436421000135077258,Wide Net - May 2026
zcrm_5436421000135077262,Wide Net - May 2026
zcrm_5436421000135077367,Wide Net - May 2026
zcrm_5436421000135077388,Wide Net - May 2026
zcrm_5436421000135077399,Wide Net - May 2026
zcrm_5436421000135077449,Wide Net - May 2026
zcrm_5436421000135077734,Wide Net - May 2026
zcrm_5436421000135077811,Wide Net - May 2026
zcrm_5436421000135077954,Wide Net - May 2026
zcrm_5436421000135127168,Wide Net - May 2026
zcrm_5436421000135127212,Wide Net - May 2026
zcrm_5436421000135127288,Wide Net - May 2026
zcrm_5436421000135194305,Wide Net - May 2026
zcrm_5436421000135200027,Wide Net - May 2026
zcrm_5436421000135200095,Wide Net - May 2026
zcrm_5436421000135200153,Wide Net - May 2026
zcrm_5436421000135200488,Wide Net - May 2026
zcrm_5436421000135200622,Wide Net - May 2026
zcrm_5436421000135200625,Wide Net - May 2026
zcrm_5436421000135201185,Wide Net - May 2026
zcrm_5436421000135201502,Wide Net - May 2026
zcrm_5436421000135202172,Wide Net - May 2026
zcrm_5436421000135202479,Wide Net - May 2026
zcrm_5436421000135202491,Wide Net - May 2026
zcrm_5436421000135202504,Wide Net - May 2026
zcrm_5436421000135202546,Wide Net - May 2026
zcrm_5436421000135202581,Wide Net - May 2026
zcrm_5436421000135202666,Wide Net - May 2026
zcrm_5436421000135202675,Wide Net - May 2026
zcrm_5436421000135203064,Wide Net - May 2026
zcrm_5436421000135203470,Wide Net - May 2026
zcrm_5436421000135203556,Wide Net - May 2026
zcrm_5436421000135203572,Wide Net - May 2026
zcrm_5436421000135203941,Wide Net - May 2026
zcrm_5436421000135203991,Wide Net - May 2026
zcrm_5436421000135204499,Wide Net - May 2026
zcrm_5436421000135204684,Wide Net - May 2026
zcrm_5436421000135204961,Wide Net - May 2026
zcrm_5436421000135205076,Wide Net - May 2026
zcrm_5436421000135205121,Wide Net - May 2026
zcrm_5436421000135205452,Wide Net - May 2026
zcrm_5436421000135205502,Wide Net - May 2026
zcrm_5436421000135205572,Wide Net - May 2026
zcrm_5436421000135205577,Wide Net - May 2026
zcrm_5436421000135205954,Wide Net - May 2026
zcrm_5436421000135206145,Wide Net - May 2026
zcrm_5436421000135206147,Wide Net - May 2026
zcrm_5436421000135206441,Wide Net - May 2026
zcrm_5436421000135206447,Wide Net - May 2026
zcrm_5436421000135206451,Wide Net - May 2026
zcrm_5436421000135206471,Wide Net - May 2026
zcrm_5436421000135207451,Wide Net - May 2026
zcrm_5436421000135207484,Wide Net - May 2026
zcrm_5436421000135207502,Wide Net - May 2026
zcrm_5436421000135207639,Wide Net - May 2026
zcrm_5436421000135207946,Wide Net - May 2026
zcrm_5436421000135207998,Wide Net - May 2026
zcrm_5436421000135208030,Wide Net - May 2026
zcrm_5436421000135208093,Wide Net - May 2026
zcrm_5436421000135208126,Wide Net - May 2026
zcrm_5436421000135208167,Wide Net - May 2026
zcrm_5436421000135208187,Wide Net - May 2026
zcrm_5436421000135208552,Wide Net - May 2026
zcrm_5436421000135208609,Wide Net - May 2026
zcrm_5436421000135209025,Wide Net - May 2026
zcrm_5436421000135209045,Wide Net - May 2026
zcrm_5436421000135209064,Wide Net - May 2026
zcrm_5436421000135209139,Wide Net - May 2026
zcrm_5436421000135209177,Wide Net - May 2026
zcrm_5436421000135209940,Wide Net - May 2026
zcrm_5436421000135210099,Wide Net - May 2026
zcrm_5436421000135210178,Wide Net - May 2026
zcrm_5436421000135210584,Wide Net - May 2026
zcrm_5436421000135210594,Wide Net - May 2026
zcrm_5436421000135210624,Wide Net - May 2026
zcrm_5436421000135210671,Wide Net - May 2026
zcrm_5436421000135210980,Wide Net - May 2026
zcrm_5436421000135211036,Wide Net - May 2026
zcrm_5436421000135211186,Wide Net - May 2026
zcrm_5436421000135211496,Wide Net - May 2026
zcrm_5436421000135211552,Wide Net - May 2026
zcrm_5436421000135211969,Wide Net - May 2026
zcrm_5436421000135212004,Wide Net - May 2026
zcrm_5436421000135212057,Wide Net - May 2026
zcrm_5436421000135212509,Wide Net - May 2026
zcrm_5436421000135212511,Wide Net - May 2026
zcrm_5436421000135212607,Wide Net - May 2026
zcrm_5436421000135212615,Wide Net - May 2026
zcrm_5436421000135212664,Wide Net - May 2026
zcrm_5436421000135213174,Wide Net - May 2026
zcrm_5436421000135213453,Wide Net - May 2026
zcrm_5436421000135213459,Wide Net - May 2026
zcrm_5436421000135213498,Wide Net - May 2026
zcrm_5436421000135213621,Wide Net - May 2026
zcrm_5436421000135213670,Wide Net - May 2026
zcrm_5436421000135213938,Wide Net - May 2026
zcrm_5436421000135213995,Wide Net - May 2026
zcrm_5436421000135214048,Wide Net - May 2026
zcrm_5436421000135214054,Wide Net - May 2026
zcrm_5436421000135214127,Wide Net - May 2026
zcrm_5436421000135214155,Wide Net - May 2026
zcrm_5436421000135214487,Wide Net - May 2026
zcrm_5436421000135214520,Wide Net - May 2026
zcrm_5436421000135214571,Wide Net - May 2026
zcrm_5436421000135214617,Wide Net - May 2026
zcrm_5436421000135214987,Wide Net - May 2026
zcrm_5436421000135215119,Wide Net - May 2026
zcrm_5436421000135215585,Wide Net - May 2026
zcrm_5436421000135215617,Wide Net - May 2026
zcrm_5436421000135215970,Wide Net - May 2026
zcrm_5436421000135215998,Wide Net - May 2026
zcrm_5436421000135216027,Wide Net - May 2026
zcrm_5436421000135216109,Wide Net - May 2026
zcrm_5436421000135216505,Wide Net - May 2026
zcrm_5436421000135216506,Wide Net - May 2026
zcrm_5436421000135216537,Wide Net - May 2026
zcrm_5436421000135216596,Wide Net - May 2026
zcrm_5436421000135216640,Wide Net - May 2026
zcrm_5436421000135216655,Wide Net - May 2026
zcrm_5436421000135216665,Wide Net - May 2026
zcrm_5436421000135216686,Wide Net - May 2026
zcrm_5436421000135216989,Wide Net - May 2026
zcrm_5436421000135217029,Wide Net - May 2026
zcrm_5436421000135217139,Wide Net - May 2026
zcrm_5436421000135217490,Wide Net - May 2026
zcrm_5436421000135217568,Wide Net - May 2026
zcrm_5436421000135217586,Wide Net - May 2026
zcrm_5436421000135217604,Wide Net - May 2026
zcrm_5436421000135217616,Wide Net - May 2026
zcrm_5436421000135217968,Wide Net - May 2026
zcrm_5436421000135218092,Wide Net - May 2026
zcrm_5436421000135218180,Wide Net - May 2026
zcrm_5436421000135218182,Wide Net - May 2026
zcrm_5436421000135218184,Wide Net - May 2026
zcrm_5436421000135218500,Wide Net - May 2026
zcrm_5436421000135218557,Wide Net - May 2026
zcrm_5436421000135218559,Wide Net - May 2026
zcrm_5436421000135218667,Wide Net - May 2026
zcrm_5436421000135218968,Wide Net - May 2026
zcrm_5436421000135219071,Wide Net - May 2026
zcrm_5436421000135219098,Wide Net - May 2026
zcrm_5436421000135219100,Wide Net - May 2026
zcrm_5436421000135219148,Wide Net - May 2026
zcrm_5436421000135219450,Wide Net - May 2026
zcrm_5436421000135219493,Wide Net - May 2026
zcrm_5436421000135219536,Wide Net - May 2026
zcrm_5436421000135219617,Wide Net - May 2026
zcrm_5436421000135219639,Wide Net - May 2026
zcrm_5436421000135219986,Wide Net - May 2026
zcrm_5436421000135220011,Wide Net - May 2026
zcrm_5436421000135220024,Wide Net - May 2026
zcrm_5436421000135220025,Wide Net - May 2026
zcrm_5436421000135220089,Wide Net - May 2026
zcrm_5436421000135220117,Wide Net - May 2026
zcrm_5436421000135220167,Wide Net - May 2026
zcrm_5436421000135220478,Wide Net - May 2026
zcrm_5436421000135220555,Wide Net - May 2026
zcrm_5436421000135220611,Wide Net - May 2026
zcrm_5436421000135221016,Wide Net - May 2026
zcrm_5436421000135221023,Wide Net - May 2026
zcrm_5436421000135221086,Wide Net - May 2026
zcrm_5436421000135221178,Wide Net - May 2026
zcrm_5436421000135221183,Wide Net - May 2026
zcrm_5436421000135221457,Wide Net - May 2026
zcrm_5436421000135221542,Wide Net - May 2026
zcrm_5436421000135221954,Wide Net - May 2026
zcrm_5436421000135222146,Wide Net - May 2026
zcrm_5436421000135222149,Wide Net - May 2026
zcrm_5436421000135222157,Wide Net - May 2026
zcrm_5436421000135222513,Wide Net - May 2026
zcrm_5436421000135222529,Wide Net - May 2026
zcrm_5436421000135222562,Wide Net - May 2026
zcrm_5436421000135222622,Wide Net - May 2026
zcrm_5436421000135222660,Wide Net - May 2026
zcrm_5436421000135222945,Wide Net - May 2026
zcrm_5436421000135222956,Wide Net - May 2026
zcrm_5436421000135223588,Wide Net - May 2026
zcrm_5436421000135223611,Wide Net - May 2026
zcrm_5436421000135223616,Wide Net - May 2026
zcrm_5436421000135223640,Wide Net - May 2026
zcrm_5436421000135223976,Wide Net - May 2026
zcrm_5436421000135224019,Wide Net - May 2026
zcrm_5436421000135224105,Wide Net - May 2026
zcrm_5436421000135224107,Wide Net - May 2026
zcrm_5436421000135224179,Wide Net - May 2026
zcrm_5436421000135224441,Wide Net - May 2026
zcrm_5436421000135224514,Wide Net - May 2026
zcrm_5436421000135224559,Wide Net - May 2026
zcrm_5436421000135224572,Wide Net - May 2026
zcrm_5436421000135224583,Wide Net - May 2026
zcrm_5436421000135224598,Wide Net - May 2026
zcrm_5436421000135224620,Wide Net - May 2026
zcrm_5436421000135224668,Wide Net - May 2026
zcrm_5436421000135224956,Wide Net - May 2026
zcrm_5436421000135225041,Wide Net - May 2026
zcrm_5436421000135225116,Wide Net - May 2026
zcrm_5436421000135225556,Wide Net - May 2026
zcrm_5436421000135225563,Wide Net - May 2026
zcrm_5436421000135225597,Wide Net - May 2026
zcrm_5436421000135225666,Wide Net - May 2026
zcrm_5436421000135225670,Wide Net - May 2026
zcrm_5436421000135225951,Wide Net - May 2026
zcrm_5436421000135226123,Wide Net - May 2026
zcrm_5436421000135226130,Wide Net - May 2026
zcrm_5436421000135226143,Wide Net - May 2026
zcrm_5436421000135226182,Wide Net - May 2026
zcrm_5436421000135226500,Wide Net - May 2026
zcrm_5436421000135226957,Wide Net - May 2026
zcrm_5436421000135226963,Wide Net - May 2026
zcrm_5436421000135226986,Wide Net - May 2026
zcrm_5436421000135227022,Wide Net - May 2026
zcrm_5436421000135227485,Wide Net - May 2026
zcrm_5436421000135227518,Wide Net - May 2026
zcrm_5436421000135227575,Wide Net - May 2026
zcrm_5436421000135228027,Wide Net - May 2026
zcrm_5436421000135228101,Wide Net - May 2026
zcrm_5436421000135228157,Wide Net - May 2026
zcrm_5436421000135228483,Wide Net - May 2026
zcrm_5436421000135228493,Wide Net - May 2026
zcrm_5436421000135228507,Wide Net - May 2026
zcrm_5436421000135228511,Wide Net - May 2026
zcrm_5436421000135228572,Wide Net - May 2026
zcrm_5436421000135228581,Wide Net - May 2026
zcrm_5436421000135228591,Wide Net - May 2026
zcrm_5436421000135228629,Wide Net - May 2026
zcrm_5436421000135228638,Wide Net - May 2026
zcrm_5436421000135228958,Wide Net - May 2026
zcrm_5436421000135228981,Wide Net - May 2026
zcrm_5436421000135229008,Wide Net - May 2026
zcrm_5436421000135229021,Wide Net - May 2026
zcrm_5436421000135229060,Wide Net - May 2026
zcrm_5436421000135229078,Wide Net - May 2026
zcrm_5436421000135229105,Wide Net - May 2026
zcrm_5436421000135229114,Wide Net - May 2026
zcrm_5436421000135229489,Wide Net - May 2026
zcrm_5436421000135229519,Wide Net - May 2026
zcrm_5436421000135229572,Wide Net - May 2026
zcrm_5436421000135229577,Wide Net - May 2026
zcrm_5436421000135229580,Wide Net - May 2026
zcrm_5436421000135229668,Wide Net - May 2026
zcrm_5436421000135229956,Wide Net - May 2026
zcrm_5436421000135229974,Wide Net - May 2026
zcrm_5436421000135229990,Wide Net - May 2026
zcrm_5436421000135230014,Wide Net - May 2026
zcrm_5436421000135230038,Wide Net - May 2026
zcrm_5436421000135230051,Wide Net - May 2026
zcrm_5436421000135230061,Wide Net - May 2026
zcrm_5436421000135230472,Wide Net - May 2026
zcrm_5436421000135230509,Wide Net - May 2026
zcrm_5436421000135230630,Wide Net - May 2026
zcrm_5436421000135230941,Wide Net - May 2026
zcrm_5436421000135230965,Wide Net - May 2026
zcrm_5436421000135230974,Wide Net - May 2026
zcrm_5436421000135230978,Wide Net - May 2026
zcrm_5436421000135230993,Wide Net - May 2026
zcrm_5436421000135230999,Wide Net - May 2026
zcrm_5436421000135231004,Wide Net - May 2026
zcrm_5436421000135231027,Wide Net - May 2026
zcrm_5436421000135231032,Wide Net - May 2026
zcrm_5436421000135231045,Wide Net - May 2026
zcrm_5436421000135231084,Wide Net - May 2026
zcrm_5436421000135231475,Wide Net - May 2026
zcrm_5436421000135231657,Wide Net - May 2026
zcrm_5436421000135231659,Wide Net - May 2026
zcrm_5436421000135231944,Wide Net - May 2026
zcrm_5436421000135231991,Wide Net - May 2026
zcrm_5436421000135232048,Wide Net - May 2026
zcrm_5436421000135232087,Wide Net - May 2026
zcrm_5436421000135232105,Wide Net - May 2026
zcrm_5436421000135232164,Wide Net - May 2026
zcrm_5436421000135232463,Wide Net - May 2026
zcrm_5436421000135232478,Wide Net - May 2026
zcrm_5436421000135232493,Wide Net - May 2026
zcrm_5436421000135232514,Wide Net - May 2026
zcrm_5436421000135232548,Wide Net - May 2026
zcrm_5436421000135232559,Wide Net - May 2026
zcrm_5436421000135232560,Wide Net - May 2026
zcrm_5436421000135232583,Wide Net - May 2026
zcrm_5436421000135233015,Wide Net - May 2026
zcrm_5436421000135233018,Wide Net - May 2026
zcrm_5436421000135233045,Wide Net - May 2026
zcrm_5436421000135233085,Wide Net - May 2026
zcrm_5436421000135233567,Wide Net - May 2026
zcrm_5436421000135233650,Wide Net - May 2026
zcrm_5436421000135233981,Wide Net - May 2026
zcrm_5436421000135234003,Wide Net - May 2026
zcrm_5436421000135234069,Wide Net - May 2026
zcrm_5436421000135234151,Wide Net - May 2026
zcrm_5436421000135234484,Wide Net - May 2026
zcrm_5436421000135234505,Wide Net - May 2026
zcrm_5436421000135234549,Wide Net - May 2026
zcrm_5436421000135234555,Wide Net - May 2026
zcrm_5436421000135234951,Wide Net - May 2026
zcrm_5436421000135235014,Wide Net - May 2026
zcrm_5436421000135235070,Wide Net - May 2026
zcrm_5436421000135235110,Wide Net - May 2026
zcrm_5436421000135235119,Wide Net - May 2026
zcrm_5436421000135235140,Wide Net - May 2026
zcrm_5436421000135235141,Wide Net - May 2026
zcrm_5436421000135077285,Wide Net - May 2026
zcrm_5436421000135077866,Wide Net - May 2026
zcrm_5436421000135077928,Wide Net - May 2026
zcrm_5436421000135077930,Wide Net - May 2026
zcrm_5436421000135127199,Wide Net - May 2026
zcrm_5436421000135127262,Wide Net - May 2026
zcrm_5436421000135194280,Wide Net - May 2026
zcrm_5436421000135200129,Wide Net - May 2026
zcrm_5436421000135200620,Wide Net - May 2026
zcrm_5436421000135201514,Wide Net - May 2026
zcrm_5436421000135201578,Wide Net - May 2026
zcrm_5436421000135202046,Wide Net - May 2026
zcrm_5436421000135202050,Wide Net - May 2026
zcrm_5436421000135202072,Wide Net - May 2026
zcrm_5436421000135202083,Wide Net - May 2026
zcrm_5436421000135202144,Wide Net - May 2026
zcrm_5436421000135202968,Wide Net - May 2026
zcrm_5436421000135203080,Wide Net - May 2026
zcrm_5436421000135203952,Wide Net - May 2026
zcrm_5436421000135204088,Wide Net - May 2026
zcrm_5436421000135204100,Wide Net - May 2026
zcrm_5436421000135204508,Wide Net - May 2026
zcrm_5436421000135204577,Wide Net - May 2026
zcrm_5436421000135204979,Wide Net - May 2026
zcrm_5436421000135205056,Wide Net - May 2026
zcrm_5436421000135205447,Wide Net - May 2026
zcrm_5436421000135205453,Wide Net - May 2026
zcrm_5436421000135205580,Wide Net - May 2026
zcrm_5436421000135205681,Wide Net - May 2026
zcrm_5436421000135205948,Wide Net - May 2026
zcrm_5436421000135206081,Wide Net - May 2026
zcrm_5436421000135206438,Wide Net - May 2026
zcrm_5436421000135206560,Wide Net - May 2026
zcrm_5436421000135206967,Wide Net - May 2026
zcrm_5436421000135207039,Wide Net - May 2026
zcrm_5436421000135207108,Wide Net - May 2026
zcrm_5436421000135207112,Wide Net - May 2026
zcrm_5436421000135207128,Wide Net - May 2026
zcrm_5436421000135207442,Wide Net - May 2026
zcrm_5436421000135207683,Wide Net - May 2026
zcrm_5436421000135208042,Wide Net - May 2026
zcrm_5436421000135208052,Wide Net - May 2026
zcrm_5436421000135209077,Wide Net - May 2026
zcrm_5436421000135209093,Wide Net - May 2026
zcrm_5436421000135209654,Wide Net - May 2026
zcrm_5436421000135210453,Wide Net - May 2026
zcrm_5436421000135210481,Wide Net - May 2026
zcrm_5436421000135210531,Wide Net - May 2026
zcrm_5436421000135211027,Wide Net - May 2026
zcrm_5436421000135211652,Wide Net - May 2026
zcrm_5436421000135211963,Wide Net - May 2026
zcrm_5436421000135211965,Wide Net - May 2026
zcrm_5436421000135212670,Wide Net - May 2026
zcrm_5436421000135212976,Wide Net - May 2026
zcrm_5436421000135213973,Wide Net - May 2026
zcrm_5436421000135214058,Wide Net - May 2026
zcrm_5436421000135214178,Wide Net - May 2026
zcrm_5436421000135214527,Wide Net - May 2026
zcrm_5436421000135214641,Wide Net - May 2026
zcrm_5436421000135214656,Wide Net - May 2026
zcrm_5436421000135214979,Wide Net - May 2026
zcrm_5436421000135215070,Wide Net - May 2026
zcrm_5436421000135215097,Wide Net - May 2026
zcrm_5436421000135215132,Wide Net - May 2026
zcrm_5436421000135215477,Wide Net - May 2026
zcrm_5436421000135215538,Wide Net - May 2026
zcrm_5436421000135215612,Wide Net - May 2026
zcrm_5436421000135216095,Wide Net - May 2026
zcrm_5436421000135216513,Wide Net - May 2026
zcrm_5436421000135216563,Wide Net - May 2026
zcrm_5436421000135216967,Wide Net - May 2026
zcrm_5436421000135217579,Wide Net - May 2026
zcrm_5436421000135217593,Wide Net - May 2026
zcrm_5436421000135217683,Wide Net - May 2026
zcrm_5436421000135218029,Wide Net - May 2026
zcrm_5436421000135218942,Wide Net - May 2026
zcrm_5436421000135219527,Wide Net - May 2026
zcrm_5436421000135219626,Wide Net - May 2026
zcrm_5436421000135219963,Wide Net - May 2026
zcrm_5436421000135220186,Wide Net - May 2026
zcrm_5436421000135220686,Wide Net - May 2026
zcrm_5436421000135220964,Wide Net - May 2026
zcrm_5436421000135220990,Wide Net - May 2026
zcrm_5436421000135221046,Wide Net - May 2026
zcrm_5436421000135221087,Wide Net - May 2026
zcrm_5436421000135221103,Wide Net - May 2026
zcrm_5436421000135221561,Wide Net - May 2026
zcrm_5436421000135221583,Wide Net - May 2026
zcrm_5436421000135221615,Wide Net - May 2026
zcrm_5436421000135221656,Wide Net - May 2026
zcrm_5436421000135221667,Wide Net - May 2026
zcrm_5436421000135222566,Wide Net - May 2026
zcrm_5436421000135222580,Wide Net - May 2026
zcrm_5436421000135222592,Wide Net - May 2026
zcrm_5436421000135222631,Wide Net - May 2026
zcrm_5436421000135222953,Wide Net - May 2026
zcrm_5436421000135223105,Wide Net - May 2026
zcrm_5436421000135223123,Wide Net - May 2026
zcrm_5436421000135223529,Wide Net - May 2026
zcrm_5436421000135224046,Wide Net - May 2026
zcrm_5436421000135224047,Wide Net - May 2026
zcrm_5436421000135224054,Wide Net - May 2026
zcrm_5436421000135224056,Wide Net - May 2026
zcrm_5436421000135224072,Wide Net - May 2026
zcrm_5436421000135224115,Wide Net - May 2026
zcrm_5436421000135224145,Wide Net - May 2026
zcrm_5436421000135224490,Wide Net - May 2026
zcrm_5436421000135224502,Wide Net - May 2026
zcrm_5436421000135224954,Wide Net - May 2026
zcrm_5436421000135225103,Wide Net - May 2026
zcrm_5436421000135225441,Wide Net - May 2026
zcrm_5436421000135225458,Wide Net - May 2026
zcrm_5436421000135225468,Wide Net - May 2026
zcrm_5436421000135225638,Wide Net - May 2026
zcrm_5436421000135226080,Wide Net - May 2026
zcrm_5436421000135226132,Wide Net - May 2026
zcrm_5436421000135226504,Wide Net - May 2026
zcrm_5436421000135226632,Wide Net - May 2026
zcrm_5436421000135226671,Wide Net - May 2026
zcrm_5436421000135226944,Wide Net - May 2026
zcrm_5436421000135226998,Wide Net - May 2026
zcrm_5436421000135227097,Wide Net - May 2026
zcrm_5436421000135227138,Wide Net - May 2026
zcrm_5436421000135227504,Wide Net - May 2026
zcrm_5436421000135227957,Wide Net - May 2026
zcrm_5436421000135228017,Wide Net - May 2026
zcrm_5436421000135228138,Wide Net - May 2026
zcrm_5436421000135228172,Wide Net - May 2026
zcrm_5436421000135228604,Wide Net - May 2026
zcrm_5436421000135228941,Wide Net - May 2026
zcrm_5436421000135229037,Wide Net - May 2026
zcrm_5436421000135229098,Wide Net - May 2026
zcrm_5436421000135229454,Wide Net - May 2026
zcrm_5436421000135229476,Wide Net - May 2026
zcrm_5436421000135229636,Wide Net - May 2026
zcrm_5436421000135229951,Wide Net - May 2026
zcrm_5436421000135229955,Wide Net - May 2026
zcrm_5436421000135229971,Wide Net - May 2026
zcrm_5436421000135230053,Wide Net - May 2026
zcrm_5436421000135230075,Wide Net - May 2026
zcrm_5436421000135230131,Wide Net - May 2026
zcrm_5436421000135230163,Wide Net - May 2026
zcrm_5436421000135230461,Wide Net - May 2026
zcrm_5436421000135230470,Wide Net - May 2026
zcrm_5436421000135230519,Wide Net - May 2026
zcrm_5436421000135230526,Wide Net - May 2026
zcrm_5436421000135230539,Wide Net - May 2026
zcrm_5436421000135230577,Wide Net - May 2026
zcrm_5436421000135231065,Wide Net - May 2026
zcrm_5436421000135231492,Wide Net - May 2026
zcrm_5436421000135231578,Wide Net - May 2026
zcrm_5436421000135231643,Wide Net - May 2026
zcrm_5436421000135231663,Wide Net - May 2026
zcrm_5436421000135231687,Wide Net - May 2026
zcrm_5436421000135231939,Wide Net - May 2026
zcrm_5436421000135232065,Wide Net - May 2026
zcrm_5436421000135232457,Wide Net - May 2026
zcrm_5436421000135232502,Wide Net - May 2026
zcrm_5436421000135232558,Wide Net - May 2026
zcrm_5436421000135232561,Wide Net - May 2026
zcrm_5436421000135232597,Wide Net - May 2026
zcrm_5436421000135232608,Wide Net - May 2026
zcrm_5436421000135232620,Wide Net - May 2026
zcrm_5436421000135232673,Wide Net - May 2026
zcrm_5436421000135233050,Wide Net - May 2026
zcrm_5436421000135233518,Wide Net - May 2026
zcrm_5436421000135233639,Wide Net - May 2026
zcrm_5436421000135234016,Wide Net - May 2026
zcrm_5436421000135235073,Wide Net - May 2026
zcrm_5436421000135077359,Wide Net - May 2026
zcrm_5436421000135077712,Wide Net - May 2026
zcrm_5436421000135127215,Wide Net - May 2026
zcrm_5436421000135194451,Wide Net - May 2026
zcrm_5436421000135194719,Wide Net - May 2026
zcrm_5436421000135200108,Wide Net - May 2026
zcrm_5436421000135200537,Wide Net - May 2026
zcrm_5436421000135201583,Wide Net - May 2026
zcrm_5436421000135202179,Wide Net - May 2026
zcrm_5436421000135202588,Wide Net - May 2026
zcrm_5436421000135203447,Wide Net - May 2026
zcrm_5436421000135203517,Wide Net - May 2026
zcrm_5436421000135203987,Wide Net - May 2026
zcrm_5436421000135204502,Wide Net - May 2026
zcrm_5436421000135204992,Wide Net - May 2026
zcrm_5436421000135205126,Wide Net - May 2026
zcrm_5436421000135205170,Wide Net - May 2026
zcrm_5436421000135206050,Wide Net - May 2026
zcrm_5436421000135206059,Wide Net - May 2026
zcrm_5436421000135206069,Wide Net - May 2026
zcrm_5436421000135206085,Wide Net - May 2026
zcrm_5436421000135206507,Wide Net - May 2026
zcrm_5436421000135206541,Wide Net - May 2026
zcrm_5436421000135206960,Wide Net - May 2026
zcrm_5436421000135207035,Wide Net - May 2026
zcrm_5436421000135208110,Wide Net - May 2026
zcrm_5436421000135208627,Wide Net - May 2026
zcrm_5436421000135209666,Wide Net - May 2026
zcrm_5436421000135210528,Wide Net - May 2026
zcrm_5436421000135210597,Wide Net - May 2026
zcrm_5436421000135211536,Wide Net - May 2026
zcrm_5436421000135211998,Wide Net - May 2026
zcrm_5436421000135212554,Wide Net - May 2026
zcrm_5436421000135212638,Wide Net - May 2026
zcrm_5436421000135212685,Wide Net - May 2026
zcrm_5436421000135212959,Wide Net - May 2026
zcrm_5436421000135213081,Wide Net - May 2026
zcrm_5436421000135213098,Wide Net - May 2026
zcrm_5436421000135213131,Wide Net - May 2026
zcrm_5436421000135213550,Wide Net - May 2026
zcrm_5436421000135213587,Wide Net - May 2026
zcrm_5436421000135214047,Wide Net - May 2026
zcrm_5436421000135214072,Wide Net - May 2026
zcrm_5436421000135214439,Wide Net - May 2026
zcrm_5436421000135214474,Wide Net - May 2026
zcrm_5436421000135214611,Wide Net - May 2026
zcrm_5436421000135215183,Wide Net - May 2026
zcrm_5436421000135215498,Wide Net - May 2026
zcrm_5436421000135215566,Wide Net - May 2026
zcrm_5436421000135216066,Wide Net - May 2026
zcrm_5436421000135216082,Wide Net - May 2026
zcrm_5436421000135216549,Wide Net - May 2026
zcrm_5436421000135217062,Wide Net - May 2026
zcrm_5436421000135217103,Wide Net - May 2026
zcrm_5436421000135217540,Wide Net - May 2026
zcrm_5436421000135217564,Wide Net - May 2026
zcrm_5436421000135217582,Wide Net - May 2026
zcrm_5436421000135217977,Wide Net - May 2026
zcrm_5436421000135218015,Wide Net - May 2026
zcrm_5436421000135218520,Wide Net - May 2026
zcrm_5436421000135219003,Wide Net - May 2026
zcrm_5436421000135219069,Wide Net - May 2026
zcrm_5436421000135219442,Wide Net - May 2026
zcrm_5436421000135219573,Wide Net - May 2026
zcrm_5436421000135219599,Wide Net - May 2026
zcrm_5436421000135219646,Wide Net - May 2026
zcrm_5436421000135220662,Wide Net - May 2026
zcrm_5436421000135221053,Wide Net - May 2026
zcrm_5436421000135221131,Wide Net - May 2026
zcrm_5436421000135221162,Wide Net - May 2026
zcrm_5436421000135221464,Wide Net - May 2026
zcrm_5436421000135221650,Wide Net - May 2026
zcrm_5436421000135222041,Wide Net - May 2026
zcrm_5436421000135222051,Wide Net - May 2026
zcrm_5436421000135222128,Wide Net - May 2026
zcrm_5436421000135222172,Wide Net - May 2026
zcrm_5436421000135222521,Wide Net - May 2026
zcrm_5436421000135222560,Wide Net - May 2026
zcrm_5436421000135222606,Wide Net - May 2026
zcrm_5436421000135223067,Wide Net - May 2026
zcrm_5436421000135223134,Wide Net - May 2026
zcrm_5436421000135223144,Wide Net - May 2026
zcrm_5436421000135223181,Wide Net - May 2026
zcrm_5436421000135223992,Wide Net - May 2026
zcrm_5436421000135224043,Wide Net - May 2026
zcrm_5436421000135224444,Wide Net - May 2026
zcrm_5436421000135224451,Wide Net - May 2026
zcrm_5436421000135224613,Wide Net - May 2026
zcrm_5436421000135225059,Wide Net - May 2026
zcrm_5436421000135225169,Wide Net - May 2026
zcrm_5436421000135225528,Wide Net - May 2026
zcrm_5436421000135226489,Wide Net - May 2026
zcrm_5436421000135226577,Wide Net - May 2026
zcrm_5436421000135227026,Wide Net - May 2026
zcrm_5436421000135227056,Wide Net - May 2026
zcrm_5436421000135227086,Wide Net - May 2026
zcrm_5436421000135227483,Wide Net - May 2026
zcrm_5436421000135227643,Wide Net - May 2026
zcrm_5436421000135228130,Wide Net - May 2026
zcrm_5436421000135228643,Wide Net - May 2026
zcrm_5436421000135228979,Wide Net - May 2026
zcrm_5436421000135229049,Wide Net - May 2026
zcrm_5436421000135229570,Wide Net - May 2026
zcrm_5436421000135229674,Wide Net - May 2026
zcrm_5436421000135229941,Wide Net - May 2026
zcrm_5436421000135230183,Wide Net - May 2026
zcrm_5436421000135230528,Wide Net - May 2026
zcrm_5436421000135230554,Wide Net - May 2026
zcrm_5436421000135230565,Wide Net - May 2026
zcrm_5436421000135230962,Wide Net - May 2026
zcrm_5436421000135232071,Wide Net - May 2026
zcrm_5436421000135232158,Wide Net - May 2026
zcrm_5436421000135232955,Wide Net - May 2026
zcrm_5436421000135233065,Wide Net - May 2026
zcrm_5436421000135233160,Wide Net - May 2026
zcrm_5436421000135233587,Wide Net - May 2026
zcrm_5436421000135233668,Wide Net - May 2026
zcrm_5436421000135234638,Wide Net - May 2026
zcrm_5436421000135234973,Wide Net - May 2026
zcrm_5436421000135234988,Wide Net - May 2026
zcrm_5436421000135234992,Wide Net - May 2026
zcrm_5436421000135235062,Wide Net - May 2026
zcrm_5436421000135057943,Wide Net - May 2026
zcrm_5436421000135057952,Wide Net - May 2026
zcrm_5436421000135057953,Wide Net - May 2026
zcrm_5436421000135057954,Wide Net - May 2026
zcrm_5436421000135077235,Wide Net - May 2026
zcrm_5436421000135077319,Wide Net - May 2026
zcrm_5436421000135077334,Wide Net - May 2026
zcrm_5436421000135077820,Wide Net - May 2026
zcrm_5436421000135127202,Wide Net - May 2026
zcrm_5436421000135194328,Wide Net - May 2026
zcrm_5436421000135200083,Wide Net - May 2026
zcrm_5436421000135200085,Wide Net - May 2026
zcrm_5436421000135200450,Wide Net - May 2026
zcrm_5436421000135200452,Wide Net - May 2026
zcrm_5436421000135200459,Wide Net - May 2026
zcrm_5436421000135200504,Wide Net - May 2026
zcrm_5436421000135200639,Wide Net - May 2026
zcrm_5436421000135200985,Wide Net - May 2026
zcrm_5436421000135201115,Wide Net - May 2026
zcrm_5436421000135201180,Wide Net - May 2026
zcrm_5436421000135201938,Wide Net - May 2026
zcrm_5436421000135201946,Wide Net - May 2026
zcrm_5436421000135202002,Wide Net - May 2026
zcrm_5436421000135202114,Wide Net - May 2026
zcrm_5436421000135202973,Wide Net - May 2026
zcrm_5436421000135203022,Wide Net - May 2026
zcrm_5436421000135203571,Wide Net - May 2026
zcrm_5436421000135203664,Wide Net - May 2026
zcrm_5436421000135203686,Wide Net - May 2026
zcrm_5436421000135203958,Wide Net - May 2026
zcrm_5436421000135204069,Wide Net - May 2026
zcrm_5436421000135204112,Wide Net - May 2026
zcrm_5436421000135204675,Wide Net - May 2026
zcrm_5436421000135204676,Wide Net - May 2026
zcrm_5436421000135204956,Wide Net - May 2026
zcrm_5436421000135205123,Wide Net - May 2026
zcrm_5436421000135205128,Wide Net - May 2026
zcrm_5436421000135205627,Wide Net - May 2026
zcrm_5436421000135205973,Wide Net - May 2026
zcrm_5436421000135206449,Wide Net - May 2026
zcrm_5436421000135206477,Wide Net - May 2026
zcrm_5436421000135206597,Wide Net - May 2026
zcrm_5436421000135206628,Wide Net - May 2026
zcrm_5436421000135206672,Wide Net - May 2026
zcrm_5436421000135206986,Wide Net - May 2026
zcrm_5436421000135207117,Wide Net - May 2026
zcrm_5436421000135207156,Wide Net - May 2026
zcrm_5436421000135208492,Wide Net - May 2026
zcrm_5436421000135208521,Wide Net - May 2026
zcrm_5436421000135208649,Wide Net - May 2026
zcrm_5436421000135209144,Wide Net - May 2026
zcrm_5436421000135209466,Wide Net - May 2026
zcrm_5436421000135209629,Wide Net - May 2026
zcrm_5436421000135210520,Wide Net - May 2026
zcrm_5436421000135211014,Wide Net - May 2026
zcrm_5436421000135211187,Wide Net - May 2026
zcrm_5436421000135211672,Wide Net - May 2026
zcrm_5436421000135211971,Wide Net - May 2026
zcrm_5436421000135211976,Wide Net - May 2026
zcrm_5436421000135211979,Wide Net - May 2026
zcrm_5436421000135212149,Wide Net - May 2026
zcrm_5436421000135212517,Wide Net - May 2026
zcrm_5436421000135212530,Wide Net - May 2026
zcrm_5436421000135212580,Wide Net - May 2026
zcrm_5436421000135212585,Wide Net - May 2026
zcrm_5436421000135212961,Wide Net - May 2026
zcrm_5436421000135213007,Wide Net - May 2026
zcrm_5436421000135213616,Wide Net - May 2026
zcrm_5436421000135213636,Wide Net - May 2026
zcrm_5436421000135214515,Wide Net - May 2026
zcrm_5436421000135214558,Wide Net - May 2026
zcrm_5436421000135214637,Wide Net - May 2026
zcrm_5436421000135214961,Wide Net - May 2026
zcrm_5436421000135215449,Wide Net - May 2026
zcrm_5436421000135215545,Wide Net - May 2026
zcrm_5436421000135215573,Wide Net - May 2026
zcrm_5436421000135215579,Wide Net - May 2026
zcrm_5436421000135216148,Wide Net - May 2026
zcrm_5436421000135216632,Wide Net - May 2026
zcrm_5436421000135217186,Wide Net - May 2026
zcrm_5436421000135217610,Wide Net - May 2026
zcrm_5436421000135217679,Wide Net - May 2026
zcrm_5436421000135218549,Wide Net - May 2026
zcrm_5436421000135218946,Wide Net - May 2026
zcrm_5436421000135219443,Wide Net - May 2026
zcrm_5436421000135220005,Wide Net - May 2026
zcrm_5436421000135220128,Wide Net - May 2026
zcrm_5436421000135220667,Wide Net - May 2026
zcrm_5436421000135221085,Wide Net - May 2026
zcrm_5436421000135221147,Wide Net - May 2026
zcrm_5436421000135221471,Wide Net - May 2026
zcrm_5436421000135221596,Wide Net - May 2026
zcrm_5436421000135221951,Wide Net - May 2026
zcrm_5436421000135222081,Wide Net - May 2026
zcrm_5436421000135222526,Wide Net - May 2026
zcrm_5436421000135222640,Wide Net - May 2026
zcrm_5436421000135223079,Wide Net - May 2026
zcrm_5436421000135224480,Wide Net - May 2026
zcrm_5436421000135224543,Wide Net - May 2026
zcrm_5436421000135224687,Wide Net - May 2026
zcrm_5436421000135225652,Wide Net - May 2026
zcrm_5436421000135225669,Wide Net - May 2026
zcrm_5436421000135226017,Wide Net - May 2026
zcrm_5436421000135226476,Wide Net - May 2026
zcrm_5436421000135226510,Wide Net - May 2026
zcrm_5436421000135227123,Wide Net - May 2026
zcrm_5436421000135227539,Wide Net - May 2026
zcrm_5436421000135227648,Wide Net - May 2026
zcrm_5436421000135228107,Wide Net - May 2026
zcrm_5436421000135228161,Wide Net - May 2026
zcrm_5436421000135228482,Wide Net - May 2026
zcrm_5436421000135228610,Wide Net - May 2026
zcrm_5436421000135228642,Wide Net - May 2026
zcrm_5436421000135228999,Wide Net - May 2026
zcrm_5436421000135229116,Wide Net - May 2026
zcrm_5436421000135229502,Wide Net - May 2026
zcrm_5436421000135229512,Wide Net - May 2026
zcrm_5436421000135229656,Wide Net - May 2026
zcrm_5436421000135230031,Wide Net - May 2026
zcrm_5436421000135230063,Wide Net - May 2026
zcrm_5436421000135230077,Wide Net - May 2026
zcrm_5436421000135230474,Wide Net - May 2026
zcrm_5436421000135230945,Wide Net - May 2026
zcrm_5436421000135231468,Wide Net - May 2026
zcrm_5436421000135231487,Wide Net - May 2026
zcrm_5436421000135232047,Wide Net - May 2026
zcrm_5436421000135232171,Wide Net - May 2026
zcrm_5436421000135232570,Wide Net - May 2026
zcrm_5436421000135233563,Wide Net - May 2026
zcrm_5436421000135234469,Wide Net - May 2026
zcrm_5436421000135234666,Wide Net - May 2026
zcrm_5436421000135077752,Wide Net - May 2026
zcrm_5436421000135077817,Wide Net - May 2026
zcrm_5436421000135077839,Wide Net - May 2026
zcrm_5436421000135077879,Wide Net - May 2026
zcrm_5436421000135127189,Wide Net - May 2026
zcrm_5436421000135194397,Wide Net - May 2026
zcrm_5436421000135194750,Wide Net - May 2026
zcrm_5436421000135194811,Wide Net - May 2026
zcrm_5436421000135201495,Wide Net - May 2026
zcrm_5436421000135201653,Wide Net - May 2026
zcrm_5436421000135201663,Wide Net - May 2026
zcrm_5436421000135202039,Wide Net - May 2026
zcrm_5436421000135202147,Wide Net - May 2026
zcrm_5436421000135202180,Wide Net - May 2026
zcrm_5436421000135202594,Wide Net - May 2026
zcrm_5436421000135202948,Wide Net - May 2026
zcrm_5436421000135203035,Wide Net - May 2026
zcrm_5436421000135203072,Wide Net - May 2026
zcrm_5436421000135203096,Wide Net - May 2026
zcrm_5436421000135203479,Wide Net - May 2026
zcrm_5436421000135204073,Wide Net - May 2026
zcrm_5436421000135204142,Wide Net - May 2026
zcrm_5436421000135204454,Wide Net - May 2026
zcrm_5436421000135204518,Wide Net - May 2026
zcrm_5436421000135204580,Wide Net - May 2026
zcrm_5436421000135204624,Wide Net - May 2026
zcrm_5436421000135204630,Wide Net - May 2026
zcrm_5436421000135204984,Wide Net - May 2026
zcrm_5436421000135205005,Wide Net - May 2026
zcrm_5436421000135205120,Wide Net - May 2026
zcrm_5436421000135205503,Wide Net - May 2026
zcrm_5436421000135205646,Wide Net - May 2026
zcrm_5436421000135205661,Wide Net - May 2026
zcrm_5436421000135205951,Wide Net - May 2026
zcrm_5436421000135205970,Wide Net - May 2026
zcrm_5436421000135206119,Wide Net - May 2026
zcrm_5436421000135206559,Wide Net - May 2026
zcrm_5436421000135206961,Wide Net - May 2026
zcrm_5436421000135208642,Wide Net - May 2026
zcrm_5436421000135208653,Wide Net - May 2026
zcrm_5436421000135209052,Wide Net - May 2026
zcrm_5436421000135209124,Wide Net - May 2026
zcrm_5436421000135209150,Wide Net - May 2026
zcrm_5436421000135209176,Wide Net - May 2026
zcrm_5436421000135209480,Wide Net - May 2026
zcrm_5436421000135209558,Wide Net - May 2026
zcrm_5436421000135209584,Wide Net - May 2026
zcrm_5436421000135209616,Wide Net - May 2026
zcrm_5436421000135209651,Wide Net - May 2026
zcrm_5436421000135209938,Wide Net - May 2026
zcrm_5436421000135210064,Wide Net - May 2026
zcrm_5436421000135210487,Wide Net - May 2026
zcrm_5436421000135210627,Wide Net - May 2026
zcrm_5436421000135210970,Wide Net - May 2026
zcrm_5436421000135210999,Wide Net - May 2026
zcrm_5436421000135211081,Wide Net - May 2026
zcrm_5436421000135212103,Wide Net - May 2026
zcrm_5436421000135212112,Wide Net - May 2026
zcrm_5436421000135212647,Wide Net - May 2026
zcrm_5436421000135212651,Wide Net - May 2026
zcrm_5436421000135214657,Wide Net - May 2026
zcrm_5436421000135215104,Wide Net - May 2026
zcrm_5436421000135215128,Wide Net - May 2026
zcrm_5436421000135215578,Wide Net - May 2026
zcrm_5436421000135215647,Wide Net - May 2026
zcrm_5436421000135215685,Wide Net - May 2026
zcrm_5436421000135216056,Wide Net - May 2026
zcrm_5436421000135216471,Wide Net - May 2026
zcrm_5436421000135216593,Wide Net - May 2026
zcrm_5436421000135216616,Wide Net - May 2026
zcrm_5436421000135217108,Wide Net - May 2026
zcrm_5436421000135217113,Wide Net - May 2026
zcrm_5436421000135217444,Wide Net - May 2026
zcrm_5436421000135217512,Wide Net - May 2026
zcrm_5436421000135218090,Wide Net - May 2026
zcrm_5436421000135218160,Wide Net - May 2026
zcrm_5436421000135219464,Wide Net - May 2026
zcrm_5436421000135219469,Wide Net - May 2026
zcrm_5436421000135219522,Wide Net - May 2026
zcrm_5436421000135219571,Wide Net - May 2026
zcrm_5436421000135219607,Wide Net - May 2026
zcrm_5436421000135219938,Wide Net - May 2026
zcrm_5436421000135220044,Wide Net - May 2026
zcrm_5436421000135220529,Wide Net - May 2026
zcrm_5436421000135220641,Wide Net - May 2026
zcrm_5436421000135221025,Wide Net - May 2026
zcrm_5436421000135221125,Wide Net - May 2026
zcrm_5436421000135221166,Wide Net - May 2026
zcrm_5436421000135221517,Wide Net - May 2026
zcrm_5436421000135221612,Wide Net - May 2026
zcrm_5436421000135221981,Wide Net - May 2026
zcrm_5436421000135222063,Wide Net - May 2026
zcrm_5436421000135222520,Wide Net - May 2026
zcrm_5436421000135222549,Wide Net - May 2026
zcrm_5436421000135222678,Wide Net - May 2026
zcrm_5436421000135223016,Wide Net - May 2026
zcrm_5436421000135223062,Wide Net - May 2026
zcrm_5436421000135223080,Wide Net - May 2026
zcrm_5436421000135224021,Wide Net - May 2026
zcrm_5436421000135224052,Wide Net - May 2026
zcrm_5436421000135224569,Wide Net - May 2026
zcrm_5436421000135224976,Wide Net - May 2026
zcrm_5436421000135225092,Wide Net - May 2026
zcrm_5436421000135225097,Wide Net - May 2026
zcrm_5436421000135225465,Wide Net - May 2026
zcrm_5436421000135226529,Wide Net - May 2026
zcrm_5436421000135226562,Wide Net - May 2026
zcrm_5436421000135227050,Wide Net - May 2026
zcrm_5436421000135227090,Wide Net - May 2026
zcrm_5436421000135227608,Wide Net - May 2026
zcrm_5436421000135227671,Wide Net - May 2026
zcrm_5436421000135227997,Wide Net - May 2026
zcrm_5436421000135228550,Wide Net - May 2026
zcrm_5436421000135228964,Wide Net - May 2026
zcrm_5436421000135229019,Wide Net - May 2026
zcrm_5436421000135229081,Wide Net - May 2026
zcrm_5436421000135229178,Wide Net - May 2026
zcrm_5436421000135229665,Wide Net - May 2026
zcrm_5436421000135230059,Wide Net - May 2026
zcrm_5436421000135230113,Wide Net - May 2026
zcrm_5436421000135230137,Wide Net - May 2026
zcrm_5436421000135230439,Wide Net - May 2026
zcrm_5436421000135231440,Wide Net - May 2026
zcrm_5436421000135232155,Wide Net - May 2026
zcrm_5436421000135232170,Wide Net - May 2026
zcrm_5436421000135232622,Wide Net - May 2026
zcrm_5436421000135233986,Wide Net - May 2026
zcrm_5436421000135234068,Wide Net - May 2026
zcrm_5436421000135234077,Wide Net - May 2026
zcrm_5436421000135234475,Wide Net - May 2026
zcrm_5436421000135234502,Wide Net - May 2026
zcrm_5436421000135077880,Wide Net - May 2026
zcrm_5436421000135127162,Wide Net - May 2026
zcrm_5436421000135127166,Wide Net - May 2026
zcrm_5436421000135127198,Wide Net - May 2026
zcrm_5436421000135200186,Wide Net - May 2026
zcrm_5436421000135200654,Wide Net - May 2026
zcrm_5436421000135201103,Wide Net - May 2026
zcrm_5436421000135201543,Wide Net - May 2026
zcrm_5436421000135202015,Wide Net - May 2026
zcrm_5436421000135202474,Wide Net - May 2026
zcrm_5436421000135202601,Wide Net - May 2026
zcrm_5436421000135203047,Wide Net - May 2026
zcrm_5436421000135203592,Wide Net - May 2026
zcrm_5436421000135203632,Wide Net - May 2026
zcrm_5436421000135203993,Wide Net - May 2026
zcrm_5436421000135204080,Wide Net - May 2026
zcrm_5436421000135205116,Wide Net - May 2026
zcrm_5436421000135206060,Wide Net - May 2026
zcrm_5436421000135206467,Wide Net - May 2026
zcrm_5436421000135207178,Wide Net - May 2026
zcrm_5436421000135207457,Wide Net - May 2026
zcrm_5436421000135207558,Wide Net - May 2026
zcrm_5436421000135208534,Wide Net - May 2026
zcrm_5436421000135208638,Wide Net - May 2026
zcrm_5436421000135209006,Wide Net - May 2026
zcrm_5436421000135209058,Wide Net - May 2026
zcrm_5436421000135209568,Wide Net - May 2026
zcrm_5436421000135210462,Wide Net - May 2026
zcrm_5436421000135211942,Wide Net - May 2026
zcrm_5436421000135212154,Wide Net - May 2026
zcrm_5436421000135212576,Wide Net - May 2026
zcrm_5436421000135212637,Wide Net - May 2026
zcrm_5436421000135212659,Wide Net - May 2026
zcrm_5436421000135212962,Wide Net - May 2026
zcrm_5436421000135212979,Wide Net - May 2026
zcrm_5436421000135214140,Wide Net - May 2026
zcrm_5436421000135214170,Wide Net - May 2026
zcrm_5436421000135215475,Wide Net - May 2026
zcrm_5436421000135215625,Wide Net - May 2026
zcrm_5436421000135216077,Wide Net - May 2026
zcrm_5436421000135216083,Wide Net - May 2026
zcrm_5436421000135216084,Wide Net - May 2026
zcrm_5436421000135216089,Wide Net - May 2026
zcrm_5436421000135216122,Wide Net - May 2026
zcrm_5436421000135217067,Wide Net - May 2026
zcrm_5436421000135217544,Wide Net - May 2026
zcrm_5436421000135217607,Wide Net - May 2026
zcrm_5436421000135217651,Wide Net - May 2026
zcrm_5436421000135217973,Wide Net - May 2026
zcrm_5436421000135218073,Wide Net - May 2026
zcrm_5436421000135218480,Wide Net - May 2026
zcrm_5436421000135218530,Wide Net - May 2026
zcrm_5436421000135219018,Wide Net - May 2026
zcrm_5436421000135219162,Wide Net - May 2026
zcrm_5436421000135219474,Wide Net - May 2026
zcrm_5436421000135219612,Wide Net - May 2026
zcrm_5436421000135219685,Wide Net - May 2026
zcrm_5436421000135220085,Wide Net - May 2026
zcrm_5436421000135220112,Wide Net - May 2026
zcrm_5436421000135221456,Wide Net - May 2026
zcrm_5436421000135222595,Wide Net - May 2026
zcrm_5436421000135222627,Wide Net - May 2026
zcrm_5436421000135222632,Wide Net - May 2026
zcrm_5436421000135222636,Wide Net - May 2026
zcrm_5436421000135222645,Wide Net - May 2026
zcrm_5436421000135222973,Wide Net - May 2026
zcrm_5436421000135222975,Wide Net - May 2026
zcrm_5436421000135223001,Wide Net - May 2026
zcrm_5436421000135223019,Wide Net - May 2026
zcrm_5436421000135223086,Wide Net - May 2026
zcrm_5436421000135223087,Wide Net - May 2026
zcrm_5436421000135223088,Wide Net - May 2026
zcrm_5436421000135223117,Wide Net - May 2026
zcrm_5436421000135223488,Wide Net - May 2026
zcrm_5436421000135223550,Wide Net - May 2026
zcrm_5436421000135224477,Wide Net - May 2026
zcrm_5436421000135224519,Wide Net - May 2026
zcrm_5436421000135224579,Wide Net - May 2026
zcrm_5436421000135225030,Wide Net - May 2026
zcrm_5436421000135225073,Wide Net - May 2026
zcrm_5436421000135225180,Wide Net - May 2026
zcrm_5436421000135225541,Wide Net - May 2026
zcrm_5436421000135225570,Wide Net - May 2026
zcrm_5436421000135226006,Wide Net - May 2026
zcrm_5436421000135226028,Wide Net - May 2026
zcrm_5436421000135226101,Wide Net - May 2026
zcrm_5436421000135226941,Wide Net - May 2026
zcrm_5436421000135227012,Wide Net - May 2026
zcrm_5436421000135227020,Wide Net - May 2026
zcrm_5436421000135227024,Wide Net - May 2026
zcrm_5436421000135227027,Wide Net - May 2026
zcrm_5436421000135227057,Wide Net - May 2026
zcrm_5436421000135227165,Wide Net - May 2026
zcrm_5436421000135227546,Wide Net - May 2026
zcrm_5436421000135227651,Wide Net - May 2026
zcrm_5436421000135227663,Wide Net - May 2026
zcrm_5436421000135228011,Wide Net - May 2026
zcrm_5436421000135228476,Wide Net - May 2026
zcrm_5436421000135228949,Wide Net - May 2026
zcrm_5436421000135229056,Wide Net - May 2026
zcrm_5436421000135229095,Wide Net - May 2026
zcrm_5436421000135229493,Wide Net - May 2026
zcrm_5436421000135229942,Wide Net - May 2026
zcrm_5436421000135230563,Wide Net - May 2026
zcrm_5436421000135230574,Wide Net - May 2026
zcrm_5436421000135230583,Wide Net - May 2026
zcrm_5436421000135230972,Wide Net - May 2026
zcrm_5436421000135231150,Wide Net - May 2026
zcrm_5436421000135231464,Wide Net - May 2026
zcrm_5436421000135231673,Wide Net - May 2026
zcrm_5436421000135231954,Wide Net - May 2026
zcrm_5436421000135232068,Wide Net - May 2026
zcrm_5436421000135232115,Wide Net - May 2026
zcrm_5436421000135232471,Wide Net - May 2026
zcrm_5436421000135233070,Wide Net - May 2026
zcrm_5436421000135234049,Wide Net - May 2026
zcrm_5436421000135234061,Wide Net - May 2026
zcrm_5436421000135234483,Wide Net - May 2026
zcrm_5436421000135234591,Wide Net - May 2026
zcrm_5436421000135234657,Wide Net - May 2026
zcrm_5436421000135235136,Wide Net - May 2026
zcrm_5436421000135077244,Wide Net - May 2026
zcrm_5436421000135077338,Wide Net - May 2026
zcrm_5436421000135077396,Wide Net - May 2026
zcrm_5436421000135077858,Wide Net - May 2026
zcrm_5436421000135194215,Wide Net - May 2026
zcrm_5436421000135194334,Wide Net - May 2026
zcrm_5436421000135200032,Wide Net - May 2026
zcrm_5436421000135200478,Wide Net - May 2026
zcrm_5436421000135200584,Wide Net - May 2026
zcrm_5436421000135200950,Wide Net - May 2026
zcrm_5436421000135200973,Wide Net - May 2026
zcrm_5436421000135200997,Wide Net - May 2026
zcrm_5436421000135201006,Wide Net - May 2026
zcrm_5436421000135201035,Wide Net - May 2026
zcrm_5436421000135201124,Wide Net - May 2026
zcrm_5436421000135201141,Wide Net - May 2026
zcrm_5436421000135201158,Wide Net - May 2026
zcrm_5436421000135201450,Wide Net - May 2026
zcrm_5436421000135201524,Wide Net - May 2026
zcrm_5436421000135201542,Wide Net - May 2026
zcrm_5436421000135202063,Wide Net - May 2026
zcrm_5436421000135202575,Wide Net - May 2026
zcrm_5436421000135202623,Wide Net - May 2026
zcrm_5436421000135203618,Wide Net - May 2026
zcrm_5436421000135203950,Wide Net - May 2026
zcrm_5436421000135203967,Wide Net - May 2026
zcrm_5436421000135204525,Wide Net - May 2026
zcrm_5436421000135205182,Wide Net - May 2026
zcrm_5436421000135205446,Wide Net - May 2026
zcrm_5436421000135205466,Wide Net - May 2026
zcrm_5436421000135205551,Wide Net - May 2026
zcrm_5436421000135205998,Wide Net - May 2026
zcrm_5436421000135206172,Wide Net - May 2026
zcrm_5436421000135206450,Wide Net - May 2026
zcrm_5436421000135206454,Wide Net - May 2026
zcrm_5436421000135206544,Wide Net - May 2026
zcrm_5436421000135206965,Wide Net - May 2026
zcrm_5436421000135207567,Wide Net - May 2026
zcrm_5436421000135207577,Wide Net - May 2026
zcrm_5436421000135208489,Wide Net - May 2026
zcrm_5436421000135208595,Wide Net - May 2026
zcrm_5436421000135208677,Wide Net - May 2026
zcrm_5436421000135209114,Wide Net - May 2026
zcrm_5436421000135209552,Wide Net - May 2026
zcrm_5436421000135209655,Wide Net - May 2026
zcrm_5436421000135210466,Wide Net - May 2026
zcrm_5436421000135211012,Wide Net - May 2026
zcrm_5436421000135211121,Wide Net - May 2026
zcrm_5436421000135211462,Wide Net - May 2026
zcrm_5436421000135211498,Wide Net - May 2026
zcrm_5436421000135212042,Wide Net - May 2026
zcrm_5436421000135212579,Wide Net - May 2026
zcrm_5436421000135213518,Wide Net - May 2026
zcrm_5436421000135213651,Wide Net - May 2026
zcrm_5436421000135213661,Wide Net - May 2026
zcrm_5436421000135213941,Wide Net - May 2026
zcrm_5436421000135213974,Wide Net - May 2026
zcrm_5436421000135214061,Wide Net - May 2026
zcrm_5436421000135214469,Wide Net - May 2026
zcrm_5436421000135214501,Wide Net - May 2026
zcrm_5436421000135214565,Wide Net - May 2026
zcrm_5436421000135215129,Wide Net - May 2026
zcrm_5436421000135215457,Wide Net - May 2026
zcrm_5436421000135215549,Wide Net - May 2026
zcrm_5436421000135216033,Wide Net - May 2026
zcrm_5436421000135217147,Wide Net - May 2026
zcrm_5436421000135217166,Wide Net - May 2026
zcrm_5436421000135217513,Wide Net - May 2026
zcrm_5436421000135217641,Wide Net - May 2026
zcrm_5436421000135218045,Wide Net - May 2026
zcrm_5436421000135218477,Wide Net - May 2026
zcrm_5436421000135218498,Wide Net - May 2026
zcrm_5436421000135218585,Wide Net - May 2026
zcrm_5436421000135218648,Wide Net - May 2026
zcrm_5436421000135219087,Wide Net - May 2026
zcrm_5436421000135219167,Wide Net - May 2026
zcrm_5436421000135219506,Wide Net - May 2026
zcrm_5436421000135220575,Wide Net - May 2026
zcrm_5436421000135220590,Wide Net - May 2026
zcrm_5436421000135221128,Wide Net - May 2026
zcrm_5436421000135221171,Wide Net - May 2026
zcrm_5436421000135221177,Wide Net - May 2026
zcrm_5436421000135221475,Wide Net - May 2026
zcrm_5436421000135221581,Wide Net - May 2026
zcrm_5436421000135221621,Wide Net - May 2026
zcrm_5436421000135222071,Wide Net - May 2026
zcrm_5436421000135222126,Wide Net - May 2026
zcrm_5436421000135222135,Wide Net - May 2026
zcrm_5436421000135222160,Wide Net - May 2026
zcrm_5436421000135223183,Wide Net - May 2026
zcrm_5436421000135223492,Wide Net - May 2026
zcrm_5436421000135223582,Wide Net - May 2026
zcrm_5436421000135223643,Wide Net - May 2026
zcrm_5436421000135223661,Wide Net - May 2026
zcrm_5436421000135223680,Wide Net - May 2026
zcrm_5436421000135223985,Wide Net - May 2026
zcrm_5436421000135224027,Wide Net - May 2026
zcrm_5436421000135224051,Wide Net - May 2026
zcrm_5436421000135224185,Wide Net - May 2026
zcrm_5436421000135224443,Wide Net - May 2026
zcrm_5436421000135224576,Wide Net - May 2026
zcrm_5436421000135224658,Wide Net - May 2026
zcrm_5436421000135225021,Wide Net - May 2026
zcrm_5436421000135225026,Wide Net - May 2026
zcrm_5436421000135225130,Wide Net - May 2026
zcrm_5436421000135225136,Wide Net - May 2026
zcrm_5436421000135225463,Wide Net - May 2026
zcrm_5436421000135225490,Wide Net - May 2026
zcrm_5436421000135225496,Wide Net - May 2026
zcrm_5436421000135225562,Wide Net - May 2026
zcrm_5436421000135225580,Wide Net - May 2026
zcrm_5436421000135225613,Wide Net - May 2026
zcrm_5436421000135225615,Wide Net - May 2026
zcrm_5436421000135225678,Wide Net - May 2026
zcrm_5436421000135226460,Wide Net - May 2026
zcrm_5436421000135226474,Wide Net - May 2026
zcrm_5436421000135226545,Wide Net - May 2026
zcrm_5436421000135226580,Wide Net - May 2026
zcrm_5436421000135226587,Wide Net - May 2026
zcrm_5436421000135226994,Wide Net - May 2026
zcrm_5436421000135227105,Wide Net - May 2026
zcrm_5436421000135227178,Wide Net - May 2026
zcrm_5436421000135227553,Wide Net - May 2026
zcrm_5436421000135227980,Wide Net - May 2026
zcrm_5436421000135228021,Wide Net - May 2026
zcrm_5436421000135228067,Wide Net - May 2026
zcrm_5436421000135228451,Wide Net - May 2026
zcrm_5436421000135228632,Wide Net - May 2026
zcrm_5436421000135228674,Wide Net - May 2026
zcrm_5436421000135228950,Wide Net - May 2026
zcrm_5436421000135229018,Wide Net - May 2026
zcrm_5436421000135229029,Wide Net - May 2026
zcrm_5436421000135229119,Wide Net - May 2026
zcrm_5436421000135229448,Wide Net - May 2026
zcrm_5436421000135229496,Wide Net - May 2026
zcrm_5436421000135229520,Wide Net - May 2026
zcrm_5436421000135229553,Wide Net - May 2026
zcrm_5436421000135229595,Wide Net - May 2026
zcrm_5436421000135229662,Wide Net - May 2026
zcrm_5436421000135229673,Wide Net - May 2026
zcrm_5436421000135229967,Wide Net - May 2026
zcrm_5436421000135230029,Wide Net - May 2026
zcrm_5436421000135230108,Wide Net - May 2026
zcrm_5436421000135230132,Wide Net - May 2026
zcrm_5436421000135230477,Wide Net - May 2026
zcrm_5436421000135230522,Wide Net - May 2026
zcrm_5436421000135230568,Wide Net - May 2026
zcrm_5436421000135230980,Wide Net - May 2026
zcrm_5436421000135230998,Wide Net - May 2026
zcrm_5436421000135231129,Wide Net - May 2026
zcrm_5436421000135231513,Wide Net - May 2026
zcrm_5436421000135231617,Wide Net - May 2026
zcrm_5436421000135232002,Wide Net - May 2026
zcrm_5436421000135232447,Wide Net - May 2026
zcrm_5436421000135232450,Wide Net - May 2026
zcrm_5436421000135232536,Wide Net - May 2026
zcrm_5436421000135232542,Wide Net - May 2026
zcrm_5436421000135232617,Wide Net - May 2026
zcrm_5436421000135233475,Wide Net - May 2026
zcrm_5436421000135233477,Wide Net - May 2026
zcrm_5436421000135234156,Wide Net - May 2026
zcrm_5436421000135234504,Wide Net - May 2026
zcrm_5436421000135234514,Wide Net - May 2026
zcrm_5436421000135234585,Wide Net - May 2026
zcrm_5436421000135234983,Wide Net - May 2026
zcrm_5436421000135077261,Wide Net - May 2026
zcrm_5436421000135077298,Wide Net - May 2026
zcrm_5436421000135077416,Wide Net - May 2026
zcrm_5436421000135077423,Wide Net - May 2026
zcrm_5436421000135077799,Wide Net - May 2026
zcrm_5436421000135077813,Wide Net - May 2026
zcrm_5436421000135127161,Wide Net - May 2026
zcrm_5436421000135194450,Wide Net - May 2026
zcrm_5436421000135194790,Wide Net - May 2026
zcrm_5436421000135194815,Wide Net - May 2026
zcrm_5436421000135200489,Wide Net - May 2026
zcrm_5436421000135200658,Wide Net - May 2026
zcrm_5436421000135200966,Wide Net - May 2026
zcrm_5436421000135202952,Wide Net - May 2026
zcrm_5436421000135203094,Wide Net - May 2026
zcrm_5436421000135203648,Wide Net - May 2026
zcrm_5436421000135204609,Wide Net - May 2026
zcrm_5436421000135205159,Wide Net - May 2026
zcrm_5436421000135205682,Wide Net - May 2026
zcrm_5436421000135206150,Wide Net - May 2026
zcrm_5436421000135208610,Wide Net - May 2026
zcrm_5436421000135208617,Wide Net - May 2026
zcrm_5436421000135209156,Wide Net - May 2026
zcrm_5436421000135209516,Wide Net - May 2026
zcrm_5436421000135210053,Wide Net - May 2026
zcrm_5436421000135210619,Wide Net - May 2026
zcrm_5436421000135211001,Wide Net - May 2026
zcrm_5436421000135211053,Wide Net - May 2026
zcrm_5436421000135211062,Wide Net - May 2026
zcrm_5436421000135212102,Wide Net - May 2026
zcrm_5436421000135212123,Wide Net - May 2026
zcrm_5436421000135212157,Wide Net - May 2026
zcrm_5436421000135212548,Wide Net - May 2026
zcrm_5436421000135212665,Wide Net - May 2026
zcrm_5436421000135212669,Wide Net - May 2026
zcrm_5436421000135213016,Wide Net - May 2026
zcrm_5436421000135213136,Wide Net - May 2026
zcrm_5436421000135213634,Wide Net - May 2026
zcrm_5436421000135214535,Wide Net - May 2026
zcrm_5436421000135214549,Wide Net - May 2026
zcrm_5436421000135214594,Wide Net - May 2026
zcrm_5436421000135214609,Wide Net - May 2026
zcrm_5436421000135215548,Wide Net - May 2026
zcrm_5436421000135215679,Wide Net - May 2026
zcrm_5436421000135215963,Wide Net - May 2026
zcrm_5436421000135215965,Wide Net - May 2026
zcrm_5436421000135216018,Wide Net - May 2026
zcrm_5436421000135216101,Wide Net - May 2026
zcrm_5436421000135216139,Wide Net - May 2026
zcrm_5436421000135216160,Wide Net - May 2026
zcrm_5436421000135216184,Wide Net - May 2026
zcrm_5436421000135216451,Wide Net - May 2026
zcrm_5436421000135216536,Wide Net - May 2026
zcrm_5436421000135216544,Wide Net - May 2026
zcrm_5436421000135216674,Wide Net - May 2026
zcrm_5436421000135216954,Wide Net - May 2026
zcrm_5436421000135217100,Wide Net - May 2026
zcrm_5436421000135217493,Wide Net - May 2026
zcrm_5436421000135217572,Wide Net - May 2026
zcrm_5436421000135218051,Wide Net - May 2026
zcrm_5436421000135218087,Wide Net - May 2026
zcrm_5436421000135218138,Wide Net - May 2026
zcrm_5436421000135218454,Wide Net - May 2026
zcrm_5436421000135218609,Wide Net - May 2026
zcrm_5436421000135218645,Wide Net - May 2026
zcrm_5436421000135219440,Wide Net - May 2026
zcrm_5436421000135219533,Wide Net - May 2026
zcrm_5436421000135219628,Wide Net - May 2026
zcrm_5436421000135220161,Wide Net - May 2026
zcrm_5436421000135220523,Wide Net - May 2026
zcrm_5436421000135220658,Wide Net - May 2026
zcrm_5436421000135221040,Wide Net - May 2026
zcrm_5436421000135221150,Wide Net - May 2026
zcrm_5436421000135221161,Wide Net - May 2026
zcrm_5436421000135221168,Wide Net - May 2026
zcrm_5436421000135221511,Wide Net - May 2026
zcrm_5436421000135221516,Wide Net - May 2026
zcrm_5436421000135221680,Wide Net - May 2026
zcrm_5436421000135222459,Wide Net - May 2026
zcrm_5436421000135223474,Wide Net - May 2026
zcrm_5436421000135223538,Wide Net - May 2026
zcrm_5436421000135223673,Wide Net - May 2026
zcrm_5436421000135224551,Wide Net - May 2026
zcrm_5436421000135225170,Wide Net - May 2026
zcrm_5436421000135225555,Wide Net - May 2026
zcrm_5436421000135225944,Wide Net - May 2026
zcrm_5436421000135225945,Wide Net - May 2026
zcrm_5436421000135226140,Wide Net - May 2026
zcrm_5436421000135226497,Wide Net - May 2026
zcrm_5436421000135226501,Wide Net - May 2026
zcrm_5436421000135227174,Wide Net - May 2026
zcrm_5436421000135227449,Wide Net - May 2026
zcrm_5436421000135227505,Wide Net - May 2026
zcrm_5436421000135227519,Wide Net - May 2026
zcrm_5436421000135227526,Wide Net - May 2026
zcrm_5436421000135228106,Wide Net - May 2026
zcrm_5436421000135229445,Wide Net - May 2026
zcrm_5436421000135229626,Wide Net - May 2026
zcrm_5436421000135230048,Wide Net - May 2026
zcrm_5436421000135230462,Wide Net - May 2026
zcrm_5436421000135230468,Wide Net - May 2026
zcrm_5436421000135230533,Wide Net - May 2026
zcrm_5436421000135231530,Wide Net - May 2026
zcrm_5436421000135232522,Wide Net - May 2026
zcrm_5436421000135232631,Wide Net - May 2026
zcrm_5436421000135233040,Wide Net - May 2026
zcrm_5436421000135233183,Wide Net - May 2026
zcrm_5436421000135233959,Wide Net - May 2026
zcrm_5436421000135233997,Wide Net - May 2026
zcrm_5436421000135234089,Wide Net - May 2026
zcrm_5436421000135234091,Wide Net - May 2026
zcrm_5436421000135057987,Wide Net - May 2026
zcrm_5436421000135077217,Wide Net - May 2026
zcrm_5436421000135077223,Wide Net - May 2026
zcrm_5436421000135077280,Wide Net - May 2026
zcrm_5436421000135077321,Wide Net - May 2026
zcrm_5436421000135077373,Wide Net - May 2026
zcrm_5436421000135077807,Wide Net - May 2026
zcrm_5436421000135077848,Wide Net - May 2026
zcrm_5436421000135127231,Wide Net - May 2026
zcrm_5436421000135127246,Wide Net - May 2026
zcrm_5436421000135194241,Wide Net - May 2026
zcrm_5436421000135194331,Wide Net - May 2026
zcrm_5436421000135194733,Wide Net - May 2026
zcrm_5436421000135194763,Wide Net - May 2026
zcrm_5436421000135200133,Wide Net - May 2026
zcrm_5436421000135200445,Wide Net - May 2026
zcrm_5436421000135200669,Wide Net - May 2026
zcrm_5436421000135201169,Wide Net - May 2026
zcrm_5436421000135201592,Wide Net - May 2026
zcrm_5436421000135201678,Wide Net - May 2026
zcrm_5436421000135202059,Wide Net - May 2026
zcrm_5436421000135202152,Wide Net - May 2026
zcrm_5436421000135202186,Wide Net - May 2026
zcrm_5436421000135204082,Wide Net - May 2026
zcrm_5436421000135204141,Wide Net - May 2026
zcrm_5436421000135204467,Wide Net - May 2026
zcrm_5436421000135204511,Wide Net - May 2026
zcrm_5436421000135204515,Wide Net - May 2026
zcrm_5436421000135204993,Wide Net - May 2026
zcrm_5436421000135205085,Wide Net - May 2026
zcrm_5436421000135206146,Wide Net - May 2026
zcrm_5436421000135206496,Wide Net - May 2026
zcrm_5436421000135206654,Wide Net - May 2026
zcrm_5436421000135206944,Wide Net - May 2026
zcrm_5436421000135207129,Wide Net - May 2026
zcrm_5436421000135207491,Wide Net - May 2026
zcrm_5436421000135208471,Wide Net - May 2026
zcrm_5436421000135208499,Wide Net - May 2026
zcrm_5436421000135208566,Wide Net - May 2026
zcrm_5436421000135209645,Wide Net - May 2026
zcrm_5436421000135210535,Wide Net - May 2026
zcrm_5436421000135211051,Wide Net - May 2026
zcrm_5436421000135211159,Wide Net - May 2026
zcrm_5436421000135211634,Wide Net - May 2026
zcrm_5436421000135211949,Wide Net - May 2026
zcrm_5436421000135212612,Wide Net - May 2026
zcrm_5436421000135212645,Wide Net - May 2026
zcrm_5436421000135212960,Wide Net - May 2026
zcrm_5436421000135212972,Wide Net - May 2026
zcrm_5436421000135213134,Wide Net - May 2026
zcrm_5436421000135213515,Wide Net - May 2026
zcrm_5436421000135214537,Wide Net - May 2026
zcrm_5436421000135215101,Wide Net - May 2026
zcrm_5436421000135215557,Wide Net - May 2026
zcrm_5436421000135216547,Wide Net - May 2026
zcrm_5436421000135216578,Wide Net - May 2026
zcrm_5436421000135217164,Wide Net - May 2026
zcrm_5436421000135217547,Wide Net - May 2026
zcrm_5436421000135217558,Wide Net - May 2026
zcrm_5436421000135217580,Wide Net - May 2026
zcrm_5436421000135219123,Wide Net - May 2026
zcrm_5436421000135219593,Wide Net - May 2026
zcrm_5436421000135220124,Wide Net - May 2026
zcrm_5436421000135221686,Wide Net - May 2026
zcrm_5436421000135223665,Wide Net - May 2026
zcrm_5436421000135225106,Wide Net - May 2026
zcrm_5436421000135225505,Wide Net - May 2026
zcrm_5436421000135225975,Wide Net - May 2026
zcrm_5436421000135226151,Wide Net - May 2026
zcrm_5436421000135227543,Wide Net - May 2026
zcrm_5436421000135228627,Wide Net - May 2026
zcrm_5436421000135229070,Wide Net - May 2026
zcrm_5436421000135229181,Wide Net - May 2026
zcrm_5436421000135229632,Wide Net - May 2026
zcrm_5436421000135229682,Wide Net - May 2026
zcrm_5436421000135230065,Wide Net - May 2026
zcrm_5436421000135230442,Wide Net - May 2026
zcrm_5436421000135230543,Wide Net - May 2026
zcrm_5436421000135231542,Wide Net - May 2026
zcrm_5436421000135231985,Wide Net - May 2026
zcrm_5436421000135231995,Wide Net - May 2026
zcrm_5436421000135232073,Wide Net - May 2026
zcrm_5436421000135232645,Wide Net - May 2026
zcrm_5436421000135233990,Wide Net - May 2026
zcrm_5436421000135233998,Wide Net - May 2026
zcrm_5436421000135234641,Wide Net - May 2026
zcrm_5436421000135235030,Wide Net - May 2026
zcrm_5436421000135235039,Wide Net - May 2026
zcrm_5436421000135235106,Wide Net - May 2026
zcrm_5436421000135077271,Wide Net - May 2026
zcrm_5436421000135077342,Wide Net - May 2026
zcrm_5436421000135077749,Wide Net - May 2026
zcrm_5436421000135077780,Wide Net - May 2026
zcrm_5436421000135077795,Wide Net - May 2026
zcrm_5436421000135194353,Wide Net - May 2026
zcrm_5436421000135194759,Wide Net - May 2026
zcrm_5436421000135200034,Wide Net - May 2026
zcrm_5436421000135200525,Wide Net - May 2026
zcrm_5436421000135200548,Wide Net - May 2026
zcrm_5436421000135200560,Wide Net - May 2026
zcrm_5436421000135200610,Wide Net - May 2026
zcrm_5436421000135200946,Wide Net - May 2026
zcrm_5436421000135201062,Wide Net - May 2026
zcrm_5436421000135201156,Wide Net - May 2026
zcrm_5436421000135201664,Wide Net - May 2026
zcrm_5436421000135201956,Wide Net - May 2026
zcrm_5436421000135201983,Wide Net - May 2026
zcrm_5436421000135077719,Wide Net - May 2026
zcrm_5436421000135077898,Wide Net - May 2026
zcrm_5436421000135127194,Wide Net - May 2026
zcrm_5436421000135127232,Wide Net - May 2026
zcrm_5436421000135194243,Wide Net - May 2026
zcrm_5436421000135194244,Wide Net - May 2026
zcrm_5436421000135200019,Wide Net - May 2026
zcrm_5436421000135200109,Wide Net - May 2026
zcrm_5436421000135200119,Wide Net - May 2026
zcrm_5436421000135200163,Wide Net - May 2026
zcrm_5436421000135200174,Wide Net - May 2026
zcrm_5436421000135200499,Wide Net - May 2026
zcrm_5436421000135200553,Wide Net - May 2026
zcrm_5436421000135200624,Wide Net - May 2026
zcrm_5436421000135200939,Wide Net - May 2026
zcrm_5436421000135201109,Wide Net - May 2026
zcrm_5436421000135201175,Wide Net - May 2026
zcrm_5436421000135201666,Wide Net - May 2026
zcrm_5436421000135201679,Wide Net - May 2026
zcrm_5436421000135202118,Wide Net - May 2026
zcrm_5436421000135202135,Wide Net - May 2026
zcrm_5436421000135202450,Wide Net - May 2026
zcrm_5436421000135202570,Wide Net - May 2026
zcrm_5436421000135202627,Wide Net - May 2026
zcrm_5436421000135202633,Wide Net - May 2026
zcrm_5436421000135202650,Wide Net - May 2026
zcrm_5436421000135202987,Wide Net - May 2026
zcrm_5436421000135203175,Wide Net - May 2026
zcrm_5436421000135203179,Wide Net - May 2026
zcrm_5436421000135203445,Wide Net - May 2026
zcrm_5436421000135203449,Wide Net - May 2026
zcrm_5436421000135203471,Wide Net - May 2026
zcrm_5436421000135203477,Wide Net - May 2026
zcrm_5436421000135203478,Wide Net - May 2026
zcrm_5436421000135203491,Wide Net - May 2026
zcrm_5436421000135203533,Wide Net - May 2026
zcrm_5436421000135203564,Wide Net - May 2026
zcrm_5436421000135203683,Wide Net - May 2026
zcrm_5436421000135203976,Wide Net - May 2026
zcrm_5436421000135204540,Wide Net - May 2026
zcrm_5436421000135205519,Wide Net - May 2026
zcrm_5436421000135206993,Wide Net - May 2026
zcrm_5436421000135207470,Wide Net - May 2026
zcrm_5436421000135207477,Wide Net - May 2026
zcrm_5436421000135207636,Wide Net - May 2026
zcrm_5436421000135208009,Wide Net - May 2026
zcrm_5436421000135208950,Wide Net - May 2026
zcrm_5436421000135209443,Wide Net - May 2026
zcrm_5436421000135209602,Wide Net - May 2026
zcrm_5436421000135210684,Wide Net - May 2026
zcrm_5436421000135211018,Wide Net - May 2026
zcrm_5436421000135211175,Wide Net - May 2026
zcrm_5436421000135211457,Wide Net - May 2026
zcrm_5436421000135211627,Wide Net - May 2026
zcrm_5436421000135211645,Wide Net - May 2026
zcrm_5436421000135211680,Wide Net - May 2026
zcrm_5436421000135212186,Wide Net - May 2026
zcrm_5436421000135212445,Wide Net - May 2026
zcrm_5436421000135212535,Wide Net - May 2026
zcrm_5436421000135212978,Wide Net - May 2026
zcrm_5436421000135213170,Wide Net - May 2026
zcrm_5436421000135213460,Wide Net - May 2026
zcrm_5436421000135214470,Wide Net - May 2026
zcrm_5436421000135214522,Wide Net - May 2026
zcrm_5436421000135215100,Wide Net - May 2026
zcrm_5436421000135215106,Wide Net - May 2026
zcrm_5436421000135215445,Wide Net - May 2026
zcrm_5436421000135215490,Wide Net - May 2026
zcrm_5436421000135215664,Wide Net - May 2026
zcrm_5436421000135216104,Wide Net - May 2026
zcrm_5436421000135216642,Wide Net - May 2026
zcrm_5436421000135217075,Wide Net - May 2026
zcrm_5436421000135217097,Wide Net - May 2026
zcrm_5436421000135217146,Wide Net - May 2026
zcrm_5436421000135217160,Wide Net - May 2026
zcrm_5436421000135217644,Wide Net - May 2026
zcrm_5436421000135218081,Wide Net - May 2026
zcrm_5436421000135218089,Wide Net - May 2026
zcrm_5436421000135218561,Wide Net - May 2026
zcrm_5436421000135218591,Wide Net - May 2026
zcrm_5436421000135219035,Wide Net - May 2026
zcrm_5436421000135219158,Wide Net - May 2026
zcrm_5436421000135220179,Wide Net - May 2026
zcrm_5436421000135220531,Wide Net - May 2026
zcrm_5436421000135220602,Wide Net - May 2026
zcrm_5436421000135221520,Wide Net - May 2026
zcrm_5436421000135222099,Wide Net - May 2026
zcrm_5436421000135223130,Wide Net - May 2026
zcrm_5436421000135223155,Wide Net - May 2026
zcrm_5436421000135223440,Wide Net - May 2026
zcrm_5436421000135223632,Wide Net - May 2026
zcrm_5436421000135224166,Wide Net - May 2026
zcrm_5436421000135224542,Wide Net - May 2026
zcrm_5436421000135224953,Wide Net - May 2026
zcrm_5436421000135224969,Wide Net - May 2026
zcrm_5436421000135225104,Wide Net - May 2026
zcrm_5436421000135225134,Wide Net - May 2026
zcrm_5436421000135225516,Wide Net - May 2026
zcrm_5436421000135225685,Wide Net - May 2026
zcrm_5436421000135225997,Wide Net - May 2026
zcrm_5436421000135226118,Wide Net - May 2026
zcrm_5436421000135226480,Wide Net - May 2026
zcrm_5436421000135226592,Wide Net - May 2026
zcrm_5436421000135226964,Wide Net - May 2026
zcrm_5436421000135227534,Wide Net - May 2026
zcrm_5436421000135227554,Wide Net - May 2026
zcrm_5436421000135227578,Wide Net - May 2026
zcrm_5436421000135227592,Wide Net - May 2026
zcrm_5436421000135228951,Wide Net - May 2026
zcrm_5436421000135229071,Wide Net - May 2026
zcrm_5436421000135229097,Wide Net - May 2026
zcrm_5436421000135229471,Wide Net - May 2026
zcrm_5436421000135230617,Wide Net - May 2026
zcrm_5436421000135230629,Wide Net - May 2026
zcrm_5436421000135230633,Wide Net - May 2026
zcrm_5436421000135230636,Wide Net - May 2026
zcrm_5436421000135230637,Wide Net - May 2026
zcrm_5436421000135230645,Wide Net - May 2026
zcrm_5436421000135230971,Wide Net - May 2026
zcrm_5436421000135231038,Wide Net - May 2026
zcrm_5436421000135231590,Wide Net - May 2026
zcrm_5436421000135231610,Wide Net - May 2026
zcrm_5436421000135231627,Wide Net - May 2026
zcrm_5436421000135232062,Wide Net - May 2026
zcrm_5436421000135232185,Wide Net - May 2026
zcrm_5436421000135232586,Wide Net - May 2026
zcrm_5436421000135232603,Wide Net - May 2026
zcrm_5436421000135232616,Wide Net - May 2026
zcrm_5436421000135233556,Wide Net - May 2026
zcrm_5436421000135233963,Wide Net - May 2026
zcrm_5436421000135234097,Wide Net - May 2026
zcrm_5436421000135234466,Wide Net - May 2026
zcrm_5436421000135234516,Wide Net - May 2026
zcrm_5436421000135077228,Wide Net - May 2026
zcrm_5436421000135077237,Wide Net - May 2026
zcrm_5436421000135077250,Wide Net - May 2026
zcrm_5436421000135077304,Wide Net - May 2026
zcrm_5436421000135077455,Wide Net - May 2026
zcrm_5436421000135077889,Wide Net - May 2026
zcrm_5436421000135077944,Wide Net - May 2026
zcrm_5436421000135194388,Wide Net - May 2026
zcrm_5436421000135194758,Wide Net - May 2026
zcrm_5436421000135200561,Wide Net - May 2026
zcrm_5436421000135200987,Wide Net - May 2026
zcrm_5436421000135201092,Wide Net - May 2026
zcrm_5436421000135201107,Wide Net - May 2026
zcrm_5436421000135201159,Wide Net - May 2026
zcrm_5436421000135202146,Wide Net - May 2026
zcrm_5436421000135202628,Wide Net - May 2026
zcrm_5436421000135202639,Wide Net - May 2026
zcrm_5436421000135202657,Wide Net - May 2026
zcrm_5436421000135202941,Wide Net - May 2026
zcrm_5436421000135203078,Wide Net - May 2026
zcrm_5436421000135203647,Wide Net - May 2026
zcrm_5436421000135204005,Wide Net - May 2026
zcrm_5436421000135204605,Wide Net - May 2026
zcrm_5436421000135204667,Wide Net - May 2026
zcrm_5436421000135204981,Wide Net - May 2026
zcrm_5436421000135205134,Wide Net - May 2026
zcrm_5436421000135205151,Wide Net - May 2026
zcrm_5436421000135205480,Wide Net - May 2026
zcrm_5436421000135205497,Wide Net - May 2026
zcrm_5436421000135205645,Wide Net - May 2026
zcrm_5436421000135206157,Wide Net - May 2026
zcrm_5436421000135206606,Wide Net - May 2026
zcrm_5436421000135206660,Wide Net - May 2026
zcrm_5436421000135207171,Wide Net - May 2026
zcrm_5436421000135207591,Wide Net - May 2026
zcrm_5436421000135207962,Wide Net - May 2026
zcrm_5436421000135207988,Wide Net - May 2026
zcrm_5436421000135208032,Wide Net - May 2026
zcrm_5436421000135208074,Wide Net - May 2026
zcrm_5436421000135208160,Wide Net - May 2026
zcrm_5436421000135209446,Wide Net - May 2026
zcrm_5436421000135209494,Wide Net - May 2026
zcrm_5436421000135209496,Wide Net - May 2026
zcrm_5436421000135209551,Wide Net - May 2026
zcrm_5436421000135209592,Wide Net - May 2026
zcrm_5436421000135210025,Wide Net - May 2026
zcrm_5436421000135211648,Wide Net - May 2026
zcrm_5436421000135211656,Wide Net - May 2026
zcrm_5436421000135211684,Wide Net - May 2026
zcrm_5436421000135212056,Wide Net - May 2026
zcrm_5436421000135212094,Wide Net - May 2026
zcrm_5436421000135212150,Wide Net - May 2026
zcrm_5436421000135212472,Wide Net - May 2026
zcrm_5436421000135212556,Wide Net - May 2026
zcrm_5436421000135212989,Wide Net - May 2026
zcrm_5436421000135213017,Wide Net - May 2026
zcrm_5436421000135213647,Wide Net - May 2026
zcrm_5436421000135214621,Wide Net - May 2026
zcrm_5436421000135214632,Wide Net - May 2026
zcrm_5436421000135215079,Wide Net - May 2026
zcrm_5436421000135215452,Wide Net - May 2026
zcrm_5436421000135215494,Wide Net - May 2026
zcrm_5436421000135216011,Wide Net - May 2026
zcrm_5436421000135216094,Wide Net - May 2026
zcrm_5436421000135216449,Wide Net - May 2026
zcrm_5436421000135216610,Wide Net - May 2026
zcrm_5436421000135217061,Wide Net - May 2026
zcrm_5436421000135217093,Wide Net - May 2026
zcrm_5436421000135217110,Wide Net - May 2026
zcrm_5436421000135217470,Wide Net - May 2026
zcrm_5436421000135217545,Wide Net - May 2026
zcrm_5436421000135217588,Wide Net - May 2026
zcrm_5436421000135217656,Wide Net - May 2026
zcrm_5436421000135218068,Wide Net - May 2026
zcrm_5436421000135218165,Wide Net - May 2026
zcrm_5436421000135218172,Wide Net - May 2026
zcrm_5436421000135218624,Wide Net - May 2026
zcrm_5436421000135218975,Wide Net - May 2026
zcrm_5436421000135219020,Wide Net - May 2026
zcrm_5436421000135219062,Wide Net - May 2026
zcrm_5436421000135219067,Wide Net - May 2026
zcrm_5436421000135219519,Wide Net - May 2026
zcrm_5436421000135219520,Wide Net - May 2026
zcrm_5436421000135220129,Wide Net - May 2026
zcrm_5436421000135220490,Wide Net - May 2026
zcrm_5436421000135220505,Wide Net - May 2026
zcrm_5436421000135220512,Wide Net - May 2026
zcrm_5436421000135220595,Wide Net - May 2026
zcrm_5436421000135221027,Wide Net - May 2026
zcrm_5436421000135221586,Wide Net - May 2026
zcrm_5436421000135222187,Wide Net - May 2026
zcrm_5436421000135222519,Wide Net - May 2026
zcrm_5436421000135222682,Wide Net - May 2026
zcrm_5436421000135223475,Wide Net - May 2026
zcrm_5436421000135224618,Wide Net - May 2026
zcrm_5436421000135224666,Wide Net - May 2026
zcrm_5436421000135225001,Wide Net - May 2026
zcrm_5436421000135225155,Wide Net - May 2026
zcrm_5436421000135225576,Wide Net - May 2026
zcrm_5436421000135225585,Wide Net - May 2026
zcrm_5436421000135226045,Wide Net - May 2026
zcrm_5436421000135226106,Wide Net - May 2026
zcrm_5436421000135226495,Wide Net - May 2026
zcrm_5436421000135226567,Wide Net - May 2026
zcrm_5436421000135226621,Wide Net - May 2026
zcrm_5436421000135227551,Wide Net - May 2026
zcrm_5436421000135227652,Wide Net - May 2026
zcrm_5436421000135227966,Wide Net - May 2026
zcrm_5436421000135228179,Wide Net - May 2026
zcrm_5436421000135228446,Wide Net - May 2026
zcrm_5436421000135228485,Wide Net - May 2026
zcrm_5436421000135228977,Wide Net - May 2026
zcrm_5436421000135229032,Wide Net - May 2026
zcrm_5436421000135230512,Wide Net - May 2026
zcrm_5436421000135230569,Wide Net - May 2026
zcrm_5436421000135232021,Wide Net - May 2026
zcrm_5436421000135232552,Wide Net - May 2026
zcrm_5436421000135233034,Wide Net - May 2026
zcrm_5436421000135233137,Wide Net - May 2026
zcrm_5436421000135233995,Wide Net - May 2026
zcrm_5436421000135234014,Wide Net - May 2026
zcrm_5436421000135234102,Wide Net - May 2026
zcrm_5436421000135235091,Wide Net - May 2026
zcrm_5436421000135235092,Wide Net - May 2026
zcrm_5436421000135077784,Wide Net - May 2026
zcrm_5436421000135077958,Wide Net - May 2026
zcrm_5436421000135127159,Wide Net - May 2026
zcrm_5436421000135127174,Wide Net - May 2026
zcrm_5436421000135127211,Wide Net - May 2026
zcrm_5436421000135194296,Wide Net - May 2026
zcrm_5436421000135194795,Wide Net - May 2026
zcrm_5436421000135194823,Wide Net - May 2026
zcrm_5436421000135200530,Wide Net - May 2026
zcrm_5436421000135200535,Wide Net - May 2026
zcrm_5436421000135200683,Wide Net - May 2026
zcrm_5436421000135201545,Wide Net - May 2026
zcrm_5436421000135201596,Wide Net - May 2026
zcrm_5436421000135202510,Wide Net - May 2026
zcrm_5436421000135202580,Wide Net - May 2026
zcrm_5436421000135202687,Wide Net - May 2026
zcrm_5436421000135203084,Wide Net - May 2026
zcrm_5436421000135203108,Wide Net - May 2026
zcrm_5436421000135203134,Wide Net - May 2026
zcrm_5436421000135203164,Wide Net - May 2026
zcrm_5436421000135203185,Wide Net - May 2026
zcrm_5436421000135203444,Wide Net - May 2026
zcrm_5436421000135203467,Wide Net - May 2026
zcrm_5436421000135203472,Wide Net - May 2026
zcrm_5436421000135203504,Wide Net - May 2026
zcrm_5436421000135203524,Wide Net - May 2026
zcrm_5436421000135203548,Wide Net - May 2026
zcrm_5436421000135203550,Wide Net - May 2026
zcrm_5436421000135203562,Wide Net - May 2026
zcrm_5436421000135203625,Wide Net - May 2026
zcrm_5436421000135203626,Wide Net - May 2026
zcrm_5436421000135203944,Wide Net - May 2026
zcrm_5436421000135204447,Wide Net - May 2026
zcrm_5436421000135204584,Wide Net - May 2026
zcrm_5436421000135205489,Wide Net - May 2026
zcrm_5436421000135206051,Wide Net - May 2026
zcrm_5436421000135206097,Wide Net - May 2026
zcrm_5436421000135206142,Wide Net - May 2026
zcrm_5436421000135206596,Wide Net - May 2026
zcrm_5436421000135206674,Wide Net - May 2026
zcrm_5436421000135207490,Wide Net - May 2026
zcrm_5436421000135207568,Wide Net - May 2026
zcrm_5436421000135207617,Wide Net - May 2026
zcrm_5436421000135207649,Wide Net - May 2026
zcrm_5436421000135207677,Wide Net - May 2026
zcrm_5436421000135208051,Wide Net - May 2026
zcrm_5436421000135208061,Wide Net - May 2026
zcrm_5436421000135208177,Wide Net - May 2026
zcrm_5436421000135208651,Wide Net - May 2026
zcrm_5436421000135209051,Wide Net - May 2026
zcrm_5436421000135209518,Wide Net - May 2026
zcrm_5436421000135210122,Wide Net - May 2026
zcrm_5436421000135210521,Wide Net - May 2026
zcrm_5436421000135210549,Wide Net - May 2026
zcrm_5436421000135210639,Wide Net - May 2026
zcrm_5436421000135211079,Wide Net - May 2026
zcrm_5436421000135211182,Wide Net - May 2026
zcrm_5436421000135211504,Wide Net - May 2026
zcrm_5436421000135211609,Wide Net - May 2026
zcrm_5436421000135212175,Wide Net - May 2026
zcrm_5436421000135212439,Wide Net - May 2026
zcrm_5436421000135212545,Wide Net - May 2026
zcrm_5436421000135212678,Wide Net - May 2026
zcrm_5436421000135213110,Wide Net - May 2026
zcrm_5436421000135213462,Wide Net - May 2026
zcrm_5436421000135213539,Wide Net - May 2026
zcrm_5436421000135213563,Wide Net - May 2026
zcrm_5436421000135213954,Wide Net - May 2026
zcrm_5436421000135214071,Wide Net - May 2026
zcrm_5436421000135214080,Wide Net - May 2026
zcrm_5436421000135214101,Wide Net - May 2026
zcrm_5436421000135214976,Wide Net - May 2026
zcrm_5436421000135214997,Wide Net - May 2026
zcrm_5436421000135216187,Wide Net - May 2026
zcrm_5436421000135216591,Wide Net - May 2026
zcrm_5436421000135217032,Wide Net - May 2026
zcrm_5436421000135217104,Wide Net - May 2026
zcrm_5436421000135217460,Wide Net - May 2026
zcrm_5436421000135218178,Wide Net - May 2026
zcrm_5436421000135218527,Wide Net - May 2026
zcrm_5436421000135218567,Wide Net - May 2026
zcrm_5436421000135218610,Wide Net - May 2026
zcrm_5436421000135218626,Wide Net - May 2026
zcrm_5436421000135219015,Wide Net - May 2026
zcrm_5436421000135219046,Wide Net - May 2026
zcrm_5436421000135219093,Wide Net - May 2026
zcrm_5436421000135219120,Wide Net - May 2026
zcrm_5436421000135219540,Wide Net - May 2026
zcrm_5436421000135220446,Wide Net - May 2026
zcrm_5436421000135221043,Wide Net - May 2026
zcrm_5436421000135221116,Wide Net - May 2026
zcrm_5436421000135221608,Wide Net - May 2026
zcrm_5436421000135222130,Wide Net - May 2026
zcrm_5436421000135222612,Wide Net - May 2026
zcrm_5436421000135222997,Wide Net - May 2026
zcrm_5436421000135223108,Wide Net - May 2026
zcrm_5436421000135223133,Wide Net - May 2026
zcrm_5436421000135223584,Wide Net - May 2026
zcrm_5436421000135223651,Wide Net - May 2026
zcrm_5436421000135223942,Wide Net - May 2026
zcrm_5436421000135224082,Wide Net - May 2026
zcrm_5436421000135225144,Wide Net - May 2026
zcrm_5436421000135225993,Wide Net - May 2026
zcrm_5436421000135226014,Wide Net - May 2026
zcrm_5436421000135226068,Wide Net - May 2026
zcrm_5436421000135226114,Wide Net - May 2026
zcrm_5436421000135226149,Wide Net - May 2026
zcrm_5436421000135226509,Wide Net - May 2026
zcrm_5436421000135226518,Wide Net - May 2026
zcrm_5436421000135226685,Wide Net - May 2026
zcrm_5436421000135227103,Wide Net - May 2026
zcrm_5436421000135227683,Wide Net - May 2026
zcrm_5436421000135228170,Wide Net - May 2026
zcrm_5436421000135229511,Wide Net - May 2026
zcrm_5436421000135229667,Wide Net - May 2026
zcrm_5436421000135229987,Wide Net - May 2026
zcrm_5436421000135230485,Wide Net - May 2026
zcrm_5436421000135230602,Wide Net - May 2026
zcrm_5436421000135230938,Wide Net - May 2026
zcrm_5436421000135231471,Wide Net - May 2026
zcrm_5436421000135231683,Wide Net - May 2026
zcrm_5436421000135231952,Wide Net - May 2026
zcrm_5436421000135232036,Wide Net - May 2026
zcrm_5436421000135232107,Wide Net - May 2026
zcrm_5436421000135232131,Wide Net - May 2026
zcrm_5436421000135232483,Wide Net - May 2026
zcrm_5436421000135232521,Wide Net - May 2026
zcrm_5436421000135233490,Wide Net - May 2026
zcrm_5436421000135233973,Wide Net - May 2026
zcrm_5436421000135234661,Wide Net - May 2026
zcrm_5436421000135077390,Wide Net - May 2026
zcrm_5436421000135077829,Wide Net - May 2026
zcrm_5436421000135077922,Wide Net - May 2026
zcrm_5436421000135127158,Wide Net - May 2026
zcrm_5436421000135127165,Wide Net - May 2026
zcrm_5436421000135194352,Wide Net - May 2026
zcrm_5436421000135200016,Wide Net - May 2026
zcrm_5436421000135200020,Wide Net - May 2026
zcrm_5436421000135200161,Wide Net - May 2026
zcrm_5436421000135200449,Wide Net - May 2026
zcrm_5436421000135200460,Wide Net - May 2026
zcrm_5436421000135200513,Wide Net - May 2026
zcrm_5436421000135200516,Wide Net - May 2026
zcrm_5436421000135200518,Wide Net - May 2026
zcrm_5436421000135200526,Wide Net - May 2026
zcrm_5436421000135200527,Wide Net - May 2026
zcrm_5436421000135200529,Wide Net - May 2026
zcrm_5436421000135200555,Wide Net - May 2026
zcrm_5436421000135200572,Wide Net - May 2026
zcrm_5436421000135200596,Wide Net - May 2026
zcrm_5436421000135201046,Wide Net - May 2026
zcrm_5436421000135201108,Wide Net - May 2026
zcrm_5436421000135201486,Wide Net - May 2026
zcrm_5436421000135201511,Wide Net - May 2026
zcrm_5436421000135201614,Wide Net - May 2026
zcrm_5436421000135201637,Wide Net - May 2026
zcrm_5436421000135201640,Wide Net - May 2026
zcrm_5436421000135201642,Wide Net - May 2026
zcrm_5436421000135202092,Wide Net - May 2026
zcrm_5436421000135202112,Wide Net - May 2026
zcrm_5436421000135202119,Wide Net - May 2026
zcrm_5436421000135202573,Wide Net - May 2026
zcrm_5436421000135202940,Wide Net - May 2026
zcrm_5436421000135202982,Wide Net - May 2026
zcrm_5436421000135203940,Wide Net - May 2026
zcrm_5436421000135204015,Wide Net - May 2026
zcrm_5436421000135204109,Wide Net - May 2026
zcrm_5436421000135204116,Wide Net - May 2026
zcrm_5436421000135205167,Wide Net - May 2026
zcrm_5436421000135205451,Wide Net - May 2026
zcrm_5436421000135205476,Wide Net - May 2026
zcrm_5436421000135205549,Wide Net - May 2026
zcrm_5436421000135206017,Wide Net - May 2026
zcrm_5436421000135206093,Wide Net - May 2026
zcrm_5436421000135207036,Wide Net - May 2026
zcrm_5436421000135207132,Wide Net - May 2026
zcrm_5436421000135207145,Wide Net - May 2026
zcrm_5436421000135207489,Wide Net - May 2026
zcrm_5436421000135207501,Wide Net - May 2026
zcrm_5436421000135208142,Wide Net - May 2026
zcrm_5436421000135208531,Wide Net - May 2026
zcrm_5436421000135208593,Wide Net - May 2026
zcrm_5436421000135209096,Wide Net - May 2026
zcrm_5436421000135209129,Wide Net - May 2026
zcrm_5436421000135209449,Wide Net - May 2026
zcrm_5436421000135209564,Wide Net - May 2026
zcrm_5436421000135210005,Wide Net - May 2026
zcrm_5436421000135210042,Wide Net - May 2026
zcrm_5436421000135210048,Wide Net - May 2026
zcrm_5436421000135210621,Wide Net - May 2026
zcrm_5436421000135211028,Wide Net - May 2026
zcrm_5436421000135211459,Wide Net - May 2026
zcrm_5436421000135211655,Wide Net - May 2026
zcrm_5436421000135211663,Wide Net - May 2026
zcrm_5436421000135212078,Wide Net - May 2026
zcrm_5436421000135212090,Wide Net - May 2026
zcrm_5436421000135212950,Wide Net - May 2026
zcrm_5436421000135213152,Wide Net - May 2026
zcrm_5436421000135213488,Wide Net - May 2026
zcrm_5436421000135213687,Wide Net - May 2026
zcrm_5436421000135213959,Wide Net - May 2026
zcrm_5436421000135214102,Wide Net - May 2026
zcrm_5436421000135214107,Wide Net - May 2026
zcrm_5436421000135214488,Wide Net - May 2026
zcrm_5436421000135214600,Wide Net - May 2026
zcrm_5436421000135214630,Wide Net - May 2026
zcrm_5436421000135214676,Wide Net - May 2026
zcrm_5436421000135215130,Wide Net - May 2026
zcrm_5436421000135215446,Wide Net - May 2026
zcrm_5436421000135215951,Wide Net - May 2026
zcrm_5436421000135215961,Wide Net - May 2026
zcrm_5436421000135216168,Wide Net - May 2026
zcrm_5436421000135216559,Wide Net - May 2026
zcrm_5436421000135216644,Wide Net - May 2026
zcrm_5436421000135216666,Wide Net - May 2026
zcrm_5436421000135216999,Wide Net - May 2026
zcrm_5436421000135217018,Wide Net - May 2026
zcrm_5436421000135217090,Wide Net - May 2026
zcrm_5436421000135217187,Wide Net - May 2026
zcrm_5436421000135217448,Wide Net - May 2026
zcrm_5436421000135217464,Wide Net - May 2026
zcrm_5436421000135217471,Wide Net - May 2026
zcrm_5436421000135217594,Wide Net - May 2026
zcrm_5436421000135217984,Wide Net - May 2026
zcrm_5436421000135218021,Wide Net - May 2026
zcrm_5436421000135218453,Wide Net - May 2026
zcrm_5436421000135218529,Wide Net - May 2026
zcrm_5436421000135218544,Wide Net - May 2026
zcrm_5436421000135218602,Wide Net - May 2026
zcrm_5436421000135218638,Wide Net - May 2026
zcrm_5436421000135218663,Wide Net - May 2026
zcrm_5436421000135218958,Wide Net - May 2026
zcrm_5436421000135219130,Wide Net - May 2026
zcrm_5436421000135219153,Wide Net - May 2026
zcrm_5436421000135219449,Wide Net - May 2026
zcrm_5436421000135219478,Wide Net - May 2026
zcrm_5436421000135219676,Wide Net - May 2026
zcrm_5436421000135220093,Wide Net - May 2026
zcrm_5436421000135220174,Wide Net - May 2026
zcrm_5436421000135220510,Wide Net - May 2026
zcrm_5436421000135220992,Wide Net - May 2026
zcrm_5436421000135221056,Wide Net - May 2026
zcrm_5436421000135221100,Wide Net - May 2026
zcrm_5436421000135221973,Wide Net - May 2026
zcrm_5436421000135222466,Wide Net - May 2026
zcrm_5436421000135222468,Wide Net - May 2026
zcrm_5436421000135222482,Wide Net - May 2026
zcrm_5436421000135222536,Wide Net - May 2026
zcrm_5436421000135222557,Wide Net - May 2026
zcrm_5436421000135222661,Wide Net - May 2026
zcrm_5436421000135223031,Wide Net - May 2026
zcrm_5436421000135223149,Wide Net - May 2026
zcrm_5436421000135224475,Wide Net - May 2026
zcrm_5436421000135225024,Wide Net - May 2026
zcrm_5436421000135225032,Wide Net - May 2026
zcrm_5436421000135225184,Wide Net - May 2026
zcrm_5436421000135225457,Wide Net - May 2026
zcrm_5436421000135225514,Wide Net - May 2026
zcrm_5436421000135225618,Wide Net - May 2026
zcrm_5436421000135225645,Wide Net - May 2026
zcrm_5436421000135225949,Wide Net - May 2026
zcrm_5436421000135226098,Wide Net - May 2026
zcrm_5436421000135226449,Wide Net - May 2026
zcrm_5436421000135226952,Wide Net - May 2026
zcrm_5436421000135227115,Wide Net - May 2026
zcrm_5436421000135227635,Wide Net - May 2026
zcrm_5436421000135227638,Wide Net - May 2026
zcrm_5436421000135227963,Wide Net - May 2026
zcrm_5436421000135228069,Wide Net - May 2026
zcrm_5436421000135228131,Wide Net - May 2026
zcrm_5436421000135228175,Wide Net - May 2026
zcrm_5436421000135228185,Wide Net - May 2026
zcrm_5436421000135228458,Wide Net - May 2026
zcrm_5436421000135228541,Wide Net - May 2026
zcrm_5436421000135228641,Wide Net - May 2026
zcrm_5436421000135228651,Wide Net - May 2026
zcrm_5436421000135228953,Wide Net - May 2026
zcrm_5436421000135229012,Wide Net - May 2026
zcrm_5436421000135229145,Wide Net - May 2026
zcrm_5436421000135229465,Wide Net - May 2026
zcrm_5436421000135229503,Wide Net - May 2026
zcrm_5436421000135229995,Wide Net - May 2026
zcrm_5436421000135230170,Wide Net - May 2026
zcrm_5436421000135230600,Wide Net - May 2026
zcrm_5436421000135230952,Wide Net - May 2026
zcrm_5436421000135231444,Wide Net - May 2026
zcrm_5436421000135231527,Wide Net - May 2026
zcrm_5436421000135231550,Wide Net - May 2026
zcrm_5436421000135232003,Wide Net - May 2026
zcrm_5436421000135232054,Wide Net - May 2026
zcrm_5436421000135232159,Wide Net - May 2026
zcrm_5436421000135232674,Wide Net - May 2026
zcrm_5436421000135232948,Wide Net - May 2026
zcrm_5436421000135233108,Wide Net - May 2026
zcrm_5436421000135233166,Wide Net - May 2026
zcrm_5436421000135233533,Wide Net - May 2026
zcrm_5436421000135233548,Wide Net - May 2026
zcrm_5436421000135233601,Wide Net - May 2026
zcrm_5436421000135233947,Wide Net - May 2026
zcrm_5436421000135233985,Wide Net - May 2026
zcrm_5436421000135234013,Wide Net - May 2026
zcrm_5436421000135234462,Wide Net - May 2026
zcrm_5436421000135234471,Wide Net - May 2026
zcrm_5436421000135234512,Wide Net - May 2026
zcrm_5436421000135234980,Wide Net - May 2026
zcrm_5436421000135235114,Wide Net - May 2026
zcrm_5436421000135057981,Wide Net - May 2026
zcrm_5436421000135077222,Wide Net - May 2026
zcrm_5436421000135077389,Wide Net - May 2026
zcrm_5436421000135077760,Wide Net - May 2026
zcrm_5436421000135077830,Wide Net - May 2026
zcrm_5436421000135077905,Wide Net - May 2026
zcrm_5436421000135127196,Wide Net - May 2026
zcrm_5436421000135194444,Wide Net - May 2026
zcrm_5436421000135194453,Wide Net - May 2026
zcrm_5436421000135194767,Wide Net - May 2026
zcrm_5436421000135194801,Wide Net - May 2026
zcrm_5436421000135194817,Wide Net - May 2026
zcrm_5436421000135194829,Wide Net - May 2026
zcrm_5436421000135200590,Wide Net - May 2026
zcrm_5436421000135200618,Wide Net - May 2026
zcrm_5436421000135200631,Wide Net - May 2026
zcrm_5436421000135200971,Wide Net - May 2026
zcrm_5436421000135200978,Wide Net - May 2026
zcrm_5436421000135201076,Wide Net - May 2026
zcrm_5436421000135201505,Wide Net - May 2026
zcrm_5436421000135201593,Wide Net - May 2026
zcrm_5436421000135201980,Wide Net - May 2026
zcrm_5436421000135201987,Wide Net - May 2026
zcrm_5436421000135202042,Wide Net - May 2026
zcrm_5436421000135202052,Wide Net - May 2026
zcrm_5436421000135202460,Wide Net - May 2026
zcrm_5436421000135202482,Wide Net - May 2026
zcrm_5436421000135202496,Wide Net - May 2026
zcrm_5436421000135202576,Wide Net - May 2026
zcrm_5436421000135202592,Wide Net - May 2026
zcrm_5436421000135202949,Wide Net - May 2026
zcrm_5436421000135203050,Wide Net - May 2026
zcrm_5436421000135203076,Wide Net - May 2026
zcrm_5436421000135203102,Wide Net - May 2026
zcrm_5436421000135203109,Wide Net - May 2026
zcrm_5436421000135203488,Wide Net - May 2026
zcrm_5436421000135203684,Wide Net - May 2026
zcrm_5436421000135204012,Wide Net - May 2026
zcrm_5436421000135204029,Wide Net - May 2026
zcrm_5436421000135204074,Wide Net - May 2026
zcrm_5436421000135204125,Wide Net - May 2026
zcrm_5436421000135204132,Wide Net - May 2026
zcrm_5436421000135204179,Wide Net - May 2026
zcrm_5436421000135204514,Wide Net - May 2026
zcrm_5436421000135204547,Wide Net - May 2026
zcrm_5436421000135204681,Wide Net - May 2026
zcrm_5436421000135204945,Wide Net - May 2026
zcrm_5436421000135205031,Wide Net - May 2026
zcrm_5436421000135205082,Wide Net - May 2026
zcrm_5436421000135205110,Wide Net - May 2026
zcrm_5436421000135205147,Wide Net - May 2026
zcrm_5436421000135205558,Wide Net - May 2026
zcrm_5436421000135205613,Wide Net - May 2026
zcrm_5436421000135205628,Wide Net - May 2026
zcrm_5436421000135205631,Wide Net - May 2026
zcrm_5436421000135205651,Wide Net - May 2026
zcrm_5436421000135205669,Wide Net - May 2026
zcrm_5436421000135206014,Wide Net - May 2026
zcrm_5436421000135206105,Wide Net - May 2026
zcrm_5436421000135206122,Wide Net - May 2026
zcrm_5436421000135206132,Wide Net - May 2026
zcrm_5436421000135206518,Wide Net - May 2026
zcrm_5436421000135206566,Wide Net - May 2026
zcrm_5436421000135206589,Wide Net - May 2026
zcrm_5436421000135206627,Wide Net - May 2026
zcrm_5436421000135206662,Wide Net - May 2026
zcrm_5436421000135207166,Wide Net - May 2026
zcrm_5436421000135207475,Wide Net - May 2026
zcrm_5436421000135207516,Wide Net - May 2026
zcrm_5436421000135207565,Wide Net - May 2026
zcrm_5436421000135207583,Wide Net - May 2026
zcrm_5436421000135207682,Wide Net - May 2026
zcrm_5436421000135208021,Wide Net - May 2026
zcrm_5436421000135208561,Wide Net - May 2026
zcrm_5436421000135208570,Wide Net - May 2026
zcrm_5436421000135208585,Wide Net - May 2026
zcrm_5436421000135208996,Wide Net - May 2026
zcrm_5436421000135209084,Wide Net - May 2026
zcrm_5436421000135209460,Wide Net - May 2026
zcrm_5436421000135209502,Wide Net - May 2026
zcrm_5436421000135209983,Wide Net - May 2026
zcrm_5436421000135210460,Wide Net - May 2026
zcrm_5436421000135210493,Wide Net - May 2026
zcrm_5436421000135210611,Wide Net - May 2026
zcrm_5436421000135210640,Wide Net - May 2026
zcrm_5436421000135210678,Wide Net - May 2026
zcrm_5436421000135210991,Wide Net - May 2026
zcrm_5436421000135211029,Wide Net - May 2026
zcrm_5436421000135211083,Wide Net - May 2026
zcrm_5436421000135211142,Wide Net - May 2026
zcrm_5436421000135211471,Wide Net - May 2026
zcrm_5436421000135211480,Wide Net - May 2026
zcrm_5436421000135211491,Wide Net - May 2026
zcrm_5436421000135211533,Wide Net - May 2026
zcrm_5436421000135211633,Wide Net - May 2026
zcrm_5436421000135212072,Wide Net - May 2026
zcrm_5436421000135212074,Wide Net - May 2026
zcrm_5436421000135212098,Wide Net - May 2026
zcrm_5436421000135212187,Wide Net - May 2026
zcrm_5436421000135212463,Wide Net - May 2026
zcrm_5436421000135212625,Wide Net - May 2026
zcrm_5436421000135212643,Wide Net - May 2026
zcrm_5436421000135213001,Wide Net - May 2026
zcrm_5436421000135213129,Wide Net - May 2026
zcrm_5436421000135213600,Wide Net - May 2026
zcrm_5436421000135213639,Wide Net - May 2026
zcrm_5436421000135213678,Wide Net - May 2026
zcrm_5436421000135213979,Wide Net - May 2026
zcrm_5436421000135214006,Wide Net - May 2026
zcrm_5436421000135214026,Wide Net - May 2026
zcrm_5436421000135214050,Wide Net - May 2026
zcrm_5436421000135214476,Wide Net - May 2026
zcrm_5436421000135214496,Wide Net - May 2026
zcrm_5436421000135214593,Wide Net - May 2026
zcrm_5436421000135214663,Wide Net - May 2026
zcrm_5436421000135214683,Wide Net - May 2026
zcrm_5436421000135215077,Wide Net - May 2026
zcrm_5436421000135215138,Wide Net - May 2026
zcrm_5436421000135216068,Wide Net - May 2026
zcrm_5436421000135216481,Wide Net - May 2026
zcrm_5436421000135216523,Wide Net - May 2026
zcrm_5436421000135216603,Wide Net - May 2026
zcrm_5436421000135216664,Wide Net - May 2026
zcrm_5436421000135217045,Wide Net - May 2026
zcrm_5436421000135217496,Wide Net - May 2026
zcrm_5436421000135217567,Wide Net - May 2026
zcrm_5436421000135217619,Wide Net - May 2026
zcrm_5436421000135217625,Wide Net - May 2026
zcrm_5436421000135217673,Wide Net - May 2026
zcrm_5436421000135218120,Wide Net - May 2026
zcrm_5436421000135218159,Wide Net - May 2026
zcrm_5436421000135218483,Wide Net - May 2026
zcrm_5436421000135218489,Wide Net - May 2026
zcrm_5436421000135218491,Wide Net - May 2026
zcrm_5436421000135218569,Wide Net - May 2026
zcrm_5436421000135218621,Wide Net - May 2026
zcrm_5436421000135218633,Wide Net - May 2026
zcrm_5436421000135218682,Wide Net - May 2026
zcrm_5436421000135218999,Wide Net - May 2026
zcrm_5436421000135219042,Wide Net - May 2026
zcrm_5436421000135219081,Wide Net - May 2026
zcrm_5436421000135219523,Wide Net - May 2026
zcrm_5436421000135219529,Wide Net - May 2026
zcrm_5436421000135219537,Wide Net - May 2026
zcrm_5436421000135219546,Wide Net - May 2026
zcrm_5436421000135219548,Wide Net - May 2026
zcrm_5436421000135219624,Wide Net - May 2026
zcrm_5436421000135219951,Wide Net - May 2026
zcrm_5436421000135219984,Wide Net - May 2026
zcrm_5436421000135220116,Wide Net - May 2026
zcrm_5436421000135220140,Wide Net - May 2026
zcrm_5436421000135220498,Wide Net - May 2026
zcrm_5436421000135220537,Wide Net - May 2026
zcrm_5436421000135220560,Wide Net - May 2026
zcrm_5436421000135220582,Wide Net - May 2026
zcrm_5436421000135220681,Wide Net - May 2026
zcrm_5436421000135220684,Wide Net - May 2026
zcrm_5436421000135220958,Wide Net - May 2026
zcrm_5436421000135220978,Wide Net - May 2026
zcrm_5436421000135220984,Wide Net - May 2026
zcrm_5436421000135221106,Wide Net - May 2026
zcrm_5436421000135221440,Wide Net - May 2026
zcrm_5436421000135221477,Wide Net - May 2026
zcrm_5436421000135221504,Wide Net - May 2026
zcrm_5436421000135221648,Wide Net - May 2026
zcrm_5436421000135221943,Wide Net - May 2026
zcrm_5436421000135221992,Wide Net - May 2026
zcrm_5436421000135222122,Wide Net - May 2026
zcrm_5436421000135222492,Wide Net - May 2026
zcrm_5436421000135222523,Wide Net - May 2026
zcrm_5436421000135222543,Wide Net - May 2026
zcrm_5436421000135222948,Wide Net - May 2026
zcrm_5436421000135222977,Wide Net - May 2026
zcrm_5436421000135223046,Wide Net - May 2026
zcrm_5436421000135223110,Wide Net - May 2026
zcrm_5436421000135223124,Wide Net - May 2026
zcrm_5436421000135223135,Wide Net - May 2026
zcrm_5436421000135223147,Wide Net - May 2026
zcrm_5436421000135223152,Wide Net - May 2026
zcrm_5436421000135223539,Wide Net - May 2026
zcrm_5436421000135223568,Wide Net - May 2026
zcrm_5436421000135223579,Wide Net - May 2026
zcrm_5436421000135223949,Wide Net - May 2026
zcrm_5436421000135223959,Wide Net - May 2026
zcrm_5436421000135223963,Wide Net - May 2026
zcrm_5436421000135223974,Wide Net - May 2026
zcrm_5436421000135224005,Wide Net - May 2026
zcrm_5436421000135224167,Wide Net - May 2026
zcrm_5436421000135224174,Wide Net - May 2026
zcrm_5436421000135224533,Wide Net - May 2026
zcrm_5436421000135224654,Wide Net - May 2026
zcrm_5436421000135224957,Wide Net - May 2026
zcrm_5436421000135225039,Wide Net - May 2026
zcrm_5436421000135225061,Wide Net - May 2026
zcrm_5436421000135225062,Wide Net - May 2026
zcrm_5436421000135225070,Wide Net - May 2026
zcrm_5436421000135225102,Wide Net - May 2026
zcrm_5436421000135225160,Wide Net - May 2026
zcrm_5436421000135225185,Wide Net - May 2026
zcrm_5436421000135225486,Wide Net - May 2026
zcrm_5436421000135225583,Wide Net - May 2026
zcrm_5436421000135225607,Wide Net - May 2026
zcrm_5436421000135225643,Wide Net - May 2026
zcrm_5436421000135225973,Wide Net - May 2026
zcrm_5436421000135225990,Wide Net - May 2026
zcrm_5436421000135226064,Wide Net - May 2026
zcrm_5436421000135226073,Wide Net - May 2026
zcrm_5436421000135226078,Wide Net - May 2026
zcrm_5436421000135226147,Wide Net - May 2026
zcrm_5436421000135226174,Wide Net - May 2026
zcrm_5436421000135226569,Wide Net - May 2026
zcrm_5436421000135226598,Wide Net - May 2026
zcrm_5436421000135226649,Wide Net - May 2026
zcrm_5436421000135227089,Wide Net - May 2026
zcrm_5436421000135227460,Wide Net - May 2026
zcrm_5436421000135227512,Wide Net - May 2026
zcrm_5436421000135227547,Wide Net - May 2026
zcrm_5436421000135227550,Wide Net - May 2026
zcrm_5436421000135227595,Wide Net - May 2026
zcrm_5436421000135227674,Wide Net - May 2026
zcrm_5436421000135227684,Wide Net - May 2026
zcrm_5436421000135228002,Wide Net - May 2026
zcrm_5436421000135228005,Wide Net - May 2026
zcrm_5436421000135228031,Wide Net - May 2026
zcrm_5436421000135228041,Wide Net - May 2026
zcrm_5436421000135228075,Wide Net - May 2026
zcrm_5436421000135228164,Wide Net - May 2026
zcrm_5436421000135228167,Wide Net - May 2026
zcrm_5436421000135228481,Wide Net - May 2026
zcrm_5436421000135228523,Wide Net - May 2026
zcrm_5436421000135228558,Wide Net - May 2026
zcrm_5436421000135228564,Wide Net - May 2026
zcrm_5436421000135228567,Wide Net - May 2026
zcrm_5436421000135229474,Wide Net - May 2026
zcrm_5436421000135229532,Wide Net - May 2026
zcrm_5436421000135229557,Wide Net - May 2026
zcrm_5436421000135229588,Wide Net - May 2026
zcrm_5436421000135229600,Wide Net - May 2026
zcrm_5436421000135229603,Wide Net - May 2026
zcrm_5436421000135229627,Wide Net - May 2026
zcrm_5436421000135229633,Wide Net - May 2026
zcrm_5436421000135229680,Wide Net - May 2026
zcrm_5436421000135230023,Wide Net - May 2026
zcrm_5436421000135230144,Wide Net - May 2026
zcrm_5436421000135230156,Wide Net - May 2026
zcrm_5436421000135230484,Wide Net - May 2026
zcrm_5436421000135230573,Wide Net - May 2026
zcrm_5436421000135230605,Wide Net - May 2026
zcrm_5436421000135230606,Wide Net - May 2026
zcrm_5436421000135230677,Wide Net - May 2026
zcrm_5436421000135231152,Wide Net - May 2026
zcrm_5436421000135231472,Wide Net - May 2026
zcrm_5436421000135231477,Wide Net - May 2026
zcrm_5436421000135231540,Wide Net - May 2026
zcrm_5436421000135231599,Wide Net - May 2026
zcrm_5436421000135231656,Wide Net - May 2026
zcrm_5436421000135231668,Wide Net - May 2026
zcrm_5436421000135231973,Wide Net - May 2026
zcrm_5436421000135231994,Wide Net - May 2026
zcrm_5436421000135232015,Wide Net - May 2026
zcrm_5436421000135232034,Wide Net - May 2026
zcrm_5436421000135232109,Wide Net - May 2026
zcrm_5436421000135232519,Wide Net - May 2026
zcrm_5436421000135232596,Wide Net - May 2026
zcrm_5436421000135232629,Wide Net - May 2026
zcrm_5436421000135232642,Wide Net - May 2026
zcrm_5436421000135232953,Wide Net - May 2026
zcrm_5436421000135232985,Wide Net - May 2026
zcrm_5436421000135232992,Wide Net - May 2026
zcrm_5436421000135233038,Wide Net - May 2026
zcrm_5436421000135233058,Wide Net - May 2026
zcrm_5436421000135233094,Wide Net - May 2026
zcrm_5436421000135233132,Wide Net - May 2026
zcrm_5436421000135233134,Wide Net - May 2026
zcrm_5436421000135233438,Wide Net - May 2026
zcrm_5436421000135233442,Wide Net - May 2026
zcrm_5436421000135233539,Wide Net - May 2026
zcrm_5436421000135233590,Wide Net - May 2026
zcrm_5436421000135233595,Wide Net - May 2026
zcrm_5436421000135233938,Wide Net - May 2026
zcrm_5436421000135234040,Wide Net - May 2026
zcrm_5436421000135234134,Wide Net - May 2026
zcrm_5436421000135234140,Wide Net - May 2026
zcrm_5436421000135234143,Wide Net - May 2026
zcrm_5436421000135234461,Wide Net - May 2026
zcrm_5436421000135234481,Wide Net - May 2026
zcrm_5436421000135234510,Wide Net - May 2026
zcrm_5436421000135234629,Wide Net - May 2026
zcrm_5436421000135235042,Wide Net - May 2026
zcrm_5436421000135235057,Wide Net - May 2026
zcrm_5436421000135235081,Wide Net - May 2026
zcrm_5436421000135077393,Wide Net - May 2026
zcrm_5436421000135077739,Wide Net - May 2026
zcrm_5436421000135077952,Wide Net - May 2026
zcrm_5436421000135127169,Wide Net - May 2026
zcrm_5436421000135194445,Wide Net - May 2026
zcrm_5436421000135201051,Wide Net - May 2026
zcrm_5436421000135201140,Wide Net - May 2026
zcrm_5436421000135201661,Wide Net - May 2026
zcrm_5436421000135202111,Wide Net - May 2026
zcrm_5436421000135202512,Wide Net - May 2026
zcrm_5436421000135202560,Wide Net - May 2026
zcrm_5436421000135202662,Wide Net - May 2026
zcrm_5436421000135202665,Wide Net - May 2026
zcrm_5436421000135203032,Wide Net - May 2026
zcrm_5436421000135203044,Wide Net - May 2026
zcrm_5436421000135203056,Wide Net - May 2026
zcrm_5436421000135203074,Wide Net - May 2026
zcrm_5436421000135203088,Wide Net - May 2026
zcrm_5436421000135204089,Wide Net - May 2026
zcrm_5436421000135204143,Wide Net - May 2026
zcrm_5436421000135204146,Wide Net - May 2026
zcrm_5436421000135204150,Wide Net - May 2026
zcrm_5436421000135204506,Wide Net - May 2026
zcrm_5436421000135204628,Wide Net - May 2026
zcrm_5436421000135205108,Wide Net - May 2026
zcrm_5436421000135205458,Wide Net - May 2026
zcrm_5436421000135205678,Wide Net - May 2026
zcrm_5436421000135205939,Wide Net - May 2026
zcrm_5436421000135206183,Wide Net - May 2026
zcrm_5436421000135206572,Wide Net - May 2026
zcrm_5436421000135206969,Wide Net - May 2026
zcrm_5436421000135207106,Wide Net - May 2026
zcrm_5436421000135207498,Wide Net - May 2026
zcrm_5436421000135207514,Wide Net - May 2026
zcrm_5436421000135207631,Wide Net - May 2026
zcrm_5436421000135207986,Wide Net - May 2026
zcrm_5436421000135208080,Wide Net - May 2026
zcrm_5436421000135208529,Wide Net - May 2026
zcrm_5436421000135208559,Wide Net - May 2026
zcrm_5436421000135209165,Wide Net - May 2026
zcrm_5436421000135209451,Wide Net - May 2026
zcrm_5436421000135209662,Wide Net - May 2026
zcrm_5436421000135210011,Wide Net - May 2026
zcrm_5436421000135210969,Wide Net - May 2026
zcrm_5436421000135211061,Wide Net - May 2026
zcrm_5436421000135211167,Wide Net - May 2026
zcrm_5436421000135212016,Wide Net - May 2026
zcrm_5436421000135212108,Wide Net - May 2026
zcrm_5436421000135212183,Wide Net - May 2026
zcrm_5436421000135212514,Wide Net - May 2026
zcrm_5436421000135212635,Wide Net - May 2026
zcrm_5436421000135213051,Wide Net - May 2026
zcrm_5436421000135213084,Wide Net - May 2026
zcrm_5436421000135213125,Wide Net - May 2026
zcrm_5436421000135213171,Wide Net - May 2026
zcrm_5436421000135214046,Wide Net - May 2026
zcrm_5436421000135214073,Wide Net - May 2026
zcrm_5436421000135214516,Wide Net - May 2026
zcrm_5436421000135214624,Wide Net - May 2026
zcrm_5436421000135215032,Wide Net - May 2026
zcrm_5436421000135215555,Wide Net - May 2026
zcrm_5436421000135215969,Wide Net - May 2026
zcrm_5436421000135215982,Wide Net - May 2026
zcrm_5436421000135216091,Wide Net - May 2026
zcrm_5436421000135216158,Wide Net - May 2026
zcrm_5436421000135216560,Wide Net - May 2026
zcrm_5436421000135216604,Wide Net - May 2026
zcrm_5436421000135216643,Wide Net - May 2026
zcrm_5436421000135216996,Wide Net - May 2026
zcrm_5436421000135217447,Wide Net - May 2026
zcrm_5436421000135217489,Wide Net - May 2026
zcrm_5436421000135217516,Wide Net - May 2026
zcrm_5436421000135217532,Wide Net - May 2026
zcrm_5436421000135218098,Wide Net - May 2026
zcrm_5436421000135218116,Wide Net - May 2026
zcrm_5436421000135218149,Wide Net - May 2026
zcrm_5436421000135218164,Wide Net - May 2026
zcrm_5436421000135218168,Wide Net - May 2026
zcrm_5436421000135218536,Wide Net - May 2026
zcrm_5436421000135219056,Wide Net - May 2026
zcrm_5436421000135219127,Wide Net - May 2026
zcrm_5436421000135219176,Wide Net - May 2026
zcrm_5436421000135219549,Wide Net - May 2026
zcrm_5436421000135219625,Wide Net - May 2026
zcrm_5436421000135219674,Wide Net - May 2026
zcrm_5436421000135220062,Wide Net - May 2026
zcrm_5436421000135220484,Wide Net - May 2026
zcrm_5436421000135220594,Wide Net - May 2026
zcrm_5436421000135221033,Wide Net - May 2026
zcrm_5436421000135221142,Wide Net - May 2026
zcrm_5436421000135221530,Wide Net - May 2026
zcrm_5436421000135221531,Wide Net - May 2026
zcrm_5436421000135221571,Wide Net - May 2026
zcrm_5436421000135222093,Wide Net - May 2026
zcrm_5436421000135222163,Wide Net - May 2026
zcrm_5436421000135222577,Wide Net - May 2026
zcrm_5436421000135223071,Wide Net - May 2026
zcrm_5436421000135223498,Wide Net - May 2026
zcrm_5436421000135223500,Wide Net - May 2026
zcrm_5436421000135223570,Wide Net - May 2026
zcrm_5436421000135223590,Wide Net - May 2026
zcrm_5436421000135223670,Wide Net - May 2026
zcrm_5436421000135223682,Wide Net - May 2026
zcrm_5436421000135224103,Wide Net - May 2026
zcrm_5436421000135224120,Wide Net - May 2026
zcrm_5436421000135224159,Wide Net - May 2026
zcrm_5436421000135224637,Wide Net - May 2026
zcrm_5436421000135225040,Wide Net - May 2026
zcrm_5436421000135225046,Wide Net - May 2026
zcrm_5436421000135225123,Wide Net - May 2026
zcrm_5436421000135225126,Wide Net - May 2026
zcrm_5436421000135225493,Wide Net - May 2026
zcrm_5436421000135225534,Wide Net - May 2026
zcrm_5436421000135225603,Wide Net - May 2026
zcrm_5436421000135226172,Wide Net - May 2026
zcrm_5436421000135227182,Wide Net - May 2026
zcrm_5436421000135227602,Wide Net - May 2026
zcrm_5436421000135227623,Wide Net - May 2026
zcrm_5436421000135227631,Wide Net - May 2026
zcrm_5436421000135227669,Wide Net - May 2026
zcrm_5436421000135227948,Wide Net - May 2026
zcrm_5436421000135227991,Wide Net - May 2026
zcrm_5436421000135228004,Wide Net - May 2026
zcrm_5436421000135228147,Wide Net - May 2026
zcrm_5436421000135228517,Wide Net - May 2026
zcrm_5436421000135228973,Wide Net - May 2026
zcrm_5436421000135229054,Wide Net - May 2026
zcrm_5436421000135229088,Wide Net - May 2026
zcrm_5436421000135229132,Wide Net - May 2026
zcrm_5436421000135229166,Wide Net - May 2026
zcrm_5436421000135229526,Wide Net - May 2026
zcrm_5436421000135229540,Wide Net - May 2026
zcrm_5436421000135229607,Wide Net - May 2026
zcrm_5436421000135229611,Wide Net - May 2026
zcrm_5436421000135229669,Wide Net - May 2026
zcrm_5436421000135230033,Wide Net - May 2026
zcrm_5436421000135230079,Wide Net - May 2026
zcrm_5436421000135230483,Wide Net - May 2026
zcrm_5436421000135230497,Wide Net - May 2026
zcrm_5436421000135230943,Wide Net - May 2026
zcrm_5436421000135231010,Wide Net - May 2026
zcrm_5436421000135231031,Wide Net - May 2026
zcrm_5436421000135231085,Wide Net - May 2026
zcrm_5436421000135231157,Wide Net - May 2026
zcrm_5436421000135231459,Wide Net - May 2026
zcrm_5436421000135231525,Wide Net - May 2026
zcrm_5436421000135231630,Wide Net - May 2026
zcrm_5436421000135231642,Wide Net - May 2026
zcrm_5436421000135231975,Wide Net - May 2026
zcrm_5436421000135232119,Wide Net - May 2026
zcrm_5436421000135232165,Wide Net - May 2026
zcrm_5436421000135232526,Wide Net - May 2026
zcrm_5436421000135232580,Wide Net - May 2026
zcrm_5436421000135232615,Wide Net - May 2026
zcrm_5436421000135232633,Wide Net - May 2026
zcrm_5436421000135232647,Wide Net - May 2026
zcrm_5436421000135232938,Wide Net - May 2026
zcrm_5436421000135232965,Wide Net - May 2026
zcrm_5436421000135233007,Wide Net - May 2026
zcrm_5436421000135233097,Wide Net - May 2026
zcrm_5436421000135233581,Wide Net - May 2026
zcrm_5436421000135234063,Wide Net - May 2026
zcrm_5436421000135234086,Wide Net - May 2026
zcrm_5436421000135234090,Wide Net - May 2026
zcrm_5436421000135234561,Wide Net - May 2026
zcrm_5436421000135234566,Wide Net - May 2026
zcrm_5436421000135235041,Wide Net - May 2026
zcrm_5436421000135077767,Wide Net - May 2026
zcrm_5436421000135077840,Wide Net - May 2026
zcrm_5436421000135194339,Wide Net - May 2026
zcrm_5436421000135194427,Wide Net - May 2026
zcrm_5436421000135194716,Wide Net - May 2026
zcrm_5436421000135200113,Wide Net - May 2026
zcrm_5436421000135200538,Wide Net - May 2026
zcrm_5436421000135200981,Wide Net - May 2026
zcrm_5436421000135201138,Wide Net - May 2026
zcrm_5436421000135201442,Wide Net - May 2026
zcrm_5436421000135202526,Wide Net - May 2026
zcrm_5436421000135202634,Wide Net - May 2026
zcrm_5436421000135202664,Wide Net - May 2026
zcrm_5436421000135203152,Wide Net - May 2026
zcrm_5436421000135204558,Wide Net - May 2026
zcrm_5436421000135205617,Wide Net - May 2026
zcrm_5436421000135206482,Wide Net - May 2026
zcrm_5436421000135206534,Wide Net - May 2026
zcrm_5436421000135206593,Wide Net - May 2026
zcrm_5436421000135206669,Wide Net - May 2026
zcrm_5436421000135207980,Wide Net - May 2026
zcrm_5436421000135208067,Wide Net - May 2026
zcrm_5436421000135208515,Wide Net - May 2026
zcrm_5436421000135208671,Wide Net - May 2026
zcrm_5436421000135209061,Wide Net - May 2026
zcrm_5436421000135209514,Wide Net - May 2026
zcrm_5436421000135209546,Wide Net - May 2026
zcrm_5436421000135209548,Wide Net - May 2026
zcrm_5436421000135209582,Wide Net - May 2026
zcrm_5436421000135209674,Wide Net - May 2026
zcrm_5436421000135210001,Wide Net - May 2026
zcrm_5436421000135210018,Wide Net - May 2026
zcrm_5436421000135210077,Wide Net - May 2026
zcrm_5436421000135210449,Wide Net - May 2026
zcrm_5436421000135210592,Wide Net - May 2026
zcrm_5436421000135211025,Wide Net - May 2026
zcrm_5436421000135211073,Wide Net - May 2026
zcrm_5436421000135211621,Wide Net - May 2026
zcrm_5436421000135211951,Wide Net - May 2026
zcrm_5436421000135212093,Wide Net - May 2026
zcrm_5436421000135212550,Wide Net - May 2026
zcrm_5436421000135213113,Wide Net - May 2026
zcrm_5436421000135213519,Wide Net - May 2026
zcrm_5436421000135214030,Wide Net - May 2026
zcrm_5436421000135215064,Wide Net - May 2026
zcrm_5436421000135215541,Wide Net - May 2026
zcrm_5436421000135216112,Wide Net - May 2026
zcrm_5436421000135216465,Wide Net - May 2026
zcrm_5436421000135216972,Wide Net - May 2026
zcrm_5436421000135217605,Wide Net - May 2026
zcrm_5436421000135218153,Wide Net - May 2026
zcrm_5436421000135218156,Wide Net - May 2026
zcrm_5436421000135218495,Wide Net - May 2026
zcrm_5436421000135218657,Wide Net - May 2026
zcrm_5436421000135218961,Wide Net - May 2026
zcrm_5436421000135219451,Wide Net - May 2026
zcrm_5436421000135219530,Wide Net - May 2026
zcrm_5436421000135220663,Wide Net - May 2026
zcrm_5436421000135220668,Wide Net - May 2026
zcrm_5436421000135221000,Wide Net - May 2026
zcrm_5436421000135221541,Wide Net - May 2026
zcrm_5436421000135221687,Wide Net - May 2026
zcrm_5436421000135222145,Wide Net - May 2026
zcrm_5436421000135222182,Wide Net - May 2026
zcrm_5436421000135222629,Wide Net - May 2026
zcrm_5436421000135222943,Wide Net - May 2026
zcrm_5436421000135222972,Wide Net - May 2026
zcrm_5436421000135223650,Wide Net - May 2026
zcrm_5436421000135224026,Wide Net - May 2026
zcrm_5436421000135224116,Wide Net - May 2026
zcrm_5436421000135224564,Wide Net - May 2026
zcrm_5436421000135225018,Wide Net - May 2026
zcrm_5436421000135225019,Wide Net - May 2026
zcrm_5436421000135225095,Wide Net - May 2026
zcrm_5436421000135225487,Wide Net - May 2026
zcrm_5436421000135225511,Wide Net - May 2026
zcrm_5436421000135225940,Wide Net - May 2026
zcrm_5436421000135225959,Wide Net - May 2026
zcrm_5436421000135226167,Wide Net - May 2026
zcrm_5436421000135226948,Wide Net - May 2026
zcrm_5436421000135227104,Wide Net - May 2026
zcrm_5436421000135227493,Wide Net - May 2026
zcrm_5436421000135227515,Wide Net - May 2026
zcrm_5436421000135227940,Wide Net - May 2026
zcrm_5436421000135228574,Wide Net - May 2026
zcrm_5436421000135228579,Wide Net - May 2026
zcrm_5436421000135229447,Wide Net - May 2026
zcrm_5436421000135230024,Wide Net - May 2026
zcrm_5436421000135230121,Wide Net - May 2026
zcrm_5436421000135230146,Wide Net - May 2026
zcrm_5436421000135231051,Wide Net - May 2026
zcrm_5436421000135231096,Wide Net - May 2026
zcrm_5436421000135231147,Wide Net - May 2026
zcrm_5436421000135231966,Wide Net - May 2026
zcrm_5436421000135232454,Wide Net - May 2026
zcrm_5436421000135232618,Wide Net - May 2026
zcrm_5436421000135232960,Wide Net - May 2026
zcrm_5436421000135233157,Wide Net - May 2026
zcrm_5436421000135233443,Wide Net - May 2026
zcrm_5436421000135233447,Wide Net - May 2026
zcrm_5436421000135233950,Wide Net - May 2026
zcrm_5436421000135234597,Wide Net - May 2026
zcrm_5436421000135234633,Wide Net - May 2026
zcrm_5436421000135234999,Wide Net - May 2026
zcrm_5436421000135235002,Wide Net - May 2026
zcrm_5436421000135235066,Wide Net - May 2026
zcrm_5436421000135235068,Wide Net - May 2026
zcrm_5436421000135235098,Wide Net - May 2026
zcrm_5436421000135235130,Wide Net - May 2026
zcrm_5436421000135057955,Wide Net - May 2026
zcrm_5436421000135057997,Wide Net - May 2026
zcrm_5436421000135077277,Wide Net - May 2026
zcrm_5436421000135127195,Wide Net - May 2026
zcrm_5436421000135127238,Wide Net - May 2026
zcrm_5436421000135127276,Wide Net - May 2026
zcrm_5436421000135194292,Wide Net - May 2026
zcrm_5436421000135194300,Wide Net - May 2026
zcrm_5436421000135194723,Wide Net - May 2026
zcrm_5436421000135200025,Wide Net - May 2026
zcrm_5436421000135200075,Wide Net - May 2026
zcrm_5436421000135200087,Wide Net - May 2026
zcrm_5436421000135200152,Wide Net - May 2026
zcrm_5436421000135200468,Wide Net - May 2026
zcrm_5436421000135200579,Wide Net - May 2026
zcrm_5436421000135200601,Wide Net - May 2026
zcrm_5436421000135200614,Wide Net - May 2026
zcrm_5436421000135201038,Wide Net - May 2026
zcrm_5436421000135201091,Wide Net - May 2026
zcrm_5436421000135201957,Wide Net - May 2026
zcrm_5436421000135203668,Wide Net - May 2026
zcrm_5436421000135204050,Wide Net - May 2026
zcrm_5436421000135204470,Wide Net - May 2026
zcrm_5436421000135204588,Wide Net - May 2026
zcrm_5436421000135204626,Wide Net - May 2026
zcrm_5436421000135204982,Wide Net - May 2026
zcrm_5436421000135205083,Wide Net - May 2026
zcrm_5436421000135205570,Wide Net - May 2026
zcrm_5436421000135206002,Wide Net - May 2026
zcrm_5436421000135206049,Wide Net - May 2026
zcrm_5436421000135206102,Wide Net - May 2026
zcrm_5436421000135206478,Wide Net - May 2026
zcrm_5436421000135207052,Wide Net - May 2026
zcrm_5436421000135207118,Wide Net - May 2026
zcrm_5436421000135207973,Wide Net - May 2026
zcrm_5436421000135208555,Wide Net - May 2026
zcrm_5436421000135208564,Wide Net - May 2026
zcrm_5436421000135208989,Wide Net - May 2026
zcrm_5436421000135209055,Wide Net - May 2026
zcrm_5436421000135209113,Wide Net - May 2026
zcrm_5436421000135209534,Wide Net - May 2026
zcrm_5436421000135209539,Wide Net - May 2026
zcrm_5436421000135209609,Wide Net - May 2026
zcrm_5436421000135210151,Wide Net - May 2026
zcrm_5436421000135211132,Wide Net - May 2026
zcrm_5436421000135211440,Wide Net - May 2026
zcrm_5436421000135211572,Wide Net - May 2026
zcrm_5436421000135212065,Wide Net - May 2026
zcrm_5436421000135213466,Wide Net - May 2026
zcrm_5436421000135213589,Wide Net - May 2026
zcrm_5436421000135213601,Wide Net - May 2026
zcrm_5436421000135214151,Wide Net - May 2026
zcrm_5436421000135214545,Wide Net - May 2026
zcrm_5436421000135214971,Wide Net - May 2026
zcrm_5436421000135215015,Wide Net - May 2026
zcrm_5436421000135215081,Wide Net - May 2026
zcrm_5436421000135215146,Wide Net - May 2026
zcrm_5436421000135215459,Wide Net - May 2026
zcrm_5436421000135215595,Wide Net - May 2026
zcrm_5436421000135215654,Wide Net - May 2026
zcrm_5436421000135216527,Wide Net - May 2026
zcrm_5436421000135217082,Wide Net - May 2026
zcrm_5436421000135217163,Wide Net - May 2026
zcrm_5436421000135217492,Wide Net - May 2026
zcrm_5436421000135217947,Wide Net - May 2026
zcrm_5436421000135218056,Wide Net - May 2026
zcrm_5436421000135218572,Wide Net - May 2026
zcrm_5436421000135218614,Wide Net - May 2026
zcrm_5436421000135218672,Wide Net - May 2026
zcrm_5436421000135219976,Wide Net - May 2026
zcrm_5436421000135220469,Wide Net - May 2026
zcrm_5436421000135220553,Wide Net - May 2026
zcrm_5436421000135220600,Wide Net - May 2026
zcrm_5436421000135221030,Wide Net - May 2026
zcrm_5436421000135221580,Wide Net - May 2026
zcrm_5436421000135221666,Wide Net - May 2026
zcrm_5436421000135221978,Wide Net - May 2026
zcrm_5436421000135222000,Wide Net - May 2026
zcrm_5436421000135222030,Wide Net - May 2026
zcrm_5436421000135222096,Wide Net - May 2026
zcrm_5436421000135222484,Wide Net - May 2026
zcrm_5436421000135222541,Wide Net - May 2026
zcrm_5436421000135222610,Wide Net - May 2026
zcrm_5436421000135223522,Wide Net - May 2026
zcrm_5436421000135223600,Wide Net - May 2026
zcrm_5436421000135223660,Wide Net - May 2026
zcrm_5436421000135223948,Wide Net - May 2026
zcrm_5436421000135223978,Wide Net - May 2026
zcrm_5436421000135224087,Wide Net - May 2026
zcrm_5436421000135224099,Wide Net - May 2026
zcrm_5436421000135224452,Wide Net - May 2026
zcrm_5436421000135224526,Wide Net - May 2026
zcrm_5436421000135224986,Wide Net - May 2026
zcrm_5436421000135225663,Wide Net - May 2026
zcrm_5436421000135225958,Wide Net - May 2026
zcrm_5436421000135226468,Wide Net - May 2026
zcrm_5436421000135227021,Wide Net - May 2026
zcrm_5436421000135227146,Wide Net - May 2026
zcrm_5436421000135227159,Wide Net - May 2026
zcrm_5436421000135227482,Wide Net - May 2026
zcrm_5436421000135227641,Wide Net - May 2026
zcrm_5436421000135228018,Wide Net - May 2026
zcrm_5436421000135228046,Wide Net - May 2026
zcrm_5436421000135228140,Wide Net - May 2026
zcrm_5436421000135228527,Wide Net - May 2026
zcrm_5436421000135229507,Wide Net - May 2026
zcrm_5436421000135230073,Wide Net - May 2026
zcrm_5436421000135231665,Wide Net - May 2026
zcrm_5436421000135232081,Wide Net - May 2026
zcrm_5436421000135232169,Wide Net - May 2026
zcrm_5436421000135232475,Wide Net - May 2026
zcrm_5436421000135232976,Wide Net - May 2026
zcrm_5436421000135234662,Wide Net - May 2026
zcrm_5436421000135234663,Wide Net - May 2026
zcrm_5436421000135234668,Wide Net - May 2026
zcrm_5436421000135234681,Wide Net - May 2026
zcrm_5436421000135234686,Wide Net - May 2026
zcrm_5436421000135077352,Wide Net - May 2026
zcrm_5436421000135077432,Wide Net - May 2026
zcrm_5436421000135077439,Wide Net - May 2026
zcrm_5436421000135077732,Wide Net - May 2026
zcrm_5436421000135077735,Wide Net - May 2026
zcrm_5436421000135127229,Wide Net - May 2026
zcrm_5436421000135194219,Wide Net - May 2026
zcrm_5436421000135194240,Wide Net - May 2026
zcrm_5436421000135194298,Wide Net - May 2026
zcrm_5436421000135200568,Wide Net - May 2026
zcrm_5436421000135201587,Wide Net - May 2026
zcrm_5436421000135201969,Wide Net - May 2026
zcrm_5436421000135202003,Wide Net - May 2026
zcrm_5436421000135202076,Wide Net - May 2026
zcrm_5436421000135202095,Wide Net - May 2026
zcrm_5436421000135202120,Wide Net - May 2026
zcrm_5436421000135202457,Wide Net - May 2026
zcrm_5436421000135202620,Wide Net - May 2026
zcrm_5436421000135202959,Wide Net - May 2026
zcrm_5436421000135204021,Wide Net - May 2026
zcrm_5436421000135204055,Wide Net - May 2026
zcrm_5436421000135204058,Wide Net - May 2026
zcrm_5436421000135204060,Wide Net - May 2026
zcrm_5436421000135204483,Wide Net - May 2026
zcrm_5436421000135204612,Wide Net - May 2026
zcrm_5436421000135204677,Wide Net - May 2026
zcrm_5436421000135204940,Wide Net - May 2026
zcrm_5436421000135204966,Wide Net - May 2026
zcrm_5436421000135205993,Wide Net - May 2026
zcrm_5436421000135206152,Wide Net - May 2026
zcrm_5436421000135206498,Wide Net - May 2026
zcrm_5436421000135206542,Wide Net - May 2026
zcrm_5436421000135206613,Wide Net - May 2026
zcrm_5436421000135207056,Wide Net - May 2026
zcrm_5436421000135207974,Wide Net - May 2026
zcrm_5436421000135208043,Wide Net - May 2026
zcrm_5436421000135208123,Wide Net - May 2026
zcrm_5436421000135208161,Wide Net - May 2026
zcrm_5436421000135208608,Wide Net - May 2026
zcrm_5436421000135209003,Wide Net - May 2026
zcrm_5436421000135209522,Wide Net - May 2026
zcrm_5436421000135209960,Wide Net - May 2026
zcrm_5436421000135210134,Wide Net - May 2026
zcrm_5436421000135211123,Wide Net - May 2026
zcrm_5436421000135211604,Wide Net - May 2026
zcrm_5436421000135212063,Wide Net - May 2026
zcrm_5436421000135212134,Wide Net - May 2026
zcrm_5436421000135212527,Wide Net - May 2026
zcrm_5436421000135212955,Wide Net - May 2026
zcrm_5436421000135212995,Wide Net - May 2026
zcrm_5436421000135213038,Wide Net - May 2026
zcrm_5436421000135213531,Wide Net - May 2026
zcrm_5436421000135213553,Wide Net - May 2026
zcrm_5436421000135213562,Wide Net - May 2026
zcrm_5436421000135213598,Wide Net - May 2026
zcrm_5436421000135214095,Wide Net - May 2026
zcrm_5436421000135214114,Wide Net - May 2026
zcrm_5436421000135214438,Wide Net - May 2026
zcrm_5436421000135214519,Wide Net - May 2026
zcrm_5436421000135214550,Wide Net - May 2026
zcrm_5436421000135214956,Wide Net - May 2026
zcrm_5436421000135214977,Wide Net - May 2026
zcrm_5436421000135214991,Wide Net - May 2026
zcrm_5436421000135215072,Wide Net - May 2026
zcrm_5436421000135215637,Wide Net - May 2026
zcrm_5436421000135215683,Wide Net - May 2026
zcrm_5436421000135215972,Wide Net - May 2026
zcrm_5436421000135215994,Wide Net - May 2026
zcrm_5436421000135216012,Wide Net - May 2026
zcrm_5436421000135216102,Wide Net - May 2026
zcrm_5436421000135216142,Wide Net - May 2026
zcrm_5436421000135216681,Wide Net - May 2026
zcrm_5436421000135216942,Wide Net - May 2026
zcrm_5436421000135217603,Wide Net - May 2026
zcrm_5436421000135217956,Wide Net - May 2026
zcrm_5436421000135218096,Wide Net - May 2026
zcrm_5436421000135218102,Wide Net - May 2026
zcrm_5436421000135218173,Wide Net - May 2026
zcrm_5436421000135218457,Wide Net - May 2026
zcrm_5436421000135218539,Wide Net - May 2026
zcrm_5436421000135219539,Wide Net - May 2026
zcrm_5436421000135220487,Wide Net - May 2026
zcrm_5436421000135220499,Wide Net - May 2026
zcrm_5436421000135220527,Wide Net - May 2026
zcrm_5436421000135220963,Wide Net - May 2026
zcrm_5436421000135220986,Wide Net - May 2026
zcrm_5436421000135221631,Wide Net - May 2026
zcrm_5436421000135221657,Wide Net - May 2026
zcrm_5436421000135221685,Wide Net - May 2026
zcrm_5436421000135222951,Wide Net - May 2026
zcrm_5436421000135222985,Wide Net - May 2026
zcrm_5436421000135223473,Wide Net - May 2026
zcrm_5436421000135223566,Wide Net - May 2026
zcrm_5436421000135223956,Wide Net - May 2026
zcrm_5436421000135224024,Wide Net - May 2026
zcrm_5436421000135224476,Wide Net - May 2026
zcrm_5436421000135224594,Wide Net - May 2026
zcrm_5436421000135224600,Wide Net - May 2026
zcrm_5436421000135224683,Wide Net - May 2026
zcrm_5436421000135224941,Wide Net - May 2026
zcrm_5436421000135225048,Wide Net - May 2026
zcrm_5436421000135225177,Wide Net - May 2026
zcrm_5436421000135225619,Wide Net - May 2026
zcrm_5436421000135225668,Wide Net - May 2026
zcrm_5436421000135226658,Wide Net - May 2026
zcrm_5436421000135226970,Wide Net - May 2026
zcrm_5436421000135227037,Wide Net - May 2026
zcrm_5436421000135227489,Wide Net - May 2026
zcrm_5436421000135227584,Wide Net - May 2026
zcrm_5436421000135229473,Wide Net - May 2026
zcrm_5436421000135229645,Wide Net - May 2026
zcrm_5436421000135230032,Wide Net - May 2026
zcrm_5436421000135230454,Wide Net - May 2026
zcrm_5436421000135230513,Wide Net - May 2026
zcrm_5436421000135230541,Wide Net - May 2026
zcrm_5436421000135231566,Wide Net - May 2026
zcrm_5436421000135231582,Wide Net - May 2026
zcrm_5436421000135231622,Wide Net - May 2026
zcrm_5436421000135231635,Wide Net - May 2026
zcrm_5436421000135232012,Wide Net - May 2026
zcrm_5436421000135232121,Wide Net - May 2026
zcrm_5436421000135233633,Wide Net - May 2026
zcrm_5436421000135234088,Wide Net - May 2026
zcrm_5436421000135234637,Wide Net - May 2026
zcrm_5436421000135077295,Wide Net - May 2026
zcrm_5436421000135077723,Wide Net - May 2026
zcrm_5436421000135077883,Wide Net - May 2026
zcrm_5436421000135127228,Wide Net - May 2026
zcrm_5436421000135194239,Wide Net - May 2026
zcrm_5436421000135194303,Wide Net - May 2026
zcrm_5436421000135201105,Wide Net - May 2026
zcrm_5436421000135201608,Wide Net - May 2026
zcrm_5436421000135202439,Wide Net - May 2026
zcrm_5436421000135202992,Wide Net - May 2026
zcrm_5436421000135204559,Wide Net - May 2026
zcrm_5436421000135204607,Wide Net - May 2026
zcrm_5436421000135206125,Wide Net - May 2026
zcrm_5436421000135206162,Wide Net - May 2026
zcrm_5436421000135206582,Wide Net - May 2026
zcrm_5436421000135207593,Wide Net - May 2026
zcrm_5436421000135207674,Wide Net - May 2026
zcrm_5436421000135208502,Wide Net - May 2026
zcrm_5436421000135209079,Wide Net - May 2026
zcrm_5436421000135209094,Wide Net - May 2026
zcrm_5436421000135209512,Wide Net - May 2026
zcrm_5436421000135209537,Wide Net - May 2026
zcrm_5436421000135209547,Wide Net - May 2026
zcrm_5436421000135209959,Wide Net - May 2026
zcrm_5436421000135210021,Wide Net - May 2026
zcrm_5436421000135210451,Wide Net - May 2026
zcrm_5436421000135210503,Wide Net - May 2026
zcrm_5436421000135210949,Wide Net - May 2026
zcrm_5436421000135211108,Wide Net - May 2026
zcrm_5436421000135211131,Wide Net - May 2026
zcrm_5436421000135211521,Wide Net - May 2026
zcrm_5436421000135211611,Wide Net - May 2026
zcrm_5436421000135211657,Wide Net - May 2026
zcrm_5436421000135212460,Wide Net - May 2026
zcrm_5436421000135212532,Wide Net - May 2026
zcrm_5436421000135212630,Wide Net - May 2026
zcrm_5436421000135213095,Wide Net - May 2026
zcrm_5436421000135213571,Wide Net - May 2026
zcrm_5436421000135214480,Wide Net - May 2026
zcrm_5436421000135215125,Wide Net - May 2026
zcrm_5436421000135215572,Wide Net - May 2026
zcrm_5436421000135215655,Wide Net - May 2026
zcrm_5436421000135216161,Wide Net - May 2026
zcrm_5436421000135216969,Wide Net - May 2026
zcrm_5436421000135217015,Wide Net - May 2026
zcrm_5436421000135217021,Wide Net - May 2026
zcrm_5436421000135217979,Wide Net - May 2026
zcrm_5436421000135217980,Wide Net - May 2026
zcrm_5436421000135218440,Wide Net - May 2026
zcrm_5436421000135218517,Wide Net - May 2026
zcrm_5436421000135218668,Wide Net - May 2026
zcrm_5436421000135219122,Wide Net - May 2026
zcrm_5436421000135219156,Wide Net - May 2026
zcrm_5436421000135220145,Wide Net - May 2026
zcrm_5436421000135220530,Wide Net - May 2026
zcrm_5436421000135220552,Wide Net - May 2026
zcrm_5436421000135220579,Wide Net - May 2026
zcrm_5436421000135220945,Wide Net - May 2026
zcrm_5436421000135221120,Wide Net - May 2026
zcrm_5436421000135221523,Wide Net - May 2026
zcrm_5436421000135222450,Wide Net - May 2026
zcrm_5436421000135222452,Wide Net - May 2026
zcrm_5436421000135222576,Wide Net - May 2026
zcrm_5436421000135223005,Wide Net - May 2026
zcrm_5436421000135223007,Wide Net - May 2026
zcrm_5436421000135223025,Wide Net - May 2026
zcrm_5436421000135223041,Wide Net - May 2026
zcrm_5436421000135223063,Wide Net - May 2026
zcrm_5436421000135223068,Wide Net - May 2026
zcrm_5436421000135223478,Wide Net - May 2026
zcrm_5436421000135223504,Wide Net - May 2026
zcrm_5436421000135223580,Wide Net - May 2026
zcrm_5436421000135223683,Wide Net - May 2026
zcrm_5436421000135224474,Wide Net - May 2026
zcrm_5436421000135224507,Wide Net - May 2026
zcrm_5436421000135224532,Wide Net - May 2026
zcrm_5436421000135224592,Wide Net - May 2026
zcrm_5436421000135225546,Wide Net - May 2026
zcrm_5436421000135225956,Wide Net - May 2026
zcrm_5436421000135226092,Wide Net - May 2026
zcrm_5436421000135226185,Wide Net - May 2026
zcrm_5436421000135226600,Wide Net - May 2026
zcrm_5436421000135226613,Wide Net - May 2026
zcrm_5436421000135226637,Wide Net - May 2026
zcrm_5436421000135226662,Wide Net - May 2026
zcrm_5436421000135227055,Wide Net - May 2026
zcrm_5436421000135227067,Wide Net - May 2026
zcrm_5436421000135227094,Wide Net - May 2026
zcrm_5436421000135227531,Wide Net - May 2026
zcrm_5436421000135227675,Wide Net - May 2026
zcrm_5436421000135228600,Wide Net - May 2026
zcrm_5436421000135228677,Wide Net - May 2026
zcrm_5436421000135229035,Wide Net - May 2026
zcrm_5436421000135229149,Wide Net - May 2026
zcrm_5436421000135229440,Wide Net - May 2026
zcrm_5436421000135229468,Wide Net - May 2026
zcrm_5436421000135229478,Wide Net - May 2026
zcrm_5436421000135229606,Wide Net - May 2026
zcrm_5436421000135229953,Wide Net - May 2026
zcrm_5436421000135230143,Wide Net - May 2026
zcrm_5436421000135230179,Wide Net - May 2026
zcrm_5436421000135230575,Wide Net - May 2026
zcrm_5436421000135231007,Wide Net - May 2026
zcrm_5436421000135231052,Wide Net - May 2026
zcrm_5436421000135231509,Wide Net - May 2026
zcrm_5436421000135231641,Wide Net - May 2026
zcrm_5436421000135231984,Wide Net - May 2026
zcrm_5436421000135234033,Wide Net - May 2026
zcrm_5436421000135234080,Wide Net - May 2026
zcrm_5436421000135234457,Wide Net - May 2026
zcrm_5436421000135234488,Wide Net - May 2026
zcrm_5436421000135234679,Wide Net - May 2026
zcrm_5436421000135234946,Wide Net - May 2026
zcrm_5436421000135077225,Wide Net - May 2026
zcrm_5436421000135077287,Wide Net - May 2026
zcrm_5436421000135077313,Wide Net - May 2026
zcrm_5436421000135077900,Wide Net - May 2026
zcrm_5436421000135127264,Wide Net - May 2026
zcrm_5436421000135194311,Wide Net - May 2026
zcrm_5436421000135200046,Wide Net - May 2026
zcrm_5436421000135200061,Wide Net - May 2026
zcrm_5436421000135200124,Wide Net - May 2026
zcrm_5436421000135200510,Wide Net - May 2026
zcrm_5436421000135200522,Wide Net - May 2026
zcrm_5436421000135200986,Wide Net - May 2026
zcrm_5436421000135201532,Wide Net - May 2026
zcrm_5436421000135202025,Wide Net - May 2026
zcrm_5436421000135202038,Wide Net - May 2026
zcrm_5436421000135202157,Wide Net - May 2026
zcrm_5436421000135203028,Wide Net - May 2026
zcrm_5436421000135203538,Wide Net - May 2026
zcrm_5436421000135203675,Wide Net - May 2026
zcrm_5436421000135204000,Wide Net - May 2026
zcrm_5436421000135204527,Wide Net - May 2026
zcrm_5436421000135204528,Wide Net - May 2026
zcrm_5436421000135204541,Wide Net - May 2026
zcrm_5436421000135204554,Wide Net - May 2026
zcrm_5436421000135204561,Wide Net - May 2026
zcrm_5436421000135204663,Wide Net - May 2026
zcrm_5436421000135205021,Wide Net - May 2026
zcrm_5436421000135205965,Wide Net - May 2026
zcrm_5436421000135205969,Wide Net - May 2026
zcrm_5436421000135205985,Wide Net - May 2026
zcrm_5436421000135206057,Wide Net - May 2026
zcrm_5436421000135206453,Wide Net - May 2026
zcrm_5436421000135206642,Wide Net - May 2026
zcrm_5436421000135206964,Wide Net - May 2026
zcrm_5436421000135207153,Wide Net - May 2026
zcrm_5436421000135207169,Wide Net - May 2026
zcrm_5436421000135207572,Wide Net - May 2026
zcrm_5436421000135207622,Wide Net - May 2026
zcrm_5436421000135207658,Wide Net - May 2026
zcrm_5436421000135207670,Wide Net - May 2026
zcrm_5436421000135207976,Wide Net - May 2026
zcrm_5436421000135208040,Wide Net - May 2026
zcrm_5436421000135208477,Wide Net - May 2026
zcrm_5436421000135208654,Wide Net - May 2026
zcrm_5436421000135209112,Wide Net - May 2026
zcrm_5436421000135210161,Wide Net - May 2026
zcrm_5436421000135210163,Wide Net - May 2026
zcrm_5436421000135211064,Wide Net - May 2026
zcrm_5436421000135211163,Wide Net - May 2026
zcrm_5436421000135211538,Wide Net - May 2026
zcrm_5436421000135211683,Wide Net - May 2026
zcrm_5436421000135212005,Wide Net - May 2026
zcrm_5436421000135212040,Wide Net - May 2026
zcrm_5436421000135212493,Wide Net - May 2026
zcrm_5436421000135212542,Wide Net - May 2026
zcrm_5436421000135212945,Wide Net - May 2026
zcrm_5436421000135213469,Wide Net - May 2026
zcrm_5436421000135213625,Wide Net - May 2026
zcrm_5436421000135213984,Wide Net - May 2026
zcrm_5436421000135213989,Wide Net - May 2026
zcrm_5436421000135214039,Wide Net - May 2026
zcrm_5436421000135214060,Wide Net - May 2026
zcrm_5436421000135214089,Wide Net - May 2026
zcrm_5436421000135214160,Wide Net - May 2026
zcrm_5436421000135214478,Wide Net - May 2026
zcrm_5436421000135214514,Wide Net - May 2026
zcrm_5436421000135215515,Wide Net - May 2026
zcrm_5436421000135215667,Wide Net - May 2026
zcrm_5436421000135216088,Wide Net - May 2026
zcrm_5436421000135217180,Wide Net - May 2026
zcrm_5436421000135218618,Wide Net - May 2026
zcrm_5436421000135218973,Wide Net - May 2026
zcrm_5436421000135219446,Wide Net - May 2026
zcrm_5436421000135219480,Wide Net - May 2026
zcrm_5436421000135219956,Wide Net - May 2026
zcrm_5436421000135220139,Wide Net - May 2026
zcrm_5436421000135220183,Wide Net - May 2026
zcrm_5436421000135220659,Wide Net - May 2026
zcrm_5436421000135221049,Wide Net - May 2026
zcrm_5436421000135221097,Wide Net - May 2026
zcrm_5436421000135221123,Wide Net - May 2026
zcrm_5436421000135221187,Wide Net - May 2026
zcrm_5436421000135221618,Wide Net - May 2026
zcrm_5436421000135222050,Wide Net - May 2026
zcrm_5436421000135222078,Wide Net - May 2026
zcrm_5436421000135222079,Wide Net - May 2026
zcrm_5436421000135222111,Wide Net - May 2026
zcrm_5436421000135222133,Wide Net - May 2026
zcrm_5436421000135222457,Wide Net - May 2026
zcrm_5436421000135222512,Wide Net - May 2026
zcrm_5436421000135222524,Wide Net - May 2026
zcrm_5436421000135222628,Wide Net - May 2026
zcrm_5436421000135222992,Wide Net - May 2026
zcrm_5436421000135223174,Wide Net - May 2026
zcrm_5436421000135223466,Wide Net - May 2026
zcrm_5436421000135223572,Wide Net - May 2026
zcrm_5436421000135223634,Wide Net - May 2026
zcrm_5436421000135223944,Wide Net - May 2026
zcrm_5436421000135224028,Wide Net - May 2026
zcrm_5436421000135224092,Wide Net - May 2026
zcrm_5436421000135224139,Wide Net - May 2026
zcrm_5436421000135224165,Wide Net - May 2026
zcrm_5436421000135224449,Wide Net - May 2026
zcrm_5436421000135224538,Wide Net - May 2026
zcrm_5436421000135224568,Wide Net - May 2026
zcrm_5436421000135224653,Wide Net - May 2026
zcrm_5436421000135224939,Wide Net - May 2026
zcrm_5436421000135224981,Wide Net - May 2026
zcrm_5436421000135225025,Wide Net - May 2026
zcrm_5436421000135225028,Wide Net - May 2026
zcrm_5436421000135225086,Wide Net - May 2026
zcrm_5436421000135225182,Wide Net - May 2026
zcrm_5436421000135225517,Wide Net - May 2026
zcrm_5436421000135225538,Wide Net - May 2026
zcrm_5436421000135225594,Wide Net - May 2026
zcrm_5436421000135225954,Wide Net - May 2026
zcrm_5436421000135226111,Wide Net - May 2026
zcrm_5436421000135226520,Wide Net - May 2026
zcrm_5436421000135226523,Wide Net - May 2026
zcrm_5436421000135227131,Wide Net - May 2026
zcrm_5436421000135227499,Wide Net - May 2026
zcrm_5436421000135227605,Wide Net - May 2026
zcrm_5436421000135227627,Wide Net - May 2026
zcrm_5436421000135227670,Wide Net - May 2026
zcrm_5436421000135228022,Wide Net - May 2026
zcrm_5436421000135228045,Wide Net - May 2026
zcrm_5436421000135228053,Wide Net - May 2026
zcrm_5436421000135228996,Wide Net - May 2026
zcrm_5436421000135229033,Wide Net - May 2026
zcrm_5436421000135229084,Wide Net - May 2026
zcrm_5436421000135229156,Wide Net - May 2026
zcrm_5436421000135229159,Wide Net - May 2026
zcrm_5436421000135229491,Wide Net - May 2026
zcrm_5436421000135229613,Wide Net - May 2026
zcrm_5436421000135229946,Wide Net - May 2026
zcrm_5436421000135229973,Wide Net - May 2026
zcrm_5436421000135230030,Wide Net - May 2026
zcrm_5436421000135230036,Wide Net - May 2026
zcrm_5436421000135230152,Wide Net - May 2026
zcrm_5436421000135230158,Wide Net - May 2026
zcrm_5436421000135230178,Wide Net - May 2026
zcrm_5436421000135230555,Wide Net - May 2026
zcrm_5436421000135230588,Wide Net - May 2026
zcrm_5436421000135231160,Wide Net - May 2026
zcrm_5436421000135231541,Wide Net - May 2026
zcrm_5436421000135232101,Wide Net - May 2026
zcrm_5436421000135232446,Wide Net - May 2026
zcrm_5436421000135232466,Wide Net - May 2026
zcrm_5436421000135232494,Wide Net - May 2026
zcrm_5436421000135232676,Wide Net - May 2026
zcrm_5436421000135232949,Wide Net - May 2026
zcrm_5436421000135232977,Wide Net - May 2026
zcrm_5436421000135233536,Wide Net - May 2026
zcrm_5436421000135233558,Wide Net - May 2026
zcrm_5436421000135233614,Wide Net - May 2026
zcrm_5436421000135233972,Wide Net - May 2026
zcrm_5436421000135233994,Wide Net - May 2026
zcrm_5436421000135234976,Wide Net - May 2026
zcrm_5436421000135235019,Wide Net - May 2026
zcrm_5436421000135077400,Wide Net - May 2026
zcrm_5436421000135077412,Wide Net - May 2026
zcrm_5436421000135127184,Wide Net - May 2026
zcrm_5436421000135127257,Wide Net - May 2026
zcrm_5436421000135194371,Wide Net - May 2026
zcrm_5436421000135194407,Wide Net - May 2026
zcrm_5436421000135200033,Wide Net - May 2026
zcrm_5436421000135201187,Wide Net - May 2026
zcrm_5436421000135201509,Wide Net - May 2026
zcrm_5436421000135202124,Wide Net - May 2026
zcrm_5436421000135202586,Wide Net - May 2026
zcrm_5436421000135205094,Wide Net - May 2026
zcrm_5436421000135205464,Wide Net - May 2026
zcrm_5436421000135206095,Wide Net - May 2026
zcrm_5436421000135206113,Wide Net - May 2026
zcrm_5436421000135206979,Wide Net - May 2026
zcrm_5436421000135208062,Wide Net - May 2026
zcrm_5436421000135208072,Wide Net - May 2026
zcrm_5436421000135209115,Wide Net - May 2026
zcrm_5436421000135209454,Wide Net - May 2026
zcrm_5436421000135209500,Wide Net - May 2026
zcrm_5436421000135209606,Wide Net - May 2026
zcrm_5436421000135209942,Wide Net - May 2026
zcrm_5436421000135209984,Wide Net - May 2026
zcrm_5436421000135210000,Wide Net - May 2026
zcrm_5436421000135210143,Wide Net - May 2026
zcrm_5436421000135210479,Wide Net - May 2026
zcrm_5436421000135210563,Wide Net - May 2026
zcrm_5436421000135210672,Wide Net - May 2026
zcrm_5436421000135211174,Wide Net - May 2026
zcrm_5436421000135211529,Wide Net - May 2026
zcrm_5436421000135213606,Wide Net - May 2026
zcrm_5436421000135213656,Wide Net - May 2026
zcrm_5436421000135214015,Wide Net - May 2026
zcrm_5436421000135214139,Wide Net - May 2026
zcrm_5436421000135214171,Wide Net - May 2026
zcrm_5436421000135214532,Wide Net - May 2026
zcrm_5436421000135215111,Wide Net - May 2026
zcrm_5436421000135215964,Wide Net - May 2026
zcrm_5436421000135216043,Wide Net - May 2026
zcrm_5436421000135216145,Wide Net - May 2026
zcrm_5436421000135216494,Wide Net - May 2026
zcrm_5436421000135216495,Wide Net - May 2026
zcrm_5436421000135216649,Wide Net - May 2026
zcrm_5436421000135216987,Wide Net - May 2026
zcrm_5436421000135217674,Wide Net - May 2026
zcrm_5436421000135217989,Wide Net - May 2026
zcrm_5436421000135218179,Wide Net - May 2026
zcrm_5436421000135218669,Wide Net - May 2026
zcrm_5436421000135219610,Wide Net - May 2026
zcrm_5436421000135220454,Wide Net - May 2026
zcrm_5436421000135220524,Wide Net - May 2026
zcrm_5436421000135220543,Wide Net - May 2026
zcrm_5436421000135220548,Wide Net - May 2026
zcrm_5436421000135221156,Wide Net - May 2026
zcrm_5436421000135221682,Wide Net - May 2026
zcrm_5436421000135221982,Wide Net - May 2026
zcrm_5436421000135222551,Wide Net - May 2026
zcrm_5436421000135223450,Wide Net - May 2026
zcrm_5436421000135223476,Wide Net - May 2026
zcrm_5436421000135223686,Wide Net - May 2026
zcrm_5436421000135224985,Wide Net - May 2026
zcrm_5436421000135225091,Wide Net - May 2026
zcrm_5436421000135225513,Wide Net - May 2026
zcrm_5436421000135226110,Wide Net - May 2026
zcrm_5436421000135226464,Wide Net - May 2026
zcrm_5436421000135226968,Wide Net - May 2026
zcrm_5436421000135227480,Wide Net - May 2026
zcrm_5436421000135227975,Wide Net - May 2026
zcrm_5436421000135228535,Wide Net - May 2026
zcrm_5436421000135228615,Wide Net - May 2026
zcrm_5436421000135228633,Wide Net - May 2026
zcrm_5436421000135230184,Wide Net - May 2026
zcrm_5436421000135230458,Wide Net - May 2026
zcrm_5436421000135230538,Wide Net - May 2026
zcrm_5436421000135231071,Wide Net - May 2026
zcrm_5436421000135231119,Wide Net - May 2026
zcrm_5436421000135231461,Wide Net - May 2026
zcrm_5436421000135231555,Wide Net - May 2026
zcrm_5436421000135231652,Wide Net - May 2026
zcrm_5436421000135232492,Wide Net - May 2026
zcrm_5436421000135233949,Wide Net - May 2026
zcrm_5436421000135234043,Wide Net - May 2026
zcrm_5436421000135234065,Wide Net - May 2026
zcrm_5436421000135234126,Wide Net - May 2026
zcrm_5436421000135234540,Wide Net - May 2026
zcrm_5436421000135077316,Wide Net - May 2026
zcrm_5436421000135077353,Wide Net - May 2026
zcrm_5436421000135077386,Wide Net - May 2026
zcrm_5436421000135077914,Wide Net - May 2026
zcrm_5436421000135194756,Wide Net - May 2026
zcrm_5436421000135200069,Wide Net - May 2026
zcrm_5436421000135200440,Wide Net - May 2026
zcrm_5436421000135200455,Wide Net - May 2026
zcrm_5436421000135201131,Wide Net - May 2026
zcrm_5436421000135201685,Wide Net - May 2026
zcrm_5436421000135202644,Wide Net - May 2026
zcrm_5436421000135202667,Wide Net - May 2026
zcrm_5436421000135202986,Wide Net - May 2026
zcrm_5436421000135203095,Wide Net - May 2026
zcrm_5436421000135203494,Wide Net - May 2026
zcrm_5436421000135204163,Wide Net - May 2026
zcrm_5436421000135204533,Wide Net - May 2026
zcrm_5436421000135204665,Wide Net - May 2026
zcrm_5436421000135204949,Wide Net - May 2026
zcrm_5436421000135205060,Wide Net - May 2026
zcrm_5436421000135205135,Wide Net - May 2026
zcrm_5436421000135205179,Wide Net - May 2026
zcrm_5436421000135205186,Wide Net - May 2026
zcrm_5436421000135206176,Wide Net - May 2026
zcrm_5436421000135207042,Wide Net - May 2026
zcrm_5436421000135208179,Wide Net - May 2026
zcrm_5436421000135208507,Wide Net - May 2026
zcrm_5436421000135208983,Wide Net - May 2026
zcrm_5436421000135209445,Wide Net - May 2026
zcrm_5436421000135209579,Wide Net - May 2026
zcrm_5436421000135210538,Wide Net - May 2026
zcrm_5436421000135210606,Wide Net - May 2026
zcrm_5436421000135210941,Wide Net - May 2026
zcrm_5436421000135211024,Wide Net - May 2026
zcrm_5436421000135211039,Wide Net - May 2026
zcrm_5436421000135211128,Wide Net - May 2026
zcrm_5436421000135211588,Wide Net - May 2026
zcrm_5436421000135211649,Wide Net - May 2026
zcrm_5436421000135212510,Wide Net - May 2026
zcrm_5436421000135213669,Wide Net - May 2026
zcrm_5436421000135213671,Wide Net - May 2026
zcrm_5436421000135213673,Wide Net - May 2026
zcrm_5436421000135214158,Wide Net - May 2026
zcrm_5436421000135214507,Wide Net - May 2026
zcrm_5436421000135215558,Wide Net - May 2026
zcrm_5436421000135215672,Wide Net - May 2026
zcrm_5436421000135216000,Wide Net - May 2026
zcrm_5436421000135216038,Wide Net - May 2026
zcrm_5436421000135216111,Wide Net - May 2026
zcrm_5436421000135216574,Wide Net - May 2026
zcrm_5436421000135217559,Wide Net - May 2026
zcrm_5436421000135217645,Wide Net - May 2026
zcrm_5436421000135217669,Wide Net - May 2026
zcrm_5436421000135217687,Wide Net - May 2026
zcrm_5436421000135217962,Wide Net - May 2026
zcrm_5436421000135218117,Wide Net - May 2026
zcrm_5436421000135218502,Wide Net - May 2026
zcrm_5436421000135218504,Wide Net - May 2026
zcrm_5436421000135218562,Wide Net - May 2026
zcrm_5436421000135218664,Wide Net - May 2026
zcrm_5436421000135219025,Wide Net - May 2026
zcrm_5436421000135220445,Wide Net - May 2026
zcrm_5436421000135221506,Wide Net - May 2026
zcrm_5436421000135221658,Wide Net - May 2026
zcrm_5436421000135222563,Wide Net - May 2026
zcrm_5436421000135224001,Wide Net - May 2026
zcrm_5436421000135224077,Wide Net - May 2026
zcrm_5436421000135224164,Wide Net - May 2026
zcrm_5436421000135224584,Wide Net - May 2026
zcrm_5436421000135224601,Wide Net - May 2026
zcrm_5436421000135224623,Wide Net - May 2026
zcrm_5436421000135225016,Wide Net - May 2026
zcrm_5436421000135226007,Wide Net - May 2026
zcrm_5436421000135227124,Wide Net - May 2026
zcrm_5436421000135227974,Wide Net - May 2026
zcrm_5436421000135228148,Wide Net - May 2026
zcrm_5436421000135228495,Wide Net - May 2026
zcrm_5436421000135228621,Wide Net - May 2026
zcrm_5436421000135229064,Wide Net - May 2026
zcrm_5436421000135229515,Wide Net - May 2026
zcrm_5436421000135229666,Wide Net - May 2026
zcrm_5436421000135230451,Wide Net - May 2026
zcrm_5436421000135230635,Wide Net - May 2026
zcrm_5436421000135232501,Wide Net - May 2026
zcrm_5436421000135232588,Wide Net - May 2026
zcrm_5436421000135232687,Wide Net - May 2026
zcrm_5436421000135233091,Wide Net - May 2026
zcrm_5436421000135233479,Wide Net - May 2026
zcrm_5436421000135233510,Wide Net - May 2026
zcrm_5436421000135234035,Wide Net - May 2026
zcrm_5436421000135234113,Wide Net - May 2026
zcrm_5436421000135235032,Wide Net - May 2026
zcrm_5436421000135235063,Wide Net - May 2026
zcrm_5436421000135235087,Wide Net - May 2026
zcrm_5436421000135235118,Wide Net - May 2026
zcrm_5436421000135235120,Wide Net - May 2026
zcrm_5436421000135235123,Wide Net - May 2026
zcrm_5436421000135077238,Wide Net - May 2026
zcrm_5436421000135077362,Wide Net - May 2026
zcrm_5436421000135194454,Wide Net - May 2026
zcrm_5436421000135194458,Wide Net - May 2026
zcrm_5436421000135200571,Wide Net - May 2026
zcrm_5436421000135201039,Wide Net - May 2026
zcrm_5436421000135201186,Wide Net - May 2026
zcrm_5436421000135202096,Wide Net - May 2026
zcrm_5436421000135202441,Wide Net - May 2026
zcrm_5436421000135202464,Wide Net - May 2026
zcrm_5436421000135202498,Wide Net - May 2026
zcrm_5436421000135202583,Wide Net - May 2026
zcrm_5436421000135202618,Wide Net - May 2026
zcrm_5436421000135202684,Wide Net - May 2026
zcrm_5436421000135202954,Wide Net - May 2026
zcrm_5436421000135202956,Wide Net - May 2026
zcrm_5436421000135202962,Wide Net - May 2026
zcrm_5436421000135202963,Wide Net - May 2026
zcrm_5436421000135203010,Wide Net - May 2026
zcrm_5436421000135203031,Wide Net - May 2026
zcrm_5436421000135203123,Wide Net - May 2026
zcrm_5436421000135203972,Wide Net - May 2026
zcrm_5436421000135204059,Wide Net - May 2026
zcrm_5436421000135204182,Wide Net - May 2026
zcrm_5436421000135204451,Wide Net - May 2026
zcrm_5436421000135204565,Wide Net - May 2026
zcrm_5436421000135204579,Wide Net - May 2026
zcrm_5436421000135205098,Wide Net - May 2026
zcrm_5436421000135205117,Wide Net - May 2026
zcrm_5436421000135205546,Wide Net - May 2026
zcrm_5436421000135205552,Wide Net - May 2026
zcrm_5436421000135206001,Wide Net - May 2026
zcrm_5436421000135206533,Wide Net - May 2026
zcrm_5436421000135206545,Wide Net - May 2026
zcrm_5436421000135206616,Wide Net - May 2026
zcrm_5436421000135206680,Wide Net - May 2026
zcrm_5436421000135206995,Wide Net - May 2026
zcrm_5436421000135207111,Wide Net - May 2026
zcrm_5436421000135208140,Wide Net - May 2026
zcrm_5436421000135208465,Wide Net - May 2026
zcrm_5436421000135208572,Wide Net - May 2026
zcrm_5436421000135208646,Wide Net - May 2026
zcrm_5436421000135208993,Wide Net - May 2026
zcrm_5436421000135209086,Wide Net - May 2026
zcrm_5436421000135209145,Wide Net - May 2026
zcrm_5436421000135209158,Wide Net - May 2026
zcrm_5436421000135209680,Wide Net - May 2026
zcrm_5436421000135210002,Wide Net - May 2026
zcrm_5436421000135210570,Wide Net - May 2026
zcrm_5436421000135210630,Wide Net - May 2026
zcrm_5436421000135210996,Wide Net - May 2026
zcrm_5436421000135211486,Wide Net - May 2026
zcrm_5436421000135212068,Wide Net - May 2026
zcrm_5436421000135212485,Wide Net - May 2026
zcrm_5436421000135212516,Wide Net - May 2026
zcrm_5436421000135212633,Wide Net - May 2026
zcrm_5436421000135213004,Wide Net - May 2026
zcrm_5436421000135213506,Wide Net - May 2026
zcrm_5436421000135213549,Wide Net - May 2026
zcrm_5436421000135213568,Wide Net - May 2026
zcrm_5436421000135214059,Wide Net - May 2026
zcrm_5436421000135214088,Wide Net - May 2026
zcrm_5436421000135214111,Wide Net - May 2026
zcrm_5436421000135214183,Wide Net - May 2026
zcrm_5436421000135214448,Wide Net - May 2026
zcrm_5436421000135214669,Wide Net - May 2026
zcrm_5436421000135203649,Wide Net - May 2026
zcrm_5436421000135203685,Wide Net - May 2026
zcrm_5436421000135204010,Wide Net - May 2026
zcrm_5436421000135204046,Wide Net - May 2026
zcrm_5436421000135204095,Wide Net - May 2026
zcrm_5436421000135204157,Wide Net - May 2026
zcrm_5436421000135204181,Wide Net - May 2026
zcrm_5436421000135204520,Wide Net - May 2026
zcrm_5436421000135204542,Wide Net - May 2026
zcrm_5436421000135204618,Wide Net - May 2026
zcrm_5436421000135205096,Wide Net - May 2026
zcrm_5436421000135205124,Wide Net - May 2026
zcrm_5436421000135205141,Wide Net - May 2026
zcrm_5436421000135205150,Wide Net - May 2026
zcrm_5436421000135206075,Wide Net - May 2026
zcrm_5436421000135206129,Wide Net - May 2026
zcrm_5436421000135206489,Wide Net - May 2026
zcrm_5436421000135206504,Wide Net - May 2026
zcrm_5436421000135206519,Wide Net - May 2026
zcrm_5436421000135206636,Wide Net - May 2026
zcrm_5436421000135206942,Wide Net - May 2026
zcrm_5436421000135207026,Wide Net - May 2026
zcrm_5436421000135207043,Wide Net - May 2026
zcrm_5436421000135207066,Wide Net - May 2026
zcrm_5436421000135207069,Wide Net - May 2026
zcrm_5436421000135207070,Wide Net - May 2026
zcrm_5436421000135207150,Wide Net - May 2026
zcrm_5436421000135208003,Wide Net - May 2026
zcrm_5436421000135208496,Wide Net - May 2026
zcrm_5436421000135208517,Wide Net - May 2026
zcrm_5436421000135208652,Wide Net - May 2026
zcrm_5436421000135209109,Wide Net - May 2026
zcrm_5436421000135209163,Wide Net - May 2026
zcrm_5436421000135209521,Wide Net - May 2026
zcrm_5436421000135209572,Wide Net - May 2026
zcrm_5436421000135209963,Wide Net - May 2026
zcrm_5436421000135210030,Wide Net - May 2026
zcrm_5436421000135210100,Wide Net - May 2026
zcrm_5436421000135211117,Wide Net - May 2026
zcrm_5436421000135211149,Wide Net - May 2026
zcrm_5436421000135211503,Wide Net - May 2026
zcrm_5436421000135211636,Wide Net - May 2026
zcrm_5436421000135212015,Wide Net - May 2026
zcrm_5436421000135212137,Wide Net - May 2026
zcrm_5436421000135212142,Wide Net - May 2026
zcrm_5436421000135212948,Wide Net - May 2026
zcrm_5436421000135212981,Wide Net - May 2026
zcrm_5436421000135212985,Wide Net - May 2026
zcrm_5436421000135213130,Wide Net - May 2026
zcrm_5436421000135213452,Wide Net - May 2026
zcrm_5436421000135213940,Wide Net - May 2026
zcrm_5436421000135213977,Wide Net - May 2026
zcrm_5436421000135214125,Wide Net - May 2026
zcrm_5436421000135214485,Wide Net - May 2026
zcrm_5436421000135214604,Wide Net - May 2026
zcrm_5436421000135214955,Wide Net - May 2026
zcrm_5436421000135215114,Wide Net - May 2026
zcrm_5436421000135215656,Wide Net - May 2026
zcrm_5436421000135216026,Wide Net - May 2026
zcrm_5436421000135216166,Wide Net - May 2026
zcrm_5436421000135216518,Wide Net - May 2026
zcrm_5436421000135216676,Wide Net - May 2026
zcrm_5436421000135218030,Wide Net - May 2026
zcrm_5436421000135218464,Wide Net - May 2026
zcrm_5436421000135218623,Wide Net - May 2026
zcrm_5436421000135219082,Wide Net - May 2026
zcrm_5436421000135219584,Wide Net - May 2026
zcrm_5436421000135220607,Wide Net - May 2026
zcrm_5436421000135220618,Wide Net - May 2026
zcrm_5436421000135220948,Wide Net - May 2026
zcrm_5436421000135221019,Wide Net - May 2026
zcrm_5436421000135221110,Wide Net - May 2026
zcrm_5436421000135221552,Wide Net - May 2026
zcrm_5436421000135223084,Wide Net - May 2026
zcrm_5436421000135224152,Wide Net - May 2026
zcrm_5436421000135224664,Wide Net - May 2026
zcrm_5436421000135224946,Wide Net - May 2026
zcrm_5436421000135225003,Wide Net - May 2026
zcrm_5436421000135225013,Wide Net - May 2026
zcrm_5436421000135225090,Wide Net - May 2026
zcrm_5436421000135225141,Wide Net - May 2026
zcrm_5436421000135225968,Wide Net - May 2026
zcrm_5436421000135226046,Wide Net - May 2026
zcrm_5436421000135226157,Wide Net - May 2026
zcrm_5436421000135226546,Wide Net - May 2026
zcrm_5436421000135226565,Wide Net - May 2026
zcrm_5436421000135228146,Wide Net - May 2026
zcrm_5436421000135228500,Wide Net - May 2026
zcrm_5436421000135229075,Wide Net - May 2026
zcrm_5436421000135229089,Wide Net - May 2026
zcrm_5436421000135229475,Wide Net - May 2026
zcrm_5436421000135229653,Wide Net - May 2026
zcrm_5436421000135230982,Wide Net - May 2026
zcrm_5436421000135231655,Wide Net - May 2026
zcrm_5436421000135231941,Wide Net - May 2026
zcrm_5436421000135232039,Wide Net - May 2026
zcrm_5436421000135232612,Wide Net - May 2026
zcrm_5436421000135233107,Wide Net - May 2026
zcrm_5436421000135233542,Wide Net - May 2026
zcrm_5436421000135233626,Wide Net - May 2026
zcrm_5436421000135233984,Wide Net - May 2026
zcrm_5436421000135234030,Wide Net - May 2026
zcrm_5436421000135234541,Wide Net - May 2026
zcrm_5436421000135234646,Wide Net - May 2026
zcrm_5436421000135077835,Wide Net - May 2026
zcrm_5436421000135077925,Wide Net - May 2026
zcrm_5436421000135077953,Wide Net - May 2026
zcrm_5436421000135127201,Wide Net - May 2026
zcrm_5436421000135194220,Wide Net - May 2026
zcrm_5436421000135194412,Wide Net - May 2026
zcrm_5436421000135194741,Wide Net - May 2026
zcrm_5436421000135200042,Wide Net - May 2026
zcrm_5436421000135200058,Wide Net - May 2026
zcrm_5436421000135200157,Wide Net - May 2026
zcrm_5436421000135200965,Wide Net - May 2026
zcrm_5436421000135201178,Wide Net - May 2026
zcrm_5436421000135201603,Wide Net - May 2026
zcrm_5436421000135202008,Wide Net - May 2026
zcrm_5436421000135202044,Wide Net - May 2026
zcrm_5436421000135203148,Wide Net - May 2026
zcrm_5436421000135204066,Wide Net - May 2026
zcrm_5436421000135204575,Wide Net - May 2026
zcrm_5436421000135205130,Wide Net - May 2026
zcrm_5436421000135205569,Wide Net - May 2026
zcrm_5436421000135207478,Wide Net - May 2026
zcrm_5436421000135208097,Wide Net - May 2026
zcrm_5436421000135208115,Wide Net - May 2026
zcrm_5436421000135208952,Wide Net - May 2026
zcrm_5436421000135208956,Wide Net - May 2026
zcrm_5436421000135209048,Wide Net - May 2026
zcrm_5436421000135209107,Wide Net - May 2026
zcrm_5436421000135209147,Wide Net - May 2026
zcrm_5436421000135209574,Wide Net - May 2026
zcrm_5436421000135210560,Wide Net - May 2026
zcrm_5436421000135210674,Wide Net - May 2026
zcrm_5436421000135210972,Wide Net - May 2026
zcrm_5436421000135211054,Wide Net - May 2026
zcrm_5436421000135211111,Wide Net - May 2026
zcrm_5436421000135211472,Wide Net - May 2026
zcrm_5436421000135211968,Wide Net - May 2026
zcrm_5436421000135211985,Wide Net - May 2026
zcrm_5436421000135211999,Wide Net - May 2026
zcrm_5436421000135212598,Wide Net - May 2026
zcrm_5436421000135213465,Wide Net - May 2026
zcrm_5436421000135213654,Wide Net - May 2026
zcrm_5436421000135214497,Wide Net - May 2026
zcrm_5436421000135214502,Wide Net - May 2026
zcrm_5436421000135214642,Wide Net - May 2026
zcrm_5436421000135215018,Wide Net - May 2026
zcrm_5436421000135215086,Wide Net - May 2026
zcrm_5436421000135215618,Wide Net - May 2026
zcrm_5436421000135216006,Wide Net - May 2026
zcrm_5436421000135216164,Wide Net - May 2026
zcrm_5436421000135216175,Wide Net - May 2026
zcrm_5436421000135217165,Wide Net - May 2026
zcrm_5436421000135217518,Wide Net - May 2026
zcrm_5436421000135218043,Wide Net - May 2026
zcrm_5436421000135218052,Wide Net - May 2026
zcrm_5436421000135218478,Wide Net - May 2026
zcrm_5436421000135218630,Wide Net - May 2026
zcrm_5436421000135218676,Wide Net - May 2026
zcrm_5436421000135219072,Wide Net - May 2026
zcrm_5436421000135219541,Wide Net - May 2026
zcrm_5436421000135219547,Wide Net - May 2026
zcrm_5436421000135219614,Wide Net - May 2026
zcrm_5436421000135219623,Wide Net - May 2026
zcrm_5436421000135220601,Wide Net - May 2026
zcrm_5436421000135221549,Wide Net - May 2026
zcrm_5436421000135221593,Wide Net - May 2026
zcrm_5436421000135221671,Wide Net - May 2026
zcrm_5436421000135222035,Wide Net - May 2026
zcrm_5436421000135222073,Wide Net - May 2026
zcrm_5436421000135222548,Wide Net - May 2026
zcrm_5436421000135222981,Wide Net - May 2026
zcrm_5436421000135223009,Wide Net - May 2026
zcrm_5436421000135224153,Wide Net - May 2026
zcrm_5436421000135224622,Wide Net - May 2026
zcrm_5436421000135224960,Wide Net - May 2026
zcrm_5436421000135225034,Wide Net - May 2026
zcrm_5436421000135225604,Wide Net - May 2026
zcrm_5436421000135225622,Wide Net - May 2026
zcrm_5436421000135226158,Wide Net - May 2026
zcrm_5436421000135226641,Wide Net - May 2026
zcrm_5436421000135227624,Wide Net - May 2026
zcrm_5436421000135228116,Wide Net - May 2026
zcrm_5436421000135228611,Wide Net - May 2026
zcrm_5436421000135228976,Wide Net - May 2026
zcrm_5436421000135230490,Wide Net - May 2026
zcrm_5436421000135230562,Wide Net - May 2026
zcrm_5436421000135230668,Wide Net - May 2026
zcrm_5436421000135231077,Wide Net - May 2026
zcrm_5436421000135231133,Wide Net - May 2026
zcrm_5436421000135232096,Wide Net - May 2026
zcrm_5436421000135232180,Wide Net - May 2026
zcrm_5436421000135232477,Wide Net - May 2026
zcrm_5436421000135232962,Wide Net - May 2026
zcrm_5436421000135233127,Wide Net - May 2026
zcrm_5436421000135233589,Wide Net - May 2026
zcrm_5436421000135233680,Wide Net - May 2026
zcrm_5436421000135233958,Wide Net - May 2026
zcrm_5436421000135234120,Wide Net - May 2026
zcrm_5436421000135234144,Wide Net - May 2026
zcrm_5436421000135234184,Wide Net - May 2026
zcrm_5436421000135234499,Wide Net - May 2026
zcrm_5436421000135057999,Wide Net - May 2026
zcrm_5436421000135077281,Wide Net - May 2026
zcrm_5436421000135077742,Wide Net - May 2026
zcrm_5436421000135077874,Wide Net - May 2026
zcrm_5436421000135077884,Wide Net - May 2026
zcrm_5436421000135077943,Wide Net - May 2026
zcrm_5436421000135077947,Wide Net - May 2026
zcrm_5436421000135200141,Wide Net - May 2026
zcrm_5436421000135201005,Wide Net - May 2026
zcrm_5436421000135201676,Wide Net - May 2026
zcrm_5436421000135202141,Wide Net - May 2026
zcrm_5436421000135202177,Wide Net - May 2026
zcrm_5436421000135202178,Wide Net - May 2026
zcrm_5436421000135203968,Wide Net - May 2026
zcrm_5436421000135204009,Wide Net - May 2026
zcrm_5436421000135204076,Wide Net - May 2026
zcrm_5436421000135204107,Wide Net - May 2026
zcrm_5436421000135204110,Wide Net - May 2026
zcrm_5436421000135205070,Wide Net - May 2026
zcrm_5436421000135205087,Wide Net - May 2026
zcrm_5436421000135205100,Wide Net - May 2026
zcrm_5436421000135205174,Wide Net - May 2026
zcrm_5436421000135205594,Wide Net - May 2026
zcrm_5436421000135205652,Wide Net - May 2026
zcrm_5436421000135206630,Wide Net - May 2026
zcrm_5436421000135207005,Wide Net - May 2026
zcrm_5436421000135207015,Wide Net - May 2026
zcrm_5436421000135207030,Wide Net - May 2026
zcrm_5436421000135207587,Wide Net - May 2026
zcrm_5436421000135207590,Wide Net - May 2026
zcrm_5436421000135208041,Wide Net - May 2026
zcrm_5436421000135208460,Wide Net - May 2026
zcrm_5436421000135208478,Wide Net - May 2026
zcrm_5436421000135208958,Wide Net - May 2026
zcrm_5436421000135209627,Wide Net - May 2026
zcrm_5436421000135209658,Wide Net - May 2026
zcrm_5436421000135209944,Wide Net - May 2026
zcrm_5436421000135209978,Wide Net - May 2026
zcrm_5436421000135210035,Wide Net - May 2026
zcrm_5436421000135210172,Wide Net - May 2026
zcrm_5436421000135210615,Wide Net - May 2026
zcrm_5436421000135210628,Wide Net - May 2026
zcrm_5436421000135211449,Wide Net - May 2026
zcrm_5436421000135211469,Wide Net - May 2026
zcrm_5436421000135211977,Wide Net - May 2026
zcrm_5436421000135212055,Wide Net - May 2026
zcrm_5436421000135212118,Wide Net - May 2026
zcrm_5436421000135212973,Wide Net - May 2026
zcrm_5436421000135213019,Wide Net - May 2026
zcrm_5436421000135213476,Wide Net - May 2026
zcrm_5436421000135214141,Wide Net - May 2026
zcrm_5436421000135214583,Wide Net - May 2026
zcrm_5436421000135214614,Wide Net - May 2026
zcrm_5436421000135214994,Wide Net - May 2026
zcrm_5436421000135215026,Wide Net - May 2026
zcrm_5436421000135215063,Wide Net - May 2026
zcrm_5436421000135215187,Wide Net - May 2026
zcrm_5436421000135215589,Wide Net - May 2026
zcrm_5436421000135215678,Wide Net - May 2026
zcrm_5436421000135215974,Wide Net - May 2026
zcrm_5436421000135217025,Wide Net - May 2026
zcrm_5436421000135217030,Wide Net - May 2026
zcrm_5436421000135217482,Wide Net - May 2026
zcrm_5436421000135218472,Wide Net - May 2026
zcrm_5436421000135218955,Wide Net - May 2026
zcrm_5436421000135219047,Wide Net - May 2026
zcrm_5436421000135219058,Wide Net - May 2026
zcrm_5436421000135219465,Wide Net - May 2026
zcrm_5436421000135219669,Wide Net - May 2026
zcrm_5436421000135219941,Wide Net - May 2026
zcrm_5436421000135220010,Wide Net - May 2026
zcrm_5436421000135220047,Wide Net - May 2026
zcrm_5436421000135220048,Wide Net - May 2026
zcrm_5436421000135220109,Wide Net - May 2026
zcrm_5436421000135220438,Wide Net - May 2026
zcrm_5436421000135220451,Wide Net - May 2026
zcrm_5436421000135220605,Wide Net - May 2026
zcrm_5436421000135220939,Wide Net - May 2026
zcrm_5436421000135221467,Wide Net - May 2026
zcrm_5436421000135221497,Wide Net - May 2026
zcrm_5436421000135222527,Wide Net - May 2026
zcrm_5436421000135222556,Wide Net - May 2026
zcrm_5436421000135223638,Wide Net - May 2026
zcrm_5436421000135223957,Wide Net - May 2026
zcrm_5436421000135224483,Wide Net - May 2026
zcrm_5436421000135224990,Wide Net - May 2026
zcrm_5436421000135225077,Wide Net - May 2026
zcrm_5436421000135225459,Wide Net - May 2026
zcrm_5436421000135226063,Wide Net - May 2026
zcrm_5436421000135226947,Wide Net - May 2026
zcrm_5436421000135227093,Wide Net - May 2026
zcrm_5436421000135227616,Wide Net - May 2026
zcrm_5436421000135228000,Wide Net - May 2026
zcrm_5436421000135229024,Wide Net - May 2026
zcrm_5436421000135229100,Wide Net - May 2026
zcrm_5436421000135229629,Wide Net - May 2026
zcrm_5436421000135230590,Wide Net - May 2026
zcrm_5436421000135230664,Wide Net - May 2026
zcrm_5436421000135231455,Wide Net - May 2026
zcrm_5436421000135231664,Wide Net - May 2026
zcrm_5436421000135231672,Wide Net - May 2026
zcrm_5436421000135231958,Wide Net - May 2026
zcrm_5436421000135232102,Wide Net - May 2026
zcrm_5436421000135232554,Wide Net - May 2026
zcrm_5436421000135232568,Wide Net - May 2026
zcrm_5436421000135232578,Wide Net - May 2026
zcrm_5436421000135232943,Wide Net - May 2026
zcrm_5436421000135233087,Wide Net - May 2026
zcrm_5436421000135233572,Wide Net - May 2026
zcrm_5436421000135233987,Wide Net - May 2026
zcrm_5436421000135234182,Wide Net - May 2026
zcrm_5436421000135234518,Wide Net - May 2026
zcrm_5436421000135234644,Wide Net - May 2026
zcrm_5436421000135234982,Wide Net - May 2026
zcrm_5436421000135235124,Wide Net - May 2026
zcrm_5436421000135206022,Wide Net - May 2026
zcrm_5436421000135206039,Wide Net - May 2026
zcrm_5436421000135206061,Wide Net - May 2026
zcrm_5436421000135206106,Wide Net - May 2026
zcrm_5436421000135206108,Wide Net - May 2026
zcrm_5436421000135206156,Wide Net - May 2026
zcrm_5436421000135206501,Wide Net - May 2026
zcrm_5436421000135206615,Wide Net - May 2026
zcrm_5436421000135206624,Wide Net - May 2026
zcrm_5436421000135207459,Wide Net - May 2026
zcrm_5436421000135208039,Wide Net - May 2026
zcrm_5436421000135208050,Wide Net - May 2026
zcrm_5436421000135208488,Wide Net - May 2026
zcrm_5436421000135208631,Wide Net - May 2026
zcrm_5436421000135208641,Wide Net - May 2026
zcrm_5436421000135208664,Wide Net - May 2026
zcrm_5436421000135208672,Wide Net - May 2026
zcrm_5436421000135209463,Wide Net - May 2026
zcrm_5436421000135209515,Wide Net - May 2026
zcrm_5436421000135209656,Wide Net - May 2026
zcrm_5436421000135209661,Wide Net - May 2026
zcrm_5436421000135209982,Wide Net - May 2026
zcrm_5436421000135210448,Wide Net - May 2026
zcrm_5436421000135210959,Wide Net - May 2026
zcrm_5436421000135211048,Wide Net - May 2026
zcrm_5436421000135211514,Wide Net - May 2026
zcrm_5436421000135211617,Wide Net - May 2026
zcrm_5436421000135211665,Wide Net - May 2026
zcrm_5436421000135211991,Wide Net - May 2026
zcrm_5436421000135212035,Wide Net - May 2026
zcrm_5436421000135212553,Wide Net - May 2026
zcrm_5436421000135212631,Wide Net - May 2026
zcrm_5436421000135212988,Wide Net - May 2026
zcrm_5436421000135213543,Wide Net - May 2026
zcrm_5436421000135213976,Wide Net - May 2026
zcrm_5436421000135214005,Wide Net - May 2026
zcrm_5436421000135214013,Wide Net - May 2026
zcrm_5436421000135214097,Wide Net - May 2026
zcrm_5436421000135214541,Wide Net - May 2026
zcrm_5436421000135214570,Wide Net - May 2026
zcrm_5436421000135214633,Wide Net - May 2026
zcrm_5436421000135214940,Wide Net - May 2026
zcrm_5436421000135215438,Wide Net - May 2026
zcrm_5436421000135215463,Wide Net - May 2026
zcrm_5436421000135215942,Wide Net - May 2026
zcrm_5436421000135215948,Wide Net - May 2026
zcrm_5436421000135216021,Wide Net - May 2026
zcrm_5436421000135216035,Wide Net - May 2026
zcrm_5436421000135216049,Wide Net - May 2026
zcrm_5436421000135216457,Wide Net - May 2026
zcrm_5436421000135216458,Wide Net - May 2026
zcrm_5436421000135216561,Wide Net - May 2026
zcrm_5436421000135217102,Wide Net - May 2026
zcrm_5436421000135217122,Wide Net - May 2026
zcrm_5436421000135217484,Wide Net - May 2026
zcrm_5436421000135217505,Wide Net - May 2026
zcrm_5436421000135217517,Wide Net - May 2026
zcrm_5436421000135217657,Wide Net - May 2026
zcrm_5436421000135217948,Wide Net - May 2026
zcrm_5436421000135218522,Wide Net - May 2026
zcrm_5436421000135219497,Wide Net - May 2026
zcrm_5436421000135219618,Wide Net - May 2026
zcrm_5436421000135220007,Wide Net - May 2026
zcrm_5436421000135220071,Wide Net - May 2026
zcrm_5436421000135220182,Wide Net - May 2026
zcrm_5436421000135220455,Wide Net - May 2026
zcrm_5436421000135220536,Wide Net - May 2026
zcrm_5436421000135221490,Wide Net - May 2026
zcrm_5436421000135221664,Wide Net - May 2026
zcrm_5436421000135222038,Wide Net - May 2026
zcrm_5436421000135222055,Wide Net - May 2026
zcrm_5436421000135222445,Wide Net - May 2026
zcrm_5436421000135222976,Wide Net - May 2026
zcrm_5436421000135223024,Wide Net - May 2026
zcrm_5436421000135223054,Wide Net - May 2026
zcrm_5436421000135223465,Wide Net - May 2026
zcrm_5436421000135223497,Wide Net - May 2026
zcrm_5436421000135223950,Wide Net - May 2026
zcrm_5436421000135224097,Wide Net - May 2026
zcrm_5436421000135224562,Wide Net - May 2026
zcrm_5436421000135225582,Wide Net - May 2026
zcrm_5436421000135225596,Wide Net - May 2026
zcrm_5436421000135226175,Wide Net - May 2026
zcrm_5436421000135226531,Wide Net - May 2026
zcrm_5436421000135226584,Wide Net - May 2026
zcrm_5436421000135226954,Wide Net - May 2026
zcrm_5436421000135227472,Wide Net - May 2026
zcrm_5436421000135228606,Wide Net - May 2026
zcrm_5436421000135228623,Wide Net - May 2026
zcrm_5436421000135228634,Wide Net - May 2026
zcrm_5436421000135229458,Wide Net - May 2026
zcrm_5436421000135229644,Wide Net - May 2026
zcrm_5436421000135230007,Wide Net - May 2026
zcrm_5436421000135230115,Wide Net - May 2026
zcrm_5436421000135230129,Wide Net - May 2026
zcrm_5436421000135230503,Wide Net - May 2026
zcrm_5436421000135230537,Wide Net - May 2026
zcrm_5436421000135231000,Wide Net - May 2026
zcrm_5436421000135231050,Wide Net - May 2026
zcrm_5436421000135231128,Wide Net - May 2026
zcrm_5436421000135231484,Wide Net - May 2026
zcrm_5436421000135231548,Wide Net - May 2026
zcrm_5436421000135231671,Wide Net - May 2026
zcrm_5436421000135232010,Wide Net - May 2026
zcrm_5436421000135232144,Wide Net - May 2026
zcrm_5436421000135232660,Wide Net - May 2026
zcrm_5436421000135233492,Wide Net - May 2026
zcrm_5436421000135233553,Wide Net - May 2026
zcrm_5436421000135233578,Wide Net - May 2026
zcrm_5436421000135234046,Wide Net - May 2026
zcrm_5436421000135234054,Wide Net - May 2026
zcrm_5436421000135234604,Wide Net - May 2026
zcrm_5436421000135077259,Wide Net - May 2026
zcrm_5436421000135077288,Wide Net - May 2026
zcrm_5436421000135077843,Wide Net - May 2026
zcrm_5436421000135077909,Wide Net - May 2026
zcrm_5436421000135077938,Wide Net - May 2026
zcrm_5436421000135127172,Wide Net - May 2026
zcrm_5436421000135127179,Wide Net - May 2026
zcrm_5436421000135194714,Wide Net - May 2026
zcrm_5436421000135194784,Wide Net - May 2026
zcrm_5436421000135200022,Wide Net - May 2026
zcrm_5436421000135200593,Wide Net - May 2026
zcrm_5436421000135200635,Wide Net - May 2026
zcrm_5436421000135201954,Wide Net - May 2026
zcrm_5436421000135202107,Wide Net - May 2026
zcrm_5436421000135202442,Wide Net - May 2026
zcrm_5436421000135202487,Wide Net - May 2026
zcrm_5436421000135202492,Wide Net - May 2026
zcrm_5436421000135202606,Wide Net - May 2026
zcrm_5436421000135204155,Wide Net - May 2026
zcrm_5436421000135205037,Wide Net - May 2026
zcrm_5436421000135205146,Wide Net - May 2026
zcrm_5436421000135205439,Wide Net - May 2026
zcrm_5436421000135205444,Wide Net - May 2026
zcrm_5436421000135205482,Wide Net - May 2026
zcrm_5436421000135205507,Wide Net - May 2026
zcrm_5436421000135205575,Wide Net - May 2026
zcrm_5436421000135206019,Wide Net - May 2026
zcrm_5436421000135206025,Wide Net - May 2026
zcrm_5436421000135206583,Wide Net - May 2026
zcrm_5436421000135206992,Wide Net - May 2026
zcrm_5436421000135207002,Wide Net - May 2026
zcrm_5436421000135207034,Wide Net - May 2026
zcrm_5436421000135207469,Wide Net - May 2026
zcrm_5436421000135208444,Wide Net - May 2026
zcrm_5436421000135208976,Wide Net - May 2026
zcrm_5436421000135209026,Wide Net - May 2026
zcrm_5436421000135209438,Wide Net - May 2026
zcrm_5436421000135209949,Wide Net - May 2026
zcrm_5436421000135210047,Wide Net - May 2026
zcrm_5436421000135210060,Wide Net - May 2026
zcrm_5436421000135210495,Wide Net - May 2026
zcrm_5436421000135210517,Wide Net - May 2026
zcrm_5436421000135210525,Wide Net - May 2026
zcrm_5436421000135210657,Wide Net - May 2026
zcrm_5436421000135210669,Wide Net - May 2026
zcrm_5436421000135210987,Wide Net - May 2026
zcrm_5436421000135211130,Wide Net - May 2026
zcrm_5436421000135211441,Wide Net - May 2026
zcrm_5436421000135211569,Wide Net - May 2026
zcrm_5436421000135211989,Wide Net - May 2026
zcrm_5436421000135212116,Wide Net - May 2026
zcrm_5436421000135212480,Wide Net - May 2026
zcrm_5436421000135212489,Wide Net - May 2026
zcrm_5436421000135212604,Wide Net - May 2026
zcrm_5436421000135213161,Wide Net - May 2026
zcrm_5436421000135213672,Wide Net - May 2026
zcrm_5436421000135214087,Wide Net - May 2026
zcrm_5436421000135214098,Wide Net - May 2026
zcrm_5436421000135214174,Wide Net - May 2026
zcrm_5436421000135214603,Wide Net - May 2026
zcrm_5436421000135214605,Wide Net - May 2026
zcrm_5436421000135215036,Wide Net - May 2026
zcrm_5436421000135215041,Wide Net - May 2026
zcrm_5436421000135215065,Wide Net - May 2026
zcrm_5436421000135215526,Wide Net - May 2026
zcrm_5436421000135215645,Wide Net - May 2026
zcrm_5436421000135215981,Wide Net - May 2026
zcrm_5436421000135216450,Wide Net - May 2026
zcrm_5436421000135216473,Wide Net - May 2026
zcrm_5436421000135216965,Wide Net - May 2026
zcrm_5436421000135217481,Wide Net - May 2026
zcrm_5436421000135218111,Wide Net - May 2026
zcrm_5436421000135218141,Wide Net - May 2026
zcrm_5436421000135218998,Wide Net - May 2026
zcrm_5436421000135219463,Wide Net - May 2026
zcrm_5436421000135219947,Wide Net - May 2026
zcrm_5436421000135220102,Wide Net - May 2026
zcrm_5436421000135220456,Wide Net - May 2026
zcrm_5436421000135221071,Wide Net - May 2026
zcrm_5436421000135221446,Wide Net - May 2026
zcrm_5436421000135221984,Wide Net - May 2026
zcrm_5436421000135222578,Wide Net - May 2026
zcrm_5436421000135223042,Wide Net - May 2026
zcrm_5436421000135223170,Wide Net - May 2026
zcrm_5436421000135223177,Wide Net - May 2026
zcrm_5436421000135223659,Wide Net - May 2026
zcrm_5436421000135223997,Wide Net - May 2026
zcrm_5436421000135224466,Wide Net - May 2026
zcrm_5436421000135224493,Wide Net - May 2026
zcrm_5436421000135224573,Wide Net - May 2026
zcrm_5436421000135224655,Wide Net - May 2026
zcrm_5436421000135224943,Wide Net - May 2026
zcrm_5436421000135225056,Wide Net - May 2026
zcrm_5436421000135225161,Wide Net - May 2026
zcrm_5436421000135225453,Wide Net - May 2026
zcrm_5436421000135225504,Wide Net - May 2026
zcrm_5436421000135225574,Wide Net - May 2026
zcrm_5436421000135226462,Wide Net - May 2026
zcrm_5436421000135226575,Wide Net - May 2026
zcrm_5436421000135226636,Wide Net - May 2026
zcrm_5436421000135227562,Wide Net - May 2026
zcrm_5436421000135227564,Wide Net - May 2026
zcrm_5436421000135227603,Wide Net - May 2026
zcrm_5436421000135228503,Wide Net - May 2026
zcrm_5436421000135228562,Wide Net - May 2026
zcrm_5436421000135229052,Wide Net - May 2026
zcrm_5436421000135229061,Wide Net - May 2026
zcrm_5436421000135229092,Wide Net - May 2026
zcrm_5436421000135229484,Wide Net - May 2026
zcrm_5436421000135229637,Wide Net - May 2026
zcrm_5436421000135229943,Wide Net - May 2026
zcrm_5436421000135230093,Wide Net - May 2026
zcrm_5436421000135231070,Wide Net - May 2026
zcrm_5436421000135232084,Wide Net - May 2026
zcrm_5436421000135233476,Wide Net - May 2026
zcrm_5436421000135234081,Wide Net - May 2026
zcrm_5436421000135234168,Wide Net - May 2026
zcrm_5436421000135077218,Wide Net - May 2026
zcrm_5436421000135077720,Wide Net - May 2026
zcrm_5436421000135077824,Wide Net - May 2026
zcrm_5436421000135077833,Wide Net - May 2026
zcrm_5436421000135077955,Wide Net - May 2026
zcrm_5436421000135127286,Wide Net - May 2026
zcrm_5436421000135194301,Wide Net - May 2026
zcrm_5436421000135194348,Wide Net - May 2026
zcrm_5436421000135194378,Wide Net - May 2026
zcrm_5436421000135194437,Wide Net - May 2026
zcrm_5436421000135200071,Wide Net - May 2026
zcrm_5436421000135200600,Wide Net - May 2026
zcrm_5436421000135202017,Wide Net - May 2026
zcrm_5436421000135202062,Wide Net - May 2026
zcrm_5436421000135202102,Wide Net - May 2026
zcrm_5436421000135202176,Wide Net - May 2026
zcrm_5436421000135202518,Wide Net - May 2026
zcrm_5436421000135202533,Wide Net - May 2026
zcrm_5436421000135202551,Wide Net - May 2026
zcrm_5436421000135202589,Wide Net - May 2026
zcrm_5436421000135202605,Wide Net - May 2026
zcrm_5436421000135203461,Wide Net - May 2026
zcrm_5436421000135203552,Wide Net - May 2026
zcrm_5436421000135204497,Wide Net - May 2026
zcrm_5436421000135204662,Wide Net - May 2026
zcrm_5436421000135204939,Wide Net - May 2026
zcrm_5436421000135204971,Wide Net - May 2026
zcrm_5436421000135205601,Wide Net - May 2026
zcrm_5436421000135207640,Wide Net - May 2026
zcrm_5436421000135208010,Wide Net - May 2026
zcrm_5436421000135208045,Wide Net - May 2026
zcrm_5436421000135210472,Wide Net - May 2026
zcrm_5436421000135210986,Wide Net - May 2026
zcrm_5436421000135211060,Wide Net - May 2026
zcrm_5436421000135211145,Wide Net - May 2026
zcrm_5436421000135211172,Wide Net - May 2026
zcrm_5436421000135211181,Wide Net - May 2026
zcrm_5436421000135211454,Wide Net - May 2026
zcrm_5436421000135211523,Wide Net - May 2026
zcrm_5436421000135211986,Wide Net - May 2026
zcrm_5436421000135212674,Wide Net - May 2026
zcrm_5436421000135212953,Wide Net - May 2026
zcrm_5436421000135213106,Wide Net - May 2026
zcrm_5436421000135213156,Wide Net - May 2026
zcrm_5436421000135213482,Wide Net - May 2026
zcrm_5436421000135213677,Wide Net - May 2026
zcrm_5436421000135214482,Wide Net - May 2026
zcrm_5436421000135214958,Wide Net - May 2026
zcrm_5436421000135215614,Wide Net - May 2026
zcrm_5436421000135216020,Wide Net - May 2026
zcrm_5436421000135216501,Wide Net - May 2026
zcrm_5436421000135216566,Wide Net - May 2026
zcrm_5436421000135216594,Wide Net - May 2026
zcrm_5436421000135217008,Wide Net - May 2026
zcrm_5436421000135217463,Wide Net - May 2026
zcrm_5436421000135217560,Wide Net - May 2026
zcrm_5436421000135217652,Wide Net - May 2026
zcrm_5436421000135217971,Wide Net - May 2026
zcrm_5436421000135218048,Wide Net - May 2026
zcrm_5436421000135218512,Wide Net - May 2026
zcrm_5436421000135218588,Wide Net - May 2026
zcrm_5436421000135218590,Wide Net - May 2026
zcrm_5436421000135218616,Wide Net - May 2026
zcrm_5436421000135218647,Wide Net - May 2026
zcrm_5436421000135219045,Wide Net - May 2026
zcrm_5436421000135219177,Wide Net - May 2026
zcrm_5436421000135219960,Wide Net - May 2026
zcrm_5436421000135220623,Wide Net - May 2026
zcrm_5436421000135221005,Wide Net - May 2026
zcrm_5436421000135221174,Wide Net - May 2026
zcrm_5436421000135221610,Wide Net - May 2026
zcrm_5436421000135221646,Wide Net - May 2026
zcrm_5436421000135222475,Wide Net - May 2026
zcrm_5436421000135222547,Wide Net - May 2026
zcrm_5436421000135222961,Wide Net - May 2026
zcrm_5436421000135224527,Wide Net - May 2026
zcrm_5436421000135225187,Wide Net - May 2026
zcrm_5436421000135226071,Wide Net - May 2026
zcrm_5436421000135226074,Wide Net - May 2026
zcrm_5436421000135226499,Wide Net - May 2026
zcrm_5436421000135227171,Wide Net - May 2026
zcrm_5436421000135227527,Wide Net - May 2026
zcrm_5436421000135228051,Wide Net - May 2026
zcrm_5436421000135228956,Wide Net - May 2026
zcrm_5436421000135229107,Wide Net - May 2026
zcrm_5436421000135229138,Wide Net - May 2026
zcrm_5436421000135231514,Wide Net - May 2026
zcrm_5436421000135231940,Wide Net - May 2026
zcrm_5436421000135232106,Wide Net - May 2026
zcrm_5436421000135232654,Wide Net - May 2026
zcrm_5436421000135233004,Wide Net - May 2026
zcrm_5436421000135233027,Wide Net - May 2026
zcrm_5436421000135233976,Wide Net - May 2026
zcrm_5436421000135234129,Wide Net - May 2026
zcrm_5436421000135234172,Wide Net - May 2026
zcrm_5436421000135234587,Wide Net - May 2026
zcrm_5436421000135234947,Wide Net - May 2026
zcrm_5436421000135234971,Wide Net - May 2026
zcrm_5436421000135235064,Wide Net - May 2026
zcrm_5436421000135235095,Wide Net - May 2026
zcrm_5436421000135219604,Wide Net - May 2026
zcrm_5436421000135219654,Wide Net - May 2026
zcrm_5436421000135221447,Wide Net - May 2026
zcrm_5436421000135221974,Wide Net - May 2026
zcrm_5436421000135222061,Wide Net - May 2026
zcrm_5436421000135222131,Wide Net - May 2026
zcrm_5436421000135222185,Wide Net - May 2026
zcrm_5436421000135222460,Wide Net - May 2026
zcrm_5436421000135222467,Wide Net - May 2026
zcrm_5436421000135222532,Wide Net - May 2026
zcrm_5436421000135222588,Wide Net - May 2026
zcrm_5436421000135222602,Wide Net - May 2026
zcrm_5436421000135223517,Wide Net - May 2026
zcrm_5436421000135223667,Wide Net - May 2026
zcrm_5436421000135224119,Wide Net - May 2026
zcrm_5436421000135225038,Wide Net - May 2026
zcrm_5436421000135225074,Wide Net - May 2026
zcrm_5436421000135225500,Wide Net - May 2026
zcrm_5436421000135225957,Wide Net - May 2026
zcrm_5436421000135225962,Wide Net - May 2026
zcrm_5436421000135225976,Wide Net - May 2026
zcrm_5436421000135226002,Wide Net - May 2026
zcrm_5436421000135226660,Wide Net - May 2026
zcrm_5436421000135227058,Wide Net - May 2026
zcrm_5436421000135227130,Wide Net - May 2026
zcrm_5436421000135229044,Wide Net - May 2026
zcrm_5436421000135229938,Wide Net - May 2026
zcrm_5436421000135230443,Wide Net - May 2026
zcrm_5436421000135232151,Wide Net - May 2026
zcrm_5436421000135232472,Wide Net - May 2026
zcrm_5436421000135233453,Wide Net - May 2026
zcrm_5436421000135233582,Wide Net - May 2026
zcrm_5436421000135233656,Wide Net - May 2026
zcrm_5436421000135233687,Wide Net - May 2026
zcrm_5436421000135234034,Wide Net - May 2026
zcrm_5436421000135234083,Wide Net - May 2026
zcrm_5436421000135234093,Wide Net - May 2026
zcrm_5436421000135234096,Wide Net - May 2026
zcrm_5436421000135235127,Wide Net - May 2026
zcrm_5436421000135077216,Wide Net - May 2026
zcrm_5436421000135077284,Wide Net - May 2026
zcrm_5436421000135077409,Wide Net - May 2026
zcrm_5436421000135077413,Wide Net - May 2026
zcrm_5436421000135077756,Wide Net - May 2026
zcrm_5436421000135077929,Wide Net - May 2026
zcrm_5436421000135077941,Wide Net - May 2026
zcrm_5436421000135077946,Wide Net - May 2026
zcrm_5436421000135127267,Wide Net - May 2026
zcrm_5436421000135194736,Wide Net - May 2026
zcrm_5436421000135200062,Wide Net - May 2026
zcrm_5436421000135200503,Wide Net - May 2026
zcrm_5436421000135200606,Wide Net - May 2026
zcrm_5436421000135201491,Wide Net - May 2026
zcrm_5436421000135201662,Wide Net - May 2026
zcrm_5436421000135203622,Wide Net - May 2026
zcrm_5436421000135204003,Wide Net - May 2026
zcrm_5436421000135204137,Wide Net - May 2026
zcrm_5436421000135204473,Wide Net - May 2026
zcrm_5436421000135205557,Wide Net - May 2026
zcrm_5436421000135205658,Wide Net - May 2026
zcrm_5436421000135206141,Wide Net - May 2026
zcrm_5436421000135206479,Wide Net - May 2026
zcrm_5436421000135206617,Wide Net - May 2026
zcrm_5436421000135206984,Wide Net - May 2026
zcrm_5436421000135207065,Wide Net - May 2026
zcrm_5436421000135207596,Wide Net - May 2026
zcrm_5436421000135207647,Wide Net - May 2026
zcrm_5436421000135208000,Wide Net - May 2026
zcrm_5436421000135208100,Wide Net - May 2026
zcrm_5436421000135208186,Wide Net - May 2026
zcrm_5436421000135208454,Wide Net - May 2026
zcrm_5436421000135208602,Wide Net - May 2026
zcrm_5436421000135208683,Wide Net - May 2026
zcrm_5436421000135209007,Wide Net - May 2026
zcrm_5436421000135209040,Wide Net - May 2026
zcrm_5436421000135209675,Wide Net - May 2026
zcrm_5436421000135210088,Wide Net - May 2026
zcrm_5436421000135210169,Wide Net - May 2026
zcrm_5436421000135210989,Wide Net - May 2026
zcrm_5436421000135210997,Wide Net - May 2026
zcrm_5436421000135211466,Wide Net - May 2026
zcrm_5436421000135211587,Wide Net - May 2026
zcrm_5436421000135211967,Wide Net - May 2026
zcrm_5436421000135212054,Wide Net - May 2026
zcrm_5436421000135212105,Wide Net - May 2026
zcrm_5436421000135212182,Wide Net - May 2026
zcrm_5436421000135212984,Wide Net - May 2026
zcrm_5436421000135213056,Wide Net - May 2026
zcrm_5436421000135213120,Wide Net - May 2026
zcrm_5436421000135213605,Wide Net - May 2026
zcrm_5436421000135214109,Wide Net - May 2026
zcrm_5436421000135214152,Wide Net - May 2026
zcrm_5436421000135214185,Wide Net - May 2026
zcrm_5436421000135215031,Wide Net - May 2026
zcrm_5436421000135216522,Wide Net - May 2026
zcrm_5436421000135216975,Wide Net - May 2026
zcrm_5436421000135216998,Wide Net - May 2026
zcrm_5436421000135217003,Wide Net - May 2026
zcrm_5436421000135217660,Wide Net - May 2026
zcrm_5436421000135218972,Wide Net - May 2026
zcrm_5436421000135219022,Wide Net - May 2026
zcrm_5436421000135219185,Wide Net - May 2026
zcrm_5436421000135219458,Wide Net - May 2026
zcrm_5436421000135219560,Wide Net - May 2026
zcrm_5436421000135219989,Wide Net - May 2026
zcrm_5436421000135219998,Wide Net - May 2026
zcrm_5436421000135220509,Wide Net - May 2026
zcrm_5436421000135220946,Wide Net - May 2026
zcrm_5436421000135221186,Wide Net - May 2026
zcrm_5436421000135222080,Wide Net - May 2026
zcrm_5436421000135222585,Wide Net - May 2026
zcrm_5436421000135222652,Wide Net - May 2026
zcrm_5436421000135223083,Wide Net - May 2026
zcrm_5436421000135223502,Wide Net - May 2026
zcrm_5436421000135223551,Wide Net - May 2026
zcrm_5436421000135223668,Wide Net - May 2026
zcrm_5436421000135224017,Wide Net - May 2026
zcrm_5436421000135224974,Wide Net - May 2026
zcrm_5436421000135225138,Wide Net - May 2026
zcrm_5436421000135225518,Wide Net - May 2026
zcrm_5436421000135225558,Wide Net - May 2026
zcrm_5436421000135225955,Wide Net - May 2026
zcrm_5436421000135226055,Wide Net - May 2026
zcrm_5436421000135226060,Wide Net - May 2026
zcrm_5436421000135226069,Wide Net - May 2026
zcrm_5436421000135226163,Wide Net - May 2026
zcrm_5436421000135226558,Wide Net - May 2026
zcrm_5436421000135227120,Wide Net - May 2026
zcrm_5436421000135227622,Wide Net - May 2026
zcrm_5436421000135227988,Wide Net - May 2026
zcrm_5436421000135228061,Wide Net - May 2026
zcrm_5436421000135228585,Wide Net - May 2026
zcrm_5436421000135228947,Wide Net - May 2026
zcrm_5436421000135229172,Wide Net - May 2026
zcrm_5436421000135229527,Wide Net - May 2026
zcrm_5436421000135229989,Wide Net - May 2026
zcrm_5436421000135230160,Wide Net - May 2026
zcrm_5436421000135230520,Wide Net - May 2026
zcrm_5436421000135230529,Wide Net - May 2026
zcrm_5436421000135230948,Wide Net - May 2026
zcrm_5436421000135231130,Wide Net - May 2026
zcrm_5436421000135231144,Wide Net - May 2026
zcrm_5436421000135231596,Wide Net - May 2026
zcrm_5436421000135231661,Wide Net - May 2026
zcrm_5436421000135232117,Wide Net - May 2026
zcrm_5436421000135232458,Wide Net - May 2026
zcrm_5436421000135232461,Wide Net - May 2026
zcrm_5436421000135232651,Wide Net - May 2026
zcrm_5436421000135232970,Wide Net - May 2026
zcrm_5436421000135233645,Wide Net - May 2026
zcrm_5436421000135234627,Wide Net - May 2026
zcrm_5436421000135234966,Wide Net - May 2026
zcrm_5436421000135235004,Wide Net - May 2026
zcrm_5436421000135077290,Wide Net - May 2026
zcrm_5436421000135077378,Wide Net - May 2026
zcrm_5436421000135077406,Wide Net - May 2026
zcrm_5436421000135127260,Wide Net - May 2026
zcrm_5436421000135127270,Wide Net - May 2026
zcrm_5436421000135194268,Wide Net - May 2026
zcrm_5436421000135201044,Wide Net - May 2026
zcrm_5436421000135202509,Wide Net - May 2026
zcrm_5436421000135202989,Wide Net - May 2026
zcrm_5436421000135203613,Wide Net - May 2026
zcrm_5436421000135204461,Wide Net - May 2026
zcrm_5436421000135204487,Wide Net - May 2026
zcrm_5436421000135204535,Wide Net - May 2026
zcrm_5436421000135204598,Wide Net - May 2026
zcrm_5436421000135204941,Wide Net - May 2026
zcrm_5436421000135205044,Wide Net - May 2026
zcrm_5436421000135205148,Wide Net - May 2026
zcrm_5436421000135205543,Wide Net - May 2026
zcrm_5436421000135206509,Wide Net - May 2026
zcrm_5436421000135206607,Wide Net - May 2026
zcrm_5436421000135207137,Wide Net - May 2026
zcrm_5436421000135208576,Wide Net - May 2026
zcrm_5436421000135208992,Wide Net - May 2026
zcrm_5436421000135209131,Wide Net - May 2026
zcrm_5436421000135209573,Wide Net - May 2026
zcrm_5436421000135209649,Wide Net - May 2026
zcrm_5436421000135209684,Wide Net - May 2026
zcrm_5436421000135210014,Wide Net - May 2026
zcrm_5436421000135210103,Wide Net - May 2026
zcrm_5436421000135211116,Wide Net - May 2026
zcrm_5436421000135211138,Wide Net - May 2026
zcrm_5436421000135211143,Wide Net - May 2026
zcrm_5436421000135211468,Wide Net - May 2026
zcrm_5436421000135211483,Wide Net - May 2026
zcrm_5436421000135211515,Wide Net - May 2026
zcrm_5436421000135211659,Wide Net - May 2026
zcrm_5436421000135212059,Wide Net - May 2026
zcrm_5436421000135213006,Wide Net - May 2026
zcrm_5436421000135213532,Wide Net - May 2026
zcrm_5436421000135214034,Wide Net - May 2026
zcrm_5436421000135214108,Wide Net - May 2026
zcrm_5436421000135214557,Wide Net - May 2026
zcrm_5436421000135215623,Wide Net - May 2026
zcrm_5436421000135216165,Wide Net - May 2026
zcrm_5436421000135216633,Wide Net - May 2026
zcrm_5436421000135216961,Wide Net - May 2026
zcrm_5436421000135217446,Wide Net - May 2026
zcrm_5436421000135217500,Wide Net - May 2026
zcrm_5436421000135217570,Wide Net - May 2026
zcrm_5436421000135218000,Wide Net - May 2026
zcrm_5436421000135218538,Wide Net - May 2026
zcrm_5436421000135219077,Wide Net - May 2026
zcrm_5436421000135219143,Wide Net - May 2026
zcrm_5436421000135220069,Wide Net - May 2026
zcrm_5436421000135220099,Wide Net - May 2026
zcrm_5436421000135220108,Wide Net - May 2026
zcrm_5436421000135220480,Wide Net - May 2026
zcrm_5436421000135221059,Wide Net - May 2026
zcrm_5436421000135221083,Wide Net - May 2026
zcrm_5436421000135221659,Wide Net - May 2026
zcrm_5436421000135221668,Wide Net - May 2026
zcrm_5436421000135222066,Wide Net - May 2026
zcrm_5436421000135222534,Wide Net - May 2026
zcrm_5436421000135223671,Wide Net - May 2026
zcrm_5436421000135224170,Wide Net - May 2026
zcrm_5436421000135225616,Wide Net - May 2026
zcrm_5436421000135226027,Wide Net - May 2026
zcrm_5436421000135226661,Wide Net - May 2026
zcrm_5436421000135228178,Wide Net - May 2026
zcrm_5436421000135228529,Wide Net - May 2026
zcrm_5436421000135228640,Wide Net - May 2026
zcrm_5436421000135229026,Wide Net - May 2026
zcrm_5436421000135230181,Wide Net - May 2026
zcrm_5436421000135230464,Wide Net - May 2026
zcrm_5436421000135230603,Wide Net - May 2026
zcrm_5436421000135231079,Wide Net - May 2026
zcrm_5436421000135231080,Wide Net - May 2026
zcrm_5436421000135231095,Wide Net - May 2026
zcrm_5436421000135231476,Wide Net - May 2026
zcrm_5436421000135231570,Wide Net - May 2026
zcrm_5436421000135232076,Wide Net - May 2026
zcrm_5436421000135233499,Wide Net - May 2026
zcrm_5436421000135233522,Wide Net - May 2026
zcrm_5436421000135234062,Wide Net - May 2026
zcrm_5436421000135234642,Wide Net - May 2026
zcrm_5436421000135234671,Wide Net - May 2026
zcrm_5436421000135235013,Wide Net - May 2026
zcrm_5436421000135235079,Wide Net - May 2026
zcrm_5436421000135205994,Wide Net - May 2026
zcrm_5436421000135206033,Wide Net - May 2026
zcrm_5436421000135206037,Wide Net - May 2026
zcrm_5436421000135206056,Wide Net - May 2026
zcrm_5436421000135206530,Wide Net - May 2026
zcrm_5436421000135206532,Wide Net - May 2026
zcrm_5436421000135206609,Wide Net - May 2026
zcrm_5436421000135206644,Wide Net - May 2026
zcrm_5436421000135207084,Wide Net - May 2026
zcrm_5436421000135207465,Wide Net - May 2026
zcrm_5436421000135207532,Wide Net - May 2026
zcrm_5436421000135207660,Wide Net - May 2026
zcrm_5436421000135207945,Wide Net - May 2026
zcrm_5436421000135208145,Wide Net - May 2026
zcrm_5436421000135208473,Wide Net - May 2026
zcrm_5436421000135208525,Wide Net - May 2026
zcrm_5436421000135208947,Wide Net - May 2026
zcrm_5436421000135210167,Wide Net - May 2026
zcrm_5436421000135210183,Wide Net - May 2026
zcrm_5436421000135213042,Wide Net - May 2026
zcrm_5436421000135213602,Wide Net - May 2026
zcrm_5436421000135214126,Wide Net - May 2026
zcrm_5436421000135214440,Wide Net - May 2026
zcrm_5436421000135214441,Wide Net - May 2026
zcrm_5436421000135214577,Wide Net - May 2026
zcrm_5436421000135215627,Wide Net - May 2026
zcrm_5436421000135216173,Wide Net - May 2026
zcrm_5436421000135216460,Wide Net - May 2026
zcrm_5436421000135216487,Wide Net - May 2026
zcrm_5436421000135216613,Wide Net - May 2026
zcrm_5436421000135217438,Wide Net - May 2026
zcrm_5436421000135217589,Wide Net - May 2026
zcrm_5436421000135218144,Wide Net - May 2026
zcrm_5436421000135218485,Wide Net - May 2026
zcrm_5436421000135218565,Wide Net - May 2026
zcrm_5436421000135219445,Wide Net - May 2026
zcrm_5436421000135220034,Wide Net - May 2026
zcrm_5436421000135220622,Wide Net - May 2026
zcrm_5436421000135220944,Wide Net - May 2026
zcrm_5436421000135220998,Wide Net - May 2026
zcrm_5436421000135221469,Wide Net - May 2026
zcrm_5436421000135221635,Wide Net - May 2026
zcrm_5436421000135221989,Wide Net - May 2026
zcrm_5436421000135222959,Wide Net - May 2026
zcrm_5436421000135222967,Wide Net - May 2026
zcrm_5436421000135223601,Wide Net - May 2026
zcrm_5436421000135223658,Wide Net - May 2026
zcrm_5436421000135223980,Wide Net - May 2026
zcrm_5436421000135224067,Wide Net - May 2026
zcrm_5436421000135225099,Wide Net - May 2026
zcrm_5436421000135225173,Wide Net - May 2026
zcrm_5436421000135225661,Wide Net - May 2026
zcrm_5436421000135227629,Wide Net - May 2026
zcrm_5436421000135227686,Wide Net - May 2026
zcrm_5436421000135228077,Wide Net - May 2026
zcrm_5436421000135228501,Wide Net - May 2026
zcrm_5436421000135230453,Wide Net - May 2026
zcrm_5436421000135232667,Wide Net - May 2026
zcrm_5436421000135233100,Wide Net - May 2026
zcrm_5436421000135233596,Wide Net - May 2026
zcrm_5436421000135233945,Wide Net - May 2026
zcrm_5436421000135234057,Wide Net - May 2026
zcrm_5436421000135234073,Wide Net - May 2026
zcrm_5436421000135234084,Wide Net - May 2026
zcrm_5436421000135235112,Wide Net - May 2026
zcrm_5436421000135077252,Wide Net - May 2026
zcrm_5436421000135077276,Wide Net - May 2026
zcrm_5436421000135077306,Wide Net - May 2026
zcrm_5436421000135077728,Wide Net - May 2026
zcrm_5436421000135127163,Wide Net - May 2026
zcrm_5436421000135194236,Wide Net - May 2026
zcrm_5436421000135194254,Wide Net - May 2026
zcrm_5436421000135194260,Wide Net - May 2026
zcrm_5436421000135194425,Wide Net - May 2026
zcrm_5436421000135194462,Wide Net - May 2026
zcrm_5436421000135194745,Wide Net - May 2026
zcrm_5436421000135200091,Wide Net - May 2026
zcrm_5436421000135201016,Wide Net - May 2026
zcrm_5436421000135201104,Wide Net - May 2026
zcrm_5436421000135201488,Wide Net - May 2026
zcrm_5436421000135202068,Wide Net - May 2026
zcrm_5436421000135202105,Wide Net - May 2026
zcrm_5436421000135202964,Wide Net - May 2026
zcrm_5436421000135203020,Wide Net - May 2026
zcrm_5436421000135203978,Wide Net - May 2026
zcrm_5436421000135203980,Wide Net - May 2026
zcrm_5436421000135204651,Wide Net - May 2026
zcrm_5436421000135204972,Wide Net - May 2026
zcrm_5436421000135204980,Wide Net - May 2026
zcrm_5436421000135205111,Wide Net - May 2026
zcrm_5436421000135205488,Wide Net - May 2026
zcrm_5436421000135205962,Wide Net - May 2026
zcrm_5436421000135206444,Wide Net - May 2026
zcrm_5436421000135206455,Wide Net - May 2026
zcrm_5436421000135206653,Wide Net - May 2026
zcrm_5436421000135207095,Wide Net - May 2026
zcrm_5436421000135207523,Wide Net - May 2026
zcrm_5436421000135207602,Wide Net - May 2026
zcrm_5436421000135208081,Wide Net - May 2026
zcrm_5436421000135209104,Wide Net - May 2026
zcrm_5436421000135209116,Wide Net - May 2026
zcrm_5436421000135209589,Wide Net - May 2026
zcrm_5436421000135210093,Wide Net - May 2026
zcrm_5436421000135211141,Wide Net - May 2026
zcrm_5436421000135212010,Wide Net - May 2026
zcrm_5436421000135212037,Wide Net - May 2026
zcrm_5436421000135212081,Wide Net - May 2026
zcrm_5436421000135212671,Wide Net - May 2026
zcrm_5436421000135213080,Wide Net - May 2026
zcrm_5436421000135213983,Wide Net - May 2026
zcrm_5436421000135214063,Wide Net - May 2026
zcrm_5436421000135214153,Wide Net - May 2026
zcrm_5436421000135214606,Wide Net - May 2026
zcrm_5436421000135214980,Wide Net - May 2026
zcrm_5436421000135215167,Wide Net - May 2026
zcrm_5436421000135215505,Wide Net - May 2026
zcrm_5436421000135216130,Wide Net - May 2026
zcrm_5436421000135216479,Wide Net - May 2026
zcrm_5436421000135217685,Wide Net - May 2026
zcrm_5436421000135217955,Wide Net - May 2026
zcrm_5436421000135218097,Wide Net - May 2026
zcrm_5436421000135218612,Wide Net - May 2026
zcrm_5436421000135218662,Wide Net - May 2026
zcrm_5436421000135219114,Wide Net - May 2026
zcrm_5436421000135219483,Wide Net - May 2026
zcrm_5436421000135219555,Wide Net - May 2026
zcrm_5436421000135219588,Wide Net - May 2026
zcrm_5436421000135220052,Wide Net - May 2026
zcrm_5436421000135220147,Wide Net - May 2026
zcrm_5436421000135220154,Wide Net - May 2026
zcrm_5436421000135220550,Wide Net - May 2026
zcrm_5436421000135220628,Wide Net - May 2026
zcrm_5436421000135221111,Wide Net - May 2026
zcrm_5436421000135221155,Wide Net - May 2026
zcrm_5436421000135221472,Wide Net - May 2026
zcrm_5436421000135221521,Wide Net - May 2026
zcrm_5436421000135221577,Wide Net - May 2026
zcrm_5436421000135222019,Wide Net - May 2026
zcrm_5436421000135222558,Wide Net - May 2026
zcrm_5436421000135223043,Wide Net - May 2026
zcrm_5436421000135223078,Wide Net - May 2026
zcrm_5436421000135223102,Wide Net - May 2026
zcrm_5436421000135223449,Wide Net - May 2026
zcrm_5436421000135223639,Wide Net - May 2026
zcrm_5436421000135223995,Wide Net - May 2026
zcrm_5436421000135224129,Wide Net - May 2026
zcrm_5436421000135224458,Wide Net - May 2026
zcrm_5436421000135224602,Wide Net - May 2026
zcrm_5436421000135224649,Wide Net - May 2026
zcrm_5436421000135225002,Wide Net - May 2026
zcrm_5436421000135225472,Wide Net - May 2026
zcrm_5436421000135225489,Wide Net - May 2026
zcrm_5436421000135225966,Wide Net - May 2026
zcrm_5436421000135226451,Wide Net - May 2026
zcrm_5436421000135226579,Wide Net - May 2026
zcrm_5436421000135226606,Wide Net - May 2026
zcrm_5436421000135226981,Wide Net - May 2026
zcrm_5436421000135227465,Wide Net - May 2026
zcrm_5436421000135227521,Wide Net - May 2026
zcrm_5436421000135228162,Wide Net - May 2026
zcrm_5436421000135228479,Wide Net - May 2026
zcrm_5436421000135229001,Wide Net - May 2026
zcrm_5436421000135229965,Wide Net - May 2026
zcrm_5436421000135230595,Wide Net - May 2026
zcrm_5436421000135230940,Wide Net - May 2026
zcrm_5436421000135231173,Wide Net - May 2026
zcrm_5436421000135231591,Wide Net - May 2026
zcrm_5436421000135231593,Wide Net - May 2026
zcrm_5436421000135233145,Wide Net - May 2026
zcrm_5436421000135233671,Wide Net - May 2026
zcrm_5436421000135234051,Wide Net - May 2026
zcrm_5436421000135234053,Wide Net - May 2026
zcrm_5436421000135234064,Wide Net - May 2026
zcrm_5436421000135234159,Wide Net - May 2026
zcrm_5436421000135234507,Wide Net - May 2026
zcrm_5436421000135234524,Wide Net - May 2026
zcrm_5436421000135234573,Wide Net - May 2026
zcrm_5436421000135234592,Wide Net - May 2026
zcrm_5436421000135077356,Wide Net - May 2026
zcrm_5436421000135077374,Wide Net - May 2026
zcrm_5436421000135077837,Wide Net - May 2026
zcrm_5436421000135127250,Wide Net - May 2026
zcrm_5436421000135127277,Wide Net - May 2026
zcrm_5436421000135194274,Wide Net - May 2026
zcrm_5436421000135194327,Wide Net - May 2026
zcrm_5436421000135194340,Wide Net - May 2026
zcrm_5436421000135194365,Wide Net - May 2026
zcrm_5436421000135194366,Wide Net - May 2026
zcrm_5436421000135194761,Wide Net - May 2026
zcrm_5436421000135194769,Wide Net - May 2026
zcrm_5436421000135200638,Wide Net - May 2026
zcrm_5436421000135200656,Wide Net - May 2026
zcrm_5436421000135200999,Wide Net - May 2026
zcrm_5436421000135201099,Wide Net - May 2026
zcrm_5436421000135201130,Wide Net - May 2026
zcrm_5436421000135202440,Wide Net - May 2026
zcrm_5436421000135202969,Wide Net - May 2026
zcrm_5436421000135202972,Wide Net - May 2026
zcrm_5436421000135203545,Wide Net - May 2026
zcrm_5436421000135204160,Wide Net - May 2026
zcrm_5436421000135204441,Wide Net - May 2026
zcrm_5436421000135204551,Wide Net - May 2026
zcrm_5436421000135205593,Wide Net - May 2026
zcrm_5436421000135206007,Wide Net - May 2026
zcrm_5436421000135206082,Wide Net - May 2026
zcrm_5436421000135206101,Wide Net - May 2026
zcrm_5436421000135206116,Wide Net - May 2026
zcrm_5436421000135207471,Wide Net - May 2026
zcrm_5436421000135207504,Wide Net - May 2026
zcrm_5436421000135207610,Wide Net - May 2026
zcrm_5436421000135207972,Wide Net - May 2026
zcrm_5436421000135208185,Wide Net - May 2026
zcrm_5436421000135209174,Wide Net - May 2026
zcrm_5436421000135209679,Wide Net - May 2026
zcrm_5436421000135210962,Wide Net - May 2026
zcrm_5436421000135211030,Wide Net - May 2026
zcrm_5436421000135211085,Wide Net - May 2026
zcrm_5436421000135211447,Wide Net - May 2026
zcrm_5436421000135211535,Wide Net - May 2026
zcrm_5436421000135211549,Wide Net - May 2026
zcrm_5436421000135212083,Wide Net - May 2026
zcrm_5436421000135212541,Wide Net - May 2026
zcrm_5436421000135212594,Wide Net - May 2026
zcrm_5436421000135212600,Wide Net - May 2026
zcrm_5436421000135212624,Wide Net - May 2026
zcrm_5436421000135212939,Wide Net - May 2026
zcrm_5436421000135213009,Wide Net - May 2026
zcrm_5436421000135213480,Wide Net - May 2026
zcrm_5436421000135214187,Wide Net - May 2026
zcrm_5436421000135214492,Wide Net - May 2026
zcrm_5436421000135215066,Wide Net - May 2026
zcrm_5436421000135216053,Wide Net - May 2026
zcrm_5436421000135216110,Wide Net - May 2026
zcrm_5436421000135216976,Wide Net - May 2026
zcrm_5436421000135217472,Wide Net - May 2026
zcrm_5436421000135217665,Wide Net - May 2026
zcrm_5436421000135218508,Wide Net - May 2026
zcrm_5436421000135218974,Wide Net - May 2026
zcrm_5436421000135219133,Wide Net - May 2026
zcrm_5436421000135220026,Wide Net - May 2026
zcrm_5436421000135220169,Wide Net - May 2026
zcrm_5436421000135220501,Wide Net - May 2026
zcrm_5436421000135220591,Wide Net - May 2026
zcrm_5436421000135223127,Wide Net - May 2026
zcrm_5436421000135225157,Wide Net - May 2026
zcrm_5436421000135226156,Wide Net - May 2026
zcrm_5436421000135226506,Wide Net - May 2026
zcrm_5436421000135226552,Wide Net - May 2026
zcrm_5436421000135226666,Wide Net - May 2026
zcrm_5436421000135227571,Wide Net - May 2026
zcrm_5436421000135230039,Wide Net - May 2026
zcrm_5436421000135230441,Wide Net - May 2026
zcrm_5436421000135230492,Wide Net - May 2026
zcrm_5436421000135230619,Wide Net - May 2026
zcrm_5436421000135231997,Wide Net - May 2026
zcrm_5436421000135232681,Wide Net - May 2026
zcrm_5436421000135234100,Wide Net - May 2026
zcrm_5436421000135234542,Wide Net - May 2026
zcrm_5436421000135234649,Wide Net - May 2026
zcrm_5436421000135234655,Wide Net - May 2026
zcrm_5436421000135234680,Wide Net - May 2026
zcrm_5436421000135234941,Wide Net - May 2026
zcrm_5436421000135234944,Wide Net - May 2026
zcrm_5436421000135234987,Wide Net - May 2026
zcrm_5436421000135235043,Wide Net - May 2026
zcrm_5436421000135216128,Wide Net - May 2026
zcrm_5436421000135216600,Wide Net - May 2026
zcrm_5436421000135217137,Wide Net - May 2026
zcrm_5436421000135217961,Wide Net - May 2026
zcrm_5436421000135217987,Wide Net - May 2026
zcrm_5436421000135218027,Wide Net - May 2026
zcrm_5436421000135218078,Wide Net - May 2026
zcrm_5436421000135218984,Wide Net - May 2026
zcrm_5436421000135219595,Wide Net - May 2026
zcrm_5436421000135221665,Wide Net - May 2026
zcrm_5436421000135222022,Wide Net - May 2026
zcrm_5436421000135222186,Wide Net - May 2026
zcrm_5436421000135224154,Wide Net - May 2026
zcrm_5436421000135224520,Wide Net - May 2026
zcrm_5436421000135224565,Wide Net - May 2026
zcrm_5436421000135225069,Wide Net - May 2026
zcrm_5436421000135225093,Wide Net - May 2026
zcrm_5436421000135225164,Wide Net - May 2026
zcrm_5436421000135225481,Wide Net - May 2026
zcrm_5436421000135225569,Wide Net - May 2026
zcrm_5436421000135227010,Wide Net - May 2026
zcrm_5436421000135227031,Wide Net - May 2026
zcrm_5436421000135227576,Wide Net - May 2026
zcrm_5436421000135228043,Wide Net - May 2026
zcrm_5436421000135228536,Wide Net - May 2026
zcrm_5436421000135230107,Wide Net - May 2026
zcrm_5436421000135230660,Wide Net - May 2026
zcrm_5436421000135231054,Wide Net - May 2026
zcrm_5436421000135232488,Wide Net - May 2026
zcrm_5436421000135232490,Wide Net - May 2026
zcrm_5436421000135232657,Wide Net - May 2026
zcrm_5436421000135233171,Wide Net - May 2026
zcrm_5436421000135233466,Wide Net - May 2026
zcrm_5436421000135233549,Wide Net - May 2026
zcrm_5436421000135233603,Wide Net - May 2026
zcrm_5436421000135233991,Wide Net - May 2026
zcrm_5436421000135234019,Wide Net - May 2026
zcrm_5436421000135194248,Wide Net - May 2026
zcrm_5436421000135194359,Wide Net - May 2026
zcrm_5436421000135200641,Wide Net - May 2026
zcrm_5436421000135201671,Wide Net - May 2026
zcrm_5436421000135201672,Wide Net - May 2026
zcrm_5436421000135201947,Wide Net - May 2026
zcrm_5436421000135201961,Wide Net - May 2026
zcrm_5436421000135204075,Wide Net - May 2026
zcrm_5436421000135204617,Wide Net - May 2026
zcrm_5436421000135204964,Wide Net - May 2026
zcrm_5436421000135205062,Wide Net - May 2026
zcrm_5436421000135205540,Wide Net - May 2026
zcrm_5436421000135208522,Wide Net - May 2026
zcrm_5436421000135208978,Wide Net - May 2026
zcrm_5436421000135209939,Wide Net - May 2026
zcrm_5436421000135210146,Wide Net - May 2026
zcrm_5436421000135210162,Wide Net - May 2026
zcrm_5436421000135210548,Wide Net - May 2026
zcrm_5436421000135210566,Wide Net - May 2026
zcrm_5436421000135210673,Wide Net - May 2026
zcrm_5436421000135210944,Wide Net - May 2026
zcrm_5436421000135211100,Wide Net - May 2026
zcrm_5436421000135211570,Wide Net - May 2026
zcrm_5436421000135211624,Wide Net - May 2026
zcrm_5436421000135212031,Wide Net - May 2026
zcrm_5436421000135212111,Wide Net - May 2026
zcrm_5436421000135212566,Wide Net - May 2026
zcrm_5436421000135213014,Wide Net - May 2026
zcrm_5436421000135213967,Wide Net - May 2026
zcrm_5436421000135214553,Wide Net - May 2026
zcrm_5436421000135214951,Wide Net - May 2026
zcrm_5436421000135215166,Wide Net - May 2026
zcrm_5436421000135215581,Wide Net - May 2026
zcrm_5436421000135215604,Wide Net - May 2026
zcrm_5436421000135216520,Wide Net - May 2026
zcrm_5436421000135216592,Wide Net - May 2026
zcrm_5436421000135216947,Wide Net - May 2026
zcrm_5436421000135217537,Wide Net - May 2026
zcrm_5436421000135217938,Wide Net - May 2026
zcrm_5436421000135218075,Wide Net - May 2026
zcrm_5436421000135218991,Wide Net - May 2026
zcrm_5436421000135219567,Wide Net - May 2026
zcrm_5436421000135219611,Wide Net - May 2026
zcrm_5436421000135220073,Wide Net - May 2026
zcrm_5436421000135220515,Wide Net - May 2026
zcrm_5436421000135220953,Wide Net - May 2026
zcrm_5436421000135221050,Wide Net - May 2026
zcrm_5436421000135221074,Wide Net - May 2026
zcrm_5436421000135221101,Wide Net - May 2026
zcrm_5436421000135222083,Wide Net - May 2026
zcrm_5436421000135223518,Wide Net - May 2026
zcrm_5436421000135223654,Wide Net - May 2026
zcrm_5436421000135224617,Wide Net - May 2026
zcrm_5436421000135225114,Wide Net - May 2026
zcrm_5436421000135225163,Wide Net - May 2026
zcrm_5436421000135226056,Wide Net - May 2026
zcrm_5436421000135226534,Wide Net - May 2026
zcrm_5436421000135226980,Wide Net - May 2026
zcrm_5436421000135227005,Wide Net - May 2026
zcrm_5436421000135227121,Wide Net - May 2026
zcrm_5436421000135227186,Wide Net - May 2026
zcrm_5436421000135227619,Wide Net - May 2026
zcrm_5436421000135228023,Wide Net - May 2026
zcrm_5436421000135228033,Wide Net - May 2026
zcrm_5436421000135228055,Wide Net - May 2026
zcrm_5436421000135228442,Wide Net - May 2026
zcrm_5436421000135228609,Wide Net - May 2026
zcrm_5436421000135229051,Wide Net - May 2026
zcrm_5436421000135229063,Wide Net - May 2026
zcrm_5436421000135229141,Wide Net - May 2026
zcrm_5436421000135229185,Wide Net - May 2026
zcrm_5436421000135229578,Wide Net - May 2026
zcrm_5436421000135229630,Wide Net - May 2026
zcrm_5436421000135231099,Wide Net - May 2026
zcrm_5436421000135231154,Wide Net - May 2026
zcrm_5436421000135231534,Wide Net - May 2026
zcrm_5436421000135231609,Wide Net - May 2026
zcrm_5436421000135232480,Wide Net - May 2026
zcrm_5436421000135232509,Wide Net - May 2026
zcrm_5436421000135232530,Wide Net - May 2026
zcrm_5436421000135233030,Wide Net - May 2026
zcrm_5436421000135233568,Wide Net - May 2026
zcrm_5436421000135234115,Wide Net - May 2026
zcrm_5436421000135234137,Wide Net - May 2026
zcrm_5436421000135234442,Wide Net - May 2026
zcrm_5436421000135234552,Wide Net - May 2026
zcrm_5436421000135235021,Wide Net - May 2026
zcrm_5436421000135077274,Wide Net - May 2026
zcrm_5436421000135077777,Wide Net - May 2026
zcrm_5436421000135077857,Wide Net - May 2026
zcrm_5436421000135077906,Wide Net - May 2026
zcrm_5436421000135127221,Wide Net - May 2026
zcrm_5436421000135194310,Wide Net - May 2026
zcrm_5436421000135194320,Wide Net - May 2026
zcrm_5436421000135194395,Wide Net - May 2026
zcrm_5436421000135200651,Wide Net - May 2026
zcrm_5436421000135201174,Wide Net - May 2026
zcrm_5436421000135202091,Wide Net - May 2026
zcrm_5436421000135202476,Wide Net - May 2026
zcrm_5436421000135203454,Wide Net - May 2026
zcrm_5436421000135203483,Wide Net - May 2026
zcrm_5436421000135204032,Wide Net - May 2026
zcrm_5436421000135205065,Wide Net - May 2026
zcrm_5436421000135205484,Wide Net - May 2026
zcrm_5436421000135206044,Wide Net - May 2026
zcrm_5436421000135206094,Wide Net - May 2026
zcrm_5436421000135206577,Wide Net - May 2026
zcrm_5436421000135206997,Wide Net - May 2026
zcrm_5436421000135207096,Wide Net - May 2026
zcrm_5436421000135207124,Wide Net - May 2026
zcrm_5436421000135207651,Wide Net - May 2026
zcrm_5436421000135208613,Wide Net - May 2026
zcrm_5436421000135209527,Wide Net - May 2026
zcrm_5436421000135209653,Wide Net - May 2026
zcrm_5436421000135210175,Wide Net - May 2026
zcrm_5436421000135210567,Wide Net - May 2026
zcrm_5436421000135211104,Wide Net - May 2026
zcrm_5436421000135211446,Wide Net - May 2026
zcrm_5436421000135211453,Wide Net - May 2026
zcrm_5436421000135212013,Wide Net - May 2026
zcrm_5436421000135212030,Wide Net - May 2026
zcrm_5436421000135212052,Wide Net - May 2026
zcrm_5436421000135212117,Wide Net - May 2026
zcrm_5436421000135212588,Wide Net - May 2026
zcrm_5436421000135213471,Wide Net - May 2026
zcrm_5436421000135213645,Wide Net - May 2026
zcrm_5436421000135214460,Wide Net - May 2026
zcrm_5436421000135214949,Wide Net - May 2026
zcrm_5436421000135215161,Wide Net - May 2026
zcrm_5436421000135215657,Wide Net - May 2026
zcrm_5436421000135215971,Wide Net - May 2026
zcrm_5436421000135215999,Wide Net - May 2026
zcrm_5436421000135216013,Wide Net - May 2026
zcrm_5436421000135216093,Wide Net - May 2026
zcrm_5436421000135217091,Wide Net - May 2026
zcrm_5436421000135218008,Wide Net - May 2026
zcrm_5436421000135218516,Wide Net - May 2026
zcrm_5436421000135218537,Wide Net - May 2026
zcrm_5436421000135218550,Wide Net - May 2026
zcrm_5436421000135218969,Wide Net - May 2026
zcrm_5436421000135220076,Wide Net - May 2026
zcrm_5436421000135220485,Wide Net - May 2026
zcrm_5436421000135220554,Wide Net - May 2026
zcrm_5436421000135220647,Wide Net - May 2026
zcrm_5436421000135220950,Wide Net - May 2026
zcrm_5436421000135220977,Wide Net - May 2026
zcrm_5436421000135221028,Wide Net - May 2026
zcrm_5436421000135221153,Wide Net - May 2026
zcrm_5436421000135221567,Wide Net - May 2026
zcrm_5436421000135221572,Wide Net - May 2026
zcrm_5436421000135222127,Wide Net - May 2026
zcrm_5436421000135222171,Wide Net - May 2026
zcrm_5436421000135222458,Wide Net - May 2026
zcrm_5436421000135222638,Wide Net - May 2026
zcrm_5436421000135223004,Wide Net - May 2026
zcrm_5436421000135223099,Wide Net - May 2026
zcrm_5436421000135223146,Wide Net - May 2026
zcrm_5436421000135223968,Wide Net - May 2026
zcrm_5436421000135223979,Wide Net - May 2026
zcrm_5436421000135224544,Wide Net - May 2026
zcrm_5436421000135224607,Wide Net - May 2026
zcrm_5436421000135225080,Wide Net - May 2026
zcrm_5436421000135225119,Wide Net - May 2026
zcrm_5436421000135225540,Wide Net - May 2026
zcrm_5436421000135225649,Wide Net - May 2026
zcrm_5436421000135225650,Wide Net - May 2026
zcrm_5436421000135226036,Wide Net - May 2026
zcrm_5436421000135226171,Wide Net - May 2026
zcrm_5436421000135227599,Wide Net - May 2026
zcrm_5436421000135227640,Wide Net - May 2026
zcrm_5436421000135227646,Wide Net - May 2026
zcrm_5436421000135227656,Wide Net - May 2026
zcrm_5436421000135228060,Wide Net - May 2026
zcrm_5436421000135229959,Wide Net - May 2026
zcrm_5436421000135230581,Wide Net - May 2026
zcrm_5436421000135231165,Wide Net - May 2026
zcrm_5436421000135231573,Wide Net - May 2026
zcrm_5436421000135231976,Wide Net - May 2026
zcrm_5436421000135232572,Wide Net - May 2026
zcrm_5436421000135233173,Wide Net - May 2026
zcrm_5436421000135233494,Wide Net - May 2026
zcrm_5436421000135234990,Wide Net - May 2026
zcrm_5436421000135235044,Wide Net - May 2026
zcrm_5436421000135201996,Wide Net - May 2026
zcrm_5436421000135202999,Wide Net - May 2026
zcrm_5436421000135203005,Wide Net - May 2026
zcrm_5436421000135203627,Wide Net - May 2026
zcrm_5436421000135204105,Wide Net - May 2026
zcrm_5436421000135204174,Wide Net - May 2026
zcrm_5436421000135204545,Wide Net - May 2026
zcrm_5436421000135204652,Wide Net - May 2026
zcrm_5436421000135204659,Wide Net - May 2026
zcrm_5436421000135204943,Wide Net - May 2026
zcrm_5436421000135205086,Wide Net - May 2026
zcrm_5436421000135205180,Wide Net - May 2026
zcrm_5436421000135205479,Wide Net - May 2026
zcrm_5436421000135205579,Wide Net - May 2026
zcrm_5436421000135205604,Wide Net - May 2026
zcrm_5436421000135206021,Wide Net - May 2026
zcrm_5436421000135206068,Wide Net - May 2026
zcrm_5436421000135206072,Wide Net - May 2026
zcrm_5436421000135206090,Wide Net - May 2026
zcrm_5436421000135206134,Wide Net - May 2026
zcrm_5436421000135206594,Wide Net - May 2026
zcrm_5436421000135206635,Wide Net - May 2026
zcrm_5436421000135206971,Wide Net - May 2026
zcrm_5436421000135207165,Wide Net - May 2026
zcrm_5436421000135208144,Wide Net - May 2026
zcrm_5436421000135208495,Wide Net - May 2026
zcrm_5436421000135208508,Wide Net - May 2026
zcrm_5436421000135208665,Wide Net - May 2026
zcrm_5436421000135208670,Wide Net - May 2026
zcrm_5436421000135209095,Wide Net - May 2026
zcrm_5436421000135209495,Wide Net - May 2026
zcrm_5436421000135210129,Wide Net - May 2026
zcrm_5436421000135210173,Wide Net - May 2026
zcrm_5436421000135210452,Wide Net - May 2026
zcrm_5436421000135210555,Wide Net - May 2026
zcrm_5436421000135210580,Wide Net - May 2026
zcrm_5436421000135210604,Wide Net - May 2026
zcrm_5436421000135211067,Wide Net - May 2026
zcrm_5436421000135211160,Wide Net - May 2026
zcrm_5436421000135212099,Wide Net - May 2026
zcrm_5436421000135212495,Wide Net - May 2026
zcrm_5436421000135212518,Wide Net - May 2026
zcrm_5436421000135212584,Wide Net - May 2026
zcrm_5436421000135212658,Wide Net - May 2026
zcrm_5436421000135213109,Wide Net - May 2026
zcrm_5436421000135213184,Wide Net - May 2026
zcrm_5436421000135213486,Wide Net - May 2026
zcrm_5436421000135213513,Wide Net - May 2026
zcrm_5436421000135213580,Wide Net - May 2026
zcrm_5436421000135213649,Wide Net - May 2026
zcrm_5436421000135213953,Wide Net - May 2026
zcrm_5436421000135213982,Wide Net - May 2026
zcrm_5436421000135214115,Wide Net - May 2026
zcrm_5436421000135214166,Wide Net - May 2026
zcrm_5436421000135214575,Wide Net - May 2026
zcrm_5436421000135215164,Wide Net - May 2026
zcrm_5436421000135216022,Wide Net - May 2026
zcrm_5436421000135217105,Wide Net - May 2026
zcrm_5436421000135218158,Wide Net - May 2026
zcrm_5436421000135218161,Wide Net - May 2026
zcrm_5436421000135218580,Wide Net - May 2026
zcrm_5436421000135219085,Wide Net - May 2026
zcrm_5436421000135219586,Wide Net - May 2026
zcrm_5436421000135219597,Wide Net - May 2026
zcrm_5436421000135221480,Wide Net - May 2026
zcrm_5436421000135221626,Wide Net - May 2026
zcrm_5436421000135221976,Wide Net - May 2026
zcrm_5436421000135222516,Wide Net - May 2026
zcrm_5436421000135222619,Wide Net - May 2026
zcrm_5436421000135222637,Wide Net - May 2026
zcrm_5436421000135223687,Wide Net - May 2026
zcrm_5436421000135223970,Wide Net - May 2026
zcrm_5436421000135224081,Wide Net - May 2026
zcrm_5436421000135224110,Wide Net - May 2026
zcrm_5436421000135224481,Wide Net - May 2026
zcrm_5436421000135224541,Wide Net - May 2026
zcrm_5436421000135225647,Wide Net - May 2026
zcrm_5436421000135226085,Wide Net - May 2026
zcrm_5436421000135226091,Wide Net - May 2026
zcrm_5436421000135226570,Wide Net - May 2026
zcrm_5436421000135227106,Wide Net - May 2026
zcrm_5436421000135227548,Wide Net - May 2026
zcrm_5436421000135227632,Wide Net - May 2026
zcrm_5436421000135228577,Wide Net - May 2026
zcrm_5436421000135229993,Wide Net - May 2026
zcrm_5436421000135230159,Wide Net - May 2026
zcrm_5436421000135230609,Wide Net - May 2026
zcrm_5436421000135231012,Wide Net - May 2026
zcrm_5436421000135231036,Wide Net - May 2026
zcrm_5436421000135231502,Wide Net - May 2026
zcrm_5436421000135233096,Wide Net - May 2026
zcrm_5436421000135233122,Wide Net - May 2026
zcrm_5436421000135233646,Wide Net - May 2026
zcrm_5436421000135234553,Wide Net - May 2026
zcrm_5436421000135234572,Wide Net - May 2026
zcrm_5436421000135234678,Wide Net - May 2026
zcrm_5436421000135235053,Wide Net - May 2026
zcrm_5436421000135077421,Wide Net - May 2026
zcrm_5436421000135077794,Wide Net - May 2026
zcrm_5436421000135077886,Wide Net - May 2026
zcrm_5436421000135127200,Wide Net - May 2026
zcrm_5436421000135194398,Wide Net - May 2026
zcrm_5436421000135201445,Wide Net - May 2026
zcrm_5436421000135201979,Wide Net - May 2026
zcrm_5436421000135202591,Wide Net - May 2026
zcrm_5436421000135203008,Wide Net - May 2026
zcrm_5436421000135203030,Wide Net - May 2026
zcrm_5436421000135203557,Wide Net - May 2026
zcrm_5436421000135203989,Wide Net - May 2026
zcrm_5436421000135204040,Wide Net - May 2026
zcrm_5436421000135204532,Wide Net - May 2026
zcrm_5436421000135204987,Wide Net - May 2026
zcrm_5436421000135205133,Wide Net - May 2026
zcrm_5436421000135205621,Wide Net - May 2026
zcrm_5436421000135206671,Wide Net - May 2026
zcrm_5436421000135206987,Wide Net - May 2026
zcrm_5436421000135207076,Wide Net - May 2026
zcrm_5436421000135207669,Wide Net - May 2026
zcrm_5436421000135207964,Wide Net - May 2026
zcrm_5436421000135208970,Wide Net - May 2026
zcrm_5436421000135209072,Wide Net - May 2026
zcrm_5436421000135209474,Wide Net - May 2026
zcrm_5436421000135209603,Wide Net - May 2026
zcrm_5436421000135209640,Wide Net - May 2026
zcrm_5436421000135209683,Wide Net - May 2026
zcrm_5436421000135210004,Wide Net - May 2026
zcrm_5436421000135210063,Wide Net - May 2026
zcrm_5436421000135210082,Wide Net - May 2026
zcrm_5436421000135210444,Wide Net - May 2026
zcrm_5436421000135210512,Wide Net - May 2026
zcrm_5436421000135210593,Wide Net - May 2026
zcrm_5436421000135210601,Wide Net - May 2026
zcrm_5436421000135211596,Wide Net - May 2026
zcrm_5436421000135211644,Wide Net - May 2026
zcrm_5436421000135212009,Wide Net - May 2026
zcrm_5436421000135212109,Wide Net - May 2026
zcrm_5436421000135212145,Wide Net - May 2026
zcrm_5436421000135212171,Wide Net - May 2026
zcrm_5436421000135213127,Wide Net - May 2026
zcrm_5436421000135213561,Wide Net - May 2026
zcrm_5436421000135214018,Wide Net - May 2026
zcrm_5436421000135214159,Wide Net - May 2026
zcrm_5436421000135214163,Wide Net - May 2026
zcrm_5436421000135214471,Wide Net - May 2026
zcrm_5436421000135214588,Wide Net - May 2026
zcrm_5436421000135214948,Wide Net - May 2026
zcrm_5436421000135215054,Wide Net - May 2026
zcrm_5436421000135215153,Wide Net - May 2026
zcrm_5436421000135215168,Wide Net - May 2026
zcrm_5436421000135215577,Wide Net - May 2026
zcrm_5436421000135217159,Wide Net - May 2026
zcrm_5436421000135217627,Wide Net - May 2026
zcrm_5436421000135218013,Wide Net - May 2026
zcrm_5436421000135218519,Wide Net - May 2026
zcrm_5436421000135219438,Wide Net - May 2026
zcrm_5436421000135219471,Wide Net - May 2026
zcrm_5436421000135219521,Wide Net - May 2026
zcrm_5436421000135219589,Wide Net - May 2026
zcrm_5436421000135219648,Wide Net - May 2026
zcrm_5436421000135219946,Wide Net - May 2026
zcrm_5436421000135220012,Wide Net - May 2026
zcrm_5436421000135220087,Wide Net - May 2026
zcrm_5436421000135220100,Wide Net - May 2026
zcrm_5436421000135220671,Wide Net - May 2026
zcrm_5436421000135221098,Wide Net - May 2026
zcrm_5436421000135221112,Wide Net - May 2026
zcrm_5436421000135221493,Wide Net - May 2026
zcrm_5436421000135221627,Wide Net - May 2026
zcrm_5436421000135222503,Wide Net - May 2026
zcrm_5436421000135222635,Wide Net - May 2026
zcrm_5436421000135223039,Wide Net - May 2026
zcrm_5436421000135223126,Wide Net - May 2026
zcrm_5436421000135223558,Wide Net - May 2026
zcrm_5436421000135223612,Wide Net - May 2026
zcrm_5436421000135223649,Wide Net - May 2026
zcrm_5436421000135223655,Wide Net - May 2026
zcrm_5436421000135224144,Wide Net - May 2026
zcrm_5436421000135224495,Wide Net - May 2026
zcrm_5436421000135225083,Wide Net - May 2026
zcrm_5436421000135225101,Wide Net - May 2026
zcrm_5436421000135225471,Wide Net - May 2026
zcrm_5436421000135226452,Wide Net - May 2026
zcrm_5436421000135226484,Wide Net - May 2026
zcrm_5436421000135226669,Wide Net - May 2026
zcrm_5436421000135226955,Wide Net - May 2026
zcrm_5436421000135227015,Wide Net - May 2026
zcrm_5436421000135227092,Wide Net - May 2026
zcrm_5436421000135227161,Wide Net - May 2026
zcrm_5436421000135228044,Wide Net - May 2026
zcrm_5436421000135228124,Wide Net - May 2026
zcrm_5436421000135228177,Wide Net - May 2026
zcrm_5436421000135229042,Wide Net - May 2026
zcrm_5436421000135229050,Wide Net - May 2026
zcrm_5436421000135229455,Wide Net - May 2026
zcrm_5436421000135229686,Wide Net - May 2026
zcrm_5436421000135230074,Wide Net - May 2026
zcrm_5436421000135230128,Wide Net - May 2026
zcrm_5436421000135230148,Wide Net - May 2026
zcrm_5436421000135230596,Wide Net - May 2026
zcrm_5436421000135230655,Wide Net - May 2026
zcrm_5436421000135231488,Wide Net - May 2026
zcrm_5436421000135231516,Wide Net - May 2026
zcrm_5436421000135231600,Wide Net - May 2026
zcrm_5436421000135231943,Wide Net - May 2026
zcrm_5436421000135232129,Wide Net - May 2026
zcrm_5436421000135232168,Wide Net - May 2026
zcrm_5436421000135232439,Wide Net - May 2026
zcrm_5436421000135232577,Wide Net - May 2026
zcrm_5436421000135233005,Wide Net - May 2026
zcrm_5436421000135233037,Wide Net - May 2026
zcrm_5436421000135233089,Wide Net - May 2026
zcrm_5436421000135233546,Wide Net - May 2026
zcrm_5436421000135233575,Wide Net - May 2026
zcrm_5436421000135233636,Wide Net - May 2026
zcrm_5436421000135234963,Wide Net - May 2026
zcrm_5436421000135235075,Wide Net - May 2026
zcrm_5436421000135077240,Wide Net - May 2026
zcrm_5436421000135077838,Wide Net - May 2026
zcrm_5436421000135194226,Wide Net - May 2026
zcrm_5436421000135194295,Wide Net - May 2026
zcrm_5436421000135200121,Wide Net - May 2026
zcrm_5436421000135200150,Wide Net - May 2026
zcrm_5436421000135200151,Wide Net - May 2026
zcrm_5436421000135201127,Wide Net - May 2026
zcrm_5436421000135201576,Wide Net - May 2026
zcrm_5436421000135202079,Wide Net - May 2026
zcrm_5436421000135202080,Wide Net - May 2026
zcrm_5436421000135202131,Wide Net - May 2026
zcrm_5436421000135202631,Wide Net - May 2026
zcrm_5436421000135203166,Wide Net - May 2026
zcrm_5436421000135203473,Wide Net - May 2026
zcrm_5436421000135203955,Wide Net - May 2026
zcrm_5436421000135204501,Wide Net - May 2026
zcrm_5436421000135205541,Wide Net - May 2026
zcrm_5436421000135206584,Wide Net - May 2026
zcrm_5436421000135207083,Wide Net - May 2026
zcrm_5436421000135207091,Wide Net - May 2026
zcrm_5436421000135207101,Wide Net - May 2026
zcrm_5436421000135207585,Wide Net - May 2026
zcrm_5436421000135207684,Wide Net - May 2026
zcrm_5436421000135208565,Wide Net - May 2026
zcrm_5436421000135209039,Wide Net - May 2026
zcrm_5436421000135209647,Wide Net - May 2026
zcrm_5436421000135210023,Wide Net - May 2026
zcrm_5436421000135210058,Wide Net - May 2026
zcrm_5436421000135210685,Wide Net - May 2026
zcrm_5436421000135211161,Wide Net - May 2026
zcrm_5436421000135211442,Wide Net - May 2026
zcrm_5436421000135211443,Wide Net - May 2026
zcrm_5436421000135211518,Wide Net - May 2026
zcrm_5436421000135211616,Wide Net - May 2026
zcrm_5436421000135211635,Wide Net - May 2026
zcrm_5436421000135212002,Wide Net - May 2026
zcrm_5436421000135212034,Wide Net - May 2026
zcrm_5436421000135212044,Wide Net - May 2026
zcrm_5436421000135212085,Wide Net - May 2026
zcrm_5436421000135212132,Wide Net - May 2026
zcrm_5436421000135212135,Wide Net - May 2026
zcrm_5436421000135212543,Wide Net - May 2026
zcrm_5436421000135212547,Wide Net - May 2026
zcrm_5436421000135212597,Wide Net - May 2026
zcrm_5436421000135213029,Wide Net - May 2026
zcrm_5436421000135213050,Wide Net - May 2026
zcrm_5436421000135213123,Wide Net - May 2026
zcrm_5436421000135213544,Wide Net - May 2026
zcrm_5436421000135213573,Wide Net - May 2026
zcrm_5436421000135213638,Wide Net - May 2026
zcrm_5436421000135214038,Wide Net - May 2026
zcrm_5436421000135214078,Wide Net - May 2026
zcrm_5436421000135214619,Wide Net - May 2026
zcrm_5436421000135214626,Wide Net - May 2026
zcrm_5436421000135214947,Wide Net - May 2026
zcrm_5436421000135215488,Wide Net - May 2026
zcrm_5436421000135215991,Wide Net - May 2026
zcrm_5436421000135216140,Wide Net - May 2026
zcrm_5436421000135216502,Wide Net - May 2026
zcrm_5436421000135216595,Wide Net - May 2026
zcrm_5436421000135217550,Wide Net - May 2026
zcrm_5436421000135217599,Wide Net - May 2026
zcrm_5436421000135217950,Wide Net - May 2026
zcrm_5436421000135217975,Wide Net - May 2026
zcrm_5436421000135218620,Wide Net - May 2026
zcrm_5436421000135219161,Wide Net - May 2026
zcrm_5436421000135220458,Wide Net - May 2026
zcrm_5436421000135220471,Wide Net - May 2026
zcrm_5436421000135221109,Wide Net - May 2026
zcrm_5436421000135221484,Wide Net - May 2026
zcrm_5436421000135221589,Wide Net - May 2026
zcrm_5436421000135222047,Wide Net - May 2026
zcrm_5436421000135222508,Wide Net - May 2026
zcrm_5436421000135222517,Wide Net - May 2026
zcrm_5436421000135222647,Wide Net - May 2026
zcrm_5436421000135222963,Wide Net - May 2026
zcrm_5436421000135223173,Wide Net - May 2026
zcrm_5436421000135223444,Wide Net - May 2026
zcrm_5436421000135223964,Wide Net - May 2026
zcrm_5436421000135224096,Wide Net - May 2026
zcrm_5436421000135224156,Wide Net - May 2026
zcrm_5436421000135224587,Wide Net - May 2026
zcrm_5436421000135225178,Wide Net - May 2026
zcrm_5436421000135227061,Wide Net - May 2026
zcrm_5436421000135227065,Wide Net - May 2026
zcrm_5436421000135228488,Wide Net - May 2026
zcrm_5436421000135229574,Wide Net - May 2026
zcrm_5436421000135230594,Wide Net - May 2026
zcrm_5436421000135230682,Wide Net - May 2026
zcrm_5436421000135231163,Wide Net - May 2026
zcrm_5436421000135231654,Wide Net - May 2026
zcrm_5436421000135232016,Wide Net - May 2026
zcrm_5436421000135232110,Wide Net - May 2026
zcrm_5436421000135232139,Wide Net - May 2026
zcrm_5436421000135232587,Wide Net - May 2026
zcrm_5436421000135233071,Wide Net - May 2026
zcrm_5436421000135233101,Wide Net - May 2026
zcrm_5436421000135233498,Wide Net - May 2026
zcrm_5436421000135233632,Wide Net - May 2026
zcrm_5436421000135234537,Wide Net - May 2026
zcrm_5436421000135234965,Wide Net - May 2026
zcrm_5436421000135234998,Wide Net - May 2026
zcrm_5436421000135214960,Wide Net - May 2026
zcrm_5436421000135215017,Wide Net - May 2026
zcrm_5436421000135215534,Wide Net - May 2026
zcrm_5436421000135216079,Wide Net - May 2026
zcrm_5436421000135216150,Wide Net - May 2026
zcrm_5436421000135216156,Wide Net - May 2026
zcrm_5436421000135216491,Wide Net - May 2026
zcrm_5436421000135216607,Wide Net - May 2026
zcrm_5436421000135216615,Wide Net - May 2026
zcrm_5436421000135216659,Wide Net - May 2026
zcrm_5436421000135217182,Wide Net - May 2026
zcrm_5436421000135217469,Wide Net - May 2026
zcrm_5436421000135217474,Wide Net - May 2026
zcrm_5436421000135217618,Wide Net - May 2026
zcrm_5436421000135217993,Wide Net - May 2026
zcrm_5436421000135218481,Wide Net - May 2026
zcrm_5436421000135218554,Wide Net - May 2026
zcrm_5436421000135219017,Wide Net - May 2026
zcrm_5436421000135219444,Wide Net - May 2026
zcrm_5436421000135219635,Wide Net - May 2026
zcrm_5436421000135220574,Wide Net - May 2026
zcrm_5436421000135220973,Wide Net - May 2026
zcrm_5436421000135220983,Wide Net - May 2026
zcrm_5436421000135221138,Wide Net - May 2026
zcrm_5436421000135221535,Wide Net - May 2026
zcrm_5436421000135221538,Wide Net - May 2026
zcrm_5436421000135221661,Wide Net - May 2026
zcrm_5436421000135221985,Wide Net - May 2026
zcrm_5436421000135222446,Wide Net - May 2026
zcrm_5436421000135222542,Wide Net - May 2026
zcrm_5436421000135222685,Wide Net - May 2026
zcrm_5436421000135222971,Wide Net - May 2026
zcrm_5436421000135223090,Wide Net - May 2026
zcrm_5436421000135223631,Wide Net - May 2026
zcrm_5436421000135223664,Wide Net - May 2026
zcrm_5436421000135223965,Wide Net - May 2026
zcrm_5436421000135225008,Wide Net - May 2026
zcrm_5436421000135226951,Wide Net - May 2026
zcrm_5436421000135226976,Wide Net - May 2026
zcrm_5436421000135227071,Wide Net - May 2026
zcrm_5436421000135227476,Wide Net - May 2026
zcrm_5436421000135228063,Wide Net - May 2026
zcrm_5436421000135229576,Wide Net - May 2026
zcrm_5436421000135230658,Wide Net - May 2026
zcrm_5436421000135231053,Wide Net - May 2026
zcrm_5436421000135231184,Wide Net - May 2026
zcrm_5436421000135231473,Wide Net - May 2026
zcrm_5436421000135232173,Wide Net - May 2026
zcrm_5436421000135233569,Wide Net - May 2026
zcrm_5436421000135233609,Wide Net - May 2026
zcrm_5436421000135233622,Wide Net - May 2026
zcrm_5436421000135233630,Wide Net - May 2026
zcrm_5436421000135233954,Wide Net - May 2026
zcrm_5436421000135234012,Wide Net - May 2026
zcrm_5436421000135234060,Wide Net - May 2026
zcrm_5436421000135077324,Wide Net - May 2026
zcrm_5436421000135077715,Wide Net - May 2026
zcrm_5436421000135127279,Wide Net - May 2026
zcrm_5436421000135194776,Wide Net - May 2026
zcrm_5436421000135200673,Wide Net - May 2026
zcrm_5436421000135200954,Wide Net - May 2026
zcrm_5436421000135201055,Wide Net - May 2026
zcrm_5436421000135201613,Wide Net - May 2026
zcrm_5436421000135202086,Wide Net - May 2026
zcrm_5436421000135202647,Wide Net - May 2026
zcrm_5436421000135202945,Wide Net - May 2026
zcrm_5436421000135203118,Wide Net - May 2026
zcrm_5436421000135204086,Wide Net - May 2026
zcrm_5436421000135204094,Wide Net - May 2026
zcrm_5436421000135204488,Wide Net - May 2026
zcrm_5436421000135204568,Wide Net - May 2026
zcrm_5436421000135204586,Wide Net - May 2026
zcrm_5436421000135206089,Wide Net - May 2026
zcrm_5436421000135206526,Wide Net - May 2026
zcrm_5436421000135206558,Wide Net - May 2026
zcrm_5436421000135207143,Wide Net - May 2026
zcrm_5436421000135208600,Wide Net - May 2026
zcrm_5436421000135208615,Wide Net - May 2026
zcrm_5436421000135210473,Wide Net - May 2026
zcrm_5436421000135210600,Wide Net - May 2026
zcrm_5436421000135211000,Wide Net - May 2026
zcrm_5436421000135211507,Wide Net - May 2026
zcrm_5436421000135211660,Wide Net - May 2026
zcrm_5436421000135211666,Wide Net - May 2026
zcrm_5436421000135212018,Wide Net - May 2026
zcrm_5436421000135212022,Wide Net - May 2026
zcrm_5436421000135212440,Wide Net - May 2026
zcrm_5436421000135212487,Wide Net - May 2026
zcrm_5436421000135212488,Wide Net - May 2026
zcrm_5436421000135212944,Wide Net - May 2026
zcrm_5436421000135212971,Wide Net - May 2026
zcrm_5436421000135213020,Wide Net - May 2026
zcrm_5436421000135213021,Wide Net - May 2026
zcrm_5436421000135213103,Wide Net - May 2026
zcrm_5436421000135213511,Wide Net - May 2026
zcrm_5436421000135213577,Wide Net - May 2026
zcrm_5436421000135214043,Wide Net - May 2026
zcrm_5436421000135214065,Wide Net - May 2026
zcrm_5436421000135214513,Wide Net - May 2026
zcrm_5436421000135214653,Wide Net - May 2026
zcrm_5436421000135214941,Wide Net - May 2026
zcrm_5436421000135215006,Wide Net - May 2026
zcrm_5436421000135215180,Wide Net - May 2026
zcrm_5436421000135215643,Wide Net - May 2026
zcrm_5436421000135215677,Wide Net - May 2026
zcrm_5436421000135216009,Wide Net - May 2026
zcrm_5436421000135216076,Wide Net - May 2026
zcrm_5436421000135216085,Wide Net - May 2026
zcrm_5436421000135216618,Wide Net - May 2026
zcrm_5436421000135217005,Wide Net - May 2026
zcrm_5436421000135217181,Wide Net - May 2026
zcrm_5436421000135218455,Wide Net - May 2026
zcrm_5436421000135218957,Wide Net - May 2026
zcrm_5436421000135219121,Wide Net - May 2026
zcrm_5436421000135219182,Wide Net - May 2026
zcrm_5436421000135219559,Wide Net - May 2026
zcrm_5436421000135219660,Wide Net - May 2026
zcrm_5436421000135220162,Wide Net - May 2026
zcrm_5436421000135220493,Wide Net - May 2026
zcrm_5436421000135221022,Wide Net - May 2026
zcrm_5436421000135221579,Wide Net - May 2026
zcrm_5436421000135221997,Wide Net - May 2026
zcrm_5436421000135222100,Wide Net - May 2026
zcrm_5436421000135223026,Wide Net - May 2026
zcrm_5436421000135223114,Wide Net - May 2026
zcrm_5436421000135223121,Wide Net - May 2026
zcrm_5436421000135223180,Wide Net - May 2026
zcrm_5436421000135223614,Wide Net - May 2026
zcrm_5436421000135223629,Wide Net - May 2026
zcrm_5436421000135223633,Wide Net - May 2026
zcrm_5436421000135224112,Wide Net - May 2026
zcrm_5436421000135224117,Wide Net - May 2026
zcrm_5436421000135224176,Wide Net - May 2026
zcrm_5436421000135224621,Wide Net - May 2026
zcrm_5436421000135224646,Wide Net - May 2026
zcrm_5436421000135224965,Wide Net - May 2026
zcrm_5436421000135224971,Wide Net - May 2026
zcrm_5436421000135224984,Wide Net - May 2026
zcrm_5436421000135225049,Wide Net - May 2026
zcrm_5436421000135225488,Wide Net - May 2026
zcrm_5436421000135225515,Wide Net - May 2026
zcrm_5436421000135225549,Wide Net - May 2026
zcrm_5436421000135225608,Wide Net - May 2026
zcrm_5436421000135226030,Wide Net - May 2026
zcrm_5436421000135226443,Wide Net - May 2026
zcrm_5436421000135226453,Wide Net - May 2026
zcrm_5436421000135226516,Wide Net - May 2026
zcrm_5436421000135226550,Wide Net - May 2026
zcrm_5436421000135226623,Wide Net - May 2026
zcrm_5436421000135227045,Wide Net - May 2026
zcrm_5436421000135227049,Wide Net - May 2026
zcrm_5436421000135227169,Wide Net - May 2026
zcrm_5436421000135227572,Wide Net - May 2026
zcrm_5436421000135228102,Wide Net - May 2026
zcrm_5436421000135228103,Wide Net - May 2026
zcrm_5436421000135228151,Wide Net - May 2026
zcrm_5436421000135228966,Wide Net - May 2026
zcrm_5436421000135229068,Wide Net - May 2026
zcrm_5436421000135229533,Wide Net - May 2026
zcrm_5436421000135229593,Wide Net - May 2026
zcrm_5436421000135230018,Wide Net - May 2026
zcrm_5436421000135230055,Wide Net - May 2026
zcrm_5436421000135230498,Wide Net - May 2026
zcrm_5436421000135230648,Wide Net - May 2026
zcrm_5436421000135231526,Wide Net - May 2026
zcrm_5436421000135231559,Wide Net - May 2026
zcrm_5436421000135231598,Wide Net - May 2026
zcrm_5436421000135231611,Wide Net - May 2026
zcrm_5436421000135231962,Wide Net - May 2026
zcrm_5436421000135232143,Wide Net - May 2026
zcrm_5436421000135232486,Wide Net - May 2026
zcrm_5436421000135232652,Wide Net - May 2026
zcrm_5436421000135233010,Wide Net - May 2026
zcrm_5436421000135233110,Wide Net - May 2026
zcrm_5436421000135233599,Wide Net - May 2026
zcrm_5436421000135233604,Wide Net - May 2026
zcrm_5436421000135233637,Wide Net - May 2026
zcrm_5436421000135234098,Wide Net - May 2026
zcrm_5436421000135235010,Wide Net - May 2026
zcrm_5436421000135235034,Wide Net - May 2026
zcrm_5436421000135077231,Wide Net - May 2026
zcrm_5436421000135077427,Wide Net - May 2026
zcrm_5436421000135077765,Wide Net - May 2026
zcrm_5436421000135194278,Wide Net - May 2026
zcrm_5436421000135194332,Wide Net - May 2026
zcrm_5436421000135200018,Wide Net - May 2026
zcrm_5436421000135200597,Wide Net - May 2026
zcrm_5436421000135201550,Wide Net - May 2026
zcrm_5436421000135202000,Wide Net - May 2026
zcrm_5436421000135202572,Wide Net - May 2026
zcrm_5436421000135202584,Wide Net - May 2026
zcrm_5436421000135202624,Wide Net - May 2026
zcrm_5436421000135203440,Wide Net - May 2026
zcrm_5436421000135203687,Wide Net - May 2026
zcrm_5436421000135204136,Wide Net - May 2026
zcrm_5436421000135205165,Wide Net - May 2026
zcrm_5436421000135205527,Wide Net - May 2026
zcrm_5436421000135206054,Wide Net - May 2026
zcrm_5436421000135206500,Wide Net - May 2026
zcrm_5436421000135207104,Wide Net - May 2026
zcrm_5436421000135207138,Wide Net - May 2026
zcrm_5436421000135207515,Wide Net - May 2026
zcrm_5436421000135207975,Wide Net - May 2026
zcrm_5436421000135208483,Wide Net - May 2026
zcrm_5436421000135208961,Wide Net - May 2026
zcrm_5436421000135209630,Wide Net - May 2026
zcrm_5436421000135210145,Wide Net - May 2026
zcrm_5436421000135210532,Wide Net - May 2026
zcrm_5436421000135210547,Wide Net - May 2026
zcrm_5436421000135211168,Wide Net - May 2026
zcrm_5436421000135212167,Wide Net - May 2026
zcrm_5436421000135212522,Wide Net - May 2026
zcrm_5436421000135212951,Wide Net - May 2026
zcrm_5436421000135213160,Wide Net - May 2026
zcrm_5436421000135213642,Wide Net - May 2026
zcrm_5436421000135213993,Wide Net - May 2026
zcrm_5436421000135214128,Wide Net - May 2026
zcrm_5436421000135214147,Wide Net - May 2026
zcrm_5436421000135214548,Wide Net - May 2026
zcrm_5436421000135215113,Wide Net - May 2026
zcrm_5436421000135215527,Wide Net - May 2026
zcrm_5436421000135216113,Wide Net - May 2026
zcrm_5436421000135216589,Wide Net - May 2026
zcrm_5436421000135217053,Wide Net - May 2026
zcrm_5436421000135217111,Wide Net - May 2026
zcrm_5436421000135218110,Wide Net - May 2026
zcrm_5436421000135218474,Wide Net - May 2026
zcrm_5436421000135218938,Wide Net - May 2026
zcrm_5436421000135219170,Wide Net - May 2026
zcrm_5436421000135220094,Wide Net - May 2026
zcrm_5436421000135220101,Wide Net - May 2026
zcrm_5436421000135220549,Wide Net - May 2026
zcrm_5436421000135220558,Wide Net - May 2026
zcrm_5436421000135220621,Wide Net - May 2026
zcrm_5436421000135220991,Wide Net - May 2026
zcrm_5436421000135221461,Wide Net - May 2026
zcrm_5436421000135222067,Wide Net - May 2026
zcrm_5436421000135222454,Wide Net - May 2026
zcrm_5436421000135223477,Wide Net - May 2026
zcrm_5436421000135223489,Wide Net - May 2026
zcrm_5436421000135223946,Wide Net - May 2026
zcrm_5436421000135224148,Wide Net - May 2026
zcrm_5436421000135224663,Wide Net - May 2026
zcrm_5436421000135225031,Wide Net - May 2026
zcrm_5436421000135225174,Wide Net - May 2026
zcrm_5436421000135225507,Wide Net - May 2026
zcrm_5436421000135225611,Wide Net - May 2026
zcrm_5436421000135226089,Wide Net - May 2026
zcrm_5436421000135226538,Wide Net - May 2026
zcrm_5436421000135226946,Wide Net - May 2026
zcrm_5436421000135227051,Wide Net - May 2026
zcrm_5436421000135227077,Wide Net - May 2026
zcrm_5436421000135227987,Wide Net - May 2026
zcrm_5436421000135228962,Wide Net - May 2026
zcrm_5436421000135229040,Wide Net - May 2026
zcrm_5436421000135229164,Wide Net - May 2026
zcrm_5436421000135229604,Wide Net - May 2026
zcrm_5436421000135229964,Wide Net - May 2026
zcrm_5436421000135230480,Wide Net - May 2026
zcrm_5436421000135231604,Wide Net - May 2026
zcrm_5436421000135232024,Wide Net - May 2026
zcrm_5436421000135232028,Wide Net - May 2026
zcrm_5436421000135233543,Wide Net - May 2026
zcrm_5436421000135233554,Wide Net - May 2026
zcrm_5436421000135233557,Wide Net - May 2026
zcrm_5436421000135233657,Wide Net - May 2026
zcrm_5436421000135234187,Wide Net - May 2026
zcrm_5436421000135234564,Wide Net - May 2026
zcrm_5436421000135234582,Wide Net - May 2026
zcrm_5436421000135234942,Wide Net - May 2026
zcrm_5436421000135235135,Wide Net - May 2026